{
  "a": [
    {
      "palavra": "aarel",
      "veja tambem": [
        "Harum",
        "genealogia",
        "descendente",
        "família"
      ],
      "ocorrencias": 1,
      "fonte": "Strong's H169 (אַהַרְחֵל/Acharchel)",
      "concordancias": [
        {
          "referencia": "1 Crônicas 4.8",
          "texto": "ea Zobeba; e as famílias de A., filho de Harum."
        }
      ]
    },
    {
      "palavra": "aasbai",
      "veja tambem": [
        "Elifelete",
        "maacatita",
        "genealogia",
        "descendente"
      ],
      "ocorrencias": 1,
      "fonte": "Strong's H229 (אַחַסְבַּי/Achasbay)",
      "concordancias": [
        {
          "referencia": "2 Samuel 23.34",
          "texto": "Elifelete, filho de A., filho de um maacatita;"
        }
      ]
    },
    {
      "palavra": "aava",
      "veja tambem": [
        "rio",
        "lugar",
        "Esdras",
        "jejum"
      ],
      "ocorrencias": 3,
      "fonte": "Strong's H163 (אַהֲוָא/Ahava)",
      "concordancias": [
        {
          "referencia": "Esdras 8.15",
          "texto": "perto do rio que vaia A., e ficamos ali"
        },
        {
          "referencia": "Esdras 8.21",
          "texto": "ali um jejum junto ao rio A., para nos"
        },
        {
          "referencia": "Esdras 8.31",
          "texto": "E partimos do rio de A., no dia doze do primeiro"
        }
      ]
    },
    {
      "palavra": "ab-rogado",
      "veja tambem": [
        "ab-rogar",
        "anular",
        "revogar",
        "cancelar"
      ],
      "ocorrencias": 1,
      "fonte": "Strong's G114 (ἀθετέω/atheteó)",
      "concordancias": [
        {
          "referencia": "Hebreus 7.18",
          "texto": "o precedente mandamento é Á. por causa da sua"
        }
      ]
    },
    {
      "palavra": "ab-rogar",
      "veja tambem": [
        "anular",
        "revogar",
        "destruir",
        "abolir"
      ],
      "ocorrencias": 2,
      "fonte": "Strong's G2647 (καταλύω/kataluó)",
      "concordancias": [
        {
          "referencia": "Top 406",
          "texto": "posição;"
        },
        {
          "referencia": "Mateus 5.17",
          "texto": "a lei ou os profetas; não vim Á., mas cumprir."
        }
      ]
    },
    {
      "palavra": "aba",
      "veja tambem": [
        "borda",
        "orla",
        "Pai",
        "proteção"
      ],
      "ocorrencias": 6,
      "fonte": "Strong's H3671 (כָּנָף/kanaph), G5 (Ἀββᾶ/Abba)",
      "concordancias": [
        {
          "referencia": "Rute 3.9",
          "texto": "tua serva; estende, pois, tua A, sobre a tua"
        },
        {
          "referencia": "Ageu 2.12",
          "texto": "alguém leva carne santa na Á. da sua veste e coma"
        },
        {
          "referencia": "Ageu 2.12",
          "texto": "da sua veste e com a sua À. tocar no pão, ou no"
        },
        {
          "referencia": "Marcos 14.36",
          "texto": "E disse: A., Pai, todas as coisas te são possíveis;"
        },
        {
          "referencia": "Romanos 8.15",
          "texto": "de adoção de filhos, pelo qual clamamos: A., Pai."
        },
        {
          "referencia": "GI 46",
          "texto": "corações o Espírito de seu Filho, que clama: Á., Pai."
        }
      ]
    },
    {
      "palavra": "ã",
      "veja tambem": [
        "Abisur",
        "Abiail",
        "Molide",
        "genealogia"
      ],
      "ocorrencias": 1,
      "fonte": "Strong's H20 (אָבָן/Aban)",
      "concordancias": [
        {
          "referencia": "1 Crônicas 2.29",
          "texto": "mulher de Abisur Abiail, que lhe deu a A. e a Molide."
        }
      ]
    },
    {
      "palavra": "abadom",
      "veja tambem": [
        "destruição",
        "Apoliom",
        "anjo",
        "abismo"
      ],
      "ocorrencias": 1,
      "fonte": "Strong's G3 (Ἀβαδδών/Abaddon)",
      "concordancias": [
        {
          "referencia": "Apocalipse 9.11",
          "texto": "em hebreu era o seu nome Á., e em grego, Apoliom."
        }
      ]
    },
    {
      "palavra": "abagta",
      "veja tambem": [
        "eunuco",
        "Assuero",
        "Ester",
        "corte"
      ],
      "ocorrencias": 1,
      "fonte": "Strong's H4 (אֲבַגְתָא/Abagtha)",
      "concordancias": [
        {
          "referencia": "Ester 1.10",
          "texto": "a Meumã, Bizta, Harbona, Bigtá, Á., Zetarea"
        }
      ]
    },
    {
      "palavra": "abaixa",
      "veja tambem": [
        "abaixar",
        "humilhar",
        "inclinar",
        "diminuir"
      ],
      "ocorrencias": 3,
      "fonte": "Strong's H5186 (נָטָה/natah), H8213 (שָׁפַל/shaphel)",
      "concordancias": [
        {
          "referencia": "Gênesis 24.14",
          "texto": "a donzela a quem eu disser: A. agora o teu"
        },
        {
          "referencia": "Juízes 19.9",
          "texto": "pai da moça: Eis que já o dia se A., ejáa"
        },
        {
          "referencia": "iSm 2.7",
          "texto": "O Senhor empobrece e enriquece; A. e também exalta."
        }
      ]
    },
    {
      "palavra": "abaixa-se",
      "veja tambem": [
        "abaixar",
        "curvar-se",
        "inclinar-se",
        "humilhar-se"
      ],
      "ocorrencias": 0,
      "fonte": "Strong's H7817 (שָׁחַח/shachach)",
      "concordancias": []
    },
    {
      "palavra": "abaixa-te",
      "veja tambem": [
        "abaixar",
        "curvar-se",
        "humilhar-se"
      ],
      "ocorrencias": 1,
      "fonte": "Strong's H7817 (שָׁחַח/shachach)",
      "concordancias": [
        {
          "referencia": "Isaías 51.23",
          "texto": "que dizem à tua alma: Á., para que"
        }
      ]
    },
    {
      "palavra": "abaixam",
      "veja tambem": [
        "abaixar",
        "inclinar",
        "curvar",
        "diminuir"
      ],
      "ocorrencias": 2,
      "fonte": "Strong's H3721 (כָּפַף/kaphaph), H2502 (חָלַץ/chalats)",
      "concordancias": [
        {
          "referencia": "Lamentações 2.10",
          "texto": "saco; as virgens de Jerusalém A. a sua cabeça"
        },
        {
          "referencia": "Lamentações 4.3",
          "texto": "Até os chacais À. o peito, dão de mamar aos seus"
        }
      ]
    },
    {
      "palavra": "abaixamento",
      "veja tambem": [
        "abaixar",
        "descida",
        "humilhação",
        "diminuição"
      ],
      "ocorrencias": 1,
      "fonte": "Strong's H5183 (נַחַת/nachath)",
      "concordancias": [
        {
          "referencia": "Isaías 30.30",
          "texto": "da sua voz e fará ver o Á. do seu braço,"
        }
      ]
    },
    {
      "palavra": "abaixando",
      "veja tambem": [
        "abaixar",
        "inclinando",
        "curvando"
      ],
      "ocorrencias": 1,
      "fonte": "Strong's G2827 (κλίνω/klinó)",
      "concordancias": [
        {
          "referencia": "Lucas 24.5",
          "texto": "elas muito atemorizadas e À. o rosto para o"
        }
      ]
    },
    {
      "palavra": "abaixando-me",
      "veja tambem": [
        "abaixar",
        "curvando-me",
        "inclinando-me"
      ],
      "ocorrencias": 1,
      "fonte": "Strong's G2964 (κύπτω/kuptó)",
      "concordancias": [
        {
          "referencia": "Marcos 1.7",
          "texto": "eu, do qual não sou digno de, A., desatar"
        }
      ]
    },
    {
      "palavra": "abaixando-se",
      "veja tambem": [
        "inclinando-se",
        "curvando-se",
        "abaixando-se"
      ],
      "ocorrencias": 2,
      "fonte": "Strong's G3862 (παρακύπτω/parakuptó)",
      "concordancias": [
        {
          "referencia": "Lucas 24.12",
          "texto": "correu ao sepulcro e, Æ., viu só"
        },
        {
          "referencia": "Jó 20.5",
          "texto": "E, A., viu no chão os lençóis; todavia, não entrou."
        }
      ]
    },
    {
      "palavra": "abaixar",
      "veja tambem": [
        "inclinar",
        "curvar",
        "humilhar",
        "diminuir"
      ],
      "ocorrencias": 1,
      "fonte": "Strong's H3766 (כָּרַע/kara)",
      "concordancias": [
        {
          "referencia": "Juízes 7.5",
          "texto": "como também a todo aquele que se À. de joelhos a beber"
        }
      ]
    },
    {
      "palavra": "abaixará",
      "veja tambem": [
        "humilhar",
        "derrubar",
        "inclinar",
        "diminuir"
      ],
      "ocorrencias": 3,
      "fonte": "Strong's H8213 (שָׁפַל/shaphel), G5013 (ταπεινόω/tapeinoó)",
      "concordancias": [
        {
          "referencia": "Jó 38.37",
          "texto": "pela sabedoria? Ou os odres dos céus, quem os A.,"
        },
        {
          "referencia": "Isaías 25.12",
          "texto": "E À, as altas fortalezas dos teus muros e"
        },
        {
          "referencia": "Lucas 3.5",
          "texto": "Todo vale se encherá, e se Á. todo monte e"
        }
      ]
    },
    {
      "palavra": "abaixarás",
      "veja tambem": [
        "abaixar",
        "diminuir",
        "reduzir"
      ],
      "ocorrencias": 1,
      "fonte": "Strong's H4591 (מָעַט/maat)",
      "concordancias": [
        {
          "referencia": "Levítico 25.16",
          "texto": "a diminuição dos anos, Å. o seu preço;"
        }
      ]
    },
    {
      "palavra": "abaixava",
      "veja tambem": [
        "abaixar",
        "descer",
        "diminuir"
      ],
      "ocorrencias": 1,
      "fonte": "Strong's H5127 (נוּחַ/nuach)",
      "concordancias": [
        {
          "referencia": "Êxodo 17.11",
          "texto": "prevalecia; mas, quando ele Á. a sua mão,"
        }
      ]
    },
    {
      "palavra": "abaixavam",
      "veja tambem": [
        "abaixar",
        "descer",
        "diminuir"
      ],
      "ocorrencias": 2,
      "fonte": "Strong's H7503 (רָפָה/raphah)",
      "concordancias": [
        {
          "referencia": "Ezequiel 1.24",
          "texto": "de um exército; parando eles, À. as suas asas."
        },
        {
          "referencia": "Ezequiel 1.25",
          "texto": "da sua cabeça; parando eles, À. as suas asas."
        }
      ]
    },
    {
      "palavra": "abaixei",
      "veja tambem": [
        "abaixar",
        "inclinei",
        "curvei"
      ],
      "ocorrencias": 1,
      "fonte": "Strong's H5405 (נָתַן/nathan)",
      "concordancias": [
        {
          "referencia": "Daniel 10.15",
          "texto": "ele comigo essas palavras, Á. o meu rosto e emudeci."
        }
      ]
    },
    {
      "palavra": "abençoou",
      "veja tambem": [
        "abençoar",
        "bendizer",
        "louvar",
        "agradecer"
      ],
      "ocorrencias": 1,
      "fonte": "Strong's H1288 (בָּרַךְ/barak)",
      "concordancias": [
        {
          "referencia": "Gênesis 1.22",
          "texto": "E Deus os A. e disse: Frutificai e multiplicai-vos"
        }
      ]
    }
  ]
}