{
  "a": [
    {
      "palavra": "agrado",
      "veja tambem": [],
      "ocorrencias": 0,
      "fonte": "",
      "concordancias": []
    },
    {
      "palavra": "agravada",
      "veja tambem": [],
      "ocorrencias": 0,
      "fonte": "",
      "concordancias": []
    },
    {
      "palavra": "agravar",
      "veja tambem": [],
      "ocorrencias": 0,
      "fonte": "",
      "concordancias": []
    },
    {
      "palavra": "agravos",
      "veja tambem": [],
      "ocorrencias": 0,
      "fonte": "",
      "concordancias": []
    },
    {
      "palavra": "agreste",
      "veja tambem": [],
      "ocorrencias": 0,
      "fonte": "",
      "concordancias": []
    },
    {
      "palavra": "agrícola",
      "veja tambem": [],
      "ocorrencias": 0,
      "fonte": "",
      "concordancias": []
    },
    {
      "palavra": "agricultor",
      "veja tambem": [],
      "ocorrencias": 0,
      "fonte": "",
      "concordancias": []
    },
    {
      "palavra": "agricultores",
      "veja tambem": [],
      "ocorrencias": 0,
      "fonte": "",
      "concordancias": []
    },
    {
      "palavra": "agricultura",
      "veja tambem": [],
      "ocorrencias": 0,
      "fonte": "",
      "concordancias": []
    },
    {
      "palavra": "agripa",
      "veja tambem": [],
      "ocorrencias": 0,
      "fonte": "",
      "concordancias": []
    },
    {
      "palavra": "água",
      "veja tambem": [
        "rio",
        "mar",
        "fonte",
        "chuva"
      ],
      "ocorrencias": 4,
      "fonte": "Strong's H4325 (מַיִם/mayim), G5204 (ὕδωρ/hudór)",
      "concordancias": [
        {
          "referencia": "Gênesis 1:2",
          "texto": "E a terra era sem forma e vazia; e havia trevas sobre a face do abismo; e o Espírito de Deus se movia sobre a face das águas."
        },
        {
          "referencia": "Êxodo 14:21",
          "texto": "Então Moisés estendeu a sua mão sobre o mar, e o Senhor fez retirar o mar por um forte vento oriental toda aquela noite; e o mar tornou-se em seco, e as águas foram partidas."
        },
        {
          "referencia": "João 4:14",
          "texto": "Mas aquele que beber da água que eu lhe der nunca terá sede, porque a água que eu lhe der se fará nele uma fonte de água que salte para a vida eterna."
        },
        {
          "referencia": "Apocalipse 22:1",
          "texto": "E mostrou-me o rio puro da água da vida, claro como cristal, que procedia do trono de Deus e do Cordeiro."
        }
      ]
    },
    {
      "palavra": "agir",
      "veja tambem": [
        "proceder",
        "comportar-se",
        "portar-se",
        "conduzir-se"
      ],
      "ocorrencias": 1,
      "fonte": "Strong's G4160 (ποιέω/poieó)",
      "concordancias": [
        {
          "referencia": "Atos 26.20",
          "texto": "Mas anunciei primeiramente aos que estão em Damasco e em Jerusalém, e por toda a terra da Judéia, e aos gentios, que se arrependessem e se convertessem a Deus, fazendo obras dignas de arrependimento."
        }
      ]
    },
    {
      "palavra": "agir",
      "veja tambem": [
        "proceder",
        "comportar-se",
        "portar-se",
        "conduzir-se"
      ],
      "ocorrencias": 1,
      "fonte": "Strong's G4160 (ποιέω/poieó)",
      "concordancias": [
        {
          "referencia": "Atos 26.20",
          "texto": "Mas anunciei primeiramente aos que estão em Damasco e em Jerusalém, e por toda a terra da Judéia, e aos gentios, que se arrependessem e se convertessem a Deus, fazendo obras dignas de arrependimento."
        }
      ]
    },
    {
      "palavra": "agir",
      "veja tambem": [
        "proceder",
        "comportar-se",
        "portar-se",
        "conduzir-se"
      ],
      "ocorrencias": 1,
      "fonte": "Strong's G4160 (ποιέω/poieó)",
      "concordancias": [
        {
          "referencia": "Atos 26.20",
          "texto": "Mas anunciei primeiramente aos que estão em Damasco e em Jerusalém, e por toda a terra da Judéia, e aos gentios, que se arrependessem e se convertessem a Deus, fazendo obras dignas de arrependimento."
        }
      ]
    },
    {
      "palavra": "agir",
      "veja tambem": [
        "proceder",
        "comportar-se",
        "portar-se",
        "conduzir-se"
      ],
      "ocorrencias": 1,
      "fonte": "Strong's G4160 (ποιέω/poieó)",
      "concordancias": [
        {
          "referencia": "Atos 26.20",
          "texto": "Mas anunciei primeiramente aos que estão em Damasco e em Jerusalém, e por toda a terra da Judéia, e aos gentios, que se arrependessem e se convertessem a Deus, fazendo obras dignas de arrependimento."
        }
      ]
    },
    {
      "palavra": "agir",
      "veja tambem": [
        "proceder",
        "comportar-se",
        "portar-se",
        "conduzir-se"
      ],
      "ocorrencias": 1,
      "fonte": "Strong's G4160 (ποιέω/poieó)",
      "concordancias": [
        {
          "referencia": "Atos 26.20",
          "texto": "Mas anunciei primeiramente aos que estão em Damasco e em Jerusalém, e por toda a terra da Judéia, e aos gentios, que se arrependessem e se convertessem a Deus, fazendo obras dignas de arrependimento."
        }
      ]
    },
    {
      "palavra": "agir",
      "veja tambem": [
        "proceder",
        "comportar-se",
        "portar-se",
        "conduzir-se"
      ],
      "ocorrencias": 1,
      "fonte": "Strong's G4160 (ποιέω/poieó)",
      "concordancias": [
        {
          "referencia": "Atos 26.20",
          "texto": "Mas anunciei primeiramente aos que estão em Damasco e em Jerusalém, e por toda a terra da Judéia, e aos gentios, que se arrependessem e se convertessem a Deus, fazendo obras dignas de arrependimento."
        }
      ]
    },
    {
      "palavra": "agir",
      "veja tambem": [
        "proceder",
        "comportar-se",
        "portar-se",
        "conduzir-se"
      ],
      "ocorrencias": 1,
      "fonte": "Strong's G4160 (ποιέω/poieó)",
      "concordancias": [
        {
          "referencia": "Atos 26.20",
          "texto": "Mas anunciei primeiramente aos que estão em Damasco e em Jerusalém, e por toda a terra da Judéia, e aos gentios, que se arrependessem e se convertessem a Deus, fazendo obras dignas de arrependimento."
        }
      ]
    },
    {
      "palavra": "agir",
      "veja tambem": [
        "proceder",
        "comportar-se",
        "portar-se",
        "conduzir-se"
      ],
      "ocorrencias": 1,
      "fonte": "Strong's G4160 (ποιέω/poieó)",
      "concordancias": [
        {
          "referencia": "Atos 26.20",
          "texto": "Mas anunciei primeiramente aos que estão em Damasco e em Jerusalém, e por toda a terra da Judéia, e aos gentios, que se arrependessem e se convertessem a Deus, fazendo obras dignas de arrependimento."
        }
      ]
    },
    {
      "palavra": "agir",
      "veja tambem": [
        "proceder",
        "comportar-se",
        "portar-se",
        "conduzir-se"
      ],
      "ocorrencias": 1,
      "fonte": "Strong's G4160 (ποιέω/poieó)",
      "concordancias": [
        {
          "referencia": "Atos 26.20",
          "texto": "Mas anunciei primeiramente aos que estão em Damasco e em Jerusalém, e por toda a terra da Judéia, e aos gentios, que se arrependessem e se convertessem a Deus, fazendo obras dignas de arrependimento."
        }
      ]
    }
  ]
}