{
  "a": [
    {
      "palavra": "antigos",
      "veja tambem": [
        "antigo"
      ],
      "ocorrencias": 15,
      "fonte": "Strong's H4480 (מִן/min)",
      "concordancias": [
        {
          "referencia": "Atos 6.5",
          "texto": "e Timão, e Pármenas e Nicolau, prosélito de A.;"
        },
        {
          "referencia": "Atos 11.19",
          "texto": "até à Fenícia, Chipre e Á., não anunciando"
        },
        {
          "referencia": "Atos 11.20",
          "texto": "os quais, entrando em A., falaram aos"
        },
        {
          "referencia": "Atos 11.22",
          "texto": "estava em Jerusalém; e enviaram Barnabé até A.,"
        },
        {
          "referencia": "Atos 11.25",
          "texto": "buscar Saulo; e, achando-o, o conduziu para A.."
        },
        {
          "referencia": "Atos 11.26",
          "texto": "e ensinaram muita gente. Em A., foram os"
        },
        {
          "referencia": "Atos 11.27",
          "texto": "dias, desceram profetas de Jerusalém para Á.."
        },
        {
          "referencia": "Atos 13.1",
          "texto": "Na igreja que estava em À, havia alguns"
        },
        {
          "referencia": "Atos 13.14",
          "texto": "saindo de Perge, chegaram a À. da Pisídia e,"
        },
        {
          "referencia": "Atos 14.19",
          "texto": "porém, uns judeus de A, e de Icônio,"
        },
        {
          "referencia": "Atos 14.21",
          "texto": "voltaram para Listra, e Icônio,e Á.,"
        },
        {
          "referencia": "Atos 14.26",
          "texto": "E dali navegaram para A., onde tinham sido"
        },
        {
          "referencia": "Atos 15.22",
          "texto": "com Paulo e Barnabé a A., a saber:"
        },
        {
          "referencia": "Atos 15.23",
          "texto": "dentre os gentios que estão em Á., Síria e"
        },
        {
          "referencia": "Atos 15.30",
          "texto": "despedido, partiram para Á. e, ajuntando"
        },
        {
          "referencia": "Atos 15.35",
          "texto": "Paulo e Barnabé ficaram em Á., ensinando e"
        },
        {
          "referencia": "Atos 18.22",
          "texto": "a Jerusalém e, saudando a igreja, desceu a A.."
        },
        {
          "referencia": "Gálatas 2.11",
          "texto": "E, chegando Pedro à A., lhe resisti na cara,"
        },
        {
          "referencia": "2 Timóteo 3.11",
          "texto": "quais me aconteceram em Á., em Icônio e em"
        }
      ]
    },
    {
      "palavra": "antipas",
      "veja tambem": [],
      "ocorrencias": 1,
      "fonte": "",
      "concordancias": [
        {
          "referencia": "Apocalipse 2.13",
          "texto": "a minha fé, ainda nos dias de A., minha fiel"
        }
      ]
    },
    {
      "palavra": "antipátride",
      "veja tambem": [],
      "ocorrencias": 1,
      "fonte": "",
      "concordancias": [
        {
          "referencia": "Atos 23.31",
          "texto": "lhes fora mandado, o trouxeram de noite a Á.."
        }
      ]
    },
    {
      "palavra": "antiquíssima",
      "veja tambem": [
        "antigo"
      ],
      "ocorrencias": 1,
      "fonte": "",
      "concordancias": [
        {
          "referencia": "Jeremias 5.15",
          "texto": "uma nação robusta, uma nação Å., uma"
        }
      ]
    },
    {
      "palavra": "antiquíssimos",
      "veja tambem": [
        "antigo"
      ],
      "ocorrencias": 1,
      "fonte": "",
      "concordancias": [
        {
          "referencia": "Salmos 119.52",
          "texto": "Lembrei-me dos teus juízos A., ó Senhor,"
        }
      ]
    },
    {
      "palavra": "antotias",
      "veja tambem": [],
      "ocorrencias": 1,
      "fonte": "",
      "concordancias": [
        {
          "referencia": "1 Crônicas 8.24",
          "texto": "e Hananias, e Elão,e Å.,"
        }
      ]
    },
    {
      "palavra": "anual",
      "veja tambem": [],
      "ocorrencias": 2,
      "fonte": "",
      "concordancias": [
        {
          "referencia": "ISm 1.21",
          "texto": "ao Senhor o sacrifício A, e a cumprir o seu voto."
        },
        {
          "referencia": "1 Samuel 20.6",
          "texto": "se faz lá o sacrifício A, para toda a linhagem."
        }
      ]
    },
    {
      "palavra": "anube",
      "veja tambem": [],
      "ocorrencias": 1,
      "fonte": "",
      "concordancias": [
        {
          "referencia": "1 Crônicas 4.8",
          "texto": "E Coz gerou a 4. e a Zobeba; e as famílias de"
        }
      ]
    },
    {
      "palavra": "anula",
      "veja tambem": [],
      "ocorrencias": 2,
      "fonte": "",
      "concordancias": [
        {
          "referencia": "IRs 15.19",
          "texto": "presente, prata e ouro; vai e A. a tua aliança"
        },
        {
          "referencia": "G13.15",
          "texto": "for confirmado, ninguém o À. nem lhe"
        }
      ]
    },
    {
      "palavra": "anulada",
      "veja tambem": [
        "anular"
      ],
      "ocorrencias": 1,
      "fonte": "",
      "concordancias": [
        {
          "referencia": "Jó 10.35",
          "texto": "Deus foi dirigida (e a Escritura não pode ser A.),"
        }
      ]
    },
    {
      "palavra": "anulamos",
      "veja tambem": [
        "anu-"
      ],
      "ocorrencias": 1,
      "fonte": "",
      "concordancias": [
        {
          "referencia": "Romanos 3.31",
          "texto": "A., pois, a lei pela fé? De maneira nenhuma!"
        }
      ]
    },
    {
      "palavra": "anular",
      "veja tambem": [],
      "ocorrencias": 2,
      "fonte": "",
      "concordancias": [
        {
          "referencia": "Números 30.8",
          "texto": "no dia em que o ouvir e A. o seu voto a que"
        },
        {
          "referencia": "Números 30.15",
          "texto": "Porém, se de todo lhos À. depois que o ouviu,"
        }
      ]
    },
    {
      "palavra": "anulará",
      "veja tambem": [],
      "ocorrencias": 3,
      "fonte": "",
      "concordancias": [
        {
          "referencia": "Números 30.13",
          "texto": "humilhar a alma, seu marido o confirmará ou A.."
        },
        {
          "referencia": "Deuteronômio 31.16",
          "texto": "dos quais vai, e me deixará, e A. o meu"
        },
        {
          "referencia": "Isaías 28.18",
          "texto": "concerto com a morte se A.; e a vossa aliança"
        }
      ]
    },
    {
      "palavra": "anules",
      "veja tambem": [
        "anular"
      ],
      "ocorrencias": 1,
      "fonte": "",
      "concordancias": [
        {
          "referencia": "Jeremias 14.21",
          "texto": "tua glória; lembra-te e não A. o teu concerto conosco."
        }
      ]
    },
    {
      "palavra": "anulou",
      "veja tambem": [],
      "ocorrencias": 3,
      "fonte": "",
      "concordancias": [
        {
          "referencia": "Números 15.31",
          "texto": "a palavra do Senhor e A. o seu mandamento;"
        },
        {
          "referencia": "Números 30.12",
          "texto": "Porém, se seu marido lhos Á. no dia em que os"
        },
        {
          "referencia": "Números 30.12",
          "texto": "não será válido; seu marido lhos A., eo Senhor"
        }
      ]
    },
    {
      "palavra": "anuncia",
      "veja tambem": [],
      "ocorrencias": 11,
      "fonte": "",
      "concordancias": [
        {
          "referencia": "S119.1",
          "texto": "de Deus e o firmamento Å. a obra das suas mãos."
        },
        {
          "referencia": "Isaías 52.7",
          "texto": "que faz ouvir a paz, que Á, o bem, que faz"
        },
        {
          "referencia": "Isaías 58.1",
          "texto": "a voz como a trombeta e Á. ao meu povo a"
        },
        {
          "referencia": "Jeremias 4.15",
          "texto": "Porque uma voz Á. desde Dã e faz ouvir a"
        },
        {
          "referencia": "Jeremias 22.1",
          "texto": "à casa do rei de Judá, e A. ali esta palavra,"
        },
        {
          "referencia": "Ezequiel 40.4",
          "texto": "to mostrar, foste tu aqui trazido; AÁ., pois, à"
        },
        {
          "referencia": "Naum 1.15",
          "texto": "que traz boas-novas, do que Á. a paz! Celebra as"
        },
        {
          "referencia": "Lucas 9.60",
          "texto": "seus mortos; porém tu, vai e À. o Reino de Deus."
        },
        {
          "referencia": "Atos 13.38",
          "texto": "irmãos, que por este se vos Á. a remissão dos pecados."
        },
        {
          "referencia": "Atos 17.30",
          "texto": "os tempos da ignorância, A. agora a todos os"
        },
        {
          "referencia": "Gálatas 1.23",
          "texto": "Aquele que já nos perseguiu A., agora, a fé que,"
        }
      ]
    },
    {
      "palavra": "anuncia-lhes",
      "veja tambem": [],
      "ocorrencias": 1,
      "fonte": "",
      "concordancias": [
        {
          "referencia": "Marcos 5.19",
          "texto": "para tua casa, para os teus, e À. quão"
        }
      ]
    },
    {
      "palavra": "anunciá-lo",
      "veja tambem": [
        "anunciar"
      ],
      "ocorrencias": 4,
      "fonte": "",
      "concordancias": [
        {
          "referencia": "1 Samuel 31.9",
          "texto": "dos filisteus, em redor, a 4. no templo"
        },
        {
          "referencia": "Mateus 14.12",
          "texto": "o corpo, e o sepultaram, e foram Á. a Jesus."
        },
        {
          "referencia": "Mateus 28.8",
          "texto": "e grande alegria, correram a À, aos seus discípulos."
        },
        {
          "referencia": "Lucas 8.34",
          "texto": "acontecera, fugiram e foram A, na cidade e"
        }
      ]
    },
    {
      "palavra": "anunciá-los",
      "veja tambem": [
        "anun-"
      ],
      "ocorrencias": 1,
      "fonte": "",
      "concordancias": [
        {
          "referencia": "S140.5",
          "texto": "contar diante de ti; eu quisera A. e"
        }
      ]
    },
    {
      "palavra": "anuncia-se",
      "veja tambem": [
        "anunciar"
      ],
      "ocorrencias": 1,
      "fonte": "",
      "concordancias": [
        {
          "referencia": "Lucas 7.22",
          "texto": "os mortos ressuscitam e aos pobres À. o evangelho."
        }
      ]
    },
    {
      "palavra": "anunciada",
      "veja tambem": [
        "anunciar"
      ],
      "ocorrencias": 5,
      "fonte": "",
      "concordancias": [
        {
          "referencia": "S188.11",
          "texto": "Será A. a tua benignidade na sepultura, ou a"
        },
        {
          "referencia": "Atos 17.13",
          "texto": "palavra de Deus também era Á. por Paulo em"
        },
        {
          "referencia": "Romanos 1.8",
          "texto": "todos, porque em todo o mundo é À. a vossa fé."
        },
        {
          "referencia": "2 Coríntios 9.5",
          "texto": "a vossa bênção já antes A., para que"
        },
        {
          "referencia": "Hebreus 2.3",
          "texto": "a qual, começando a ser À, pelo Senhor,"
        }
      ]
    },
    {
      "palavra": "anunciado",
      "veja tambem": [
        "anunciar"
      ],
      "ocorrencias": 27,
      "fonte": "",
      "concordancias": [
        {
          "referencia": "Gênesis 31.22",
          "texto": "E, no terceiro dia, foi A. a Labão que Jacó"
        },
        {
          "referencia": "Êxodo 9.16",
          "texto": "e para que o meu nome seja A. em toda a terra."
        },
        {
          "referencia": "Êxodo 14.5",
          "texto": "Sendo, pois, A. ao rei do Egito que o povo"
        },
        {
          "referencia": "Êxodo 19.9",
          "texto": "Porque Moisés tinha 4. as palavras"
        },
        {
          "referencia": "Josué 9.24",
          "texto": "Porquanto com certeza foi À. aos teus"
        },
        {
          "referencia": "Josué 10.17",
          "texto": "E foi A. a Josué, dizendo: Acharam-se os cinco"
        },
        {
          "referencia": "1 Samuel 18.20",
          "texto": "amava a Davi; o que, sendo A. a Saul,"
        },
        {
          "referencia": "1 Samuel 23.1",
          "texto": "E foi À, a Davi, dizendo: Eis que os filisteus"
        },
        {
          "referencia": "1 Samuel 23.7",
          "texto": "E foi A. a Saul que Davi era vindo a Queila. E"
        },
        {
          "referencia": "1 Samuel 23.13",
          "texto": "aonde puderam; e, sendo A. a Saul que"
        },
        {
          "referencia": "S171.18",
          "texto": "ó Deus, até que tenha A, a tua força"
        },
        {
          "referencia": "Salmos 102.21",
          "texto": "a fim de que seja Á. o nome do Senhor em Sião,"
        },
        {
          "referencia": "Isaías 52.15",
          "texto": "aquilo que não lhes foi A. verão, e"
        },
        {
          "referencia": "Mateus 3.3",
          "texto": "Porque este é o À. pelo profeta Isaías, que"
        },
        {
          "referencia": "Mateus 11.5",
          "texto": "ressuscitados, e aos pobres é À, o evangelho."
        },
        {
          "referencia": "Lucas 16.16",
          "texto": "até João; desde então, é Á. o Reino de"
        },
        {
          "referencia": "Atos 3.18",
          "texto": "os seus profetas havia A.: que o Cristo"
        },
        {
          "referencia": "Atos 14.21",
          "texto": "E, tendo À, o evangelho naquela cidade e feito"
        },
        {
          "referencia": "Atos 14.25",
          "texto": "E, tendo A. a palavra em Perge, desceram a Atália."
        },
        {
          "referencia": "Romanos 9.17",
          "texto": "e para que o meu nome seja Á. em toda a terra."
        },
        {
          "referencia": "Romanos 15.21",
          "texto": "Aqueles a quem não foi À, o verão, e os"
        },
        {
          "referencia": "1 Coríntios 15.1",
          "texto": "o evangelho que já vos tenho Á., o qual também"
        },
        {
          "referencia": "1 Coríntios 15.2",
          "texto": "tal como vo-lo tenho 4,, se não é que"
        },
        {
          "referencia": "Gálatas 1.8",
          "texto": "além do que já vos tenho Á., seja anátema."
        },
        {
          "referencia": "Gálatas 1.11",
          "texto": "o evangelho que por mim foi A. não é segundo"
        },
        {
          "referencia": "Filipenses 1.18",
          "texto": "Contanto que Cristo seja Á. de toda a"
        },
        {
          "referencia": "Hebreus 9.19",
          "texto": "porque, havendo Moisés Á, a todo o povo todos"
        }
      ]
    },
    {
      "palavra": "anunciador",
      "veja tambem": [],
      "ocorrencias": 3,
      "fonte": "",
      "concordancias": [
        {
          "referencia": "Isaías 40.9",
          "texto": "Tu, À. de boas-novas a Sião, sobe a um monte"
        },
        {
          "referencia": "Isaías 40.9",
          "texto": "sobe a um monte alto. Tu, A. de"
        },
        {
          "referencia": "Isaías 41.27",
          "texto": "estão; e a Jerusalém darei um Á. de boas-novas."
        }
      ]
    }
  ]
}