{
  "a": [
    {
      "palavra": "anunciai",
      "veja tambem": [
        "anunciar"
      ],
      "ocorrencias": 12,
      "fonte": "Strong's H5046גַד/nagad)",
      "concordancias": [
        {
          "referencia": "1 Crônicas 16.23",
          "texto": "ao Senhor em toda a terra; A. de dia em dia a"
        },
        {
          "referencia": "S196.3",
          "texto": "A. entre as nações a sua glória; entre todos os"
        },
        {
          "referencia": "Isaías 45.21",
          "texto": "A., e chegai-vos, e tomai conselho todos"
        },
        {
          "referencia": "Isaías 48.20",
          "texto": "fugi de entre os caldeus. E 4. com voz de"
        },
        {
          "referencia": "Jeremias 45",
          "texto": "A, em Judá, e fazei ouvir em Jerusalém, e"
        },
        {
          "referencia": "Jeremias 5.20",
          "texto": "A. isto na casa de Jacó e fazei-o ouvir em"
        },
        {
          "referencia": "Jeremias 46.14",
          "texto": "A. no Egito e fazei ouvir isto em Migdol; fazei"
        },
        {
          "referencia": "Jeremias 48.20",
          "texto": "quebrantado; uivai e gritai; A, em Arnom que"
        },
        {
          "referencia": "Jeremias 50.2",
          "texto": "A. entre as nações, e fazei ouvir, e arvorai um"
        },
        {
          "referencia": "Mateus 11.4",
          "texto": "respondendo, disse-lhe: Ide e Å, a João as"
        },
        {
          "referencia": "Lucas 7.22",
          "texto": "Jesus, disse-lhes: Ide e A. a João o que"
        },
        {
          "referencia": "Atos 12.17",
          "texto": "otirara da prisão e disse: À. isto a Tiago e"
        }
      ]
    },
    {
      "palavra": "anunciai-a",
      "veja tambem": [
        "anunciar"
      ],
      "ocorrencias": 1,
      "fonte": "Strong's H5046גַד/nagad)",
      "concordancias": [
        {
          "referencia": "Jeremias 31.10",
          "texto": "do Senhor, ó nações, e À. nas ilhas de"
        }
      ]
    },
    {
      "palavra": "anunciai-nos",
      "veja tambem": [
        "anunciar"
      ],
      "ocorrencias": 0,
      "fonte": "Strong's H5046גַד/nagad)",
      "concordancias": []
    },
    {
      "palavra": "anunciais",
      "veja tambem": [
        "anun-"
      ],
      "ocorrencias": 1,
      "fonte": "Strong's H5046גַד/nagad)",
      "concordancias": [
        {
          "referencia": "1 Coríntios 11.26",
          "texto": "pão e beberdes este cálice, A. a morte do"
        }
      ]
    },
    {
      "palavra": "anunciam",
      "veja tambem": [
        "anunciar"
      ],
      "ocorrencias": 7,
      "fonte": "Strong's H5046גַד/nagad)",
      "concordancias": [
        {
          "referencia": "S197.6",
          "texto": "Os céus A. a sua justiça, e todos os povos veem"
        },
        {
          "referencia": "Atos 16.17",
          "texto": "dizendo: Estes homens, que nos À. o caminho da"
        },
        {
          "referencia": "Romanos 10.15",
          "texto": "Quão formosos os pés dos ue Aa pe dos que"
        },
        {
          "referencia": "Romanos 10.15",
          "texto": "dos que A. a paz, dos que À. coisas boas!"
        },
        {
          "referencia": "1 Coríntios 9.14",
          "texto": "também o Senhor aos que À. o evangelho, que"
        },
        {
          "referencia": "Filipenses 1.17",
          "texto": "mas outros, na verdade, À. a Cristo por"
        },
        {
          "referencia": "1 Tessalonicenses 1.9",
          "texto": "porque eles mesmos A. de nós qual a entrada que"
        }
      ]
    },
    {
      "palavra": "anunciamos",
      "veja tambem": [
        "anunciar"
      ],
      "ocorrencias": 7,
      "fonte": "Strong's H5046גַד/nagad)",
      "concordancias": [
        {
          "referencia": "Atos 13.32",
          "texto": "E nós vos À, que a promessa que foi feita aos"
        },
        {
          "referencia": "Atos 14.15",
          "texto": "às mesmas paixões, e vos A, que vos"
        },
        {
          "referencia": "Atos 15.36",
          "texto": "todas as cidades em que já Á. a palavra do"
        },
        {
          "referencia": "CI 1.28",
          "texto": "a quem Á., admoestando a todo homem e"
        },
        {
          "referencia": "1 João 1.2",
          "texto": "e testificamos dela, e vos À. a vida"
        },
        {
          "referencia": "1 João 1.3",
          "texto": "vimos e ouvimos, isso vos Á., para que"
        },
        {
          "referencia": "1 João 1.5",
          "texto": "que dele ouvimos e vos A.: que Deus é"
        }
      ]
    },
    {
      "palavra": "anunciando",
      "veja tambem": [
        "anunciar"
      ],
      "ocorrencias": 10,
      "fonte": "Strong's H5046גַד/nagad)",
      "concordancias": [
        {
          "referencia": "Jeremias 26.7",
          "texto": "e todo o povo, a Jeremias Á. estas"
        },
        {
          "referencia": "Jeremias 36.29",
          "texto": "dizendo: Por que escreveste nele A.:"
        },
        {
          "referencia": "Lucas 8.1",
          "texto": "aldeia em aldeia, pregando e A, o evangelho"
        },
        {
          "referencia": "Lucas 9.6",
          "texto": "percorreram todas as aldeias, À. o evangelho"
        },
        {
          "referencia": "Lucas 20.1",
          "texto": "ensinando o povo no templo e À. o evangelho,"
        },
        {
          "referencia": "Atos 8.4",
          "texto": "dispersos iam por toda parte A. a palavra."
        },
        {
          "referencia": "Atos 10.36",
          "texto": "aos filhos de Israel, A. a paz por"
        },
        {
          "referencia": "Atos 11.19",
          "texto": "Chipre e Antioquia, não Á. a ninguém a"
        },
        {
          "referencia": "Atos 11.20",
          "texto": "Antioquia, falaram aos gregos, Á, o Senhor Jesus."
        },
        {
          "referencia": "Atos 21.26",
          "texto": "templo, já santificado com eles, A. serem já"
        }
      ]
    },
    {
      "palavra": "anunciando-o",
      "veja tambem": [
        "anunciar"
      ],
      "ocorrencias": 1,
      "fonte": "Strong's H5046גַד/nagad)",
      "concordancias": [
        {
          "referencia": "1 Samuel 11.9",
          "texto": "Vindo, pois, os mensageiros, e, A. aos"
        }
      ]
    },
    {
      "palavra": "anunciando-vos",
      "veja tambem": [
        "anunciar"
      ],
      "ocorrencias": 1,
      "fonte": "Strong's H5046גַד/nagad)",
      "concordancias": [
        {
          "referencia": "1 Coríntios 2.1",
          "texto": "quando fui ter convosco, A. o"
        }
      ]
    },
    {
      "palavra": "anunciar",
      "veja tambem": [
        "pregar",
        "proclamar"
      ],
      "ocorrencias": 26,
      "fonte": "Strong's H5046גַד/nagad)",
      "concordancias": [
        {
          "referencia": "Gênesis 32.5",
          "texto": "e servas; e enviei para o Á, a meu"
        },
        {
          "referencia": "1 Samuel 4.13",
          "texto": "entrando, pois, aquele homem a A. isso na"
        },
        {
          "referencia": "2 Reis 9.15",
          "texto": "da cidade, nem escape, para ir À. isso em Jezreel."
        },
        {
          "referencia": "S173.28",
          "texto": "confiança no Senhor Deus, para A. todas as tuas obras."
        },
        {
          "referencia": "S192.2",
          "texto": "para de manhã A. a tua benignidade e, todas as"
        },
        {
          "referencia": "Isaías 19.17",
          "texto": "todo aquele a quem isso se Á. se assombrará,"
        },
        {
          "referencia": "Isaías 43.9",
          "texto": "quem dentre eles pode Á. isto e"
        },
        {
          "referencia": "Jeremias 9.12",
          "texto": "do Senhor, para que o possa À.? Por que razão"
        },
        {
          "referencia": "Jeremias 43.1",
          "texto": "que, acabando Jeremias de 4. a todo o povo"
        },
        {
          "referencia": "Jeremias 51.31",
          "texto": "de outro mensageiro, para Á, ao rei da"
        },
        {
          "referencia": "Miquéias 3.8",
          "texto": "de juízo e de ânimo, para A. a Jacó a sua"
        },
        {
          "referencia": "Marcos 5.20",
          "texto": "E ele foi e começou a A. em Decápolis quão"
        },
        {
          "referencia": "Lucas 419",
          "texto": "em liberdade os oprimidos, a Á. o ano"
        },
        {
          "referencia": "Jó 16.14",
          "texto": "há de receber do que é meu e vo-lo há de A.."
        },
        {
          "referencia": "Jó 16.15",
          "texto": "que há de receber do que é meu e vo-lo há de A.."
        },
        {
          "referencia": "Atos 5.42",
          "texto": "não cessavam de ensinar e de À. a Jesus Cristo."
        },
        {
          "referencia": "Atos 16.6",
          "texto": "pelo Espírito Santo de A. a palavra na Ásia."
        },
        {
          "referencia": "Atos 20.20",
          "texto": "que útil seja, deixei de vos À, e ensinar"
        },
        {
          "referencia": "Atos 20.27",
          "texto": "porque nunca deixei de vos 4. todo o conselho"
        },
        {
          "referencia": "Atos 26.23",
          "texto": "dos mortos, devia À. a luz a este"
        },
        {
          "referencia": "Romanos 1.15",
          "texto": "estou pronto para também vos A. o evangelho, a"
        },
        {
          "referencia": "Romanos 15.20",
          "texto": "maneira me esforcei por À. o evangelho, não"
        },
        {
          "referencia": "1 Coríntios 9.16",
          "texto": "obrigação; e ai de mim se não A. o evangelho!"
        },
        {
          "referencia": "2 Coríntios 10.16",
          "texto": "para 4, o evangelho nos lugares que estão além"
        },
        {
          "referencia": "Efésios 3.8",
          "texto": "me foi dada esta graça de À. entre os"
        },
        {
          "referencia": "Hebreus 3.5",
          "texto": "para testemunho das coisas que se haviam de 4.;"
        }
      ]
    },
    {
      "palavra": "anunciar-se-á",
      "veja tambem": [
        "anunciar"
      ],
      "ocorrencias": 1,
      "fonte": "Strong's H5046גַד/nagad)",
      "concordancias": [
        {
          "referencia": "2 Samuel 18.31",
          "texto": "que vinha o cuxita e disse: A. ao rei, meu"
        }
      ]
    },
    {
      "palavra": "anunciar-te-ei",
      "veja tambem": [
        "anunciar"
      ],
      "ocorrencias": 1,
      "fonte": "Strong's H5046גַד/nagad)",
      "concordancias": [
        {
          "referencia": "Jeremias 33.3",
          "texto": "a mim, e responder-te-ei e À. coisas"
        }
      ]
    },
    {
      "palavra": "anunciar-vos-ei",
      "veja tambem": [
        "anunciar"
      ],
      "ocorrencias": 1,
      "fonte": "Strong's H5046גַד/nagad)",
      "concordancias": [
        {
          "referencia": "Gênesis 49.1",
          "texto": "e disse: Ajuntai-vos, e À. o que"
        }
      ]
    },
    {
      "palavra": "anunciará",
      "veja tambem": [
        "anunciar"
      ],
      "ocorrencias": 6,
      "fonte": "Strong's H5046גַד/nagad)",
      "concordancias": [
        {
          "referencia": "S130.9",
          "texto": "Porventura, te louvará o pó? A. ele a tua verdade?"
        },
        {
          "referencia": "Isaías 44.7",
          "texto": "E quem chamará como eu, e À. isso, e o porá em"
        },
        {
          "referencia": "Zacarias 9.10",
          "texto": "guerra será destruído; e ele A. paz às nações;"
        },
        {
          "referencia": "Mateus 12.18",
          "texto": "sobre ele o meu Espírito, e A. aos gentios"
        },
        {
          "referencia": "Jó 4.25",
          "texto": "o Cristo) vem; quando ele vier, nos À. tudo."
        },
        {
          "referencia": "Jó 16.13",
          "texto": "tudo o que tiver ouvido e vos A. o que há de vir."
        }
      ]
    },
    {
      "palavra": "aborrecer",
      "veja tambem": [
        "aborrecer"
      ],
      "ocorrencias": 6,
      "fonte": "Strong's H5046גַד/nagad)",
      "concordancias": [
        {
          "referencia": "Deuteronômio 22.13",
          "texto": "um homem tomar mulher, e, entrando a ela, a A.,"
        },
        {
          "referencia": "Deuteronômio 24.3",
          "texto": "e se este último homem a A., e lhe fizer"
        },
        {
          "referencia": "Provérbios 8.13",
          "texto": "O temor do Senhor é Á, o mal; a soberba, e a"
        },
        {
          "referencia": "Eclesiastes 3.8",
          "texto": "tempo de amar e tempo de Á.; tempo de guerra e"
        },
        {
          "referencia": "Lucas 14.26",
          "texto": "Se alguém vier a mim e não À, a seu pai, e"
        },
        {
          "referencia": "Lucas 16.13",
          "texto": "senhores, porque ou há de A. a um e amar ao"
        }
      ]
    },
    {
      "palavra": "aborrecerá",
      "veja tambem": [
        "aborrecer"
      ],
      "ocorrencias": 2,
      "fonte": "Strong's H5046גַד/nagad)",
      "concordancias": [
        {
          "referencia": "Gênesis 50.15",
          "texto": "disseram: Porventura, nos À. José e nos"
        },
        {
          "referencia": "S15.6",
          "texto": "a mentira; o Senhor Á. o homem"
        }
      ]
    },
    {
      "palavra": "aborreceram",
      "veja tambem": [
        "aborrecer"
      ],
      "ocorrencias": 3,
      "fonte": "Strong's H5046גַד/nagad)",
      "concordancias": [
        {
          "referencia": "Gênesis 49.23",
          "texto": "lhe deram amargura, e o flecharam, e o A."
        },
        {
          "referencia": "Provérbios 1.29",
          "texto": "Porquanto A. o conhecimento e não preferiram"
        },
        {
          "referencia": "Jó 15.24",
          "texto": "mas, agora, viram-nas e me À. a mim e"
        }
      ]
    },
    {
      "palavra": "aborreceram-me",
      "veja tambem": [
        "aborrecer"
      ],
      "ocorrencias": 1,
      "fonte": "Strong's H5046גַד/nagad)",
      "concordancias": [
        {
          "referencia": "Jó 15.25",
          "texto": "que está escrita na sua lei: A, sem causa."
        }
      ]
    },
    {
      "palavra": "aborreceram-no",
      "veja tambem": [
        "aborrecer"
      ],
      "ocorrencias": 1,
      "fonte": "Strong's H5046גַד/nagad)",
      "concordancias": [
        {
          "referencia": "Gênesis 374",
          "texto": "que a todos os seus irmãos, Á. e não"
        }
      ]
    },
    {
      "palavra": "aborrecerás",
      "veja tambem": [
        "aborrecer"
      ],
      "ocorrencias": 2,
      "fonte": "Strong's H5046גַד/nagad)",
      "concordancias": [
        {
          "referencia": "Levítico 19.17",
          "texto": "Não Á. a teu irmão no teu coração; não"
        },
        {
          "referencia": "Mateus 5.43",
          "texto": "dito: Amarás o teu próximo e Á. o teu inimigo."
        }
      ]
    },
    {
      "palavra": "aborrecereis",
      "veja tambem": [
        "abor-"
      ],
      "ocorrencias": 1,
      "fonte": "Strong's H5046גַד/nagad)",
      "concordancias": [
        {
          "referencia": "Provérbios 1.22",
          "texto": "o escárnio? E vós, loucos, A. o conhecimento?"
        }
      ]
    },
    {
      "palavra": "aborrecerem",
      "veja tambem": [
        "aborrecer"
      ],
      "ocorrencias": 2,
      "fonte": "Strong's H5046גַד/nagad)",
      "concordancias": [
        {
          "referencia": "Levítico 26.17",
          "texto": "inimigos; e os que vos À. de vós se"
        },
        {
          "referencia": "Lucas 6.22",
          "texto": "quando os homens vos Á., e quando vos"
        }
      ]
    },
    {
      "palavra": "aborreces",
      "veja tambem": [
        "aborrecer"
      ],
      "ocorrencias": 6,
      "fonte": "Strong's H5046גַד/nagad)",
      "concordancias": [
        {
          "referencia": "Juízes 14.16",
          "texto": "e disse: Tão somente me Á. e não me amas;"
        },
        {
          "referencia": "Salmos 5.5",
          "texto": "não pararão à tua vista; A. a todos os que"
        },
        {
          "referencia": "S145.7",
          "texto": "Tu amas a justiça e À, a impiedade; por isso,"
        },
        {
          "referencia": "S150.17",
          "texto": "pois Á. a correção e lanças as minhas palavras"
        },
        {
          "referencia": "Ezequiel 23.28",
          "texto": "entregarei na mão dos que Á., na mão"
        },
        {
          "referencia": "Apocalipse 2.6",
          "texto": "Tens, porém, isto: que Á. as obras dos"
        }
      ]
    },
    {
      "palavra": "aborrecesse",
      "veja tambem": [
        "abor-"
      ],
      "ocorrencias": 1,
      "fonte": "Strong's H5046גַד/nagad)",
      "concordancias": [
        {
          "referencia": "Jó 34.17",
          "texto": "Porventura, o que À, o direito governaria?"
        }
      ]
    }
  ]
}