{
  "a": [
    {
      "palavra": "aborreceste",
      "veja tambem": [
        "aborrecer"
      ],
      "ocorrencias": 3,
      "fonte": "StrongsH8130ׂנֵא/sane)",
      "concordancias": [
        {
          "referencia": "Ezequiel 16.37",
          "texto": "que amaste, com todos os que Å., e"
        },
        {
          "referencia": "Ezequiel 35.6",
          "texto": "te perseguirá; visto que não Á. o sangue,"
        },
        {
          "referencia": "Hebreus 1.9",
          "texto": "Amaste a justiça e Á. a iniquidade; por"
        }
      ]
    },
    {
      "palavra": "aborrecestes",
      "veja tambem": [
        "abor-"
      ],
      "ocorrencias": 1,
      "fonte": "StrongsH8130ׂנֵא/sane)",
      "concordancias": [
        {
          "referencia": "Juízes 11.7",
          "texto": "Gileade: Porventura, não me Á. a mim e não"
        }
      ]
    },
    {
      "palavra": "aborreceu",
      "veja tambem": [
        "aborrecer"
      ],
      "ocorrencias": 7,
      "fonte": "StrongsH8130ׂנֵא/sane)",
      "concordancias": [
        {
          "referencia": "Gênesis 27.41",
          "texto": "E Á. Esaú a Jacó por causa daquela bênção, com"
        },
        {
          "referencia": "Deuteronômio 22.16",
          "texto": "filha por mulher a este homem, porém ele a A.;"
        },
        {
          "referencia": "2 Samuel 13.15",
          "texto": "Depois, Amnom a 4, com grandíssimo"
        },
        {
          "referencia": "S178.59",
          "texto": "isto e se indignou; e bre od Á. a Israel,"
        },
        {
          "referencia": "Salmos 107.18",
          "texto": "A sua alma A, toda comida, e chegaram até às"
        },
        {
          "referencia": "Jó 15.18",
          "texto": "sabei que, primeiro do que a vós, me À, a mim,"
        },
        {
          "referencia": "Efésios 5.29",
          "texto": "Porque nunca ninguém Å. a sua própria carne;"
        }
      ]
    },
    {
      "palavra": "aborreci",
      "veja tambem": [
        "aborrecer"
      ],
      "ocorrencias": 7,
      "fonte": "StrongsH8130ׂנֵא/sane)",
      "concordancias": [
        {
          "referencia": "Provérbios 5.12",
          "texto": "e digas: Como Å. a correção! E desprezou o meu"
        },
        {
          "referencia": "Eclesiastes 2.17",
          "texto": "Pelo que À. esta vida, porque a obra que se faz"
        },
        {
          "referencia": "Eclesiastes 2.18",
          "texto": "Também eu À. todo o meu trabalho, em que"
        },
        {
          "referencia": "Jeremias 12.8",
          "texto": "levantou a sua voz contra mim; por isso, eua A.."
        },
        {
          "referencia": "Oséias 9.15",
          "texto": "em Gilgal, porque ali os A.; por causa da"
        },
        {
          "referencia": "MI 1.3",
          "texto": "e A. a Esaú; e fiz dos seus montes uma"
        },
        {
          "referencia": "Romanos 9.13",
          "texto": "Como está escrito: Amei Jacó e Á. Esaú."
        }
      ]
    },
    {
      "palavra": "anunciaram",
      "veja tambem": [
        "anunciar"
      ],
      "ocorrencias": 28,
      "fonte": "Strong's H5046גַד/nagad)",
      "concordancias": [
        {
          "referencia": "Gênesis 22.20",
          "texto": "depois destas coisas, que Á. a Abraão,"
        },
        {
          "referencia": "Gênesis 45.26",
          "texto": "Então, lhe A., dizendo: José ainda vive e ele"
        },
        {
          "referencia": "Juízes 4.12",
          "texto": "E 4. a Sísera que Baraque, filho de Abinoão,"
        },
        {
          "referencia": "1 Samuel 14.33",
          "texto": "E o A. a Saul, dizendo: Eis que o povo peca"
        },
        {
          "referencia": "iSm 17.31",
          "texto": "que Davi havia falado, as A. a Saul, e"
        },
        {
          "referencia": "1 Samuel 18.24",
          "texto": "E os servos de Saul lhe A. isso, dizendo:"
        },
        {
          "referencia": "1 Samuel 18.26",
          "texto": "E Á. os seus servos essas palavras a Davi, e"
        },
        {
          "referencia": "1 Samuel 19.19",
          "texto": "E o À, a Saul, dizendo: Eis que Davi está em"
        },
        {
          "referencia": "ISm 23.25",
          "texto": "foram em busca dele, o que A. a Davi, que"
        },
        {
          "referencia": "iSm 24.1",
          "texto": "perseguir os filisteus, lhe A., dizendo: Eis"
        },
        {
          "referencia": "iSm 25.12",
          "texto": "e voltaram, e vieram, e lhe A. tudo,"
        },
        {
          "referencia": "2 Samuel 17.21",
          "texto": "saíram do poço, e foram, e Á. a Davi; e"
        },
        {
          "referencia": "2 Reis 7.10",
          "texto": "porteiros da cidade, e lhes A., dizendo:"
        },
        {
          "referencia": "2 Reis 7.11",
          "texto": "os porteiros, e estes o 4. dentro da casa"
        },
        {
          "referencia": "2 Reis 7.15",
          "texto": "fora; e voltaram os mensageiros e o À. ao rei."
        },
        {
          "referencia": "2 Reis 8.7",
          "texto": "rei da Síria, doente; e lho A dizendo:"
        },
        {
          "referencia": "Jó 15.18",
          "texto": "o que os sábios Á., e o que ouviram de seus"
        },
        {
          "referencia": "Jeremias 29.23",
          "texto": "de seus companheiros, e À. falsamente em"
        },
        {
          "referencia": "Jeremias 36.20",
          "texto": "de Elisama, o escriba, e A. aos ouvidos"
        },
        {
          "referencia": "Mateus 28.11",
          "texto": "da guarda, chegando à cidade, A. aos"
        },
        {
          "referencia": "Marcos 5.14",
          "texto": "os porcos fugiram e o À. na cidade e nos"
        },
        {
          "referencia": "Lucas 24.9",
          "texto": "E, voltando do sepulcro, À. todas essas"
        },
        {
          "referencia": "Jó 451",
          "texto": "os seus servos e lhe A., dizendo: O"
        },
        {
          "referencia": "Atos 3.24",
          "texto": "quantos depois falaram, também Á. estes dias."
        },
        {
          "referencia": "Atos 5.22",
          "texto": "não os acharam na prisão e, voltando, lho A.,"
        },
        {
          "referencia": "Atos 7.52",
          "texto": "os que anteriormente Á. a vinda do ~"
        },
        {
          "referencia": "Atos 8.25",
          "texto": "muitas aldeias dos samaritanos, A. o evangelho."
        },
        {
          "referencia": "Atos 15.4",
          "texto": "apóstolos e anciãos e lhes A. quão grandes"
        }
      ]
    },
    {
      "palavra": "anunciaram-lhe",
      "veja tambem": [],
      "ocorrencias": 2,
      "fonte": "Strong's H5046גַד/nagad)",
      "concordancias": [
        {
          "referencia": "Gênesis 26.32",
          "texto": "vieram os servos de Isaque, e Å. acerca"
        },
        {
          "referencia": "Lucas 7.18",
          "texto": "E os discípulos de João A. todas essas coisas."
        }
      ]
    },
    {
      "palavra": "anunciaram-no",
      "veja tambem": [
        "anunciar"
      ],
      "ocorrencias": 1,
      "fonte": "",
      "concordancias": [
        {
          "referencia": "Marcos 16.13",
          "texto": "E, indo estes, A. aos outros, mas nem"
        }
      ]
    },
    {
      "palavra": "anunciarás",
      "veja tambem": [],
      "ocorrencias": 2,
      "fonte": "",
      "concordancias": [
        {
          "referencia": "Êxodo 19.3",
          "texto": "falarás à casa de Jacó e A. aos filhos"
        },
        {
          "referencia": "Ezequiel 33.7",
          "texto": "a palavra da minha boca e lha A. da minha parte."
        }
      ]
    },
    {
      "palavra": "anunciarei",
      "veja tambem": [],
      "ocorrencias": 4,
      "fonte": "",
      "concordancias": [
        {
          "referencia": "Gênesis 46.31",
          "texto": "de seu pai: Eu subirei, e A. a Faraó, e"
        },
        {
          "referencia": "1 Samuel 19.3",
          "texto": "de tia meu pai, e verei o que houver, e to Á.."
        },
        {
          "referencia": "2 Samuel 18.19",
          "texto": "de Zadoque: Deixa-me correr, e Á. ao rei que"
        },
        {
          "referencia": "Hebreus 2.12",
          "texto": "dizendo: Á. o teu nome a meus irmãos,"
        }
      ]
    },
    {
      "palavra": "anunciareis",
      "veja tambem": [
        "anunciar"
      ],
      "ocorrencias": 1,
      "fonte": "",
      "concordancias": [
        {
          "referencia": "Isaías 48.6",
          "texto": "tudo isto; porventura, não o A.? Desde"
        }
      ]
    },
    {
      "palavra": "anunciarem",
      "veja tambem": [
        "anunciar"
      ],
      "ocorrencias": 4,
      "fonte": "",
      "concordancias": [
        {
          "referencia": "Deuteronômio 17.11",
          "texto": "farás; da palavra que te 4. te não"
        },
        {
          "referencia": "1 Crônicas 10.9",
          "texto": "filisteus em redor, para o Å. a seus"
        },
        {
          "referencia": "S192.15",
          "texto": "para À. que o Senhor é reto; ele é a minha"
        },
        {
          "referencia": "Jeremias 50.28",
          "texto": "da terra da Babilônia para Á. em Sião a"
        }
      ]
    },
    {
      "palavra": "anunciaremos",
      "veja tambem": [],
      "ocorrencias": 1,
      "fonte": "",
      "concordancias": [
        {
          "referencia": "Jeremias 36.16",
          "texto": "a Baruque: Sem dúvida nenhuma, A. ao rei"
        }
      ]
    },
    {
      "palavra": "anunciaria",
      "veja tambem": [
        "anunciar"
      ],
      "ocorrencias": 1,
      "fonte": "",
      "concordancias": [
        {
          "referencia": "Ester 8.13",
          "texto": "da carta, que uma ordem se A. em todas as"
        }
      ]
    },
    {
      "palavra": "anunciarmos",
      "veja tambem": [
        "anunciar"
      ],
      "ocorrencias": 1,
      "fonte": "",
      "concordancias": [
        {
          "referencia": "Atos 16.10",
          "texto": "o Senhor nos chamava para lhes A. o evangelho."
        }
      ]
    },
    {
      "palavra": "anunciasse",
      "veja tambem": [
        "anun-"
      ],
      "ocorrencias": 1,
      "fonte": "",
      "concordancias": [
        {
          "referencia": "Atos 28.21",
          "texto": "aqui algum dos irmãos que nos A. ou dissesse"
        }
      ]
    },
    {
      "palavra": "anunciassem",
      "veja tambem": [
        "anunciar"
      ],
      "ocorrencias": 1,
      "fonte": "",
      "concordancias": [
        {
          "referencia": "Atos 42",
          "texto": "de que ensinassem o povo e À, em Jesus a"
        }
      ]
    },
    {
      "palavra": "anunciaste",
      "veja tambem": [
        "anun-"
      ],
      "ocorrencias": 1,
      "fonte": "",
      "concordancias": [
        {
          "referencia": "Jeremias 44.16",
          "texto": "Quanto à palavra que nos Á. em nome do"
        }
      ]
    },
    {
      "palavra": "anunciava",
      "veja tambem": [
        "anunciar"
      ],
      "ocorrencias": 4,
      "fonte": "",
      "concordancias": [
        {
          "referencia": "Jeremias 38.1",
          "texto": "filho de Malquias, as palavras que A."
        },
        {
          "referencia": "Lucas 3.18",
          "texto": "muitas outras coisas também Á. ao povo."
        },
        {
          "referencia": "Atos 840",
          "texto": "em Azoto e, indo passando, A. o evangelho em"
        },
        {
          "referencia": "Atos 17.18",
          "texto": "deuses estranhos. Porque lhes A. a Jesus e a ressur-"
        }
      ]
    },
    {
      "palavra": "anunciava-lhes",
      "veja tambem": [],
      "ocorrencias": 1,
      "fonte": "",
      "concordancias": [
        {
          "referencia": "Marcos 2.2",
          "texto": "junto à porta eles cabiam; e A. a palavra."
        }
      ]
    },
    {
      "palavra": "anunciavam",
      "veja tambem": [
        "anunciar"
      ],
      "ocorrencias": 3,
      "fonte": "",
      "concordancias": [
        {
          "referencia": "S168.11",
          "texto": "grande era o exército dos a A. as boas-novas."
        },
        {
          "referencia": "Atos 4.31",
          "texto": "cheios do Espírito Santo e À. com ousadia"
        },
        {
          "referencia": "Atos 13.5",
          "texto": "E, chegados a Salamina, Á. a palavra de Deus"
        }
      ]
    },
    {
      "palavra": "anuncie",
      "veja tambem": [],
      "ocorrencias": 4,
      "fonte": "",
      "concordancias": [
        {
          "referencia": "Isaías 41.26",
          "texto": "Justo é? Mas não há quem A., nem tampouco"
        },
        {
          "referencia": "Isaías 44.7",
          "texto": "um povo eterno? Este que A. as coisas"
        },
        {
          "referencia": "Lucas 4.43",
          "texto": "Também é necessário que eu À. a outras"
        },
        {
          "referencia": "Gálatas 1.8",
          "texto": "ou um anjo do céu vos À, outro evangelho"
        }
      ]
    },
    {
      "palavra": "anunciei",
      "veja tambem": [
        "anunciar"
      ],
      "ocorrencias": 11,
      "fonte": "",
      "concordancias": [
        {
          "referencia": "Isaías 21.10",
          "texto": "dos Exércitos, Deus de Israel, isso vos A.."
        },
        {
          "referencia": "Isaías 43.12",
          "texto": "Eu Å., e eu salvei, e eu o fiz ouvir e deus"
        },
        {
          "referencia": "Isaías 44.8",
          "texto": "vo-lo fiz ouvir e não vo-lo À.? Porque vós"
        },
        {
          "referencia": "Isaías 48.3",
          "texto": "desde a antiguidade, as A.; sim,"
        },
        {
          "referencia": "Isaías 48.5",
          "texto": "Por isso, to À. desde então e to fiz ouvir"
        },
        {
          "referencia": "Jeremias 25.3",
          "texto": "mim a palavra do Senhor, e vo-la A. a vós,"
        },
        {
          "referencia": "Ezequiel 23.34",
          "texto": "peitos arrancarás; porque eu o Á., diz o"
        },
        {
          "referencia": "Ezequiel 26.5",
          "texto": "das redes; porque eu o Á., diz o Senhor"
        },
        {
          "referencia": "Atos 26.20",
          "texto": "Antes, À, primeiramente aos que estão em"
        },
        {
          "referencia": "2 Coríntios 11.7",
          "texto": "exaltados, porque de graça vos Á. o evangelho"
        },
        {
          "referencia": "Gálatas 4.13",
          "texto": "sabeis que primeiro vos Á. o evangelho"
        }
      ]
    },
    {
      "palavra": "anuncieis",
      "veja tambem": [
        "anunciar"
      ],
      "ocorrencias": 2,
      "fonte": "",
      "concordancias": [
        {
          "referencia": "Miquéias 1.10",
          "texto": "Não o À. em Gate, nem choreis muito;"
        },
        {
          "referencia": "1 Pedro 2.9",
          "texto": "o povo adquirido, para que Á. as virtudes"
        }
      ]
    },
    {
      "palavra": "anunciem",
      "veja tambem": [
        "anunciar"
      ],
      "ocorrencias": 1,
      "fonte": "",
      "concordancias": [
        {
          "referencia": "Isaías 42.12",
          "texto": "Deem glória ao Senhor e 4. o seu louvor nas ilhas."
        }
      ]
    },
    {
      "palavra": "anunciem-nos",
      "veja tambem": [
        "anunciar"
      ],
      "ocorrencias": 1,
      "fonte": "",
      "concordancias": [
        {
          "referencia": "Isaías 41.22",
          "texto": "Tragam e A. as coisas que hão de acontecer;"
        }
      ]
    },
    {
      "palavra": "anunciem-te",
      "veja tambem": [
        "anun-"
      ],
      "ocorrencias": 1,
      "fonte": "",
      "concordancias": [
        {
          "referencia": "Isaías 19.12",
          "texto": "estão, agora, os teus sábios? Á., agora, ou"
        }
      ]
    },
    {
      "palavra": "anunciemos",
      "veja tambem": [
        "anun-"
      ],
      "ocorrencias": 1,
      "fonte": "",
      "concordancias": [
        {
          "referencia": "2 Reis 7.9",
          "texto": "pelo que agora vamos e o À. à casa"
        }
      ]
    }
  ]
}