{
  "a": [
    {
      "palavra": "anuncio",
      "veja tambem": [
        "anunciar"
      ],
      "ocorrencias": 7,
      "fonte": "StrongsH5046/nagad)",
      "concordancias": [
        {
          "referencia": "Isaías 42.9",
          "texto": "e novas coisas eu vos Á., e, antes que"
        },
        {
          "referencia": "Isaías 45.19",
          "texto": "o Senhor, que falo a justiça e À, coisas retas."
        },
        {
          "referencia": "Isaías 46.10",
          "texto": "que À. o fim desde o princípio e, desde a"
        },
        {
          "referencia": "Zacarias 9.12",
          "texto": "esperança; também hoje vos À. que vos"
        },
        {
          "referencia": "Atos 17.3",
          "texto": "E este Jesus, que vos A., dizia ele, é o Cristo."
        },
        {
          "referencia": "Atos 17.23",
          "texto": "vós honrais não o conhecendo é o que eu vos Á.."
        },
        {
          "referencia": "1 Coríntios 9.16",
          "texto": "Porque, se Á, o evangelho, não tenho de que me"
        }
      ]
    },
    {
      "palavra": "anunciou",
      "veja tambem": [
        "anunciar"
      ],
      "ocorrencias": 27,
      "fonte": "StrongsH5046/nagad)",
      "concordancias": [
        {
          "referencia": "Gênesis 29.12",
          "texto": "E Jacó A. a Raquel que era irmão de seu pai e"
        },
        {
          "referencia": "Gênesis 29.12",
          "texto": "de Rebeca. Então, ela correu e o A. a seu pai."
        },
        {
          "referencia": "Gênesis 47.1",
          "texto": "Então, veio José, e À. a Faraó, e disse: Meu"
        },
        {
          "referencia": "Êxodo 4.28",
          "texto": "E A. Moisés a Arão todas as palavras do Senhor,"
        },
        {
          "referencia": "Números 11.27",
          "texto": "Então, correu um moço, e o A, a Moisés, e"
        },
        {
          "referencia": "Deuteronômio 4.13",
          "texto": "Então, vos À, ele o seu concerto, que vos"
        },
        {
          "referencia": "1 Samuel 4.14",
          "texto": "homem a grande pressa, e veio, e o À, a Eli."
        },
        {
          "referencia": "1 Samuel 19.2",
          "texto": "E Jônatas o À. a Davi, dizendo: Meu pai, Saul,"
        },
        {
          "referencia": "1 Samuel 22.21",
          "texto": "E Abiatar A. a Davi que Saul tinha matado os"
        },
        {
          "referencia": "1 Samuel 25.14",
          "texto": "um dentre os jovens o Á, a Abigail, mulher"
        },
        {
          "referencia": "1 Reis 18.16",
          "texto": "com Acabe e lho A,; e foi Acabe"
        },
        {
          "referencia": "2 Reis 10.8",
          "texto": "E um mensageiro veio e lhe A. dizendo:"
        },
        {
          "referencia": "Isaías 41.26",
          "texto": "Quem 4. isso desde o princípio, para que o"
        },
        {
          "referencia": "Isaías 45.21",
          "texto": "Quem, desde então, o A.?"
        },
        {
          "referencia": "Jeremias 25.2",
          "texto": "a qual À. o profeta Jeremias a todo o povo de"
        },
        {
          "referencia": "Jeremias 34.6",
          "texto": "E A. Jeremias, o profeta, a Zedequias, rei de"
        },
        {
          "referencia": "Lucas 14.21",
          "texto": "E, voltando aquele servo, A. essas coisas ao"
        },
        {
          "referencia": "Jó 5.15",
          "texto": "E aquele homem foi e A, aos judeus que Jesus"
        },
        {
          "referencia": "Jó 20.18",
          "texto": "Maria Madalena foi e À, aos discípulos que vira"
        },
        {
          "referencia": "Atos 8.35",
          "texto": "boca e começando nesta Escritura, lhe A. a Jesus."
        },
        {
          "referencia": "Atos 12.14",
          "texto": "mas, correndo para dentro, A. que Pedro"
        },
        {
          "referencia": "Atos 16.36",
          "texto": "O carcereiro A. a Paulo estas palavras,"
        },
        {
          "referencia": "Atos 22.26",
          "texto": "isto, o centurião foi e A. ao tribuno,"
        },
        {
          "referencia": "Atos 23.16",
          "texto": "foi, e entrou na fortaleza, e o À. a Paulo."
        },
        {
          "referencia": "Gálatas 3.8",
          "texto": "pela fé os gentios, A. primeiro o"
        },
        {
          "referencia": "Hebreus 12.26",
          "texto": "então, a terra, mas, agora, Á., dizendo:"
        },
        {
          "referencia": "Apocalipse 10.7",
          "texto": "o segredo de Deus, como A. aos profetas,"
        }
      ]
    },
    {
      "palavra": "anunciou-o",
      "veja tambem": [
        "anunciar"
      ],
      "ocorrencias": 1,
      "fonte": "StrongsH5046/nagad)",
      "concordancias": [
        {
          "referencia": "Marcos 16.10",
          "texto": "E, partindo ela, A, àqueles que tinham estado"
        }
      ]
    },
    {
      "palavra": "anunciou-se",
      "veja tambem": [],
      "ocorrencias": 1,
      "fonte": "StrongsH5046/nagad)",
      "concordancias": [
        {
          "referencia": "1 Samuel 15.12",
          "texto": "a Saul pela manhã; e A. a Samuel,"
        }
      ]
    },
    {
      "palavra": "anzi",
      "veja tambem": [
        "nome",
        "filho"
      ],
      "ocorrencias": 2,
      "fonte": "StrongsH6057ם/Anam)",
      "concordancias": [
        {
          "referencia": "1 Crônicas 6.46",
          "texto": "filho de A., filho de Bani, filho de Semer,"
        },
        {
          "referencia": "Neemias 11.12",
          "texto": "filho de Pelalias, filho de A., filho de"
        }
      ]
    },
    {
      "palavra": "anzóis",
      "veja tambem": [
        "anzol"
      ],
      "ocorrencias": 5,
      "fonte": "StrongsH2443חַכָּה/chakkah)",
      "concordancias": [
        {
          "referencia": "Ezequiel 29.4",
          "texto": "Mas eu porei Á. em teus queixos e prenderei o"
        },
        {
          "referencia": "Ezequiel 38.4",
          "texto": "E te farei voltar, e porei A, nos teus queixos, e"
        },
        {
          "referencia": "Ezequiel 39.2",
          "texto": "voltear, e te porei seis A., e te farei subir"
        },
        {
          "referencia": "Amós 4.2",
          "texto": "vós, em que vos levarão com Á, e a vossos"
        },
        {
          "referencia": "Amós 4.2",
          "texto": "com A. e a vossos descendentes com Å. de pesca."
        }
      ]
    },
    {
      "palavra": "anzol",
      "veja tambem": [
        "pesca",
        "gancho"
      ],
      "ocorrencias": 7,
      "fonte": "StrongsH2443חַכָּה/chakkah)",
      "concordancias": [
        {
          "referencia": "Top 401",
          "texto": "posição; Palavras Relacionadas: (anzóis-5); Total de refe-"
        },
        {
          "referencia": "2 Reis 19.28",
          "texto": "portanto, porei o meu Á. no teu nariz e o"
        },
        {
          "referencia": "Jó 41.1",
          "texto": "Poderás pescar com Á, o leviatã ou ligarás a sua"
        },
        {
          "referencia": "Isaías 19.8",
          "texto": "todos os que lançam À. ao rio, e os que"
        },
        {
          "referencia": "Isaías 37.29",
          "texto": "eis que porei o meu À, no teu nariz e o"
        },
        {
          "referencia": "Habacuque 1.15",
          "texto": "Ele a todos levanta com o Á., e apanha-os com a"
        },
        {
          "referencia": "Mateus 17.27",
          "texto": "vai ao mar, lança o AÁ., tirao primeiro"
        }
      ]
    },
    {
      "palavra": "ao",
      "veja tambem": [],
      "ocorrencias": 0,
      "fonte": "",
      "concordancias": []
    },
    {
      "palavra": "aoí",
      "veja tambem": [],
      "ocorrencias": 1,
      "fonte": "",
      "concordancias": [
        {
          "referencia": "2 Samuel 23.9",
          "texto": "filho de Dodô, filho de A., entre os três"
        }
      ]
    },
    {
      "palavra": "aoíta",
      "veja tambem": [],
      "ocorrencias": 4,
      "fonte": "",
      "concordancias": [
        {
          "referencia": "2 Samuel 23.28",
          "texto": "Zalmom, A,; Maarai, netofatita;"
        },
        {
          "referencia": "1 Crônicas 11.12",
          "texto": "Eleazar, filho de Dodô, o A.; ele estava"
        },
        {
          "referencia": "1 Crônicas 11.29",
          "texto": "Sibecai, o husatita; Ilai, o A.;"
        },
        {
          "referencia": "1 Crônicas 27.4",
          "texto": "do segundo mês era Dodai, o A., com a sua turma,"
        }
      ]
    },
    {
      "palavra": "aoliabe",
      "veja tambem": [],
      "ocorrencias": 5,
      "fonte": "",
      "concordancias": [
        {
          "referencia": "Êxodo 31.6",
          "texto": "eu tenho posto com ele a A., filho de"
        },
        {
          "referencia": "Êxodo 35.34",
          "texto": "ensinar a outros, aeleea A., filho de"
        },
        {
          "referencia": "Êxodo 36.1",
          "texto": "trabalharam Bezalel, e A., e todo homem"
        },
        {
          "referencia": "Êxodo 36.2",
          "texto": "chamara a Bezalel, ea A., ca todo homem"
        },
        {
          "referencia": "Êxodo 38.23",
          "texto": "E com ele A., filho de Aisamaque, da tribo de"
        }
      ]
    },
    {
      "palavra": "aonde",
      "veja tambem": [],
      "ocorrencias": 30,
      "fonte": "",
      "concordancias": [
        {
          "referencia": "Gênesis 20.13",
          "texto": "que me farás em todo o lugar À. viermos: dize de"
        },
        {
          "referencia": "Gênesis 30.38",
          "texto": "nos canos e nas pias de água, Á. o rebanho vinha"
        },
        {
          "referencia": "Gênesis 37.30",
          "texto": "irmãos, e disse: O moço não aparece; e, eu, À. irei?"
        },
        {
          "referencia": "Êxodo 23.27",
          "texto": "a todo o povo A. entrares, e farei"
        },
        {
          "referencia": "Êxodo 34.12",
          "texto": "com os moradores da terra Á. hás de entrar; para"
        },
        {
          "referencia": "Deuteronômio 12.29",
          "texto": "de diante de ti as nações, A. vais a"
        },
        {
          "referencia": "Josué 1.16",
          "texto": "nos ordenaste faremos e À, quer que nos"
        },
        {
          "referencia": "Rute 1.16",
          "texto": "e me afaste de ti; porque, A. quer que tu"
        },
        {
          "referencia": "1 Samuel 10.14",
          "texto": "Saul, a ele e ao seu moço: Å, fostes? E disse"
        },
        {
          "referencia": "1 Samuel 18.5",
          "texto": "E saía Davi A. quer que Saul o enviava e"
        },
        {
          "referencia": "1 Samuel 23.13",
          "texto": "e saíram de Queila e foram-se À, puderam; e, sendo"
        },
        {
          "referencia": "2 Samuel 13.13",
          "texto": "Porque, À, iria eu com a minha vergonha? E tu"
        },
        {
          "referencia": "2 Samuel 15.20",
          "texto": "caminhar? Pois força me é ir À. quer que puder"
        },
        {
          "referencia": "1 Reis 8.47",
          "texto": "e, na terra À, forem levados em cativeiro,"
        },
        {
          "referencia": "IRs 18.10",
          "texto": "não houve nação nem reino À. o meu senhor não"
        },
        {
          "referencia": "IRs 21.18",
          "texto": "que está na vinha de Nabote, A. tem descido"
        },
        {
          "referencia": "Neemias 2.16",
          "texto": "souberam os magistrados A. eu fui nem o que eu"
        },
        {
          "referencia": "Ester 4.3",
          "texto": "E em todas as províncias A. a palavra do rei e a"
        },
        {
          "referencia": "Ester 8.17",
          "texto": "província e em toda cidade A. chegava a palavra do"
        },
        {
          "referencia": "Jeremias 1.7",
          "texto": "Eu sou uma criança; porque, Á, quer que eu te"
        },
        {
          "referencia": "Jeremias 49.36",
          "texto": "ventos; e não haverá nação À. não venham os"
        },
        {
          "referencia": "Ezequiel 20.29",
          "texto": "lhes disse: Que alto é este, A. vós ides? E seu"
        },
        {
          "referencia": "Mateus 8.19",
          "texto": "um escriba, disse: Mestre, A. quer que fores,"
        },
        {
          "referencia": "Marcos 14.12",
          "texto": "disseram-lhe os discípulos: A. queres que vamos"
        },
        {
          "referencia": "Lucas 10.1",
          "texto": "a todas as cidades e lugares 4. ele havia de ir."
        },
        {
          "referencia": "Lucas 12.33",
          "texto": "nos céus que nunca acabe, À. não chega"
        },
        {
          "referencia": "Jó 7.34",
          "texto": "e não me achareis; e À. eu estou vós não"
        },
        {
          "referencia": "Jó 7.36",
          "texto": "e não me achareis; e: À. eu estou, vós não"
        },
        {
          "referencia": "Jó 11.32",
          "texto": "Tendo, pois, Maria chegado A. Jesus estava e"
        },
        {
          "referencia": "1 Coríntios 16.6",
          "texto": "inverno, para que me acompanheis 4. quer que eu"
        }
      ]
    },
    {
      "palavra": "aos",
      "veja tambem": [],
      "ocorrencias": 0,
      "fonte": "",
      "concordancias": []
    },
    {
      "palavra": "apagado",
      "veja tambem": [
        "apagar"
      ],
      "ocorrencias": 0,
      "fonte": "",
      "concordancias": []
    },
    {
      "palavra": "apagados",
      "veja tambem": [
        "apagar"
      ],
      "ocorrencias": 1,
      "fonte": "",
      "concordancias": [
        {
          "referencia": "Atos 3.19",
          "texto": "convertei-vos, para que sejam A. os vossos"
        }
      ]
    },
    {
      "palavra": "apagam",
      "veja tambem": [
        "apagar"
      ],
      "ocorrencias": 1,
      "fonte": "",
      "concordancias": [
        {
          "referencia": "Mateus 25.8",
          "texto": "do vosso azeite, porque as nossas lâmpadas se A.."
        }
      ]
    },
    {
      "palavra": "apagando",
      "veja tambem": [
        "apagar"
      ],
      "ocorrencias": 1,
      "fonte": "",
      "concordancias": [
        {
          "referencia": "Jó 17.1",
          "texto": "os meus dias se vão Á., e só tenho"
        }
      ]
    },
    {
      "palavra": "apagando-te",
      "veja tambem": [
        "apagar"
      ],
      "ocorrencias": 1,
      "fonte": "",
      "concordancias": [
        {
          "referencia": "Ezequiel 32.7",
          "texto": "E, 4. eu, cobrirei os céus e enegrecerei as"
        }
      ]
    },
    {
      "palavra": "apagar",
      "veja tambem": [],
      "ocorrencias": 4,
      "fonte": "",
      "concordancias": [
        {
          "referencia": "Top 404",
          "texto": "posição; Palavras Relacionadas: (apaga-11; apagado-l1;"
        },
        {
          "referencia": "2 Reis 14.27",
          "texto": "não falara o Senhor em Á, o nome de Israel de"
        },
        {
          "referencia": "Cânticos 8.7",
          "texto": "muitas águas não poderiam Á. esse amor nem os"
        },
        {
          "referencia": "Efésios 6.16",
          "texto": "da fé, com o qual podereis A. todos os dardos"
        }
      ]
    },
    {
      "palavra": "apagar-se-lhe-á",
      "veja tambem": [],
      "ocorrencias": 1,
      "fonte": "",
      "concordancias": [
        {
          "referencia": "Provérbios 20.20",
          "texto": "ou a sua mãe amaldiçoar, À, a sua"
        }
      ]
    }
  ]
}