{
  "a": [
    {
      "palavra": "apagará",
      "veja tambem": [
        "apagar"
      ],
      "ocorrencias": 23,
      "fonte": "StrongsH3518ָּבָה/kabah)",
      "concordancias": [
        {
          "referencia": "Iv 6.12",
          "texto": "o altar arderá nele, não se 4.; mas o"
        },
        {
          "referencia": "Levítico 6.13",
          "texto": "arderá continuamente sobre o altar; não se A.."
        },
        {
          "referencia": "Números 5.23",
          "texto": "maldições num livro e com a água amarga as A.."
        },
        {
          "referencia": "Deuteronômio 29.20",
          "texto": "jazerá sobre ele; e o Senhor Á. o seu nome de"
        },
        {
          "referencia": "2 Reis 22.17",
          "texto": "furor se acendeu contra este lugar e não se A.."
        },
        {
          "referencia": "2 Crônicas 34.25",
          "texto": "furor se derramou sobre este lugar e não se Á.."
        },
        {
          "referencia": "Jó 18.5",
          "texto": "a luz dos ímpios se Á., e a faísca do"
        },
        {
          "referencia": "Jó 18.6",
          "texto": "nas suas tendas, e sua lâmpada sobre ele se A.."
        },
        {
          "referencia": "Provérbios 6.33",
          "texto": "e vilipêndio, e o seu opróbrio nunca se A.."
        },
        {
          "referencia": "Provérbios 13.9",
          "texto": "dos justos alegra, mas a candeia dos ímpios se Á.."
        },
        {
          "referencia": "Provérbios 24.20",
          "texto": "terá galardão algum, e a lâmpada dos ímpios se A.."
        },
        {
          "referencia": "Provérbios 26.20",
          "texto": "Sem lenha, o fogo se À.; e, não havendo"
        },
        {
          "referencia": "Isaías 34.10",
          "texto": "Nem de noite nem de dia, se A.; para sempre a"
        },
        {
          "referencia": "Isaías 42.3",
          "texto": "trilhada não quebrará, nem Á. o pavio que"
        },
        {
          "referencia": "Isaías 55.13",
          "texto": "por nome, por sinal eterno, que nunca se Á.."
        },
        {
          "referencia": "Isaías 56.5",
          "texto": "nome eterno darei a cada um deles que nunca se A.."
        },
        {
          "referencia": "Isaías 66.24",
          "texto": "morrerá, nem o seu fogo se À,; e serão um"
        },
        {
          "referencia": "Jeremias 7.20",
          "texto": "os frutos da terra; e acender-se-á e não se Á.."
        },
        {
          "referencia": "Jeremias 17.27",
          "texto": "consumirá os palácios de Jerusalém e não se Á.."
        },
        {
          "referencia": "Ezequiel 20.47",
          "texto": "etoda árvore seca; não se Á. a chama"
        },
        {
          "referencia": "Ezequiel 2048",
          "texto": "toda carne que eu, o Senhor, o acendi; não se A.."
        },
        {
          "referencia": "Mateus 3.12",
          "texto": "e queimará a palha com fogo que nunca se Á.."
        },
        {
          "referencia": "Mateus 12.20",
          "texto": "a cana quebrada e não A. o morrão que"
        }
      ]
    },
    {
      "palavra": "apagaram-se",
      "veja tambem": [
        "apagar"
      ],
      "ocorrencias": 1,
      "fonte": "StrongsH3518ָּבָה/kabah)",
      "concordancias": [
        {
          "referencia": "S1118.12",
          "texto": "como abelhas, mas A. como fogo de"
        }
      ]
    },
    {
      "palavra": "apagarás",
      "veja tambem": [
        "apagar"
      ],
      "ocorrencias": 1,
      "fonte": "StrongsH3518ָּבָה/kabah)",
      "concordancias": [
        {
          "referencia": "Deuteronômio 25.19",
          "texto": "por herança, para possuí-la, então, A.a"
        }
      ]
    },
    {
      "palavra": "apagareis",
      "veja tambem": [
        "apagar"
      ],
      "ocorrencias": 1,
      "fonte": "StrongsH3518ָּבָה/kabah)",
      "concordancias": [
        {
          "referencia": "Deuteronômio 12.3",
          "texto": "esculpidas dos seus deuses, e A. o seu nome"
        }
      ]
    },
    {
      "palavra": "apagasse",
      "veja tambem": [
        "apagar"
      ],
      "ocorrencias": 1,
      "fonte": "StrongsH3518ָּבָה/kabah)",
      "concordancias": [
        {
          "referencia": "1 Samuel 3.3",
          "texto": "que a lâmpada de Deus se A. no templo do"
        }
      ]
    },
    {
      "palavra": "apagaste",
      "veja tambem": [
        "apagar"
      ],
      "ocorrencias": 2,
      "fonte": "StrongsH3518ָּבָה/kabah)",
      "concordancias": [
        {
          "referencia": "S19.5",
          "texto": "destruíste os ímpios, Á. o seu nome para"
        },
        {
          "referencia": "Isaías 26.14",
          "texto": "os visitaste, e destruíste, e Á. toda a sua memória."
        }
      ]
    },
    {
      "palavra": "apagou",
      "veja tambem": [
        "apagar"
      ],
      "ocorrencias": 1,
      "fonte": "StrongsH3518ָּבָה/kabah)",
      "concordancias": [
        {
          "referencia": "Números 11.2",
          "texto": "a Moisés, e Moisés orou ao Senhor, e o fogo se A.."
        }
      ]
    },
    {
      "palavra": "apague",
      "veja tambem": [
        "apagar"
      ],
      "ocorrencias": 6,
      "fonte": "StrongsH3518ָּבָה/kabah)",
      "concordancias": [
        {
          "referencia": "Deuteronômio 9.14",
          "texto": "Deixa-me que os destrua e A. o seu nome de"
        },
        {
          "referencia": "Deuteronômio 25.6",
          "texto": "defunto, para que o seu nome se não Á. em Israel."
        },
        {
          "referencia": "Isaías 1.31",
          "texto": "ambos arderão juntamente, e não haverá quem os Á.."
        },
        {
          "referencia": "Jeremias 4.4",
          "texto": "de modo que não haja quem a A., por causa da"
        },
        {
          "referencia": "Jeremias 21.12",
          "texto": "se acenda, sem que haja quem o Á., por causa da"
        },
        {
          "referencia": "Amós 5.6",
          "texto": "fogo, e a consuma, e não haja em Betel quem o A.."
        }
      ]
    },
    {
      "palavra": "apagues",
      "veja tambem": [
        "apagar"
      ],
      "ocorrencias": 2,
      "fonte": "StrongsH3518ָּבָה/kabah)",
      "concordancias": [
        {
          "referencia": "2 Samuel 21.17",
          "texto": "conosco à peleja, para que não A, a lâmpada"
        },
        {
          "referencia": "Jeremias 18.23",
          "texto": "não perdoes a sua maldade, nem Á. o seu pecado"
        }
      ]
    },
    {
      "palavra": "apaim",
      "veja tambem": [
        "nome",
        "filho"
      ],
      "ocorrencias": 2,
      "fonte": "StrongsH6447ּס/pac)",
      "concordancias": [
        {
          "referencia": "1 Crônicas 2.30",
          "texto": "filhos de Nadabe Selede e A.; e Selede morreu sem"
        },
        {
          "referencia": "1 Crônicas 2.31",
          "texto": "E o filho de A. foi Isi; e o filho de Isi: Sesã."
        }
      ]
    },
    {
      "palavra": "apalpadelas",
      "veja tambem": [],
      "ocorrencias": 2,
      "fonte": "",
      "concordancias": [
        {
          "referencia": "Jó 5.14",
          "texto": "e, ao meio-dia, andam como de noite, às Á.."
        },
        {
          "referencia": "Jó 12.25",
          "texto": "Nas trevas andam às A., sem terem luz, e os"
        }
      ]
    },
    {
      "palavra": "apalpado",
      "veja tambem": [
        "apalpar"
      ],
      "ocorrencias": 1,
      "fonte": "",
      "concordancias": [
        {
          "referencia": "Gênesis 31.37",
          "texto": "Havendo Á. todos os meus móveis, que achaste de"
        }
      ]
    },
    {
      "palavra": "apalpados",
      "veja tambem": [
        "apalpar"
      ],
      "ocorrencias": 1,
      "fonte": "",
      "concordancias": [
        {
          "referencia": "Ezequiel 23.3",
          "texto": "os seus peitos, e ali foram À. os seios da"
        }
      ]
    },
    {
      "palavra": "apalpam",
      "veja tambem": [
        "apalpar"
      ],
      "ocorrencias": 0,
      "fonte": "",
      "concordancias": []
    },
    {
      "palavra": "apalpamos",
      "veja tambem": [
        "apalpar"
      ],
      "ocorrencias": 1,
      "fonte": "",
      "concordancias": [
        {
          "referencia": "Isaías 59.10",
          "texto": "Á. as paredes como cegos; sim, como os que não"
        }
      ]
    },
    {
      "palavra": "apalpando",
      "veja tambem": [
        "apalpar"
      ],
      "ocorrencias": 1,
      "fonte": "",
      "concordancias": [
        {
          "referencia": "Isaías 59.10",
          "texto": "os que não têm olhos, andamos A.; tropeçamos"
        }
      ]
    },
    {
      "palavra": "apalpará",
      "veja tambem": [
        "apalpar"
      ],
      "ocorrencias": 1,
      "fonte": "",
      "concordancias": [
        {
          "referencia": "Gênesis 27.12",
          "texto": "Porventura, me Á. o meu pai, e serei, a seus"
        }
      ]
    },
    {
      "palavra": "apalparam",
      "veja tambem": [
        "apal-"
      ],
      "ocorrencias": 1,
      "fonte": "",
      "concordancias": [
        {
          "referencia": "Ezequiel 23.8",
          "texto": "na sua mocidade, e eles A. os seios da"
        }
      ]
    },
    {
      "palavra": "apalparás",
      "veja tambem": [
        "apalpar"
      ],
      "ocorrencias": 1,
      "fonte": "",
      "concordancias": [
        {
          "referencia": "Deuteronômio 28.29",
          "texto": "E À, ao meio-dia, como o cego apalpa na"
        }
      ]
    },
    {
      "palavra": "apalpavam",
      "veja tambem": [
        "apalpar"
      ],
      "ocorrencias": 1,
      "fonte": "",
      "concordancias": [
        {
          "referencia": "Ezequiel 23.21",
          "texto": "mocidade, quando os do Egito A. os teus seios,"
        }
      ]
    },
    {
      "palavra": "apalpe",
      "veja tambem": [],
      "ocorrencias": 2,
      "fonte": "",
      "concordancias": [
        {
          "referencia": "Gênesis 27.21",
          "texto": "Chega-te agora, para que te Á., meu filho, se és"
        },
        {
          "referencia": "Juízes 16.26",
          "texto": "pela mão: Guia-me para que Á. as colunas em que"
        }
      ]
    },
    {
      "palavra": "apalpem",
      "veja tambem": [
        "apalpar"
      ],
      "ocorrencias": 1,
      "fonte": "",
      "concordancias": [
        {
          "referencia": "Êxodo 10.21",
          "texto": "trevas sobre a terra do Egito, trevas que se Á.."
        }
      ]
    },
    {
      "palavra": "apalpou",
      "veja tambem": [
        "apal-"
      ],
      "ocorrencias": 2,
      "fonte": "",
      "concordancias": [
        {
          "referencia": "Gênesis 27.22",
          "texto": "Jacó a Isaque, seu pai, que o À. e disse: A voz"
        },
        {
          "referencia": "Gênesis 31.34",
          "texto": "e assentara-se sobre eles; e A. Labão toda a"
        }
      ]
    },
    {
      "palavra": "apanha",
      "veja tambem": [
        "apanhar"
      ],
      "ocorrencias": 8,
      "fonte": "",
      "concordancias": [
        {
          "referencia": "Gênesis 27.3",
          "texto": "e o teu arco, e sai ao campo, e A, para mim"
        },
        {
          "referencia": "Jó 5.13",
          "texto": "Ele À, os sábios na sua própria astúcia; e o"
        },
        {
          "referencia": "Provérbios 30.28",
          "texto": "a aranha, que se A. com as mãos e está nos paços"
        },
        {
          "referencia": "Isaías 33.4",
          "texto": "o vosso despojo como se À. o ulgão; como os"
        },
        {
          "referencia": "Mateus 13.47",
          "texto": "rede cade ao mar e que À. toda qualidade de pei-"
        },
        {
          "referencia": "Marcos 9.18",
          "texto": "e este, onde quer que o A., despedaça-o, e ele"
        },
        {
          "referencia": "1 Coríntios 3.19",
          "texto": "Deus; pois está escrito: Ele Á, os sábios na sua"
        },
        {
          "referencia": "2 Coríntios 11.20",
          "texto": "vos devora, se alguém vos A. se alguém se"
        }
      ]
    },
    {
      "palavra": "apanhá-lo",
      "veja tambem": [
        "apanhar"
      ],
      "ocorrencias": 1,
      "fonte": "",
      "concordancias": [
        {
          "referencia": "Lucas 20.26",
          "texto": "E não puderam Á. em palavra alguma diante do"
        }
      ]
    },
    {
      "palavra": "apanha-os",
      "veja tambem": [
        "apanhar"
      ],
      "ocorrencias": 1,
      "fonte": "",
      "concordancias": [
        {
          "referencia": "Habacuque 1.15",
          "texto": "levanta com o anzol, e À, com a sua rede,"
        }
      ]
    },
    {
      "palavra": "apanhada",
      "veja tambem": [
        "apanhar"
      ],
      "ocorrencias": 5,
      "fonte": "",
      "concordancias": [
        {
          "referencia": "Números 5.13",
          "texto": "ela não houver testemunha, e no feito não for A.,"
        },
        {
          "referencia": "Jeremias 50.24",
          "texto": "foste achada e também A., porque"
        },
        {
          "referencia": "Jeremias 51.41",
          "texto": "Como foi tomada Sesaque, e À. de surpresa a"
        },
        {
          "referencia": "Jó 8.3",
          "texto": "trouxeram-lhe uma mulher A. em adultério."
        },
        {
          "referencia": "Jó 84",
          "texto": "Mestre, esta mulher foi A., no próprio"
        }
      ]
    },
    {
      "palavra": "apanhado",
      "veja tambem": [
        "apanhar"
      ],
      "ocorrencias": 7,
      "fonte": "",
      "concordancias": [
        {
          "referencia": "Rute 2.18",
          "texto": "e viu sua sogra o que tinha A.; também tirou e"
        },
        {
          "referencia": "Isaías 13.15",
          "texto": "traspassado e, todo o que for Á., cairá à espada."
        },
        {
          "referencia": "Ezequiel 12.13",
          "texto": "rede sobre ele, e será A. no meu laço; e o"
        },
        {
          "referencia": "Ezequiel 19.4",
          "texto": "falar dele as nações, foi A. na sua cova, e"
        },
        {
          "referencia": "Ezequiel 19.8",
          "texto": "sobre ele a rede, e foi 4, na sua cova."
        },
        {
          "referencia": "Amós 34",
          "texto": "o leãozinho no covil a sua voz, se nada tiver A.?"
        },
        {
          "referencia": "Amós 3.5",
          "texto": "o laço da terra, sem que tenha À, alguma coisa?"
        }
      ]
    },
    {
      "palavra": "apanhados",
      "veja tambem": [
        "apanhado"
      ],
      "ocorrencias": 5,
      "fonte": "",
      "concordancias": [
        {
          "referencia": "Deuteronômio 22.28",
          "texto": "e pegar nela, e se deitar com ela, e forem A.,"
        },
        {
          "referencia": "SI 10.2",
          "texto": "furiosamente o pobre; sejam A. nas ciladas"
        },
        {
          "referencia": "Provérbios 11.6",
          "texto": "mas, na sua perversidade, serão A. os iníquos."
        },
        {
          "referencia": "Ezequiel 21.23",
          "texto": "ele se lembrará da maldade, para que sejam Á.."
        },
        {
          "referencia": "Ezequiel 21.24",
          "texto": "visto que viestes em memória, sereis A. na mão."
        }
      ]
    },
    {
      "palavra": "apanhaí-me",
      "veja tambem": [
        "apa-"
      ],
      "ocorrencias": 1,
      "fonte": "",
      "concordancias": [
        {
          "referencia": "Cânticos 2.15",
          "texto": "A. as raposas, as raposinhas, que fazem mal"
        }
      ]
    },
    {
      "palavra": "apanhai-os",
      "veja tambem": [
        "apa-"
      ],
      "ocorrencias": 1,
      "fonte": "",
      "concordancias": [
        {
          "referencia": "2 Reis 10.14",
          "texto": "Então, disse ele: A. vivos. E eles os"
        }
      ]
    },
    {
      "palavra": "apanham",
      "veja tambem": [
        "apanhar"
      ],
      "ocorrencias": 3,
      "fonte": "",
      "concordancias": [
        {
          "referencia": "Jeremias 2.26",
          "texto": "o ladrão quando o A., assim se"
        },
        {
          "referencia": "Jeremias 7.18",
          "texto": "Os filhos A. a lenha, e os pais acendem o fogo,"
        },
        {
          "referencia": "Mateus 13.48",
          "texto": "para a praia e, assentando-se, A. para os cestos"
        }
      ]
    },
    {
      "palavra": "apanhamos",
      "veja tambem": [
        "apa-"
      ],
      "ocorrencias": 1,
      "fonte": "",
      "concordancias": [
        {
          "referencia": "Lucas 5.5",
          "texto": "trabalhado toda a noite, nada A.; mas,"
        }
      ]
    },
    {
      "palavra": "apanhando",
      "veja tambem": [
        "apanhar"
      ],
      "ocorrencias": 4,
      "fonte": "",
      "concordancias": [
        {
          "referencia": "Números 15.32",
          "texto": "no deserto, acharam um homem A. lenha no dia"
        },
        {
          "referencia": "Números 15.33",
          "texto": "E os que o acharam Á. lenha o trouxeram a"
        },
        {
          "referencia": "Rute 2.17",
          "texto": "E esteve ela À. naquele campo até à tarde e"
        },
        {
          "referencia": "1 Reis 17.10",
          "texto": "estava ali uma mulher viúva 4. lenha; e ele"
        }
      ]
    },
    {
      "palavra": "apanhar",
      "veja tambem": [],
      "ocorrencias": 6,
      "fonte": "",
      "concordancias": [
        {
          "referencia": "Gênesis 27.5",
          "texto": "e foi-se Esaú ao campo, para A. caça que havia"
        },
        {
          "referencia": "1 Reis 20.33",
          "texto": "e apressaram-se em A. a sua palavra, e"
        },
        {
          "referencia": "2 Reis 4.39",
          "texto": "Então, um saiu ao campo a À. ervas, e achou uma"
        },
        {
          "referencia": "Ezequiel 14.5",
          "texto": "para que possa À. a casa de Israel no seu"
        },
        {
          "referencia": "Ezequiel 19.3",
          "texto": "ser leãozinho e aprendeu a Á, a presa; e"
        },
        {
          "referencia": "Ezequiel 19.6",
          "texto": "um leãozinho, e aprendeu a À. a presa, e"
        }
      ]
    },
    {
      "palavra": "apanhará",
      "veja tambem": [
        "apanhar"
      ],
      "ocorrencias": 1,
      "fonte": "",
      "concordancias": [
        {
          "referencia": "Jó 18.9",
          "texto": "O laço o Á, pelo calcanhar, e prevalecerá"
        }
      ]
    }
  ]
}