{
  "a": [
    {
      "palavra": "apanharam",
      "veja tambem": [
        "apanhar"
      ],
      "ocorrencias": 3,
      "fonte": "StrongsH3920לָכַד/lakad)",
      "concordancias": [
        {
          "referencia": "Juízes 20.45",
          "texto": "o deserto, à penha de Rimom; À. ainda deles"
        },
        {
          "referencia": "2 Reis 10.14",
          "texto": "Apanhai-os vivos. E eles os À. vivos e os"
        },
        {
          "referencia": "Jó 21.3",
          "texto": "logo para o barco, e naquela noite nada A.."
        }
      ]
    },
    {
      "palavra": "apanharei",
      "veja tambem": [
        "apanhar"
      ],
      "ocorrencias": 2,
      "fonte": "StrongsH3920לָכַד/lakad)",
      "concordancias": [
        {
          "referencia": "Rute 2.2",
          "texto": "Noemi: Deixa-me ir ao campo, e À. espigas"
        },
        {
          "referencia": "Jeremias 8.13",
          "texto": "Certamente os A., diz o Senhor; já não ná uvas"
        }
      ]
    },
    {
      "palavra": "apanharem",
      "veja tambem": [
        "apanhar"
      ],
      "ocorrencias": 2,
      "fonte": "StrongsH3920לָכַד/lakad)",
      "concordancias": [
        {
          "referencia": "Lucas 11.54",
          "texto": "ciladas, a fim de À, da sua boca"
        },
        {
          "referencia": "Lucas 20.20",
          "texto": "se fingiam de justos, para o Á. em alguma"
        }
      ]
    },
    {
      "palavra": "apanhassem",
      "veja tambem": [
        "apanhar"
      ],
      "ocorrencias": 1,
      "fonte": "StrongsH3920לָכַד/lakad)",
      "concordancias": [
        {
          "referencia": "Marcos 12.13",
          "texto": "dos herodianos, para que o A. em alguma palavra."
        }
      ]
    },
    {
      "palavra": "apanhastes",
      "veja tambem": [
        "apanhar"
      ],
      "ocorrencias": 1,
      "fonte": "StrongsH3920לָכַד/lakad)",
      "concordancias": [
        {
          "referencia": "Jó 21.10",
          "texto": "Jesus: Trazei dos peixes que agora A.."
        }
      ]
    },
    {
      "palavra": "apanhava",
      "veja tambem": [
        "apanhar"
      ],
      "ocorrencias": 1,
      "fonte": "StrongsH3920לָכַד/lakad)",
      "concordancias": [
        {
          "referencia": "Rute 2.3",
          "texto": "Foi, pois, e chegou, e A. espigas no campo após"
        }
      ]
    },
    {
      "palavra": "apanhavam",
      "veja tambem": [
        "apanhar"
      ],
      "ocorrencias": 2,
      "fonte": "StrongsH3920לָכַד/lakad)",
      "concordancias": [
        {
          "referencia": "Juízes 1.7",
          "texto": "das mãos e dos pés cortados, A. as migalhas"
        },
        {
          "referencia": "Jó 30.4",
          "texto": "A, malvas junto aos arbustos, e o seu"
        }
      ]
    },
    {
      "palavra": "apanhe",
      "veja tambem": [
        "apa-"
      ],
      "ocorrencias": 2,
      "fonte": "StrongsH3920לָכַד/lakad)",
      "concordancias": [
        {
          "referencia": "Gênesis 19.19",
          "texto": "pois que tenho medo que me Á, este mal, e"
        },
        {
          "referencia": "1 Reis 18.44",
          "texto": "o teu carro e desce, para que a chuva te não A.."
        }
      ]
    },
    {
      "palavra": "apanhem",
      "veja tambem": [
        "apanhar"
      ],
      "ocorrencias": 1,
      "fonte": "StrongsH3920לָכַד/lakad)",
      "concordancias": [
        {
          "referencia": "Jó 12.35",
          "texto": "luz, para que as trevas vos não A., pois quem"
        }
      ]
    },
    {
      "palavra": "apanhou",
      "veja tambem": [
        "apanhar"
      ],
      "ocorrencias": 5,
      "fonte": "StrongsH3920לָכַד/lakad)",
      "concordancias": [
        {
          "referencia": "Gênesis 27.33",
          "texto": "Quem, pois, é aquele que A. a caça e ma"
        },
        {
          "referencia": "Números 19.10",
          "texto": "E o que Á. a cinza da bezerra lavará as suas"
        },
        {
          "referencia": "Rute 2.17",
          "texto": "à tarde e debulhou o que A., e foi quase um"
        },
        {
          "referencia": "1 Samuel 20.38",
          "texto": "demores. E o moço de Jônatas A. as flechas e"
        },
        {
          "referencia": "2 Samuel 1.11",
          "texto": "Então, A. Davi as suas vestes e as rasgou, como"
        }
      ]
    },
    {
      "palavra": "aparato",
      "veja tambem": [
        "equipamento",
        "instrumento"
      ],
      "ocorrencias": 0,
      "fonte": "StrongsH3627ְּלִי/keliy)",
      "concordancias": []
    },
    {
      "palavra": "apareça",
      "veja tambem": [
        "aparecer"
      ],
      "ocorrencias": 7,
      "fonte": "StrongsH7200ה/raah)",
      "concordancias": [
        {
          "referencia": "Gênesis 1.9",
          "texto": "dos céus num lugar; e A. a porção seca. E"
        },
        {
          "referencia": "Êxodo 23.15",
          "texto": "nele saíste do Egito; ninguém A, vazio perante mim;"
        },
        {
          "referencia": "Êxodo 34.3",
          "texto": "contigo e também ninguém A. em todo o monte;"
        },
        {
          "referencia": "1 Samuel 1.22",
          "texto": "então, o levarei, para que Á. perante o"
        },
        {
          "referencia": "S190.16",
          "texto": "Á. a tua obra aos teus servos, e a tua glória,"
        },
        {
          "referencia": "2 Pedro 1.19",
          "texto": "esclareça, e a estrela da alva Á. em vosso coração,"
        },
        {
          "referencia": "Apocalipse 3.18",
          "texto": "para que te vistas, e não A. a vergonha da"
        }
      ]
    },
    {
      "palavra": "aparece",
      "veja tambem": [
        "aparecer"
      ],
      "ocorrencias": 9,
      "fonte": "StrongsH7200ה/raah)",
      "concordancias": [
        {
          "referencia": "Gênesis 37.30",
          "texto": "irmãos, e disse: O moço não À.; e, eu, aonde irei?"
        },
        {
          "referencia": "Levítico 13.21",
          "texto": "vendo-a, e eis que nela não A. pelo branco, nem"
        },
        {
          "referencia": "S184.7",
          "texto": "em força; cada um deles em Sião A. perante Deus."
        },
        {
          "referencia": "Cânticos 6.10",
          "texto": "Quem é esta que A. como a alva do dia, formosa"
        },
        {
          "referencia": "Isaías 59.11",
          "texto": "esperamos o juízo, e ele não A. pela salvação,"
        },
        {
          "referencia": "Jeremias 14.19",
          "texto": "nós? Aguardamos a paz, e não À. o bem; e o"
        },
        {
          "referencia": "Ezequiel 1.28",
          "texto": "Como o aspecto do arco que A. na nuvem no dia da"
        },
        {
          "referencia": "Hebreus 10.11",
          "texto": "E assim todo sacerdote À. cada dia, ministrando"
        },
        {
          "referencia": "Tiago 4.14",
          "texto": "a vossa vida? É um vapor que Á. por um pouco e"
        }
      ]
    },
    {
      "palavra": "apareceil",
      "veja tambem": [
        "aparecer"
      ],
      "ocorrencias": 1,
      "fonte": "",
      "concordancias": [
        {
          "referencia": "Isaías 49.9",
          "texto": "e aos que estão em trevas: Á.. Eles pastarão"
        }
      ]
    },
    {
      "palavra": "aparecem",
      "veja tambem": [
        "aparecer"
      ],
      "ocorrencias": 4,
      "fonte": "",
      "concordancias": [
        {
          "referencia": "Levítico 13.39",
          "texto": "que, se na pele da sua carne A. empolas"
        },
        {
          "referencia": "Jó 33.21",
          "texto": "e os seus ossos, que se não viam, agora À;"
        },
        {
          "referencia": "Cânticos 2.12",
          "texto": "A. as flores na terra, o tempo de cantar chega,"
        },
        {
          "referencia": "Lucas 11.44",
          "texto": "como as sepulturas que não A., e os homens"
        }
      ]
    },
    {
      "palavra": "aparecendo",
      "veja tambem": [
        "aparecer"
      ],
      "ocorrencias": 3,
      "fonte": "",
      "concordancias": [
        {
          "referencia": "Ezequiel 21.24",
          "texto": "as vossas prevaricações, À. os vossos"
        },
        {
          "referencia": "Jonas 4.8",
          "texto": "E aconteceu que, À, o sol, Deus mandou um"
        },
        {
          "referencia": "Atos 27.20",
          "texto": "E, não A., havia já muitos dias, nem sol nem"
        }
      ]
    },
    {
      "palavra": "aparecer",
      "veja tambem": [],
      "ocorrencias": 10,
      "fonte": "",
      "concordancias": [
        {
          "referencia": "Êxodo 34.24",
          "texto": "terra, quando subires para A. três vezes no"
        },
        {
          "referencia": "Levítico 13.14",
          "texto": "Mas, no dia em que Á, nela carne viva, será imundo."
        },
        {
          "referencia": "Levítico 13.26",
          "texto": "e eis que, na empola não 4. pelo branco,"
        },
        {
          "referencia": "Levítico 1349",
          "texto": "ou em qualquer coisa de peles À. verde ou"
        },
        {
          "referencia": "Levítico 13.57",
          "texto": "E, se ainda A na veste, ou no fio urdido, ou"
        },
        {
          "referencia": "1 Samuel 3.21",
          "texto": "E continuou o Senhor a Á, em Siló, porquanto o"
        },
        {
          "referencia": "1 Reis 9.2",
          "texto": "o Senhor tornou a 4, a Salomão, como lhe tinha"
        },
        {
          "referencia": "M13.2",
          "texto": "quem subsistirá, quando ele 4.? Porque ele"
        },
        {
          "referencia": "Atos 2.19",
          "texto": "e farei À. prodígios em cima no céu e sinais em"
        },
        {
          "referencia": "1 Pedro 5.4",
          "texto": "E, quando A. o Sumo Pastor, alcançareis a"
        }
      ]
    },
    {
      "palavra": "aparecera",
      "veja tambem": [
        "aparecer"
      ],
      "ocorrencias": 4,
      "fonte": "",
      "concordancias": [
        {
          "referencia": "Gênesis 12.7",
          "texto": "E edificou ali um altar ao Senhor,"
        },
        {
          "referencia": "1 Reis 11.9",
          "texto": "Deus de Israel, o qual duas vezes"
        },
        {
          "referencia": "Mateus 2.7",
          "texto": "deles acerca do tempo em que a estrela lhes A.."
        },
        {
          "referencia": "Atos 7.35",
          "texto": "pela mão do anjo que lhe À. no sarçal,"
        }
      ]
    },
    {
      "palavra": "aparecerá",
      "veja tambem": [],
      "ocorrencias": 13,
      "fonte": "",
      "concordancias": [
        {
          "referencia": "Gênesis 9.14",
          "texto": "nuvens sobre a terra, Á. o arco nas nuvens."
        },
        {
          "referencia": "Êxodo 34.20",
          "texto": "teus filhos resgatarás. E ninguém A. vazio"
        },
        {
          "referencia": "Êxodo 34.23",
          "texto": "no ano, todo macho entre ti A. perante o"
        },
        {
          "referencia": "Levítico 9.4",
          "texto": "com azeite; porquanto hoje o Senhor vos A.."
        },
        {
          "referencia": "Levítico 9.6",
          "texto": "ordenou fareis; e a glória do Senhor vos A.."
        },
        {
          "referencia": "Deuteronômio 16.4",
          "texto": "Fermento não À. contigo por sete dias em todos"
        },
        {
          "referencia": "Deuteronômio 16.16",
          "texto": "no ano, todo varão entre ti À. perante o"
        },
        {
          "referencia": "Deuteronômio 16.16",
          "texto": "Festa dos Tabernáculos; porém não À. vazio"
        },
        {
          "referencia": "Jeremias 13.26",
          "texto": "fraldas até ao teu rosto; e A. a tua ignomínia."
        },
        {
          "referencia": "Amós 8.10",
          "texto": "cânticos em lamentações, e Á. pano de saco"
        },
        {
          "referencia": "Mateus 24.30",
          "texto": "Então, À. no céu o sinal do Filho do Homem; e"
        },
        {
          "referencia": "Hebreus 9.28",
          "texto": "tirar os pecados de muitos, 4. segunda vez,"
        },
        {
          "referencia": "1 Pedro 4.18",
          "texto": "justo apenas se salva, onde À, o impio e o pecador?"
        }
      ]
    },
    {
      "palavra": "apareceram",
      "veja tambem": [
        "aparecer"
      ],
      "ocorrencias": 7,
      "fonte": "",
      "concordancias": [
        {
          "referencia": "Gênesis 8.5",
          "texto": "mês, no primeiro dia do mês, A. os cumes dos montes."
        },
        {
          "referencia": "2 Samuel 22.16",
          "texto": "E À, as profundezas do mar, os fundamentos do"
        },
        {
          "referencia": "Daniel 5.5",
          "texto": "Na mesma hora. A. uns dedos de mão de homem e"
        },
        {
          "referencia": "Daniel 7.7",
          "texto": "diferente de todos os animais que A. antes"
        },
        {
          "referencia": "Mateus 17.3",
          "texto": "E eis que lhes A. Moisés e Elias, falando com ele."
        },
        {
          "referencia": "Mateus 27.53",
          "texto": "dele, entraram na Cidade Santa e À. a muitos."
        },
        {
          "referencia": "Lucas 9.31",
          "texto": "os quais A. com glória e falavam da sua"
        }
      ]
    },
    {
      "palavra": "apareceram-lhes",
      "veja tambem": [
        "aparecer"
      ],
      "ocorrencias": 1,
      "fonte": "",
      "concordancias": [
        {
          "referencia": "Marcos 94",
          "texto": "E À, Elias e Moisés e falavam com Jesus."
        }
      ]
    },
    {
      "palavra": "aparecerei",
      "veja tambem": [
        "aparecer"
      ],
      "ocorrencias": 1,
      "fonte": "",
      "concordancias": [
        {
          "referencia": "Atos 26.16",
          "texto": "visto como daquelas pelas quais te A. ainda,"
        }
      ]
    },
    {
      "palavra": "aparecerem",
      "veja tambem": [
        "apa-"
      ],
      "ocorrencias": 1,
      "fonte": "",
      "concordancias": [
        {
          "referencia": "Provérbios 27.25",
          "texto": "Quando se mostrar a erva, e À. os renovos,"
        }
      ]
    },
    {
      "palavra": "apareces",
      "veja tambem": [
        "aparecer"
      ],
      "ocorrencias": 1,
      "fonte": "",
      "concordancias": [
        {
          "referencia": "Números 14.14",
          "texto": "que face a face, ó Senhor, lhes A., que tua"
        }
      ]
    }
  ]
}