{
  "a": [
    {
      "palavra": "apareceu",
      "veja tambem": [
        "aparecer"
      ],
      "ocorrencias": 43,
      "fonte": "StrongsH7200ה/raah)",
      "concordancias": [
        {
          "referencia": "Gênesis 12.7",
          "texto": "E À. o Senhor a Abrão e disse: À tua semente"
        },
        {
          "referencia": "Gênesis 17.1",
          "texto": "idade de noventa e nove anos, Á. o Senhor a"
        },
        {
          "referencia": "Gênesis 35.1",
          "texto": "ali um altar ao Deus que te À. quando"
        },
        {
          "referencia": "Gênesis 35.9",
          "texto": "E À, Deus outra vez a Jacó, vindo de Padã-Arã,"
        },
        {
          "referencia": "Gênesis 48.3",
          "texto": "O Deus Todo-Poderoso me A. em Luz, na terra"
        },
        {
          "referencia": "x 3.16",
          "texto": "Abraão, de Isaque e de Jacó, me A., dizendo:"
        },
        {
          "referencia": "Êxodo 4.1",
          "texto": "a minha voz, porque dirão: O Senhor não te A.."
        },
        {
          "referencia": "Êxodo 4.5",
          "texto": "para que creiam que te Á. o Senhor, o Deus de"
        },
        {
          "referencia": "Êxodo 16.10",
          "texto": "deserto, eis que a glória do Senhor A. na nuvem."
        },
        {
          "referencia": "Levítico 9.23",
          "texto": "o povo; e a glória do Senhor A. a todo o povo."
        },
        {
          "referencia": "Levítico 24.10",
          "texto": "E A, um filho de uma mulher israelita, o qual"
        },
        {
          "referencia": "Números 14.10",
          "texto": "porém a glória do Senhor A. na tenda da"
        },
        {
          "referencia": "Números 16.19",
          "texto": "então, a glória do Senhor A. a toda a congregação."
        },
        {
          "referencia": "Números 16.42",
          "texto": "que a nuvem a cobriu, e a glória do Senhor A.."
        },
        {
          "referencia": "Números 20.6",
          "texto": "sobre o seu rosto; e a glória do Senhor lhes Å.."
        },
        {
          "referencia": "Deuteronômio 31.15",
          "texto": "Então, o Senhor Á. na tenda, na coluna de"
        },
        {
          "referencia": "Juízes 6.12",
          "texto": "Então, o Anjo do Senhor lhe A. e lhe disse: O"
        },
        {
          "referencia": "Juízes 13.10",
          "texto": "aquele homem que veio a mim no outro dia me A.."
        },
        {
          "referencia": "Juízes 13.21",
          "texto": "E nunca mais Á, o Anjo do Senhor a Manoá, nem à"
        },
        {
          "referencia": "1 Samuel 20.25",
          "texto": "ao lado de Saul; e o lugar de Davi À, vazio."
        },
        {
          "referencia": "1 Samuel 20.27",
          "texto": "nova, que o lugar de Davi A. vazio; disse,"
        },
        {
          "referencia": "1 Reis 3.5",
          "texto": "E em Gibeão Á. o Senhor a Salomão de noite em"
        },
        {
          "referencia": "2 Crônicas 1.7",
          "texto": "Naquela mesma noite, Deus A. a Salomão e"
        },
        {
          "referencia": "2 Crônicas 7.12",
          "texto": "E o Senhor À, de noite a Salomão e disse-lhe:"
        },
        {
          "referencia": "Isaías 50.2",
          "texto": "que razão vim eu, e ninguém A.? Chamei, e"
        },
        {
          "referencia": "Jeremias 31.3",
          "texto": "Há muito que o Senhor me A., dizendo: Com amor"
        },
        {
          "referencia": "Ezequiel 10.1",
          "texto": "cima da cabeça dos querubins, A. sobre eles"
        },
        {
          "referencia": "Daniel 8.1",
          "texto": "Daniel, depois daquela que me À, no princípio."
        },
        {
          "referencia": "Mateus 1.20",
          "texto": "isso, eis que, em sonho, lhe A. um anjo do"
        },
        {
          "referencia": "Mateus 2.13",
          "texto": "eis que o anjo do Senhor À. a José em"
        },
        {
          "referencia": "Mateus 2.19",
          "texto": "eis que o anjo do Senhor A., num sonho, a"
        },
        {
          "referencia": "Mateus 3.1",
          "texto": "E, naqueles dias, À. João Batista pregando no"
        },
        {
          "referencia": "Mateus 11.11",
          "texto": "de mulher têm nascido, não pi alguém maior do"
        },
        {
          "referencia": "Mateus 13.26",
          "texto": "a erva cresceu e frutificou, Á. também o joio."
        },
        {
          "referencia": "Marcos 14",
          "texto": "A. João batizando no deserto e pregando o"
        },
        {
          "referencia": "Marcos 16.9",
          "texto": "do primeiro dia da semana, Å. primeiramente a"
        },
        {
          "referencia": "Marcos 16.14",
          "texto": "Finalmente A. aos onze, estando eles assentados"
        },
        {
          "referencia": "Lucas 1.11",
          "texto": "um anjo do Senhor lhe A., posto em pé, à"
        },
        {
          "referencia": "Lucas 2.13",
          "texto": "E, no mesmo instante, 4. com o anjo uma"
        },
        {
          "referencia": "Atos 7.2",
          "texto": "pais, ouvi. O Deus da glória Á. a Abraão,"
        },
        {
          "referencia": "Atos 9.17",
          "texto": "Saulo, o Senhor Jesus, que te À. no caminho"
        },
        {
          "referencia": "1 Coríntios 15.8",
          "texto": "por derradeiro de todos, me Á. também a mim,"
        },
        {
          "referencia": "Tito 3.4",
          "texto": "Mas, quando Á. a benignidade e o amor de Deus,"
        }
      ]
    },
    {
      "palavra": "apareceu-lhe",
      "veja tambem": [
        "aparecer"
      ],
      "ocorrencias": 6,
      "fonte": "StrongsH7200ה/raah)",
      "concordancias": [
        {
          "referencia": "Gênesis 18.1",
          "texto": "Depois, Á. o Senhor nos carvalhais de"
        },
        {
          "referencia": "Gênesis 26.2",
          "texto": "E À, o Senhor e disse: Não desças ao Egito."
        },
        {
          "referencia": "Gênesis 26.24",
          "texto": "e À. o Senhor naquela mesma noite e disse:"
        },
        {
          "referencia": "Êxodo 3.2",
          "texto": "E À. o Anjo do Senhor em uma chama de fogo,"
        },
        {
          "referencia": "Lucas 22.43",
          "texto": "E A. um anjo do céu, que o confortava."
        },
        {
          "referencia": "Atos 7.30",
          "texto": "completados quarenta anos, A. o anjo do"
        }
      ]
    },
    {
      "palavra": "apareceu-me",
      "veja tambem": [
        "aparecer"
      ],
      "ocorrencias": 1,
      "fonte": "StrongsH7200ה/raah)",
      "concordancias": [
        {
          "referencia": "Daniel 8.1",
          "texto": "do reinado do rei Belsazar, A. uma visão, a"
        }
      ]
    },
    {
      "palavra": "apareciam",
      "veja tambem": [
        "apa-"
      ],
      "ocorrencias": 1,
      "fonte": "StrongsH7200ה/raah)",
      "concordancias": [
        {
          "referencia": "1 Samuel 10.14",
          "texto": "as jumentas e, vendo que não A., viemos a Samuel."
        }
      ]
    },
    {
      "palavra": "aparecido",
      "veja tambem": [
        "aparecer"
      ],
      "ocorrencias": 2,
      "fonte": "StrongsH7200ה/raah)",
      "concordancias": [
        {
          "referencia": "1 Reis 9.2",
          "texto": "aparecer a Salomão, como lhe tinha 4. em Gibeão."
        },
        {
          "referencia": "Lucas 9.8",
          "texto": "e outros, que Elias tinha A., e outros, que um"
        }
      ]
    },
    {
      "palavra": "aparecimento",
      "veja tambem": [
        "aparecer"
      ],
      "ocorrencias": 1,
      "fonte": "",
      "concordancias": [
        {
          "referencia": "Tito 2.13",
          "texto": "esperança e o À. da glória do"
        }
      ]
    },
    {
      "palavra": "apareço",
      "veja tambem": [
        "aparecer"
      ],
      "ocorrencias": 1,
      "fonte": "",
      "concordancias": [
        {
          "referencia": "Levítico 16.2",
          "texto": "arca, para que não morra; porque eu À. na nuvem"
        }
      ]
    },
    {
      "palavra": "aparelha",
      "veja tambem": [],
      "ocorrencias": 1,
      "fonte": "",
      "concordancias": [
        {
          "referencia": "2 Reis 9.21",
          "texto": "Então, disse Jorão: Á. o carro. E aparelharam o"
        }
      ]
    },
    {
      "palavra": "aparelhado",
      "veja tambem": [
        "aparelhar"
      ],
      "ocorrencias": 2,
      "fonte": "",
      "concordancias": [
        {
          "referencia": "Êxodo 23.20",
          "texto": "caminho e te leve ao lugar que te tenho A.."
        },
        {
          "referencia": "S17.12",
          "texto": "sua espada; já tem armado o seu arco e está Á.;"
        }
      ]
    },
    {
      "palavra": "aparelhados",
      "veja tambem": [
        "aparelhar"
      ],
      "ocorrencias": 1,
      "fonte": "",
      "concordancias": [
        {
          "referencia": "Apocalipse 9.7",
          "texto": "semelhante ao de cavalos A. para a guerra;"
        }
      ]
    },
    {
      "palavra": "aparelhai",
      "veja tambem": [
        "aparelhar"
      ],
      "ocorrencias": 1,
      "fonte": "",
      "concordancias": [
        {
          "referencia": "Atos 23.24",
          "texto": "e À, cavalgaduras, para que, pondo nelas a"
        }
      ]
    },
    {
      "palavra": "aparelhar",
      "veja tambem": [],
      "ocorrencias": 2,
      "fonte": "",
      "concordancias": [
        {
          "referencia": "2 Samuel 15.1",
          "texto": "disso, que Absalão fez A. carros, e"
        },
        {
          "referencia": "Jó 27.16",
          "texto": "amontoar prata como pó, e À. vestes como lodo,"
        }
      ]
    },
    {
      "palavra": "aparelhará",
      "veja tambem": [
        "aparelhar"
      ],
      "ocorrencias": 1,
      "fonte": "",
      "concordancias": [
        {
          "referencia": "Jó 27.17",
          "texto": "ele as A., mas o justo as vestirá, e o"
        }
      ]
    },
    {
      "palavra": "aparelharam",
      "veja tambem": [],
      "ocorrencias": 1,
      "fonte": "",
      "concordancias": [
        {
          "referencia": "2 Reis 9.21",
          "texto": "Jorão: Aparelha o carro. E A. o seu"
        }
      ]
    },
    {
      "palavra": "aparelharás",
      "veja tambem": [
        "aparelhar"
      ],
      "ocorrencias": 1,
      "fonte": "",
      "concordancias": [
        {
          "referencia": "Números 28.8",
          "texto": "e como a sua libação, o À. em oferta"
        }
      ]
    },
    {
      "palavra": "aparelho",
      "veja tambem": [
        "aparelhar"
      ],
      "ocorrencias": 1,
      "fonte": "",
      "concordancias": [
        {
          "referencia": "2 Samuel 24.22",
          "texto": "o holocausto, e os trilhos, e o À. dos bois"
        }
      ]
    },
    {
      "palavra": "aparelhos",
      "veja tambem": [
        "apa-"
      ],
      "ocorrencias": 1,
      "fonte": "",
      "concordancias": [
        {
          "referencia": "1 Reis 19.21",
          "texto": "de bois, e os matou, e, com os Å. dos bois,"
        }
      ]
    },
    {
      "palavra": "aparelhou",
      "veja tambem": [
        "apa-"
      ],
      "ocorrencias": 0,
      "fonte": "",
      "concordancias": []
    },
    {
      "palavra": "aparentado",
      "veja tambem": [
        "apa-"
      ],
      "ocorrencias": 1,
      "fonte": "",
      "concordancias": [
        {
          "referencia": "Neemias 13.4",
          "texto": "da Casa do nosso Deus, se tinha A. com Tobias;"
        }
      ]
    },
    {
      "palavra": "aparentai-vos",
      "veja tambem": [],
      "ocorrencias": 1,
      "fonte": "",
      "concordancias": [
        {
          "referencia": "Gênesis 349",
          "texto": "Á. conosco, dai-nos as vossas filhas e"
        }
      ]
    },
    {
      "palavra": "aparentar-nos",
      "veja tambem": [],
      "ocorrencias": 1,
      "fonte": "",
      "concordancias": [
        {
          "referencia": "Esdras 9.14",
          "texto": "os teus mandamentos e a Á. com os"
        }
      ]
    },
    {
      "palavra": "aparentarás",
      "veja tambem": [
        "aparentar"
      ],
      "ocorrencias": 1,
      "fonte": "",
      "concordancias": [
        {
          "referencia": "Deuteronômio 7.3",
          "texto": "nem te Å. com elas; não darás tuas filhas a"
        }
      ]
    },
    {
      "palavra": "aparentardes",
      "veja tambem": [],
      "ocorrencias": 0,
      "fonte": "",
      "concordancias": []
    },
    {
      "palavra": "aparente",
      "veja tambem": [
        "aparentar"
      ],
      "ocorrencias": 1,
      "fonte": "",
      "concordancias": [
        {
          "referencia": "Hebreus 11.3",
          "texto": "que aquilo que se vê não foi feito do que é Á.."
        }
      ]
    },
    {
      "palavra": "aparentou",
      "veja tambem": [
        "aparentar"
      ],
      "ocorrencias": 1,
      "fonte": "",
      "concordancias": [
        {
          "referencia": "1 Reis 3.1",
          "texto": "E Salomão se Á, com Faraó, rei do Egito, e"
        }
      ]
    },
    {
      "palavra": "aparentou-se",
      "veja tambem": [],
      "ocorrencias": 1,
      "fonte": "",
      "concordancias": [
        {
          "referencia": "2 Crônicas 18.1",
          "texto": "e glória em abundância e Á. com Acabe."
        }
      ]
    },
    {
      "palavra": "aparta",
      "veja tambem": [
        "apartar"
      ],
      "ocorrencias": 6,
      "fonte": "",
      "concordancias": [
        {
          "referencia": "ISm 1.14",
          "texto": "quando estarás tu embriagada? A. de ti o teu vinho."
        },
        {
          "referencia": "Provérbios 11.22",
          "texto": "porca, assim é a mulher formosa que se A. da razão."
        },
        {
          "referencia": "Jeremias 3.20",
          "texto": "Deveras, como a mulher se À, aleivosamente do seu"
        },
        {
          "referencia": "kr 17.5",
          "texto": "e faz da carne o seu braço, e À, o seu coração do Senhor!"
        },
        {
          "referencia": "Naum 3.1",
          "texto": "de mentiras e de rapina! Não se A. dela o roubo."
        },
        {
          "referencia": "Mateus 25.32",
          "texto": "dos outros, como o pastor Á, dos bodes as ovelhas."
        }
      ]
    },
    {
      "palavra": "aparta-te",
      "veja tambem": [
        "apartar"
      ],
      "ocorrencias": 7,
      "fonte": "",
      "concordancias": [
        {
          "referencia": "Gênesis 13.9",
          "texto": "diante de ti? Eia, pois, À, de mim; se"
        },
        {
          "referencia": "Gênesis 26.16",
          "texto": "também Abimeleque a Isaque: A. de nós, porque"
        },
        {
          "referencia": "SI 34.14",
          "texto": "À, do mal e faze o bem; procura a paz e segue-a."
        },
        {
          "referencia": "S137.27",
          "texto": "A. do male faze o bem; e terás morada para sempre."
        },
        {
          "referencia": "Provérbios 3.7",
          "texto": "teus próprios olhos; teme ao Senhor e A. do mal."
        },
        {
          "referencia": "Isaías 49.20",
          "texto": "é para mim este lugar; A. de mim, para"
        },
        {
          "referencia": "1 Timóteo 6.5",
          "texto": "que a piedade seja causa de ganho. À. dos tais."
        }
      ]
    },
    {
      "palavra": "apartado",
      "veja tambem": [
        "apartar"
      ],
      "ocorrencias": 7,
      "fonte": "",
      "concordancias": [
        {
          "referencia": "Juízes 4.11",
          "texto": "E Héber, queneu, se tinha 4. dos queneus dos"
        },
        {
          "referencia": "2 Samuel 20.13",
          "texto": "E, como estava Á. do caminho, todos os homens"
        },
        {
          "referencia": "Ezequiel 23.18",
          "texto": "apartou dela, como já se tinha A. a minha alma"
        },
        {
          "referencia": "Ezequiel 23.22",
          "texto": "amantes, dos quais se tinha A. a tua alma, e"
        },
        {
          "referencia": "Ezequiel 23.28",
          "texto": "na mão daqueles de quem se tinha A. a tua alma."
        },
        {
          "referencia": "Mateus 14.13",
          "texto": "barco, para um lugar deserto, À,; e, sabendo-o"
        },
        {
          "referencia": "Atos 15.38",
          "texto": "desde a Panfília se tinha 4. deles e não os"
        }
      ]
    }
  ]
}