{
  "a": [
    {
      "palavra": "aborrecia",
      "veja tambem": [
        "aborrecer"
      ],
      "ocorrencias": 7,
      "fonte": "StrongsH8130א/sane)",
      "concordancias": [
        {
          "referencia": "Deuteronômio 9.28",
          "texto": "tinha falado e porque os Á., os tirou para"
        },
        {
          "referencia": "Deuteronômio 19.4",
          "texto": "erro, ferir o seu próximo, a quem não Å. dantes."
        },
        {
          "referencia": "Deuteronômio 19.6",
          "texto": "não é culpado de morte, pois o não À. dantes."
        },
        {
          "referencia": "Josué 20.5",
          "texto": "a seu próximo com intento e o não A. dantes."
        },
        {
          "referencia": "2 Samuel 13.15",
          "texto": "o aborrecimento com que a À, do que o amor"
        },
        {
          "referencia": "2 Samuel 13.22",
          "texto": "mal nem bem; porque Absalão A, a Amnom, por"
        },
        {
          "referencia": "S155.12",
          "texto": "suportado; nem era o que me Á, que se"
        }
      ]
    },
    {
      "palavra": "aborreciam",
      "veja tambem": [
        "aborrecer"
      ],
      "ocorrencias": 2,
      "fonte": "StrongsH8130א/sane)",
      "concordancias": [
        {
          "referencia": "Gênesis 37.5",
          "texto": "a seus irmãos; por isso, o 4. ainda mais."
        },
        {
          "referencia": "Gênesis 37.8",
          "texto": "sobre nós? Por isso, tanto mais o Å. por seus"
        }
      ]
    },
    {
      "palavra": "aborreciam-no",
      "veja tambem": [
        "aborrecer"
      ],
      "ocorrencias": 1,
      "fonte": "StrongsH8130א/sane)",
      "concordancias": [
        {
          "referencia": "Lucas 19.14",
          "texto": "Mas os seus concidadãos A. e mandaram após"
        }
      ]
    },
    {
      "palavra": "aborrecias",
      "veja tambem": [
        "abor-"
      ],
      "ocorrencias": 1,
      "fonte": "StrongsH8130א/sane)",
      "concordancias": [
        {
          "referencia": "Juízes 15.2",
          "texto": "dizia eu que de todo a A.; de sorte que"
        }
      ]
    },
    {
      "palavra": "aborrecida",
      "veja tambem": [
        "aborrecido"
      ],
      "ocorrencias": 7,
      "fonte": "StrongsH8130א/sane)",
      "concordancias": [
        {
          "referencia": "Gênesis 29.31",
          "texto": "pois, o Senhor que Leia era Å., abriu a sua"
        },
        {
          "referencia": "Gênesis 29.33",
          "texto": "o Senhor ouviu que eu era Á., me deu"
        },
        {
          "referencia": "Deuteronômio 21.15",
          "texto": "quem aborrece, e a amada e a Å. lhe derem"
        },
        {
          "referencia": "Deuteronômio 21.15",
          "texto": "derem filhos, e o filho primogênito for da A.,"
        },
        {
          "referencia": "Deuteronômio 21.16",
          "texto": "da amada, adiante do filho da A., que é o primogê-"
        },
        {
          "referencia": "Deuteronômio 21.17",
          "texto": "Mas ao filho da Á. reconhecerá por"
        },
        {
          "referencia": "Provérbios 30.23",
          "texto": "pela mulher A., quando se casa; e pela serva,"
        }
      ]
    },
    {
      "palavra": "aborrecido",
      "veja tambem": [
        "aborrecer"
      ],
      "ocorrencias": 2,
      "fonte": "StrongsH8130א/sane)",
      "concordancias": [
        {
          "referencia": "Provérbios 14.17",
          "texto": "doidices, e o homem de más imaginações será Å.."
        },
        {
          "referencia": "Provérbios 14.20",
          "texto": "O pobre é À. até do companheiro, mas os"
        }
      ]
    },
    {
      "palavra": "aborrecidos",
      "veja tambem": [
        "aborrecer"
      ],
      "ocorrencias": 1,
      "fonte": "StrongsH8130א/sane)",
      "concordancias": [
        {
          "referencia": "Marcos 13.13",
          "texto": "E sereis Å. por todos por amor do meu nome;"
        }
      ]
    },
    {
      "palavra": "aborrecimento",
      "veja tambem": [
        "aborrecer"
      ],
      "ocorrencias": 3,
      "fonte": "StrongsH8130א/sane)",
      "concordancias": [
        {
          "referencia": "2 Samuel 13.15",
          "texto": "a aborreceu com grandíssimo A., porque"
        },
        {
          "referencia": "2 Samuel 13.15",
          "texto": "porque maior era o À. com que a"
        },
        {
          "referencia": "Isaías 60.15",
          "texto": "Em vez do desprezo e do A. a que foste"
        }
      ]
    },
    {
      "palavra": "aborrecível",
      "veja tambem": [
        "aborrecido"
      ],
      "ocorrencias": 3,
      "fonte": "StrongsH8130א/sane)",
      "concordancias": [
        {
          "referencia": "1 Samuel 27.12",
          "texto": "Fez-se ele por certo À. para com o"
        },
        {
          "referencia": "2 Samuel 16.21",
          "texto": "o Israel ouvirá que te fizeste À. para com"
        },
        {
          "referencia": "Apocalipse 18.2",
          "texto": "imundo, e refúgio de toda ave imunda e À.!"
        }
      ]
    },
    {
      "palavra": "aborreço",
      "veja tambem": [
        "abor"
      ],
      "ocorrencias": 18,
      "fonte": "StrongsH8130א/sane)",
      "concordancias": [
        {
          "referencia": "IRs 22.8",
          "texto": "ao Senhor; porém eu o A., porque nunca"
        },
        {
          "referencia": "2 Crônicas 18.7",
          "texto": "o Senhor; porém euo A., porque nunca"
        },
        {
          "referencia": "S131.6",
          "texto": "4. aqueles que se entregam a vaidades"
        },
        {
          "referencia": "Salmos 101.3",
          "texto": "má diante dos meus olhos; À. as ações"
        },
        {
          "referencia": "Salmos 119.104",
          "texto": "entendimento; pelo que A. todo falso caminho."
        },
        {
          "referencia": "Salmos 119.113",
          "texto": "A, a duplicidade, mas amo a tua lei."
        },
        {
          "referencia": "Salmos 119.128",
          "texto": "todos os teus preceitos e Á. toda falsa vereda."
        },
        {
          "referencia": "Salmos 119.163",
          "texto": "Abomino e A. a falsidade, mas amo a tua lei."
        },
        {
          "referencia": "Provérbios 8.13",
          "texto": "eo mau caminho, e a boca perversa Á.."
        },
        {
          "referencia": "Isaías 61.8",
          "texto": "eu, o Senhor, amo o juízo, e Á. a iniquidade;"
        },
        {
          "referencia": "Jeremias 44.4",
          "texto": "Ora, não façais esta coisa abominável que Å.."
        },
        {
          "referencia": "Amós 5.21",
          "texto": "Á., desprezo as vossas festas, e as vossas"
        },
        {
          "referencia": "Amós 6.8",
          "texto": "pela soberba de Jacó e Á. os seus"
        },
        {
          "referencia": "Zacarias 8.17",
          "texto": "porque todas estas coisas eu Á., diz o Senhor."
        },
        {
          "referencia": "Romanos 7.15",
          "texto": "quero, isso não faço; mas o qe Á., isso faço."
        },
        {
          "referencia": "Filipenses 3.1",
          "texto": "regozijeis no Senhor. Não me À. de"
        },
        {
          "referencia": "Apocalipse 26",
          "texto": "as obras dos nicolaítas, as quais eu também A.."
        },
        {
          "referencia": "Apocalipse 2.15",
          "texto": "seguem a doutrina dos nicolaítas, o que eu Á.."
        }
      ]
    },
    {
      "palavra": "aborreço-os",
      "veja tambem": [
        "abor"
      ],
      "ocorrencias": 1,
      "fonte": "StrongsH8130א/sane)",
      "concordancias": [
        {
          "referencia": "SI 139.22",
          "texto": "A. com ódio completo; tenho-os por inimigos."
        }
      ]
    },
    {
      "palavra": "aborta",
      "veja tambem": [
        "abortar"
      ],
      "ocorrencias": 1,
      "fonte": "StrongsH8130א/sane)",
      "concordancias": [
        {
          "referencia": "Jó 21.10",
          "texto": "touro gera e não falha; pare a sua vaca e não A.."
        }
      ]
    },
    {
      "palavra": "abortaram",
      "veja tambem": [
        "abortar"
      ],
      "ocorrencias": 1,
      "fonte": "StrongsH8130א/sane)",
      "concordancias": [
        {
          "referencia": "Gênesis 31.38",
          "texto": "e as tuas cabras nunca Á., e não comi os"
        }
      ]
    },
    {
      "palavra": "apartados",
      "veja tambem": [
        "apartar"
      ],
      "ocorrencias": 2,
      "fonte": "StrongsH8130א/sane)",
      "concordancias": [
        {
          "referencia": "Gênesis 31.49",
          "texto": "mim e ti, quando nós estivermos A. um do outro."
        },
        {
          "referencia": "Neemias 4.19",
          "texto": "é a obra, e nós estamos A. do muro,"
        }
      ]
    },
    {
      "palavra": "apartai",
      "veja tambem": [
        "apartar"
      ],
      "ocorrencias": 1,
      "fonte": "StrongsH8130א/sane)",
      "concordancias": [
        {
          "referencia": "Josué 20.2",
          "texto": "filhos de Israel, dizendo: A. para vós as"
        }
      ]
    },
    {
      "palavra": "apartai-me",
      "veja tambem": [
        "apartar"
      ],
      "ocorrencias": 1,
      "fonte": "StrongsH8130א/sane)",
      "concordancias": [
        {
          "referencia": "Atos 13.2",
          "texto": "disse o Espírito Santo: A, a Barnabé e"
        }
      ]
    },
    {
      "palavra": "apartai-vos",
      "veja tambem": [
        "apartar"
      ],
      "ocorrencias": 10,
      "fonte": "StrongsH8130א/sane)",
      "concordancias": [
        {
          "referencia": "Números 16.21",
          "texto": "A. do meio desta congregação, e os"
        },
        {
          "referencia": "Esdras 66",
          "texto": "que estais de além do rio, A. dali."
        },
        {
          "referencia": "Esdras 10.11",
          "texto": "pais, e fazei a sua vontade; Å. dos povos"
        },
        {
          "referencia": "S16.8",
          "texto": "A, de mim todos os que praticais a"
        },
        {
          "referencia": "Isaías 30.11",
          "texto": "desviai-vos do caminho, A. da vereda; fazei"
        },
        {
          "referencia": "Ezequiel 11.15",
          "texto": "de Jerusalém disseram: Á. para"
        },
        {
          "referencia": "Mateus 7.23",
          "texto": "Nunca vos conheci; A. de mim,"
        },
        {
          "referencia": "Mateus 25.41",
          "texto": "estiverem à sua esquerda: A. de mim,"
        },
        {
          "referencia": "Lucas 13.27",
          "texto": "não sei de onde vós sois; A. de mim, vós"
        },
        {
          "referencia": "2 Coríntios 6.17",
          "texto": "que saí do meio deles, e A., diz o"
        }
      ]
    },
    {
      "palavra": "apartais",
      "veja tambem": [
        "apartar"
      ],
      "ocorrencias": 1,
      "fonte": "StrongsH8130א/sane)",
      "concordancias": [
        {
          "referencia": "Isaías 65.11",
          "texto": "Mas a vós que vos À. do Senhor, que vos"
        }
      ]
    },
    {
      "palavra": "apartam",
      "veja tambem": [],
      "ocorrencias": 2,
      "fonte": "StrongsH8130א/sane)",
      "concordancias": [
        {
          "referencia": "Salmos 55.11",
          "texto": "dentro; astúcia e engano não se Á. das suas ruas."
        },
        {
          "referencia": "Jeremias 17.13",
          "texto": "envergonhados; os que se A. de mim serão"
        }
      ]
    },
    {
      "palavra": "apartando",
      "veja tambem": [],
      "ocorrencias": 2,
      "fonte": "StrongsH8130א/sane)",
      "concordancias": [
        {
          "referencia": "1 Reis 20.36",
          "texto": "voz do Senhor, eis que, em te 4, de mim, um"
        },
        {
          "referencia": "Provérbios 25.10",
          "texto": "o que o ouvir, não se À. de ti a infâmia."
        }
      ]
    },
    {
      "palavra": "apartando-me",
      "veja tambem": [
        "apartar"
      ],
      "ocorrencias": 2,
      "fonte": "StrongsH8130א/sane)",
      "concordancias": [
        {
          "referencia": "1 Reis 18.12",
          "texto": "E poderia ser que, 4. eu de ti, o Espírito"
        },
        {
          "referencia": "Cânticos 3.4",
          "texto": "À. eu um pouco deles, logo achei aquele a"
        }
      ]
    },
    {
      "palavra": "apartando-nos",
      "veja tambem": [],
      "ocorrencias": 1,
      "fonte": "StrongsH8130א/sane)",
      "concordancias": [
        {
          "referencia": "Daniel 9.5",
          "texto": "impiamente, e fomos rebeldes, A. dos teus"
        }
      ]
    },
    {
      "palavra": "apartando-se",
      "veja tambem": [
        "apartar"
      ],
      "ocorrencias": 4,
      "fonte": "StrongsH8130א/sane)",
      "concordancias": [
        {
          "referencia": "Juízes 14.8",
          "texto": "voltou ele para a tomar; e, À. do"
        },
        {
          "referencia": "Oséias 4.12",
          "texto": "engana, e eles se corrompem, A. da"
        },
        {
          "referencia": "Atos 13.13",
          "texto": "a Perge, da Panfilia. Mas João, A. deles,"
        },
        {
          "referencia": "Atos 26.31",
          "texto": "E, À. dali, falavam uns com os outros,"
        }
      ]
    },
    {
      "palavra": "apartar",
      "veja tambem": [],
      "ocorrencias": 9,
      "fonte": "StrongsH8130א/sane)",
      "concordancias": [
        {
          "referencia": "Deuteronômio 13.5",
          "texto": "da casa da servidão, para vos À. do caminho que"
        },
        {
          "referencia": "Deuteronômio 13.10",
          "texto": "que morra, pois te procurou 4. do Senhor, teu"
        },
        {
          "referencia": "Jó 33.17",
          "texto": "para Á. o homem do seu desígnio e esconder do"
        },
        {
          "referencia": "Pi 9.12",
          "texto": "homem; porque também ai deles, quando deles me"
        },
        {
          "referencia": "J13.6",
          "texto": "filhos dos gregos, para os 4. para longe dos"
        },
        {
          "referencia": "Atos 13.8",
          "texto": "o seu nome), procurando À, da fé o procônsul."
        },
        {
          "referencia": "1 Coríntios 7.11",
          "texto": "Se, porém, se A., que fique sem casar ou que se"
        },
        {
          "referencia": "1 Coríntios 7.15",
          "texto": "Mas, se o descrente se Á., aparte-se; porque"
        },
        {
          "referencia": "Hebreus 3.12",
          "texto": "um coração mau e infiel, para se 4, do Deus vivo."
        }
      ]
    },
    {
      "palavra": "apartar-se",
      "veja tambem": [],
      "ocorrencias": 3,
      "fonte": "StrongsH8130א/sane)",
      "concordancias": [
        {
          "referencia": "Jó 28.28",
          "texto": "do Senhor é a sabedoria, e A. do mal éa inteligência."
        },
        {
          "referencia": "Provérbios 4.21",
          "texto": "Não as deixes Á. dos teus olhos; guarda-as no"
        },
        {
          "referencia": "Provérbios 13.19",
          "texto": "cumpre deleita a alma, mas A. do mal é"
        }
      ]
    },
    {
      "palavra": "apartara",
      "veja tambem": [],
      "ocorrencias": 9,
      "fonte": "StrongsH8130א/sane)",
      "concordancias": [
        {
          "referencia": "Números 6.3",
          "texto": "vinho e de bebida forte se A.; vinagre de vinho"
        },
        {
          "referencia": "2 Samuel 7.15",
          "texto": "a minha benignidade se não À. dele, como a"
        },
        {
          "referencia": "2 Samuel 12.10",
          "texto": "Agora, pois, não se À. a espada jamais da tua"
        },
        {
          "referencia": "Provérbios 17.13",
          "texto": "torna mal por bem, não se Á. o mal da sua casa."
        },
        {
          "referencia": "Isaías 56.3",
          "texto": "Senhor, dizendo: De todo me 4. o Senhor do seu"
        },
        {
          "referencia": "Jonas 3.9",
          "texto": "Deus, e se arrependerá, e se À. do furor da sua"
        },
        {
          "referencia": "Miquéias 2.6",
          "texto": "profetizem deste modo, que se não À. a vergonha."
        },
        {
          "referencia": "Zacarias 14.4",
          "texto": "grande; e metade do monte se A. para o"
        },
        {
          "referencia": "Mateus 25.32",
          "texto": "reunidas diante dele, e A. uns dos outros,"
        }
      ]
    }
  ]
}