{
  "a": [
    {
      "palavra": "apartaram",
      "veja tambem": [
        "apartar"
      ],
      "ocorrencias": 12,
      "fonte": "StrongsH914ָּדַל/badal)",
      "concordancias": [
        {
          "referencia": "Números 14.44",
          "texto": "do Senhor e Moisés não se 4. do meio do arraial."
        },
        {
          "referencia": "Josué 20.7",
          "texto": "Então, A. Quedes, na Galileia, na montanha de"
        },
        {
          "referencia": "Josué 20.8",
          "texto": "de Jericó para o oriente, A. Bezer, no"
        },
        {
          "referencia": "2 Reis 13.6",
          "texto": "(Contudo, não se À. dos pecados da casa de"
        },
        {
          "referencia": "2 Reis 17.22",
          "texto": "que Jeroboão tinha feito; nunca se A. deles."
        },
        {
          "referencia": "Neemias 13.3",
          "texto": "que, ouvindo eles esta lei, A. de Israel"
        },
        {
          "referencia": "Ezequiel 14.5",
          "texto": "coração, porquanto todos se À. de mim para"
        },
        {
          "referencia": "Ezequiel 44.10",
          "texto": "Mas os levitas que se A. para longe de mim,"
        },
        {
          "referencia": "Lucas 9.33",
          "texto": "que, quando aqueles se À. dele, disse"
        },
        {
          "referencia": "Atos 15.39",
          "texto": "houve entre eles, que se A. um do outro."
        },
        {
          "referencia": "Atos 22.29",
          "texto": "E logo dele se A. os que o haviam de examinar;"
        },
        {
          "referencia": "2 Timóteo 1.15",
          "texto": "que estão na Ásia todos se À. de mim; entre"
        }
      ]
    },
    {
      "palavra": "apartarás",
      "veja tambem": [
        "apartar"
      ],
      "ocorrencias": 1,
      "fonte": "StrongsH914ָּדַל/badal)",
      "concordancias": [
        {
          "referencia": "Êxodo 13.12",
          "texto": "A. para o Senhor tudo o que abrir a madre e"
        }
      ]
    },
    {
      "palavra": "apartardes",
      "veja tambem": [
        "apartar"
      ],
      "ocorrencias": 1,
      "fonte": "StrongsH914ָּדַל/badal)",
      "concordancias": [
        {
          "referencia": "IRs 9.6",
          "texto": "de qualquer maneira vos A. de mim e não"
        }
      ]
    },
    {
      "palavra": "apartarei",
      "veja tambem": [
        "apartar"
      ],
      "ocorrencias": 1,
      "fonte": "StrongsH914ָּדַל/badal)",
      "concordancias": [
        {
          "referencia": "Jó 27.5",
          "texto": "até que eu expire, nunca Á. de mim a minha sinceri-"
        }
      ]
    },
    {
      "palavra": "apartarem-se",
      "veja tambem": [
        "apartar"
      ],
      "ocorrencias": 1,
      "fonte": "StrongsH914ָּדַל/badal)",
      "concordancias": [
        {
          "referencia": "Atos 21.21",
          "texto": "estão entre os gentios a A, de Moisés,"
        }
      ]
    },
    {
      "palavra": "apartares",
      "veja tambem": [
        "apartar"
      ],
      "ocorrencias": 1,
      "fonte": "StrongsH914ָּדַל/badal)",
      "concordancias": [
        {
          "referencia": "Jeremias 15.19",
          "texto": "diante da minha face; e, se À. o"
        }
      ]
    },
    {
      "palavra": "apartaria",
      "veja tambem": [
        "apartar"
      ],
      "ocorrencias": 1,
      "fonte": "StrongsH914ָּדַל/badal)",
      "concordancias": [
        {
          "referencia": "Jeremias 9.2",
          "texto": "deixaria o meu povo e me À. dele, porque"
        }
      ]
    },
    {
      "palavra": "apartasse",
      "veja tambem": [
        "apartar"
      ],
      "ocorrencias": 2,
      "fonte": "StrongsH914ָּדַל/badal)",
      "concordancias": [
        {
          "referencia": "Êxodo 39.21",
          "texto": "éfode, e o peitoral não se À. do éfode, como"
        },
        {
          "referencia": "2 Samuel 14.6",
          "texto": "no campo, e não houve quem os A.; assim, um"
        }
      ]
    },
    {
      "palavra": "apartaste",
      "veja tambem": [
        "apartar"
      ],
      "ocorrencias": 2,
      "fonte": "StrongsH914ָּדַל/badal)",
      "concordancias": [
        {
          "referencia": "Números 5.19",
          "texto": "se deitou e se não te Å. de teu marido"
        },
        {
          "referencia": "Números 5.20",
          "texto": "Mas, se te Á. de teu marido e te contaminaste,"
        }
      ]
    },
    {
      "palavra": "apartava",
      "veja tambem": [
        "apartar"
      ],
      "ocorrencias": 1,
      "fonte": "StrongsH914ָּדַל/badal)",
      "concordancias": [
        {
          "referencia": "Êxodo 33.11",
          "texto": "de Num, seu servidor, nunca se À. do meio da tenda."
        }
      ]
    },
    {
      "palavra": "apartavam",
      "veja tambem": [
        "apartar"
      ],
      "ocorrencias": 1,
      "fonte": "StrongsH914ָּדַל/badal)",
      "concordancias": [
        {
          "referencia": "Esdras 6.21",
          "texto": "com todos os que a eles se A. da imundícia"
        }
      ]
    },
    {
      "palavra": "aparte",
      "veja tambem": [
        "apartar"
      ],
      "ocorrencias": 6,
      "fonte": "StrongsH914ָּדַל/badal)",
      "concordancias": [
        {
          "referencia": "Deuteronômio 13.17",
          "texto": "para que o Senhor se 4. do ardor da sua"
        },
        {
          "referencia": "Deuteronômio 17.20",
          "texto": "os seus irmãos e não se À. do mandamento, nem"
        },
        {
          "referencia": "Josué 1.8",
          "texto": "Não se 4. da tua boca o livro desta Lei; antes,"
        },
        {
          "referencia": "Isaías 14.25",
          "texto": "para que o seu jugo se A. deles, e a sua"
        },
        {
          "referencia": "Jeremias 6.8",
          "texto": "para que a minha alma não se 4. de ti, para que"
        },
        {
          "referencia": "1 Coríntios 7:10",
          "texto": "eu, mas o Senhor, que a mulher se não À. do marido."
        }
      ]
    },
    {
      "palavra": "aparte-se",
      "veja tambem": [
        "apartar"
      ],
      "ocorrencias": 4,
      "fonte": "StrongsH914ָּדַל/badal)",
      "concordancias": [
        {
          "referencia": "Daniel 9.16",
          "texto": "todas as tuas justiças, Á. a tua ira e o"
        },
        {
          "referencia": "1 Coríntios 7.15",
          "texto": "se o descrente se apartar, À.; porque neste"
        },
        {
          "referencia": "2 Timóteo 2.19",
          "texto": "que profere o nome de Cristo A. da iniquidade."
        },
        {
          "referencia": "1 Pedro 3.11",
          "texto": "Á. do male faça o bem; busque a paz e siga-a."
        }
      ]
    },
    {
      "palavra": "apartei",
      "veja tambem": [
        "apartar"
      ],
      "ocorrencias": 5,
      "fonte": "StrongsH914ָּדַל/badal)",
      "concordancias": [
        {
          "referencia": "Levítico 20.25",
          "texto": "sobre a terra, as quais coisas A, de vós, para"
        },
        {
          "referencia": "2 Samuel 22.22",
          "texto": "do Senhor e não me A. impiamente do meu Deus."
        },
        {
          "referencia": "Jó 23.12",
          "texto": "de seus lábios nunca me Á. e as palavras da"
        },
        {
          "referencia": "SI 18.21",
          "texto": "do Senhor e não me À, impiamente do meu Deus."
        },
        {
          "referencia": "SI 119.102",
          "texto": "Não me Á. dos teus juízos, porque tu me ensinaste."
        }
      ]
    },
    {
      "palavra": "aparteis",
      "veja tambem": [
        "apartar"
      ],
      "ocorrencias": 2,
      "fonte": "StrongsH914ָּדַל/badal)",
      "concordancias": [
        {
          "referencia": "Josué 23.6",
          "texto": "Moisés, para que dela não vos A., nem para a"
        },
        {
          "referencia": "2 Tessalonicenses 3.6",
          "texto": "Senhor Jesus Cristo, que vos Á. de todo irmão"
        }
      ]
    },
    {
      "palavra": "apartem",
      "veja tambem": [
        "apartar"
      ],
      "ocorrencias": 5,
      "fonte": "StrongsH914ָּדַל/badal)",
      "concordancias": [
        {
          "referencia": "Levítico 22.2",
          "texto": "ea seus filhos que se A. das coisas santas"
        },
        {
          "referencia": "Deuteronômio 49",
          "texto": "olhos têm visto, e se não A. do teu coração"
        },
        {
          "referencia": "Provérbios 3.21",
          "texto": "Filho meu, não se À. estas coisas dos teus"
        },
        {
          "referencia": "Jeremias 32.40",
          "texto": "temor no seu coração, para que nunca se À. de mim."
        },
        {
          "referencia": "2 Coríntios 11.3",
          "texto": "os vossos sentidos e se Á. da simplicidade"
        }
      ]
    },
    {
      "palavra": "apartes",
      "veja tambem": [],
      "ocorrencias": 2,
      "fonte": "StrongsH914ָּדַל/badal)",
      "concordancias": [
        {
          "referencia": "Juízes 6.18",
          "texto": "Rogo-te que daqui te não A., até que eu venha a"
        },
        {
          "referencia": "Provérbios 4.5",
          "texto": "e não te esqueças nem te A. das palavras da"
        }
      ]
    },
    {
      "palavra": "apartou",
      "veja tambem": [
        "apartar"
      ],
      "ocorrencias": 26,
      "fonte": "StrongsH914ָּדַל/badal)",
      "concordancias": [
        {
          "referencia": "Gênesis 13.14",
          "texto": "a Abrão, depois que Ló se À, dele: Levanta,"
        },
        {
          "referencia": "1 Reis 20.36",
          "texto": "leão te ferirá. E, como dele se A., um leão o"
        },
        {
          "referencia": "2 Reis 3.3",
          "texto": "que fizera pecar a Israel; não se A. deles."
        },
        {
          "referencia": "2 Reis 10.29",
          "texto": "Porém não se A. Jeú de seguir os pecados de"
        },
        {
          "referencia": "2 Reis 10.31",
          "texto": "Deus de Israel, nem se 4. dos pecados de"
        },
        {
          "referencia": "2 Reis 13.2",
          "texto": "Nebate, que fez pecar a Israel; não se 4. deles."
        },
        {
          "referencia": "2 Reis 13.11",
          "texto": "aos olhos do Senhor; não se A. de nenhum dos"
        },
        {
          "referencia": "2 Reis 14.24",
          "texto": "olhos do Senhor; nunca se 4. de nenhum dos"
        },
        {
          "referencia": "2 Reis 15.9",
          "texto": "feito seus pais; nunca se À. dos pecados de"
        },
        {
          "referencia": "2 Reis 15.18",
          "texto": "todos os seus dias se não À, dos pecados de"
        },
        {
          "referencia": "2 Reis 15.24",
          "texto": "olhos do Senhor; nunca se A. dos pecados de"
        },
        {
          "referencia": "2 Reis 15.28",
          "texto": "olhos do Senhor; nunca se A. dos pecados de"
        },
        {
          "referencia": "2 Reis 17.21",
          "texto": "filho de Nebate, Jeroboão A, a Israel de"
        },
        {
          "referencia": "2 Reis 18.6",
          "texto": "se chegou ao Senhor, não se A. de após ele e"
        },
        {
          "referencia": "2 Reis 22.2",
          "texto": "de Davi, seu pai, e não se Å. dele nem para a"
        },
        {
          "referencia": "Neemias 9.2",
          "texto": "E a geração de Israel se 4. de todos os"
        },
        {
          "referencia": "Neemias 9.19",
          "texto": "coluna de nuvem nunca deles se À, de dia, para"
        },
        {
          "referencia": "Isaías 9.12",
          "texto": "e nem com tudo isto se A. a sua ira, mas"
        },
        {
          "referencia": "Isaías 9.17",
          "texto": "Com tudo isto não se Á. a sua ira, mas"
        },
        {
          "referencia": "Isaías 9.21",
          "texto": "Judá. Com tudo isto não se Á. a sua ira, mas"
        },
        {
          "referencia": "Ezequiel 23.18",
          "texto": "então, a minha alma se A. dela, como já"
        },
        {
          "referencia": "Oséias 10.5",
          "texto": "e por causa da sua glória, que se 4. deja."
        },
        {
          "referencia": "Oséias 14.4",
          "texto": "os amarei; porque a minha ira se A. deles."
        },
        {
          "referencia": "Lucas 24.51",
          "texto": "que, abençoando-os ele, se A. deles e foi"
        },
        {
          "referencia": "Atos 12.10",
          "texto": "percorreram uma rua, e logo o anjo se À. dele,"
        },
        {
          "referencia": "Gálatas 2.12",
          "texto": "chegaram, se foi retirando ese A. deles,"
        }
      ]
    },
    {
      "palavra": "apartou-se",
      "veja tambem": [
        "apartar"
      ],
      "ocorrencias": 2,
      "fonte": "StrongsH914ָּדַל/badal)",
      "concordancias": [
        {
          "referencia": "Ezequiel 23.17",
          "texto": "se contaminou com eles; então, A. deles a"
        },
        {
          "referencia": "Lucas 2241",
          "texto": "E A. deles cerca de um tiro de pedra; e,"
        }
      ]
    },
    {
      "palavra": "apascenta",
      "veja tambem": [],
      "ocorrencias": 10,
      "fonte": "StrongsH914ָּדַל/badal)",
      "concordancias": [
        {
          "referencia": "1 Samuel 16.11",
          "texto": "Ainda falta o menor, e eis que Á. as ovelhas."
        },
        {
          "referencia": "Cânticos 1.8",
          "texto": "pelas pisadas das ovelhas e A. as tuas cabras"
        },
        {
          "referencia": "Cânticos 2.16",
          "texto": "é meu, e eu sou dele; ele À. o seu rebanho"
        },
        {
          "referencia": "Oséias 12.1",
          "texto": "Efraim se À. de vento e segue o vento leste;"
        },
        {
          "referencia": "Miquéias 7.14",
          "texto": "A. o teu povo com a tua vara, o rebanho da tua"
        },
        {
          "referencia": "Zacarias 11.4",
          "texto": "diz o Senhor, meu Deus: Á. as ovelhas da matança,"
        },
        {
          "referencia": "Jó 21.15",
          "texto": "tu sabes que te amo. Disse-lhe: A. os"
        },
        {
          "referencia": "Jó 21.16",
          "texto": "tu sabes que te amo. Disse-lhe: 4. as"
        },
        {
          "referencia": "Jó 21.17",
          "texto": "sabes que eu te amo. Jesus disse-lhe: A. as"
        },
        {
          "referencia": "1 Coríntios 9.7",
          "texto": "come do seu fruto? Ou quem A. o gado e não"
        }
      ]
    },
    {
      "palavra": "apascentá-las-ei",
      "veja tambem": [],
      "ocorrencias": 1,
      "fonte": "StrongsH914ָּדַל/badal)",
      "concordancias": [
        {
          "referencia": "Ezequiel 34.16",
          "texto": "a gorda e a forte destruirei; A. com juízo."
        }
      ]
    },
    {
      "palavra": "apascenta-os",
      "veja tambem": [
        "apascentar"
      ],
      "ocorrencias": 1,
      "fonte": "StrongsH914ָּדַל/badal)",
      "concordancias": [
        {
          "referencia": "S128.9",
          "texto": "e abençoa a tua herança; À. e exalta-os"
        }
      ]
    },
    {
      "palavra": "apascenta-se",
      "veja tambem": [
        "apascentar"
      ],
      "ocorrencias": 1,
      "fonte": "StrongsH914ָּדַל/badal)",
      "concordancias": [
        {
          "referencia": "Isaías 44.20",
          "texto": "A. de cinza; o seu coração enganado o"
        }
      ]
    },
    {
      "palavra": "apascentados",
      "veja tambem": [],
      "ocorrencias": 2,
      "fonte": "StrongsH914ָּדַל/badal)",
      "concordancias": [
        {
          "referencia": "Isaías 14.30",
          "texto": "dos pobres serão Á., eos"
        },
        {
          "referencia": "Sofonias 3.13",
          "texto": "língua enganosa; porque serão A.,"
        }
      ]
    },
    {
      "palavra": "apascentai",
      "veja tambem": [
        "apascentar"
      ],
      "ocorrencias": 1,
      "fonte": "StrongsH914ָּדַל/badal)",
      "concordancias": [
        {
          "referencia": "1 Pedro 5.2",
          "texto": "À. o rebanho de Deus que está entre vós,"
        }
      ]
    },
    {
      "palavra": "apascentai-as",
      "veja tambem": [
        "apascentar"
      ],
      "ocorrencias": 1,
      "fonte": "StrongsH914ָּדַל/badal)",
      "concordancias": [
        {
          "referencia": "Gênesis 29.7",
          "texto": "gado; dai de beber às ovelhas, e ide, e Á.."
        }
      ]
    },
    {
      "palavra": "apascentais",
      "veja tambem": [
        "apas-"
      ],
      "ocorrencias": 1,
      "fonte": "StrongsH914ָּדַל/badal)",
      "concordancias": [
        {
          "referencia": "Ezequiel 34.3",
          "texto": "e degolais o cevado; mas não Á. as ovelhas."
        }
      ]
    }
  ]
}