{
  "a": [
    {
      "palavra": "apascentam",
      "veja tambem": [
        "apascentar"
      ],
      "ocorrencias": 9,
      "fonte": "StrongsH7462ה/raah)",
      "concordancias": [
        {
          "referencia": "Gênesis 37.13",
          "texto": "pois, Israel a José: Não Á. os teus"
        },
        {
          "referencia": "Gênesis 37.16",
          "texto": "meus irmãos; dize-me, peço-te, onde eles Á.."
        },
        {
          "referencia": "Jó 24.2",
          "texto": "os limites removem; roubam os rebanhos e os A.."
        },
        {
          "referencia": "Provérbios 10.21",
          "texto": "Os lábios do justo A. muitos, mas os tolos,"
        },
        {
          "referencia": "Cânticos 4.5",
          "texto": "gêmeos da gazela, que se À, entre os lírios."
        },
        {
          "referencia": "Jeremias 23.2",
          "texto": "acerca dos pastores que Á. o meu povo:"
        },
        {
          "referencia": "Ezequiel 34.2",
          "texto": "dos pastores de Israel que se À. asi"
        },
        {
          "referencia": "Ezequiel 34.8",
          "texto": "as minhas ovelhas, pois se A.asi"
        },
        {
          "referencia": "Ezequiel 34.8",
          "texto": "se Á. asi mesmos e não A. as minhas ovelhas,"
        }
      ]
    },
    {
      "palavra": "apascentando",
      "veja tambem": [
        "apascentar"
      ],
      "ocorrencias": 1,
      "fonte": "StrongsH7462ה/raah)",
      "concordancias": [
        {
          "referencia": "1 Samuel 25.16",
          "texto": "os dias que andamos com eles A. as ovelhas."
        }
      ]
    },
    {
      "palavra": "apascentando-se",
      "veja tambem": [
        "apascentar"
      ],
      "ocorrencias": 1,
      "fonte": "StrongsH7462ה/raah)",
      "concordancias": [
        {
          "referencia": "Judas 1.12",
          "texto": "banqueteando-se convosco e Á. a si"
        }
      ]
    },
    {
      "palavra": "apascentar",
      "veja tambem": [
        "pastorear",
        "guiar"
      ],
      "ocorrencias": 10,
      "fonte": "StrongsH7462ה/raah)",
      "concordancias": [
        {
          "referencia": "Gênesis 30.31",
          "texto": "Jacó: Nada me darás; tornarei a Á. e a"
        },
        {
          "referencia": "Gênesis 37.12",
          "texto": "E seus irmãos foram Á. o rebanho de seu pai,"
        },
        {
          "referencia": "1 Samuel 17.15",
          "texto": "ia e voltava de Saul, para A. as ovelhas"
        },
        {
          "referencia": "2 Samuel 7.7",
          "texto": "de Israel, a quem mandei A. o meu povo"
        },
        {
          "referencia": "S178.71",
          "texto": "pejadas o trouxe, para Á. a Jacó, seu"
        },
        {
          "referencia": "Ezequiel 34.10",
          "texto": "sua mão; e eles deixarão de A. as ovelhas e"
        },
        {
          "referencia": "Ezequiel 34.23",
          "texto": "servo Davi é que as há de A.; ele lhes"
        },
        {
          "referencia": "Mateus 2.6",
          "texto": "de ti sairá o Guia que há de Á. o meu povo"
        },
        {
          "referencia": "Lucas 15.15",
          "texto": "qual o mandou para os seus campos a À, porcos."
        },
        {
          "referencia": "Lucas 17.7",
          "texto": "um servo a lavrar ou a À. gado, a quem,"
        }
      ]
    },
    {
      "palavra": "apascentara",
      "veja tambem": [
        "apascentar"
      ],
      "ocorrencias": 8,
      "fonte": "StrongsH7462ה/raah)",
      "concordancias": [
        {
          "referencia": "Provérbios 15.14",
          "texto": "mas a boca dos tolos se A. de estultícia."
        },
        {
          "referencia": "Isaías 40.11",
          "texto": "Como pastor, À. o seu rebanho; entre os"
        },
        {
          "referencia": "Jeremias 6.3",
          "texto": "tendas em redor, e cada um A. no seu lugar."
        },
        {
          "referencia": "Ezequiel 34.23",
          "texto": "elas um só pastor e ele as A.; o meu servo"
        },
        {
          "referencia": "Oséias 4.16",
          "texto": "Israel; agora, o Senhor os Á. como a um"
        },
        {
          "referencia": "Miquéias 5.4",
          "texto": "E ele permanecerá e À. o povo na força do"
        },
        {
          "referencia": "Zacarias 11.16",
          "texto": "e não sarará a doente, nem Á. a sã; mas"
        },
        {
          "referencia": "Apocalipse 7.17",
          "texto": "está no meio do trono os À. e lhes servirá"
        }
      ]
    },
    {
      "palavra": "apascentarás",
      "veja tambem": [
        "apascentar"
      ],
      "ocorrencias": 2,
      "fonte": "StrongsH7462ה/raah)",
      "concordancias": [
        {
          "referencia": "2 Samuel 5.2",
          "texto": "e também o Senhor te disse: Tu Á. o meu"
        },
        {
          "referencia": "1 Crônicas 11.2",
          "texto": "o Senhor, teu Deus, te disse: Tu A. o meu"
        }
      ]
    },
    {
      "palavra": "apascentardes",
      "veja tambem": [
        "apascentar"
      ],
      "ocorrencias": 1,
      "fonte": "StrongsH7462ה/raah)",
      "concordancias": [
        {
          "referencia": "Atos 20.28",
          "texto": "vos constituiu bispos, para A. a igreja"
        }
      ]
    },
    {
      "palavra": "apascentarei",
      "veja tambem": [
        "apascentar"
      ],
      "ocorrencias": 4,
      "fonte": "StrongsH7462ה/raah)",
      "concordancias": [
        {
          "referencia": "Ezequiel 34.13",
          "texto": "e as trarei à sua terra, cas À, nos montes"
        },
        {
          "referencia": "Ezequiel 34.14",
          "texto": "Em bons pastos as Á., e nos altos montes de"
        },
        {
          "referencia": "Ezequiel 34.15",
          "texto": "Eu Á. as minhas ovelhas, e eu as farei"
        },
        {
          "referencia": "Zacarias 11.9",
          "texto": "E eu disse: Não vos À. mais; o que morrer"
        }
      ]
    },
    {
      "palavra": "apascentas",
      "veja tambem": [
        "apas-"
      ],
      "ocorrencias": 1,
      "fonte": "StrongsH7462ה/raah)",
      "concordancias": [
        {
          "referencia": "Cânticos 1.7",
          "texto": "a quem ama a minha alma: onde Á. o teu"
        }
      ]
    },
    {
      "palavra": "apascentasse",
      "veja tambem": [
        "apascentar"
      ],
      "ocorrencias": 1,
      "fonte": "StrongsH7462ה/raah)",
      "concordancias": [
        {
          "referencia": "1 Crônicas 17.6",
          "texto": "de Israel, a quem ordenei que A. o meu"
        }
      ]
    },
    {
      "palavra": "apascentava",
      "veja tambem": [
        "apascentar"
      ],
      "ocorrencias": 4,
      "fonte": "StrongsH7462ה/raah)",
      "concordancias": [
        {
          "referencia": "Gênesis 30.36",
          "texto": "entre si e Jacó; e Jacó Á. o resto dos"
        },
        {
          "referencia": "Gênesis 36.24",
          "texto": "as caldas no deserto, quando A. os jumentos"
        },
        {
          "referencia": "Gênesis 37.2",
          "texto": "José de dezessete anos, À. as ovelhas"
        },
        {
          "referencia": "Êxodo 3.1",
          "texto": "E A. Moisés o rebanho de Jetro, seu sogro,"
        }
      ]
    },
    {
      "palavra": "apascentavam",
      "veja tambem": [
        "apascentar"
      ],
      "ocorrencias": 1,
      "fonte": "StrongsH7462ה/raah)",
      "concordancias": [
        {
          "referencia": "Marcos 5.14",
          "texto": "E os que À. os porcos fugiram e o"
        }
      ]
    },
    {
      "palavra": "apascentei",
      "veja tambem": [],
      "ocorrencias": 2,
      "fonte": "StrongsH7462ה/raah)",
      "concordancias": [
        {
          "referencia": "Zacarias 11.7",
          "texto": "E eu Á. as ovelhas da matança, as pobres"
        },
        {
          "referencia": "Zacarias 11.7",
          "texto": "e à outra chamei Laços; e À. as ovelhas."
        }
      ]
    },
    {
      "palavra": "apascentem",
      "veja tambem": [],
      "ocorrencias": 4,
      "fonte": "StrongsH7462ה/raah)",
      "concordancias": [
        {
          "referencia": "Êxodo 34.3",
          "texto": "nem ovelhas nem bois se À. defronte do monte."
        },
        {
          "referencia": "Jeremias 3.15",
          "texto": "o meu coração, que vos À. com ciência e"
        },
        {
          "referencia": "Jeremias 23.4",
          "texto": "sobre elas pastores que as A., e nunca mais"
        },
        {
          "referencia": "Sofonias 2.7",
          "texto": "casa de Judá para que nela A.; à tarde, se"
        }
      ]
    },
    {
      "palavra": "apascentem-se",
      "veja tambem": [
        "apas-"
      ],
      "ocorrencias": 1,
      "fonte": "StrongsH7462ה/raah)",
      "concordancias": [
        {
          "referencia": "S178.72",
          "texto": "Assim, os Á., segundo a integridade do seu"
        }
      ]
    },
    {
      "palavra": "apavora-me",
      "veja tambem": [],
      "ocorrencias": 1,
      "fonte": "StrongsH7462ה/raah)",
      "concordancias": [
        {
          "referencia": "Isaías 21.4",
          "texto": "está anelante, e o horror À.; o crepúsculo,"
        }
      ]
    },
    {
      "palavra": "apavore",
      "veja tambem": [],
      "ocorrencias": 1,
      "fonte": "StrongsH7462ה/raah)",
      "concordancias": [
        {
          "referencia": "Jó 31.34",
          "texto": "o desprezo das famílias me Á., e eu me cale, e"
        }
      ]
    },
    {
      "palavra": "apavores",
      "veja tambem": [],
      "ocorrencias": 1,
      "fonte": "StrongsH7462ה/raah)",
      "concordancias": [
        {
          "referencia": "1 Crônicas 28.20",
          "texto": "e faze a obra; não temas, nem te A., porque o"
        }
      ]
    },
    {
      "palavra": "apaziguado",
      "veja tambem": [],
      "ocorrencias": 2,
      "fonte": "StrongsH7462ה/raah)",
      "concordancias": [
        {
          "referencia": "Ester 2.1",
          "texto": "Passadas essas coisas, e À. já o furor do rei"
        },
        {
          "referencia": "Atos 19.35",
          "texto": "o escrivão da cidade, tendo Á, a multidão,"
        }
      ]
    },
    {
      "palavra": "apaziguará",
      "veja tambem": [],
      "ocorrencias": 2,
      "fonte": "StrongsH7462ה/raah)",
      "concordancias": [
        {
          "referencia": "Provérbios 15.18",
          "texto": "suscita contendas, mas o longânimo A. a luta."
        },
        {
          "referencia": "Provérbios 16.14",
          "texto": "um mensageiro da morte, mas o homem sábio o Á.."
        }
      ]
    },
    {
      "palavra": "apaziguaram-se",
      "veja tambem": [],
      "ocorrencias": 1,
      "fonte": "StrongsH7462ה/raah)",
      "concordancias": [
        {
          "referencia": "Atos 11.18",
          "texto": "E, ouvindo estas coisas, À. e"
        }
      ]
    },
    {
      "palavra": "apedrejá-lo",
      "veja tambem": [
        "ape-"
      ],
      "ocorrencias": 1,
      "fonte": "StrongsH7462ה/raah)",
      "concordancias": [
        {
          "referencia": "1 Samuel 30.6",
          "texto": "porque o povo falava de A., porque o"
        }
      ]
    },
    {
      "palavra": "apedrejadas",
      "veja tambem": [
        "ape-"
      ],
      "ocorrencias": 1,
      "fonte": "StrongsH7462ה/raah)",
      "concordancias": [
        {
          "referencia": "Jó 8.5",
          "texto": "Moisés que as tais sejam A.. Tu, pois,"
        }
      ]
    },
    {
      "palavra": "apedrejado",
      "veja tambem": [
        "apedrejar"
      ],
      "ocorrencias": 8,
      "fonte": "StrongsH7462ה/raah)",
      "concordancias": [
        {
          "referencia": "Êxodo 19.13",
          "texto": "porque certamente será 4, ou asseteado;"
        },
        {
          "referencia": "Êxodo 21.28",
          "texto": "mulher, que morra, o boi será À. certamente,"
        },
        {
          "referencia": "Êxodo 21.29",
          "texto": "homem ou mulher, o boi será A., e também o"
        },
        {
          "referencia": "Êxodo 21.32",
          "texto": "siclos de prata ao seu senhor, e o boi será A.."
        },
        {
          "referencia": "1 Reis 21.14",
          "texto": "a Jezabel, dizendo: Nabote foi A. e morreu."
        },
        {
          "referencia": "1 Reis 21.15",
          "texto": "ouvindo Jezabel que já fora A, Nabote e"
        },
        {
          "referencia": "2 Coríntios 11.25",
          "texto": "com varas, uma vez fui Á., três vezes"
        },
        {
          "referencia": "Hebreus 12.20",
          "texto": "Se até um animal tocar o monte, será Á.."
        }
      ]
    },
    {
      "palavra": "apedrejados",
      "veja tambem": [],
      "ocorrencias": 2,
      "fonte": "StrongsH7462ה/raah)",
      "concordancias": [
        {
          "referencia": "Atos 5.26",
          "texto": "violência ane temiam ser Á., pelo povo)."
        },
        {
          "referencia": "Hebreus 11.37",
          "texto": "Foram A., serrados, tentados, mortos a fio"
        }
      ]
    },
    {
      "palavra": "apedrejaio",
      "veja tambem": [
        "ape-"
      ],
      "ocorrencias": 1,
      "fonte": "StrongsH7462ה/raah)",
      "concordancias": [
        {
          "referencia": "1 Reis 21.10",
          "texto": "contra o rei; e trazei-o fora e À. para que morra."
        }
      ]
    },
    {
      "palavra": "apedrejais",
      "veja tambem": [
        "apedrejar"
      ],
      "ocorrencias": 1,
      "fonte": "StrongsH7462ה/raah)",
      "concordancias": [
        {
          "referencia": "Jó 10.32",
          "texto": "de meu Pai; por qual dessas obras me A.?"
        }
      ]
    },
    {
      "palavra": "apedrejamos",
      "veja tambem": [
        "ape-"
      ],
      "ocorrencias": 1,
      "fonte": "StrongsH7462ה/raah)",
      "concordancias": [
        {
          "referencia": "Jó 10.33",
          "texto": "dizendo-lhe: Não te A. por alguma"
        }
      ]
    },
    {
      "palavra": "apedrejando-o",
      "veja tambem": [
        "apedrejar"
      ],
      "ocorrencias": 1,
      "fonte": "StrongsH7462ה/raah)",
      "concordancias": [
        {
          "referencia": "Marcos 124",
          "texto": "outro servo; e eles, A., o feriram"
        }
      ]
    },
    {
      "palavra": "apedrejar-te",
      "veja tambem": [
        "ape-"
      ],
      "ocorrencias": 1,
      "fonte": "StrongsH7462ה/raah)",
      "concordancias": [
        {
          "referencia": "Jó 11.8",
          "texto": "agora os judeus procuravam AÁ., e tornas"
        }
      ]
    },
    {
      "palavra": "apedrejará",
      "veja tambem": [
        "apedrejar"
      ],
      "ocorrencias": 6,
      "fonte": "StrongsH7462ה/raah)",
      "concordancias": [
        {
          "referencia": "Levítico 20.2",
          "texto": "morrerá; o povo da terra o A, com pedras."
        },
        {
          "referencia": "Levítico 24.14",
          "texto": "a sua cabeça; então, toda a congregação o A.."
        },
        {
          "referencia": "Levítico 24.16",
          "texto": "a congregação certamente o A.; assim o"
        },
        {
          "referencia": "Números 15.35",
          "texto": "a congregação com pedras o À. fora do arraial."
        },
        {
          "referencia": "Ezequiel 23.47",
          "texto": "E a congregação as À. com pedras e as"
        },
        {
          "referencia": "Lucas 20.6",
          "texto": "dos homens, todo o povo nos Á., pois têm"
        }
      ]
    },
    {
      "palavra": "apedrejaram",
      "veja tambem": [
        "ape-"
      ],
      "ocorrencias": 6,
      "fonte": "StrongsH7462ה/raah)",
      "concordancias": [
        {
          "referencia": "Números 15.36",
          "texto": "do arraial, e com pedras o A., e morreu,"
        },
        {
          "referencia": "Josué 7.25",
          "texto": "e os queimaram a fogo e os À. com pedras."
        },
        {
          "referencia": "1 Reis 21.13",
          "texto": "E o levaram para fora da cidade e o À. com"
        },
        {
          "referencia": "2 Crônicas 10.18",
          "texto": "porém os filhos de Israel o 4. com pedras,"
        },
        {
          "referencia": "2 Crônicas 24.21",
          "texto": "conspiraram contra ele e o A, com pedras,"
        },
        {
          "referencia": "Mateus 21.35",
          "texto": "servos, feriram um, mataram outro e À. outro."
        }
      ]
    },
    {
      "palavra": "apedrejarás",
      "veja tambem": [],
      "ocorrencias": 2,
      "fonte": "StrongsH7462ה/raah)",
      "concordancias": [
        {
          "referencia": "Deuteronômio 13.10",
          "texto": "E com pedras o Á., até que morra, pois te"
        },
        {
          "referencia": "Deuteronômio 17.5",
          "texto": "o tal homem ou mulher, e os Á. com"
        }
      ]
    },
    {
      "palavra": "apedrejareis",
      "veja tambem": [],
      "ocorrencias": 1,
      "fonte": "StrongsH7462ה/raah)",
      "concordancias": [
        {
          "referencia": "Deuteronômio 22.24",
          "texto": "à porta daquela cidade e os Á. com pedras,"
        }
      ]
    },
    {
      "palavra": "apedrejarem",
      "veja tambem": [
        "apedrejar"
      ],
      "ocorrencias": 2,
      "fonte": "StrongsH7462ה/raah)",
      "concordancias": [
        {
          "referencia": "Jó 10.31",
          "texto": "então, outra vez, em pedras para o A.."
        },
        {
          "referencia": "Atos 14.5",
          "texto": "os seus principais, para os insultarem e A."
        }
      ]
    },
    {
      "palavra": "apedrejariam",
      "veja tambem": [
        "apedrejar"
      ],
      "ocorrencias": 1,
      "fonte": "StrongsH7462ה/raah)",
      "concordancias": [
        {
          "referencia": "Êxodo 8.26",
          "texto": "perante os seus olhos, não nos A. eles?"
        }
      ]
    },
    {
      "palavra": "apedrejas",
      "veja tambem": [],
      "ocorrencias": 2,
      "fonte": "StrongsH7462ה/raah)",
      "concordancias": [
        {
          "referencia": "Mateus 23.37",
          "texto": "que matas os profetas e 4. os que te são"
        },
        {
          "referencia": "Lucas 13.34",
          "texto": "que matas os profetas e A. os que te são"
        }
      ]
    },
    {
      "palavra": "apedrejassem",
      "veja tambem": [
        "apedrejar"
      ],
      "ocorrencias": 2,
      "fonte": "StrongsH7462ה/raah)",
      "concordancias": [
        {
          "referencia": "Levítico 24.23",
          "texto": "para fora do arraial e o À. com pedras; e"
        },
        {
          "referencia": "Números 14.10",
          "texto": "toda a congregação que os 4.; porém a"
        }
      ]
    },
    {
      "palavra": "apedrejava",
      "veja tambem": [
        "apedrejar"
      ],
      "ocorrencias": 1,
      "fonte": "StrongsH7462ה/raah)",
      "concordancias": [
        {
          "referencia": "2 Samuel 16.6",
          "texto": "E Á. com pedras a Davi e a todos os servos do"
        }
      ]
    },
    {
      "palavra": "apedrejavam",
      "veja tambem": [
        "ape-"
      ],
      "ocorrencias": 1,
      "fonte": "StrongsH7462ה/raah)",
      "concordancias": [
        {
          "referencia": "Atos 7.58",
          "texto": "E, expulsando-o da cidade, o A.. E as"
        }
      ]
    }
  ]
}