{
  "a": [
    {
      "palavra": "aguaceiro",
      "veja tambem": [],
      "ocorrencias": 1,
      "fonte": "",
      "concordancias": [
        {
          "referencia": "Jó 37.6",
          "texto": "Cai na terra; como também ao À. e à sua forte chuva."
        }
      ]
    },
    {
      "palavra": "aguarda",
      "veja tambem": [],
      "ocorrencias": 2,
      "fonte": "",
      "concordancias": [
        {
          "referencia": "Salmos 130.5",
          "texto": "o Senhor; a minha alma o Á., e espero na sua palavra."
        },
        {
          "referencia": "Mg 5.7",
          "texto": "que não espera pelo homem, nem A. filhos de homens."
        }
      ]
    },
    {
      "palavra": "aguardam",
      "veja tambem": [],
      "ocorrencias": 2,
      "fonte": "",
      "concordancias": [
        {
          "referencia": "Jó 24.15",
          "texto": "como os olhos do adúltero Á. o crepúsculo,"
        },
        {
          "referencia": "Jeremias 20.10",
          "texto": "Todos os que têm paz comigo A. o meu"
        }
      ]
    },
    {
      "palavra": "aguardamos",
      "veja tambem": [
        "aguardar"
      ],
      "ocorrencias": 3,
      "fonte": "",
      "concordancias": [
        {
          "referencia": "Jeremias 14.19",
          "texto": "e não há cura para nós? A. a paz, e"
        },
        {
          "referencia": "Gálatas 5.5",
          "texto": "nós, pelo espírito da fé, A. a esperança"
        },
        {
          "referencia": "2 Pedro 3.13",
          "texto": "nós, segundo a sua promessa, Á, novos céus e"
        }
      ]
    },
    {
      "palavra": "aguardando",
      "veja tambem": [
        "aguardar"
      ],
      "ocorrencias": 6,
      "fonte": "",
      "concordancias": [
        {
          "referencia": "Top 402",
          "texto": "posição;"
        },
        {
          "referencia": "Jó 30.26",
          "texto": "Todavia, A. eu o bem, eis que me veio o mal;"
        },
        {
          "referencia": "S156.6",
          "texto": "espiam os meus passos, como À. a minha morte,"
        },
        {
          "referencia": "Tito 2.13",
          "texto": "A. a bem-aventurada esperança e o"
        },
        {
          "referencia": "2 Pedro 3.12",
          "texto": "À, e apressando-vos para a vinda do Dia de"
        },
        {
          "referencia": "2 Pedro 3.14",
          "texto": "Pelo que, amados, A. estas coisas, procurai"
        }
      ]
    },
    {
      "palavra": "aguardando-o",
      "veja tambem": [
        "aguardar"
      ],
      "ocorrencias": 1,
      "fonte": "",
      "concordancias": [
        {
          "referencia": "Tiago 5.7",
          "texto": "o precioso fruto da terra, A. com"
        }
      ]
    },
    {
      "palavra": "aguardar",
      "veja tambem": [],
      "ocorrencias": 1,
      "fonte": "",
      "concordancias": [
        {
          "referencia": "Lamentações 3.26",
          "texto": "Bom é ter esperança e A. em silêncio a salvação"
        }
      ]
    },
    {
      "palavra": "aguardarei",
      "veja tambem": [
        "aguardar"
      ],
      "ocorrencias": 2,
      "fonte": "",
      "concordancias": [
        {
          "referencia": "S159.9",
          "texto": "causa da sua força eu te A.; pois Deus é a"
        },
        {
          "referencia": "Isaías 8.17",
          "texto": "esconde o rosto da casa de Jacó, e a ele A.."
        }
      ]
    },
    {
      "palavra": "aguardavam",
      "veja tambem": [
        "aguardar"
      ],
      "ocorrencias": 1,
      "fonte": "",
      "concordancias": [
        {
          "referencia": "Zacarias 11.11",
          "texto": "os pobres do rebanho, que me Á., que isso"
        }
      ]
    },
    {
      "palavra": "aguardávamos",
      "veja tambem": [],
      "ocorrencias": 2,
      "fonte": "",
      "concordancias": [
        {
          "referencia": "Isaías 25.9",
          "texto": "este é o nosso Deus, a quem A., eele"
        },
        {
          "referencia": "Isaías 25.9",
          "texto": "salvará; este é o Senhor, a quem A.; na"
        }
      ]
    },
    {
      "palavra": "aguardei",
      "veja tambem": [
        "aguardar"
      ],
      "ocorrencias": 1,
      "fonte": "",
      "concordancias": [
        {
          "referencia": "Jó 32.11",
          "texto": "Eis que A. as vossas palavras, e dei ouvidos às"
        }
      ]
    },
    {
      "palavra": "aguardo",
      "veja tambem": [
        "aguardar"
      ],
      "ocorrencias": 1,
      "fonte": "",
      "concordancias": [
        {
          "referencia": "S1130.5",
          "texto": "A. o Senhor; a minha alma o aguarda, e espero na"
        }
      ]
    }
  ]
}