{
  "a": [
    {
      "palavra": "apedrejou",
      "veja tambem": [
        "apedrejar"
      ],
      "ocorrencias": 2,
      "fonte": "StrongsH5619סָקַל/saqal)",
      "concordancias": [
        {
          "referencia": "Josué 7.25",
          "texto": "este dia. E todo o Israel o A. com pedras, e"
        },
        {
          "referencia": "1 Reis 12.18",
          "texto": "tributos; e todo o Israel o À. com pedras e"
        }
      ]
    },
    {
      "palavra": "apegado",
      "veja tambem": [
        "apegar"
      ],
      "ocorrencias": 1,
      "fonte": "StrongsH1692ָּבַק/dabaq)",
      "concordancias": [
        {
          "referencia": "1 Samuel 26.19",
          "texto": "repelido hoje, para que eu não fique 4. à"
        }
      ]
    },
    {
      "palavra": "apegai-vos",
      "veja tambem": [
        "apegar"
      ],
      "ocorrencias": 1,
      "fonte": "StrongsH1692ָּבַק/dabaq)",
      "concordancias": [
        {
          "referencia": "Romanos 12.9",
          "texto": "seja não fingido. Aborrecei o mal e 4. ao bem."
        }
      ]
    },
    {
      "palavra": "apegando-se",
      "veja tambem": [
        "ape-"
      ],
      "ocorrencias": 1,
      "fonte": "StrongsH1692ָּבַק/dabaq)",
      "concordancias": [
        {
          "referencia": "Atos 3.11",
          "texto": "E, À. ele a Pedro e João, todo o povo correu"
        }
      ]
    },
    {
      "palavra": "apegar-se-á",
      "veja tambem": [
        "apegar"
      ],
      "ocorrencias": 1,
      "fonte": "StrongsH1692ָּבַק/dabaq)",
      "concordancias": [
        {
          "referencia": "Gênesis 2.24",
          "texto": "o seu pai e a sua mãe e À. à sua mulher,"
        }
      ]
    },
    {
      "palavra": "apegaram",
      "veja tambem": [
        "apegar"
      ],
      "ocorrencias": 2,
      "fonte": "StrongsH1692ָּבַק/dabaq)",
      "concordancias": [
        {
          "referencia": "1 Reis 9.9",
          "texto": "terra do Egito seus pa, ese À, a deuses"
        },
        {
          "referencia": "Jó 19.20",
          "texto": "Os meus ossos se À. à minha pele e à minha"
        }
      ]
    },
    {
      "palavra": "apegarei",
      "veja tambem": [
        "apegar"
      ],
      "ocorrencias": 1,
      "fonte": "StrongsH1692ָּבַק/dabaq)",
      "concordancias": [
        {
          "referencia": "Jó 27.6",
          "texto": "À minha justiça me A. e não a largarei; não me"
        }
      ]
    },
    {
      "palavra": "apego-me",
      "veja tambem": [
        "apegar"
      ],
      "ocorrencias": 1,
      "fonte": "StrongsH1692ָּבַק/dabaq)",
      "concordancias": [
        {
          "referencia": "Salmos 119.31",
          "texto": "Á. aos teus testemunhos; ó Senhor, não me confun-"
        }
      ]
    },
    {
      "palavra": "apegou",
      "veja tambem": [
        "ape-"
      ],
      "ocorrencias": 2,
      "fonte": "StrongsH1692ָּבַק/dabaq)",
      "concordancias": [
        {
          "referencia": "Rute 1.14",
          "texto": "e Orfa beijou a sua sogra; porém Rute se À, a ela."
        },
        {
          "referencia": "Jó 31.7",
          "texto": "meus olhos, e se às minhas mãos se A. alguma coisa,"
        }
      ]
    },
    {
      "palavra": "apegou-se",
      "veja tambem": [
        "apegar"
      ],
      "ocorrencias": 1,
      "fonte": "StrongsH1692ָּבַק/dabaq)",
      "concordancias": [
        {
          "referencia": "Gênesis 34.3",
          "texto": "E À. a sua alma com Diná, filha de Jacó, e"
        }
      ]
    },
    {
      "palavra": "apegue-se-me",
      "veja tambem": [
        "ape-"
      ],
      "ocorrencias": 0,
      "fonte": "StrongsH1692ָּבַק/dabaq)",
      "concordancias": []
    },
    {
      "palavra": "apelado",
      "veja tambem": [
        "apelar"
      ],
      "ocorrencias": 1,
      "fonte": "StrongsG1941/klema)",
      "concordancias": [
        {
          "referencia": "Atos 26.32",
          "texto": "este homem, se não houvera À. para César."
        }
      ]
    },
    {
      "palavra": "apelando",
      "veja tambem": [
        "apelar"
      ],
      "ocorrencias": 2,
      "fonte": "StrongsG1941/klema)",
      "concordancias": [
        {
          "referencia": "Atos 25.21",
          "texto": "Mas, A. Paulo para que fosse reservado ao"
        },
        {
          "referencia": "Atos 25.25",
          "texto": "digna de morte fizera, e À. ele mesmo"
        }
      ]
    },
    {
      "palavra": "apelar",
      "veja tambem": [
        "suplicar",
        "rogar"
      ],
      "ocorrencias": 1,
      "fonte": "StrongsG1941/klema)",
      "concordancias": [
        {
          "referencia": "Atos 28.19",
          "texto": "os judeus, foi-me forçoso À. para César, não"
        }
      ]
    },
    {
      "palavra": "apelaste",
      "veja tambem": [
        "apelar"
      ],
      "ocorrencias": 1,
      "fonte": "StrongsG1941/klema)",
      "concordancias": [
        {
          "referencia": "Atos 25.12",
          "texto": "com o conselho, respondeu: À. para César?"
        }
      ]
    },
    {
      "palavra": "apeles",
      "veja tambem": [
        "nome",
        "pessoa"
      ],
      "ocorrencias": 1,
      "fonte": "StrongsG1941/klema)",
      "concordancias": [
        {
          "referencia": "Romanos 16.10",
          "texto": "Saudaia A., aprovado em Cristo. Saudai aos da"
        }
      ]
    },
    {
      "palavra": "apelidado",
      "veja tambem": [
        "nome",
        "chamado"
      ],
      "ocorrencias": 1,
      "fonte": "StrongsG1941/klema)",
      "concordancias": [
        {
          "referencia": "Mateus 10.3",
          "texto": "Tiago, filho de Alfeu, e Lebeu, A. Tadeu;"
        }
      ]
    },
    {
      "palavra": "apelo",
      "veja tambem": [
        "apelar"
      ],
      "ocorrencias": 1,
      "fonte": "StrongsG1941/klema)",
      "concordancias": [
        {
          "referencia": "Atos 25.11",
          "texto": "ninguém me pode entregar a eles. A. para César."
        }
      ]
    },
    {
      "palavra": "apenas",
      "veja tambem": [],
      "ocorrencias": 15,
      "fonte": "",
      "concordancias": [
        {
          "referencia": "Gênesis 27.30",
          "texto": "Isaque de abençoar a Jacó, À. Jacó acabava de"
        },
        {
          "referencia": "Deuteronômio 3.28",
          "texto": "deste povo e o fará possuir a terra que À. verás."
        },
        {
          "referencia": "1 Samuel 20.3",
          "texto": "o Senhor, e vive a tua alma, que A. há um"
        },
        {
          "referencia": "Jó 20.5",
          "texto": "ea alegria dos hipócritas, Á. de um momento?"
        },
        {
          "referencia": "Jó 26.14",
          "texto": "Eis que isto são A. as orlas dos seus caminhos; e"
        },
        {
          "referencia": "Isaías 36.5",
          "texto": "e poder para a guerra são À, vås palavras; em"
        },
        {
          "referencia": "Jeremias 23.23",
          "texto": "Sou eu À. Deus de perto, diz o Senhor, e não"
        },
        {
          "referencia": "Jeremias 37.10",
          "texto": "contra vós, e ficassem deles A. homens"
        },
        {
          "referencia": "Jeremias 46.17",
          "texto": "ali: Faraó, rei do Egito, é Á. um som; deixou"
        },
        {
          "referencia": "Lucas 8.13",
          "texto": "alegria, mas, como não têm raiz, À, creem por"
        },
        {
          "referencia": "Atos 27.7",
          "texto": "havendo chegado A. defronte de"
        },
        {
          "referencia": "a 27",
          "texto": "16 pequena ilha chamada Cauda, A, pudemos ganhar"
        },
        {
          "referencia": "Romanos 5.7",
          "texto": "Porque A. alguém morrerá por um justo; pois"
        },
        {
          "referencia": "1 Coríntios 9.17",
          "texto": "prêmio; mas, se de má vontade, A. uma"
        },
        {
          "referencia": "1 Pedro 4.18",
          "texto": "E, se o justo À. se salva, onde aparecerá o ímpio"
        }
      ]
    },
    {
      "palavra": "apeou",
      "veja tambem": [],
      "ocorrencias": 2,
      "fonte": "",
      "concordancias": [
        {
          "referencia": "Josué 15.18",
          "texto": "um campo a seu pai; e ela se A. do jumento;"
        },
        {
          "referencia": "Juízes 1.14",
          "texto": "um campo a seu pai; e ela se À. do jumento,"
        }
      ]
    },
    {
      "palavra": "apercebido",
      "veja tambem": [],
      "ocorrencias": 1,
      "fonte": "",
      "concordancias": [
        {
          "referencia": "Jeremias 50.42",
          "texto": "cavalos, como um homem, A. para a"
        }
      ]
    },
    {
      "palavra": "apercebidos",
      "veja tambem": [
        "apercebido"
      ],
      "ocorrencias": 4,
      "fonte": "",
      "concordancias": [
        {
          "referencia": "Josué 8.4",
          "texto": "muito da cidade; e todos vós estareis Á.."
        },
        {
          "referencia": "Mateus 24.44",
          "texto": "Por isso, estai vós Á. também, porque o"
        },
        {
          "referencia": "Lucas 12.40",
          "texto": "Portanto, estai vós também Á.; porque virá o"
        },
        {
          "referencia": "Atos 23.21",
          "texto": "que o tenham morto; e já estão A.,"
        }
      ]
    },
    {
      "palavra": "aperfeiçoa",
      "veja tambem": [],
      "ocorrencias": 2,
      "fonte": "",
      "concordancias": [
        {
          "referencia": "Salmos 18.32",
          "texto": "é o que me cinge de força e À. o meu caminho."
        },
        {
          "referencia": "2 Coríntios 12.9",
          "texto": "basta, porque o meu poder se À. na fraqueza."
        }
      ]
    },
    {
      "palavra": "aperfeiçoado",
      "veja tambem": [],
      "ocorrencias": 1,
      "fonte": "",
      "concordancias": [
        {
          "referencia": "1 João 2.5",
          "texto": "está nele verdadeiramente A.; nisto"
        }
      ]
    },
    {
      "palavra": "aperfeiçoados",
      "veja tambem": [],
      "ocorrencias": 2,
      "fonte": "",
      "concordancias": [
        {
          "referencia": "Hebreus 1140",
          "texto": "para que eles, sem nós, não fossem Á.."
        },
        {
          "referencia": "Hebreus 12.23",
          "texto": "de todos, e aos espíritos dos justos A.;"
        }
      ]
    },
    {
      "palavra": "aperfeiçoamento",
      "veja tambem": [],
      "ocorrencias": 1,
      "fonte": "",
      "concordancias": [
        {
          "referencia": "Efésios 4.12",
          "texto": "querendo o À. dos santos, para a obra do"
        }
      ]
    },
    {
      "palavra": "aperfeiçoando",
      "veja tambem": [],
      "ocorrencias": 1,
      "fonte": "",
      "concordancias": [
        {
          "referencia": "2 Coríntios 7.1",
          "texto": "da carne e do espírito, A. a"
        }
      ]
    },
    {
      "palavra": "aperfeiçoar",
      "veja tambem": [],
      "ocorrencias": 2,
      "fonte": "",
      "concordancias": [
        {
          "referencia": "Hebreus 9.9",
          "texto": "à consciência, não podem A. aquele que"
        },
        {
          "referencia": "Hebreus 10.1",
          "texto": "se oferecem cada ano, pode A. os que a"
        }
      ]
    },
    {
      "palavra": "aperfeiçoará",
      "veja tambem": [],
      "ocorrencias": 2,
      "fonte": "",
      "concordancias": [
        {
          "referencia": "Filipenses 1.6",
          "texto": "em vós começou a boa obra a À. até ao Dia"
        },
        {
          "referencia": "1 Pedro 5.10",
          "texto": "um pouco, ele mesmo vos A,"
        }
      ]
    },
    {
      "palavra": "aperfeiçoaram",
      "veja tambem": [],
      "ocorrencias": 2,
      "fonte": "",
      "concordancias": [
        {
          "referencia": "Esdras 6.14",
          "texto": "Ido; e edificaram a casa e a À, conforme o"
        },
        {
          "referencia": "Ezequiel 27.4",
          "texto": "os que te edificaram Á, a tua formosura."
        }
      ]
    },
    {
      "palavra": "aperfeiçoavam",
      "veja tambem": [
        "aperfeiçoar"
      ],
      "ocorrencias": 1,
      "fonte": "",
      "concordancias": [
        {
          "referencia": "Ezequiel 27.11",
          "texto": "nos teus muros em redor; eles À, a tua formosura."
        }
      ]
    },
    {
      "palavra": "aperfeiçoou",
      "veja tambem": [
        "aperfeiçoar"
      ],
      "ocorrencias": 5,
      "fonte": "",
      "concordancias": [
        {
          "referencia": "1 Reis 6.9",
          "texto": "pois, edificou a casa, e a A. ecobriua"
        },
        {
          "referencia": "1 Reis 6.14",
          "texto": "Assim edificou Salomão aquela casa e a A.."
        },
        {
          "referencia": "2 Crônicas 8.16",
          "texto": "até se acabar; e assim se À. a Casa do Senhor."
        },
        {
          "referencia": "Hebreus 7.19",
          "texto": "(pois a lei nenhuma coisa A.), e desta sorte"
        },
        {
          "referencia": "Hebreus 10.14",
          "texto": "Porque, com uma só oblação, À. para sempre"
        }
      ]
    },
    {
      "palavra": "aperta",
      "veja tambem": [
        "apertar"
      ],
      "ocorrencias": 4,
      "fonte": "",
      "concordancias": [
        {
          "referencia": "Números 10.9",
          "texto": "contra o inimigo, que vos A., também tocareis"
        },
        {
          "referencia": "Amós 2.13",
          "texto": "no vosso lugar como se À, um carro cheio de ma-"
        },
        {
          "referencia": "Marcos 5.31",
          "texto": "Vês que a multidão te A., e dizes: Quem me tocou?"
        },
        {
          "referencia": "Lucas 8.45",
          "texto": "com ele: Mestre, a multidão te À, e te oprime,"
        }
      ]
    },
    {
      "palavra": "apertá-lo",
      "veja tambem": [
        "apertar"
      ],
      "ocorrencias": 1,
      "fonte": "",
      "concordancias": [
        {
          "referencia": "Lucas 11.53",
          "texto": "os escribas e os fariseus a A. fortemente e a"
        }
      ]
    },
    {
      "palavra": "apertada",
      "veja tambem": [],
      "ocorrencias": 2,
      "fonte": "",
      "concordancias": [
        {
          "referencia": "2 Reis 25.3",
          "texto": "mês, quando a cidade se via A. da fome, nem"
        },
        {
          "referencia": "Isaías 49.19",
          "texto": "destruída, te verás, agora, A. de"
        }
      ]
    },
    {
      "palavra": "apertado",
      "veja tambem": [
        "apertar"
      ],
      "ocorrencias": 3,
      "fonte": "",
      "concordancias": [
        {
          "referencia": "1 Samuel 13.6",
          "texto": "(porque o povo estava A,),o povo se"
        },
        {
          "referencia": "Jó 41.15",
          "texto": "cada uma fechada como com selo Á.."
        },
        {
          "referencia": "Mateus 7.14",
          "texto": "estreita é a porta, e Á., o caminho que"
        }
      ]
    },
    {
      "palavra": "apertados",
      "veja tambem": [
        "apertado"
      ],
      "ocorrencias": 1,
      "fonte": "",
      "concordancias": [
        {
          "referencia": "Ezequiel 23.3",
          "texto": "na sua mocidade; ali foram A. os seus"
        }
      ]
    },
    {
      "palavra": "apertando-o",
      "veja tambem": [
        "apertar"
      ],
      "ocorrencias": 1,
      "fonte": "",
      "concordancias": [
        {
          "referencia": "Le 5.1",
          "texto": "E aconteceu que, A. a multidão para ouvir a"
        }
      ]
    },
    {
      "palavra": "apertando-os",
      "veja tambem": [
        "apertar"
      ],
      "ocorrencias": 1,
      "fonte": "",
      "concordancias": [
        {
          "referencia": "Isaías 59.5",
          "texto": "dos ovos deles morrerá; e, A., sai deles"
        }
      ]
    },
    {
      "palavra": "apertará",
      "veja tambem": [],
      "ocorrencias": 2,
      "fonte": "",
      "concordancias": [
        {
          "referencia": "Deuteronômio 28.55",
          "texto": "com que o teu inimigo te A. em todas as"
        },
        {
          "referencia": "Deuteronômio 28.57",
          "texto": "com que o teu inimigo te 4, nas tuas portas."
        }
      ]
    },
    {
      "palavra": "apertaram",
      "veja tambem": [
        "apertar"
      ],
      "ocorrencias": 6,
      "fonte": "",
      "concordancias": [
        {
          "referencia": "Gênesis 19.15",
          "texto": "E, ao amanhecer, os anjos A. com Ló, dizendo:"
        },
        {
          "referencia": "Juízes 1.34",
          "texto": "E À, os amorreus aos filhos de Dã até às"
        },
        {
          "referencia": "1 Samuel 31.2",
          "texto": "E os filisteus Å. com Saul e seus filhos e os"
        },
        {
          "referencia": "2 Reis 2.17",
          "texto": "Mas eles Á. com ele, até se enfastiar; e"
        },
        {
          "referencia": "1 Crônicas 10.2",
          "texto": "E os filisteus Á. com Saul e com seus filhos e"
        },
        {
          "referencia": "Salmos 105.18",
          "texto": "cujos pés À, com grilhões e a quem puseram em fer-"
        }
      ]
    },
    {
      "palavra": "apertarei",
      "veja tambem": [
        "apertar"
      ],
      "ocorrencias": 1,
      "fonte": "",
      "concordancias": [
        {
          "referencia": "Amós 2.13",
          "texto": "Eis que eu vos A. no vosso lugar como se"
        }
      ]
    },
    {
      "palavra": "apertassem",
      "veja tambem": [
        "apertar"
      ],
      "ocorrencias": 1,
      "fonte": "",
      "concordancias": [
        {
          "referencia": "Ester 8.11",
          "texto": "povo e província que com eles Á., crianças"
        }
      ]
    },
    {
      "palavra": "apertava",
      "veja tambem": [
        "apertar"
      ],
      "ocorrencias": 2,
      "fonte": "",
      "concordancias": [
        {
          "referencia": "Daniel 3.22",
          "texto": "E, porque a palavra do rei Á., e o forno estava"
        },
        {
          "referencia": "Marcos 5.24",
          "texto": "ele, e seguia-o uma grande multidão, que o A.."
        }
      ]
    },
    {
      "palavra": "apertava-o",
      "veja tambem": [
        "apertar"
      ],
      "ocorrencias": 1,
      "fonte": "",
      "concordancias": [
        {
          "referencia": "Lucas 8.42",
          "texto": "que estava à morte. E, indo ele, À. a multidão."
        }
      ]
    },
    {
      "palavra": "apertavam",
      "veja tambem": [
        "apertar"
      ],
      "ocorrencias": 4,
      "fonte": "",
      "concordancias": [
        {
          "referencia": "Êxodo 5.13",
          "texto": "E os exatores os Á., dizendo: Acabai vossa"
        },
        {
          "referencia": "Êxodo 12.33",
          "texto": "E os egípcios À. ao povo, apressando-se para"
        },
        {
          "referencia": "Juízes 2.18",
          "texto": "seu gemido, por causa dos que os À. e oprimiam."
        },
        {
          "referencia": "2 Samuel 1.6",
          "texto": "os carros e capitães de cavalaria 4. com ele."
        }
      ]
    }
  ]
}