{
  "a": [
    {
      "palavra": "aperto",
      "veja tambem": [
        "apertar"
      ],
      "ocorrencias": 22,
      "fonte": "StrongsH4689/tsuwq)",
      "concordancias": [
        {
          "referencia": "Deuteronômio 28.53",
          "texto": "teu Deus, no cerco e no À. com que os teus"
        },
        {
          "referencia": "Deuteronômio 28.55",
          "texto": "ficou de resto no cerco e no À. com que o teu"
        },
        {
          "referencia": "Deuteronômio 28.57",
          "texto": "falta de tudo, no cerco e no À. com que o teu"
        },
        {
          "referencia": "Juízes 2.15",
          "texto": "o Senhor lho tinha jurado; e estavam em grande A.."
        },
        {
          "referencia": "Juízes 10.14",
          "texto": "que vos livrem eles no tempo do vosso A.."
        },
        {
          "referencia": "Juízes 11.7",
          "texto": "pois, agora viestes a mim, quando estais em A.?"
        },
        {
          "referencia": "1 Samuel 2.32",
          "texto": "E verás o À. da morada de Deus, em lugar de todo"
        },
        {
          "referencia": "1 Samuel 22.2",
          "texto": "homem que se achava em A., e todo homem"
        },
        {
          "referencia": "2 Crônicas 28.20",
          "texto": "da Assíria; porém o pôs em Á. e não o fortaleceu."
        },
        {
          "referencia": "Jó 36.16",
          "texto": "espaçoso, em que não há Á., e as iguarias da"
        },
        {
          "referencia": "Jó 36.19",
          "texto": "da tua força, que por isso não estivesses em A.?"
        },
        {
          "referencia": "S1116.3",
          "texto": "se apoderarar de mim; encontrei Á. e tristeza."
        },
        {
          "referencia": "Salmos 119.143",
          "texto": "Á. e angústia se apoderam de mim; não obstante,"
        },
        {
          "referencia": "Provérbios 1.27",
          "texto": "como tormenta, sobrevindo-vos A. e angústia."
        },
        {
          "referencia": "Isaías 26.16",
          "texto": "Senhor, no A., te visitaram; vindo sobre eles a"
        },
        {
          "referencia": "Isaías 29.2",
          "texto": "Contudo, porei a Arielem A., e haverá pranto e"
        },
        {
          "referencia": "Isaías 29.7",
          "texto": "ela e contra os seus muros e a puserem em A.."
        },
        {
          "referencia": "Isaías 30.20",
          "texto": "pão de angústia e água de A., mas os teus"
        },
        {
          "referencia": "Jeremias 2.27",
          "texto": "o rosto; mas, no tempo do seu A., dirão:"
        },
        {
          "referencia": "Jeremias 19.9",
          "texto": "seu próximo, no cerco e no À. em que os"
        },
        {
          "referencia": "Ezequiel 17.18",
          "texto": "o concerto, feito com A. de mão; navendo"
        },
        {
          "referencia": "Filipenses 1.23",
          "texto": "de ambos os lados estou em Á., tendo desejo de"
        }
      ]
    },
    {
      "palavra": "apertos",
      "veja tambem": [
        "aperto"
      ],
      "ocorrencias": 2,
      "fonte": "StrongsH4689/tsuwq)",
      "concordancias": [
        {
          "referencia": "S125.17",
          "texto": "coração se têm multiplicado; tira-me dos meus A.."
        },
        {
          "referencia": "S173.4",
          "texto": "Porque não há A. na sua morte, mas firme está a"
        }
      ]
    },
    {
      "palavra": "apertou",
      "veja tambem": [
        "apertar"
      ],
      "ocorrencias": 5,
      "fonte": "StrongsH4689/tsuwq)",
      "concordancias": [
        {
          "referencia": "Levítico 8.7",
          "texto": "com o cinto lavrado do éfode, e o 4. com ele."
        },
        {
          "referencia": "Números 22.25",
          "texto": "apertou-se contra a parede e À, contra a parede"
        },
        {
          "referencia": "Juízes 6.38",
          "texto": "se levantou de madrugada, e Á. o velo, e do"
        },
        {
          "referencia": "Juízes 20.42",
          "texto": "deserto; porém a peleja os Á., e os das"
        },
        {
          "referencia": "2 Crônicas 28.22",
          "texto": "E, ao tempo em que este o Å., então, ainda mais"
        }
      ]
    },
    {
      "palavra": "apertou-lhes",
      "veja tambem": [
        "apertar"
      ],
      "ocorrencias": 1,
      "fonte": "StrongsH4689/tsuwq)",
      "concordancias": [
        {
          "referencia": "Levítico 8.13",
          "texto": "e cingiu-os com o cinto, e A. as tiaras,"
        }
      ]
    },
    {
      "palavra": "apertou-se",
      "veja tambem": [
        "apertar"
      ],
      "ocorrencias": 1,
      "fonte": "StrongsH4689/tsuwq)",
      "concordancias": [
        {
          "referencia": "Números 22.25",
          "texto": "a jumenta o Anjo do Senhor, À. contra a"
        }
      ]
    },
    {
      "palavra": "apesar",
      "veja tambem": [
        "contudo",
        "todavia"
      ],
      "ocorrencias": 11,
      "fonte": "StrongsH7535q)",
      "concordancias": [
        {
          "referencia": "2 Samuel 23.5",
          "texto": "todo o meu prazer estão nele, À. de que ainda"
        },
        {
          "referencia": "Jó 13.28",
          "texto": "A. de eu ser como uma coisa podre que se consome"
        },
        {
          "referencia": "Jó 16.17",
          "texto": "A, de não haver violência nas minhas mãos e de"
        },
        {
          "referencia": "Jó 34.6",
          "texto": "A. do meu direito, sou considerado mentiroso; a"
        },
        {
          "referencia": "S1119.51",
          "texto": "grandemente de mim; Á. disso, não me"
        },
        {
          "referencia": "S1119.61",
          "texto": "de ímpios me despojaram; A. disso, eu não me"
        },
        {
          "referencia": "Isaías 25.11",
          "texto": "Senhor abaterá a sua altivez, À. da perícia das"
        },
        {
          "referencia": "Jeremias 31.32",
          "texto": "invalidaram o meu concerto, 4. de eu os haver"
        },
        {
          "referencia": "Daniel 9.13",
          "texto": "aquele mal nos sobreveio; A. disso, não"
        },
        {
          "referencia": "Mateus 26.60",
          "texto": "e não o achavam, A. de se apresentarem muitas"
        },
        {
          "referencia": "Jó 12.42",
          "texto": "A. de tudo, até muitos dos principais creram"
        }
      ]
    },
    {
      "palavra": "apetecíveis",
      "veja tambem": [
        "apetecível"
      ],
      "ocorrencias": 1,
      "fonte": "StrongsH2530ָמַד/chamad)",
      "concordancias": [
        {
          "referencia": "Naum 2.9",
          "texto": "abastança há de todo gênero de móveis Á.."
        }
      ]
    },
    {
      "palavra": "apetecível",
      "veja tambem": [
        "desejável",
        "agradável"
      ],
      "ocorrencias": 1,
      "fonte": "StrongsH2530ָמַד/chamad)",
      "concordancias": [
        {
          "referencia": "Jó 33.20",
          "texto": "abomina até o pão; e a sua alma, a comida Á.."
        }
      ]
    },
    {
      "palavra": "apetite",
      "veja tambem": [],
      "ocorrencias": 6,
      "fonte": "",
      "concordancias": [
        {
          "referencia": "S178.18",
          "texto": "coração, pedindo carne para satisfazerem o seu Á.."
        },
        {
          "referencia": "S178.30",
          "texto": "Não refrearam o seu Á.. Ainda lhes estava a"
        },
        {
          "referencia": "Eclesiastes 12.5",
          "texto": "for um peso, e perecer o A.; porque o"
        },
        {
          "referencia": "Isaías 5.14",
          "texto": "a sepultura aumentou o seu À. e abriu a boca"
        },
        {
          "referencia": "Oséias 9.4",
          "texto": "o seu pão será para o seu A.; não entrará"
        },
        {
          "referencia": "C13.5",
          "texto": "a prostituição, a impureza, o A. desordenado,"
        }
      ]
    },
    {
      "palavra": "apiedai-vos",
      "veja tambem": [
        "apiedar"
      ],
      "ocorrencias": 1,
      "fonte": "",
      "concordancias": [
        {
          "referencia": "Judas 1.22",
          "texto": "E 4. de alguns que estão duvidosos;"
        }
      ]
    },
    {
      "palavra": "apiedar-me-ei",
      "veja tambem": [
        "apiedar"
      ],
      "ocorrencias": 2,
      "fonte": "",
      "concordancias": [
        {
          "referencia": "Jeremias 30.18",
          "texto": "das tendas de Jacó e A. das suas"
        },
        {
          "referencia": "Jeremias 33.26",
          "texto": "porque removerei o seu cativeiro e Á, deles."
        }
      ]
    },
    {
      "palavra": "apiedar-se",
      "veja tambem": [
        "apiedar"
      ],
      "ocorrencias": 1,
      "fonte": "",
      "concordancias": [
        {
          "referencia": "Miquéias 7.19",
          "texto": "Tornará a Á. de nós, subjugará as nossas"
        }
      ]
    },
    {
      "palavra": "apiedará",
      "veja tambem": [
        "apie-"
      ],
      "ocorrencias": 2,
      "fonte": "",
      "concordancias": [
        {
          "referencia": "Deuteronômio 28.50",
          "texto": "para o rosto do velho, nem se 4. do moço."
        },
        {
          "referencia": "Deuteronômio 30.3",
          "texto": "voltar do teu cativeiro, ese À. de ti, e"
        }
      ]
    },
    {
      "palavra": "apiedaste",
      "veja tambem": [
        "apiedar"
      ],
      "ocorrencias": 1,
      "fonte": "",
      "concordancias": [
        {
          "referencia": "Lamentações 2.21",
          "texto": "dia da tua ira; degolaste-os e não te À, deles."
        }
      ]
    },
    {
      "palavra": "apiedou",
      "veja tambem": [],
      "ocorrencias": 3,
      "fonte": "",
      "concordancias": [
        {
          "referencia": "Lamentações 2.2",
          "texto": "moradas de Jacó e não se A.; derribou no seu"
        },
        {
          "referencia": "Lamentações 2.17",
          "texto": "derribou e não se 4.; fez que o"
        },
        {
          "referencia": "Filipenses 2.27",
          "texto": "e quase à morte, mas Deus se A. dele e não"
        }
      ]
    },
    {
      "palavra": "ápio",
      "veja tambem": [],
      "ocorrencias": 1,
      "fonte": "",
      "concordancias": [
        {
          "referencia": "Atos 28.15",
          "texto": "ao encontro à Praça de Á. e às Três Vendas, e"
        }
      ]
    },
    {
      "palavra": "aplaca",
      "veja tambem": [
        "aplacar"
      ],
      "ocorrencias": 0,
      "fonte": "",
      "concordancias": []
    },
    {
      "palavra": "aplaca-te",
      "veja tambem": [
        "aplacar"
      ],
      "ocorrencias": 1,
      "fonte": "",
      "concordancias": [
        {
          "referencia": "S190.13",
          "texto": "nós, Senhor; até quando? EA. para com os"
        }
      ]
    },
    {
      "palavra": "aplacarei",
      "veja tambem": [],
      "ocorrencias": 1,
      "fonte": "",
      "concordancias": [
        {
          "referencia": "Gênesis 32.20",
          "texto": "de nós. Porque dizia: Eu o A. como"
        }
      ]
    },
    {
      "palavra": "aplacaria",
      "veja tambem": [
        "aplacar"
      ],
      "ocorrencias": 1,
      "fonte": "",
      "concordancias": [
        {
          "referencia": "1 Samuel 29.4",
          "texto": "em adversário; porque com que A. este a seu"
        }
      ]
    },
    {
      "palavra": "aplacou",
      "veja tambem": [],
      "ocorrencias": 5,
      "fonte": "",
      "concordancias": [
        {
          "referencia": "2 Samuel 21.14",
          "texto": "ordenara; e, depois disso, Deus se À. para com"
        },
        {
          "referencia": "2 Samuel 24.25",
          "texto": "Assim, o Senhor se A. para com a terra"
        },
        {
          "referencia": "2 Crônicas 33.13",
          "texto": "e lhe fez oração, e Deus se A. para com ele, e"
        },
        {
          "referencia": "2 Crônicas 33.19",
          "texto": "a sua oração, como Deus se À. para com ele, e"
        },
        {
          "referencia": "Ester 7.10",
          "texto": "para Mardoqueu. Então, o furor do rei se Á.."
        }
      ]
    },
    {
      "palavra": "aplaina",
      "veja tambem": [
        "aplainar"
      ],
      "ocorrencias": 1,
      "fonte": "",
      "concordancias": [
        {
          "referencia": "Isaías 44.13",
          "texto": "e emprega a almagra, e A. com o cepilho, e"
        }
      ]
    },
    {
      "palavra": "aplainadas",
      "veja tambem": [
        "aplainar"
      ],
      "ocorrencias": 1,
      "fonte": "",
      "concordancias": [
        {
          "referencia": "Jeremias 18.15",
          "texto": "que andassem por veredas afastadas, não A.;"
        }
      ]
    },
    {
      "palavra": "aplainai",
      "veja tambem": [
        "aplainar"
      ],
      "ocorrencias": 3,
      "fonte": "",
      "concordancias": [
        {
          "referencia": "Isaías 57.14",
          "texto": "E dir-se-á: A., Á., preparai o caminho;"
        },
        {
          "referencia": "Isaías 62.10",
          "texto": "preparai o caminho ao povo; Á., A. a"
        },
        {
          "referencia": "Isaías 62.10",
          "texto": "o caminho ao povo; Á., A. a estrada,"
        }
      ]
    },
    {
      "palavra": "aplainará",
      "veja tambem": [
        "aplainar"
      ],
      "ocorrencias": 1,
      "fonte": "",
      "concordancias": [
        {
          "referencia": "Isaías 404",
          "texto": "torcido se endireitará, e o que é áspero se Á.."
        }
      ]
    },
    {
      "palavra": "aplana",
      "veja tambem": [],
      "ocorrencias": 2,
      "fonte": "",
      "concordancias": [
        {
          "referencia": "S15.8",
          "texto": "por causa dos meus inimigos; A. diante de mim o"
        },
        {
          "referencia": "Provérbios 5.21",
          "texto": "os olhos do Senhor, e ele A. todas as suas carreiras."
        }
      ]
    },
    {
      "palavra": "aplanados",
      "veja tambem": [],
      "ocorrencias": 1,
      "fonte": "",
      "concordancias": [
        {
          "referencia": "SI 84.5",
          "texto": "em ti, em cujo coração estão os caminhos À.,"
        }
      ]
    },
    {
      "palavra": "aplaqueis",
      "veja tambem": [
        "aplacar"
      ],
      "ocorrencias": 1,
      "fonte": "",
      "concordancias": [
        {
          "referencia": "Atos 19.36",
          "texto": "contraditado, convém que vos À. e nada façais teme-"
        }
      ]
    },
    {
      "palavra": "aplaudi",
      "veja tambem": [],
      "ocorrencias": 1,
      "fonte": "",
      "concordancias": [
        {
          "referencia": "Salmos 47.1",
          "texto": "A. com as mãos, todos os povos; cantai a Deus"
        }
      ]
    },
    {
      "palavra": "aplica",
      "veja tambem": [],
      "ocorrencias": 3,
      "fonte": "",
      "concordancias": [
        {
          "referencia": "Provérbios 22.17",
          "texto": "as palavras dos sábios, e A. o teu coração à"
        },
        {
          "referencia": "Provérbios 23.12",
          "texto": "À, à disciplina o teu coração e os teus ouvidos,"
        },
        {
          "referencia": "Jeremias 31.21",
          "texto": "levanta para ti pirâmides, A. o coração à"
        }
      ]
    },
    {
      "palavra": "aplicado",
      "veja tambem": [
        "aplicar"
      ],
      "ocorrencias": 1,
      "fonte": "",
      "concordancias": [
        {
          "referencia": "Êxodo 9.21",
          "texto": "mas aquele que não tinha A. a palavra do Senhor"
        }
      ]
    },
    {
      "palavra": "aplicai",
      "veja tambem": [
        "apli-"
      ],
      "ocorrencias": 4,
      "fonte": "",
      "concordancias": [
        {
          "referencia": "Deuteronômio 32.46",
          "texto": "disse-lhes: A. o vosso coração a todas as"
        },
        {
          "referencia": "Ageu 1.5",
          "texto": "diz o Senhor dos Exércitos: Á. o vosso coração"
        },
        {
          "referencia": "Ageu 1.7",
          "texto": "diz o Senhor dos Exércitos: A. o vosso coração"
        },
        {
          "referencia": "Ageu 2.15",
          "texto": "Agora, pois, À. o vosso coração a isso, desde"
        }
      ]
    },
    {
      "palavra": "aplicam",
      "veja tambem": [
        "aplicar"
      ],
      "ocorrencias": 1,
      "fonte": "",
      "concordancias": [
        {
          "referencia": "Eclesiastes 7.2",
          "texto": "todos os homens; e os vivos o À. ao seu coração."
        }
      ]
    },
    {
      "palavra": "aplicando",
      "veja tambem": [
        "aplicar"
      ],
      "ocorrencias": 1,
      "fonte": "",
      "concordancias": [
        {
          "referencia": "Eclesiastes 8.16",
          "texto": "A. eu o meu coração a conhecer a sabedoria e a"
        }
      ]
    },
    {
      "palavra": "aplicando-lhes",
      "veja tambem": [],
      "ocorrencias": 1,
      "fonte": "",
      "concordancias": [
        {
          "referencia": "Lucas 10.34",
          "texto": "atou-lhe as feridas, A. azeite e"
        }
      ]
    },
    {
      "palavra": "aplicar-se",
      "veja tambem": [
        "aplicar"
      ],
      "ocorrencias": 2,
      "fonte": "",
      "concordancias": [
        {
          "referencia": "Tito 3.8",
          "texto": "que creem em Deus procurem 4. às boas"
        },
        {
          "referencia": "Tito 3.14",
          "texto": "nossos aprendam também a À. às boas obras,"
        }
      ]
    },
    {
      "palavra": "aplicaram",
      "veja tambem": [
        "aplicar"
      ],
      "ocorrencias": 1,
      "fonte": "",
      "concordancias": [
        {
          "referencia": "Oséias 7.6",
          "texto": "Porque, como um forno, À. o coração,"
        }
      ]
    },
    {
      "palavra": "aplicardes",
      "veja tambem": [
        "aplicar"
      ],
      "ocorrencias": 1,
      "fonte": "",
      "concordancias": [
        {
          "referencia": "1 Coríntios 7.5",
          "texto": "por algum tempo, para vos À. à oração; e,"
        }
      ]
    },
    {
      "palavra": "aplicares",
      "veja tambem": [
        "aplicar"
      ],
      "ocorrencias": 1,
      "fonte": "",
      "concordancias": [
        {
          "referencia": "Provérbios 22.18",
          "texto": "no teu coração, se as À. todas aos teus lábios."
        }
      ]
    },
    {
      "palavra": "aplicarmos",
      "veja tambem": [
        "apli-"
      ],
      "ocorrencias": 1,
      "fonte": "",
      "concordancias": [
        {
          "referencia": "Daniel 9.13",
          "texto": "nossas iniquidades e para nos À. à tua verdade."
        }
      ]
    },
    {
      "palavra": "aplicaste",
      "veja tambem": [
        "aplicar"
      ],
      "ocorrencias": 1,
      "fonte": "",
      "concordancias": [
        {
          "referencia": "Daniel 10.12",
          "texto": "desde o primeiro dia, em que A. o teu"
        }
      ]
    }
  ]
}