{
  "a": [
    {
      "palavra": "apliquei",
      "veja tambem": [
        "aplicar"
      ],
      "ocorrencias": 5,
      "fonte": "StrongsH7896שִׁית/shith)",
      "concordancias": [
        {
          "referencia": "Eclesiastes 1.13",
          "texto": "E A. o meu coração a esquadrinhar e a"
        },
        {
          "referencia": "Eclesiastes 1.17",
          "texto": "E Á. o meu coração a conhecer a sabedoria e a"
        },
        {
          "referencia": "Eclesiastes 2.20",
          "texto": "Pelo que eu me À. a fazer que o meu coração"
        },
        {
          "referencia": "Eclesiastes 8.9",
          "texto": "Tudo isso vi quando Á. o meu coração a toda"
        },
        {
          "referencia": "1 Coríntios 4.6",
          "texto": "E eu, irmãos, Á. essas coisas, por semelhança,"
        }
      ]
    },
    {
      "palavra": "apliques",
      "veja tambem": [
        "aplique"
      ],
      "ocorrencias": 1,
      "fonte": "StrongsH7896שִׁית/shith)",
      "concordancias": [
        {
          "referencia": "Eclesiastes 7.21",
          "texto": "Tampouco Á. o teu coração a todas as palavras"
        }
      ]
    },
    {
      "palavra": "apoderam",
      "veja tambem": [
        "apoderar"
      ],
      "ocorrencias": 2,
      "fonte": "StrongsH270ָּזַז/bazaz)",
      "concordancias": [
        {
          "referencia": "Jó 27.20",
          "texto": "Pavores se 4. dele como águas; de noite, o"
        },
        {
          "referencia": "Mateus 11.12",
          "texto": "ao Reino dos céus, e pela força se À. dele."
        }
      ]
    },
    {
      "palavra": "apoderando-se",
      "veja tambem": [
        "apoderar"
      ],
      "ocorrencias": 3,
      "fonte": "StrongsH270ָּזַז/bazaz)",
      "concordancias": [
        {
          "referencia": "Mateus 21.35",
          "texto": "E os lavradores, A. dos servos, feriram"
        },
        {
          "referencia": "Mateus 22.6",
          "texto": "e, os outros, À, dos servos, os ultrajaram"
        },
        {
          "referencia": "Marcos 12.3",
          "texto": "Mas estes, A. dele, o feriram e o mandaram"
        }
      ]
    },
    {
      "palavra": "apoderar-se-á",
      "veja tambem": [],
      "ocorrencias": 3,
      "fonte": "StrongsH270ָּזַז/bazaz)",
      "concordancias": [
        {
          "referencia": "Êxodo 15.14",
          "texto": "ouvirão, eles estremecerão; Á. uma dor"
        },
        {
          "referencia": "Êxodo 15.15",
          "texto": "dos poderosos dos moabitas Á. um tremor,"
        },
        {
          "referencia": "Daniel 11.43",
          "texto": "E À. dos tesouros de ouro e de prata e de"
        }
      ]
    },
    {
      "palavra": "aborte",
      "veja tambem": [
        "aborto",
        "perder"
      ],
      "ocorrencias": 3,
      "fonte": "StrongsH5307נָפַל/nafal)",
      "concordancias": [
        {
          "referencia": "Êxodo 21.22",
          "texto": "e forem causa de que Á., porém se não"
        },
        {
          "referencia": "Êxodo 23.26",
          "texto": "Não haverá alguma que A., nem estéril na tua"
        },
        {
          "referencia": "Oséias 9.14",
          "texto": "lhes darás? Dá-lhes uma madre que À. e seios secos."
        }
      ]
    },
    {
      "palavra": "abortivo",
      "veja tambem": [
        "aborto"
      ],
      "ocorrencias": 1,
      "fonte": "StrongsG1626ktroma)",
      "concordancias": [
        {
          "referencia": "1 Coríntios 15.8",
          "texto": "de todos, me apareceu também a mim, como a um"
        }
      ]
    },
    {
      "palavra": "aborto",
      "veja tambem": [
        "morte",
        "perda"
      ],
      "ocorrencias": 2,
      "fonte": "StrongsH5307נָפַל/nafal)",
      "concordancias": [
        {
          "referencia": "Jó 3.16",
          "texto": "ou, como Á. oculto, não existiria; como as"
        },
        {
          "referencia": "Eclesiastes 6.3",
          "texto": "tiver um enterro, digo que um 4. é melhor do que ele,"
        }
      ]
    },
    {
      "palavra": "abra",
      "veja tambem": [
        "abrir"
      ],
      "ocorrencias": 2,
      "fonte": "StrongsH6605פָּתַח/pathach)",
      "concordancias": [
        {
          "referencia": "S194.13",
          "texto": "dos dias maus, até que se À. a cova para o ímpio."
        },
        {
          "referencia": "Jeremias 13.19",
          "texto": "e ninguém há que as À,; todo o Judá foi"
        }
      ]
    },
    {
      "palavra": "abra-se",
      "veja tambem": [
        "abrir"
      ],
      "ocorrencias": 1,
      "fonte": "StrongsH6605פָּתַח/pathach)",
      "concordancias": [
        {
          "referencia": "Isaías 45.8",
          "texto": "e as nuvens chovam justiça; A. a terra, e"
        }
      ]
    },
    {
      "palavra": "apoderara",
      "veja tambem": [
        "apoderar"
      ],
      "ocorrencias": 1,
      "fonte": "StrongsH270ָּזַז/bazaz)",
      "concordancias": [
        {
          "referencia": "Lucas 5.9",
          "texto": "Pois que o espanto se Á, dele e de todos os"
        }
      ]
    },
    {
      "palavra": "apoderará",
      "veja tambem": [
        "apoderar"
      ],
      "ocorrencias": 1,
      "fonte": "StrongsH270ָּזַז/bazaz)",
      "concordancias": [
        {
          "referencia": "1 Samuel 10.6",
          "texto": "E o Espírito do Senhor se 4. de ti, e"
        }
      ]
    },
    {
      "palavra": "apoderaram",
      "veja tambem": [
        "apoderar"
      ],
      "ocorrencias": 4,
      "fonte": "StrongsH270ָּזַז/bazaz)",
      "concordancias": [
        {
          "referencia": "Jó 30.16",
          "texto": "a minha alma; os dias da aflição se A, de mim."
        },
        {
          "referencia": "SI 116.3",
          "texto": "e angústias do inferno se À. de mim;"
        },
        {
          "referencia": "Isaías 21.3",
          "texto": "enfermidade; angústias se Á. de mim como as"
        },
        {
          "referencia": "Daniel 6.24",
          "texto": "da cova quando os leões se À, deles, e"
        }
      ]
    },
    {
      "palavra": "apodere",
      "veja tambem": [
        "apoderar"
      ],
      "ocorrencias": 2,
      "fonte": "StrongsH270ָּזַז/bazaz)",
      "concordancias": [
        {
          "referencia": "SI 119.133",
          "texto": "na tua palavra, e não se À. de mim iniquidade al-"
        },
        {
          "referencia": "Isaías 27.5",
          "texto": "Ou que se À, da minha força e faça paz comigo;"
        }
      ]
    },
    {
      "palavra": "apoderemo-nos",
      "veja tambem": [],
      "ocorrencias": 1,
      "fonte": "",
      "concordancias": [
        {
          "referencia": "Mateus 21.38",
          "texto": "o herdeiro; vinde, matemo-lo e À. da sua herança."
        }
      ]
    },
    {
      "palavra": "apoderou",
      "veja tambem": [
        "apoderar"
      ],
      "ocorrencias": 8,
      "fonte": "",
      "concordancias": [
        {
          "referencia": "1 Samuel 10.10",
          "texto": "eo Espírito de Deus se A. dele, e"
        },
        {
          "referencia": "1 Samuel 11.6",
          "texto": "o Espírito de Deus se A. de Saul, ouvindo"
        },
        {
          "referencia": "1 Samuel 16.13",
          "texto": "o Espírito do Senhor se Á. de Davi."
        },
        {
          "referencia": "1 Samuel 18.10",
          "texto": "espírito, da parte de Deus, se A. de Saul, e"
        },
        {
          "referencia": "Salmos 119.53",
          "texto": "Grande indignação se À. de mim, por causa dos"
        },
        {
          "referencia": "Jeremias 8.21",
          "texto": "meu povo; tido de luto; o espanto se À. de mim."
        },
        {
          "referencia": "Jeremias 50.43",
          "texto": "as suas mãos; angústia se A. dele, dores,"
        },
        {
          "referencia": "Lucas 7.16",
          "texto": "E de todos se 4. o temor e glorificavam a"
        }
      ]
    },
    {
      "palavra": "apoderou-se",
      "veja tambem": [
        "apo-"
      ],
      "ocorrencias": 1,
      "fonte": "",
      "concordancias": [
        {
          "referencia": "Miquéias 4.9",
          "texto": "rei? Pereceu o teu conselheiro? A. de ti"
        }
      ]
    },
    {
      "palavra": "apodrecer",
      "veja tambem": [],
      "ocorrencias": 1,
      "fonte": "",
      "concordancias": [
        {
          "referencia": "Jeremias 13.9",
          "texto": "Senhor: Do mesmo modo farei Á. a soberba de"
        }
      ]
    },
    {
      "palavra": "apodrecerá",
      "veja tambem": [],
      "ocorrencias": 2,
      "fonte": "",
      "concordancias": [
        {
          "referencia": "Provérbios 10.7",
          "texto": "do justo é abençoada, mas o nome dos ímpios A.."
        },
        {
          "referencia": "Zacarias 14.12",
          "texto": "olhos nas suas órbitas, e lhes A. a língua na"
        }
      ]
    },
    {
      "palavra": "apodreceu",
      "veja tambem": [
        "apodrecer"
      ],
      "ocorrencias": 1,
      "fonte": "",
      "concordancias": [
        {
          "referencia": "Joel 1.17",
          "texto": "A semente A. debaixo dos seus torrões, os"
        }
      ]
    },
    {
      "palavra": "apodrecidas",
      "veja tambem": [
        "apodrecer"
      ],
      "ocorrencias": 1,
      "fonte": "",
      "concordancias": [
        {
          "referencia": "Tiago 5.2",
          "texto": "As vossas riquezas estão Á., e as vossas"
        }
      ]
    },
    {
      "palavra": "apodrecido",
      "veja tambem": [
        "apo-"
      ],
      "ocorrencias": 1,
      "fonte": "",
      "concordancias": [
        {
          "referencia": "Je 13.7",
          "texto": "e eis que o cinto tinha A, e para nada prestava."
        }
      ]
    },
    {
      "palavra": "apodrecidos",
      "veja tambem": [
        "apodrecer"
      ],
      "ocorrencias": 1,
      "fonte": "",
      "concordancias": [
        {
          "referencia": "Jeremias 38.12",
          "texto": "estes trapos velhos e rotos, já Á., nas"
        }
      ]
    },
    {
      "palavra": "apodrecimento",
      "veja tambem": [
        "apodrecer"
      ],
      "ocorrencias": 1,
      "fonte": "",
      "concordancias": [
        {
          "referencia": "Provérbios 12.4",
          "texto": "vergonhosamente é como A. nos seus ossos."
        }
      ]
    },
    {
      "palavra": "apoiar",
      "veja tambem": [],
      "ocorrencias": 1,
      "fonte": "",
      "concordancias": [
        {
          "referencia": "Isaías 36.6",
          "texto": "no Egito, que, se alguém se À, nele, lhe"
        }
      ]
    },
    {
      "palavra": "apoiaram",
      "veja tambem": [
        "apoiar"
      ],
      "ocorrencias": 1,
      "fonte": "",
      "concordancias": [
        {
          "referencia": "1 Crônicas 11.10",
          "texto": "que Davi tinha e que o À, fortemente no seu"
        }
      ]
    },
    {
      "palavra": "apoiasse",
      "veja tambem": [
        "apoiar"
      ],
      "ocorrencias": 1,
      "fonte": "",
      "concordancias": [
        {
          "referencia": "1 Coríntios 2.5",
          "texto": "para que a vossa fé não se 4. em sabedoria dos"
        }
      ]
    },
    {
      "palavra": "apoliom",
      "veja tambem": [],
      "ocorrencias": 1,
      "fonte": "",
      "concordancias": [
        {
          "referencia": "Apocalipse 9.11",
          "texto": "em hebreu era o seu nome Abadom, e em grego, A.."
        }
      ]
    },
    {
      "palavra": "apolo",
      "veja tambem": [],
      "ocorrencias": 10,
      "fonte": "",
      "concordancias": [
        {
          "referencia": "Atos 18.24",
          "texto": "um certo judeu chamado A., natural de"
        },
        {
          "referencia": "Atos 19.1",
          "texto": "E sucedeu que, enquanto Á, estava em Corinto,"
        },
        {
          "referencia": "1 Coríntios 1.12",
          "texto": "diz: Eu sou de Paulo, e eu, de A., eeu, de"
        },
        {
          "referencia": "1 Coríntios 3.4",
          "texto": "sou de Paulo; e outro: Eu, de A.; porventura,"
        },
        {
          "referencia": "1 Coríntios 3.5",
          "texto": "Pois quem é Paulo e quem é Á., senão ministros"
        },
        {
          "referencia": "1 Coríntios 3.6",
          "texto": "Eu plantei, A. regou; mas Deus deu o crescimento."
        },
        {
          "referencia": "1 Coríntios 3.22",
          "texto": "seja Paulo, seja A., seja Cefas, seja o mundo,"
        },
        {
          "referencia": "1 Coríntios 4.6",
          "texto": "por semelhança, a mime a A., por amor de"
        },
        {
          "referencia": "1 Coríntios 16.12",
          "texto": "E, acerca do irmão Á., roguei-lhe muito que fosse"
        },
        {
          "referencia": "Tito 3.13",
          "texto": "Zenas, doutor da lei, e Á., para que nada"
        }
      ]
    },
    {
      "palavra": "apologia",
      "veja tambem": [],
      "ocorrencias": 1,
      "fonte": "",
      "concordancias": [
        {
          "referencia": "2 Coríntios 7.11",
          "texto": "fostes contristados! Que Á., que"
        }
      ]
    },
    {
      "palavra": "aponta-o",
      "veja tambem": [
        "apontar"
      ],
      "ocorrencias": 1,
      "fonte": "",
      "concordancias": [
        {
          "referencia": "Isaías 30.8",
          "texto": "em uma tábua perante eles e A. em um livro;"
        }
      ]
    },
    {
      "palavra": "apontado",
      "veja tambem": [
        "apon-"
      ],
      "ocorrencias": 2,
      "fonte": "",
      "concordancias": [
        {
          "referencia": "Êxodo 23.15",
          "texto": "te tenho ordenado, ao tempo A. no mês de"
        },
        {
          "referencia": "Êxodo 34.18",
          "texto": "te tenho ordenado, ao tempo A. do mês de"
        }
      ]
    },
    {
      "palavra": "apontando-lhe",
      "veja tambem": [
        "apontar"
      ],
      "ocorrencias": 1,
      "fonte": "",
      "concordancias": [
        {
          "referencia": "Neemias 2.6",
          "texto": "E aprouve ao rei enviar-me, Á. eu um"
        }
      ]
    },
    {
      "palavra": "apontara",
      "veja tambem": [
        "apontar"
      ],
      "ocorrencias": 1,
      "fonte": "",
      "concordancias": [
        {
          "referencia": "1 Reis 13.5",
          "texto": "o sinal que o homem de Deus A. pela palavra do Se-"
        }
      ]
    },
    {
      "palavra": "apontaram",
      "veja tambem": [
        "apontar"
      ],
      "ocorrencias": 1,
      "fonte": "",
      "concordancias": [
        {
          "referencia": "Atos 25.18",
          "texto": "os acusadores, nenhuma coisa Á. daquelas que"
        }
      ]
    },
    {
      "palavra": "apontarás",
      "veja tambem": [
        "apontar"
      ],
      "ocorrencias": 1,
      "fonte": "",
      "concordancias": [
        {
          "referencia": "S121.12",
          "texto": "tuas flechas postas nas cordas lhes A. ao rosto."
        }
      ]
    },
    {
      "palavra": "apontei-lhes",
      "veja tambem": [
        "apontar"
      ],
      "ocorrencias": 1,
      "fonte": "",
      "concordancias": [
        {
          "referencia": "1 Samuel 21.2",
          "texto": "te ordenei; quanto aos jovens, A. tal e tal lugar."
        }
      ]
    },
    {
      "palavra": "apontou",
      "veja tambem": [
        "apontar"
      ],
      "ocorrencias": 1,
      "fonte": "",
      "concordancias": [
        {
          "referencia": "Ester 5.2",
          "texto": "graça aos seus olhos; e o rei À. para Ester com"
        }
      ]
    },
    {
      "palavra": "aportamos",
      "veja tambem": [],
      "ocorrencias": 1,
      "fonte": "",
      "concordancias": [
        {
          "referencia": "Atos 20.15",
          "texto": "defronte de Quios, no outro, 4, a Samos e,"
        }
      ]
    }
  ]
}