{
  "a": [
    {
      "palavra": "apos",
      "vejatambem": [
        "seguir",
        "perseguir"
      ],
      "ocorrencias": 165,
      "fonte": "StrongsH310אַחַר/achar)",
      "concordancias": [
        {
          "referencia": "Gênesis 35.5",
          "texto": "ao redor deles, e não seguiram A. os filhos de Jacó."
        },
        {
          "referencia": "Gênesis 41.3",
          "texto": "E eis que subiam do rio À. elas outras sete vacas,"
        },
        {
          "referencia": "Gênesis 41.6",
          "texto": "e queimadas do vento oriental brotavam 4. elas."
        },
        {
          "referencia": "Gênesis 41.19",
          "texto": "outras sete vacas subiam A. estas, muito feias à"
        },
        {
          "referencia": "Gênesis 41.23",
          "texto": "e queimadas do vento oriental brotavam 4. elas."
        },
        {
          "referencia": "Êxodo 34.15",
          "texto": "terra, e não se prostituam Á, os seus deuses, nem"
        },
        {
          "referencia": "Êxodo 34.16",
          "texto": "suas filhas, prostituindo-se A. os seus deuses,"
        },
        {
          "referencia": "Êxodo 34.16",
          "texto": "também teus filhos se prostituam A. os seus deuses."
        },
        {
          "referencia": "Levítico 17.7",
          "texto": "sacrifícios aos demônios, A. os quais eles se"
        },
        {
          "referencia": "Levítico 20.5",
          "texto": "todos os que se prostituem 4. ele,"
        },
        {
          "referencia": "Levítico 20.5",
          "texto": "se prostituem A. ele, prostituindo-se A. Moloque."
        },
        {
          "referencia": "Levítico 20.6",
          "texto": "para se prostituir 4. eles, eu porei a"
        },
        {
          "referencia": "Números 9.17",
          "texto": "a tenda, os filhos de Israel À, ela partiam; e, no"
        },
        {
          "referencia": "Números 15.39",
          "texto": "e os façais; e não seguireis A, o vosso coração,"
        },
        {
          "referencia": "Números 15.39",
          "texto": "nem À. os vossos olhos, Á. os quais andais adulte-"
        },
        {
          "referencia": "Números 16.25",
          "texto": "e foi a Datãea Abirão; e A. ele foram os"
        },
        {
          "referencia": "Números 25.8",
          "texto": "e foi A. o varão israelita até à tenda e os"
        },
        {
          "referencia": "Deuteronômio 12.30",
          "texto": "que te não enlaces A. elas, depois que"
        },
        {
          "referencia": "Deuteronômio 13.2",
          "texto": "houver falado, dizendo: Vamos A. outros deuses, que"
        },
        {
          "referencia": "Deuteronômio 134",
          "texto": "A. o Senhor vosso Deus, andareis, e a ele"
        },
        {
          "referencia": "Deuteronômio 19.6",
          "texto": "vingador do sangue não vá Á. o homicida, quando se"
        },
        {
          "referencia": "Deuteronômio 25.18",
          "texto": "todos os fracos que iam 4. ti, estando tu"
        },
        {
          "referencia": "Deuteronômio 28.32",
          "texto": "os teus olhos o verão, e 4. eles desfalecerão"
        },
        {
          "referencia": "Deuteronômio 31.16",
          "texto": "e se prostituirá, indo A. os deuses dos"
        },
        {
          "referencia": "Josué 2.5",
          "texto": "aqueles homens se foram; ide A. eles depressa,"
        },
        {
          "referencia": "Josué 2.7",
          "texto": "E foram-se aqueles homens A. os espias, pelo"
        },
        {
          "referencia": "Josué 2.7",
          "texto": "fechou-se a porta, havendo saído os que iam 4. eles."
        },
        {
          "referencia": "Josué 6.9",
          "texto": "e a retaguarda seguia Á. a arca, andando e"
        },
        {
          "referencia": "Josué 8.17",
          "texto": "nem em Betel, que não saísse A. Israel; e deixaram"
        },
        {
          "referencia": "Josué 22.23",
          "texto": "altar para nos tornar de 4. o Senhor, ou para"
        },
        {
          "referencia": "Juízes 2.10",
          "texto": "seus pais, e outra geração À, eles se levantou,"
        },
        {
          "referencia": "Juízes 2.12",
          "texto": "da terra do Egito, e foram-se 4. outros deuses,"
        },
        {
          "referencia": "Juízes 2.17",
          "texto": "antes, se prostituíram A. outros deuses e"
        },
        {
          "referencia": "Juízes 2.19",
          "texto": "do que seus pais, andando 4. outros deuses,"
        },
        {
          "referencia": "Juízes 3.22",
          "texto": "entrou até à empunhadura 4. a folha, e a gordura"
        },
        {
          "referencia": "Juízes 3.28",
          "texto": "na vossa mão; e desceram A. ele, e tomaram"
        },
        {
          "referencia": "Juízes 4.10",
          "texto": "e subiu com dez mil homens A. si; e Débora subiu"
        },
        {
          "referencia": "Juízes 4.14",
          "texto": "pois, desceu do monte Tabor, e dez mil homens Á. ele."
        },
        {
          "referencia": "Juízes 4.16",
          "texto": "É Baraque os seguiu A. os carros e À, o exército,"
        },
        {
          "referencia": "Juízes 4.16",
          "texto": "os seguiu À. os carros e À. o exército, até"
        },
        {
          "referencia": "Juízes 5.14",
          "texto": "sua raiz contra Amaleque; e A. ti vinha Benjamim"
        },
        {
          "referencia": "Juízes 6.34",
          "texto": "tocou a buzina, e os abiezritas se ajuntaram Á, ele."
        },
        {
          "referencia": "Juízes 6.35",
          "texto": "que também se convocou Å. ele; também enviou"
        },
        {
          "referencia": "Juízes 8.27",
          "texto": "o Israel se prostituiu ali A. ele; e foi por"
        },
        {
          "referencia": "Juízes 8.33",
          "texto": "tornaram, e se prostituíram 4. os baalins, e"
        },
        {
          "referencia": "Juízes 9.51",
          "texto": "se acolheram a ela, e fecharam A. si as portas, e"
        },
        {
          "referencia": "Juízes 18.23",
          "texto": "E clamaram A. os filhos de Dä, os quais viraram o"
        },
        {
          "referencia": "Juízes 19.3",
          "texto": "se levantou e partiu A. ela, para lhe falar"
        },
        {
          "referencia": "Rute 1.15",
          "texto": "e aos seus deuses; volta tu também A. a tua cunhada."
        },
        {
          "referencia": "Rute 2.3",
          "texto": "e apanhava espigas no Ro A, os segadores; e"
        },
        {
          "referencia": "Rute 2.7",
          "texto": "ajuntá-las entre as gavelas A. os segadores. Assim,"
        },
        {
          "referencia": "Rute 2.9",
          "texto": "campo que segarem, e irás A. elas; não dei ordem"
        },
        {
          "referencia": "Rute 3.10",
          "texto": "do que a primeira, pois Á. nenhuns jovens"
        },
        {
          "referencia": "1 Samuel 6.7",
          "texto": "carro, e levai os seus bezerros de À. elas para casa."
        },
        {
          "referencia": "1 Samuel 7.2",
          "texto": "anos; e lamentava toda a casa de Israel A. o Senhor."
        },
        {
          "referencia": "1 Samuel 13.4",
          "texto": "Então, o povo foi convocado A. Saul em Gilgal."
        },
        {
          "referencia": "1 Samuel 17.35",
          "texto": "e eu saía A. ele, e o feria, e a livrava da sua"
        },
        {
          "referencia": "1 Samuel 24.14",
          "texto": "À, quem saiu o rei de Israel? A quem persegues? A"
        },
        {
          "referencia": "1 Samuel 25.13",
          "texto": "também Davi a sua; e sabian A, Davi uns"
        },
        {
          "referencia": "1 Samuel 25.27",
          "texto": "dê-se aos jovens que andam A. as pisadas de meu"
        },
        {
          "referencia": "1 Samuel 26.3",
          "texto": "no deserto e viu que Saul vinha A. ele ao deserto."
        },
        {
          "referencia": "2 Samuel 2.19",
          "texto": "E Asael seguiu 4. Abner e não declinou de detrás de"
        },
        {
          "referencia": "2 Samuel 2.24",
          "texto": "Joabe e Abisai seguiram Á. Abner; e pôs-se o"
        },
        {
          "referencia": "2 Samuel 13.17",
          "texto": "e disse: Deita a esta fora e fecha a porta À. ela."
        },
        {
          "referencia": "2 Samuel 13.18",
          "texto": "e seu criado a deitou fora e fechou a porta À. ela."
        },
        {
          "referencia": "2 Samuel 17.1",
          "texto": "eme levantarei e seguirei A. Davi esta noite."
        },
        {
          "referencia": "2 Samuel 18.22",
          "texto": "for, deixa-me também correr À, o cuxita. E disse"
        },
        {
          "referencia": "1 Reis 1.35",
          "texto": "Então, subireis Á. ele, e virá, e se assentará no"
        },
        {
          "referencia": "1 Reis 1.40",
          "texto": "E todo o povo subiu A. ele, e o povo tocava gaitas,"
        },
        {
          "referencia": "1 Reis 13.14",
          "texto": "E foi-se Á. o homem de Deus, e o achou assentado"
        },
        {
          "referencia": "IRs 14.8",
          "texto": "meus mandamentos e que andou Á. mim com todo"
        },
        {
          "referencia": "IRs 19.20",
          "texto": "deixou ele os bois, e correu A. Elias, e disse:"
        },
        {
          "referencia": "2 Reis 6.32",
          "texto": "não vem o ruído dos pés de seu senhor À, ele?"
        },
        {
          "referencia": "2 Reis 7.14",
          "texto": "de carro; e o rei os enviou Á. o exército dos"
        },
        {
          "referencia": "2 Reis 7.15",
          "texto": "E foram A. eles até ao Jordão, e eis que todo o"
        },
        {
          "referencia": "2 Reis 9.25",
          "texto": "que, indo eu e tu juntos a cavalo A. Acabe, seu"
        },
        {
          "referencia": "2 Reis 9.27",
          "texto": "do jardim, porém Jeú seguiu Á. ele e disse: Feri"
        },
        {
          "referencia": "2 Reis 14.19",
          "texto": "para Laquis; porém enviaram A. ele homens até"
        },
        {
          "referencia": "2 Reis 17.15",
          "texto": "contra eles; e andaram Á. a vaidade e ficaram"
        },
        {
          "referencia": "2 Reis 17.15",
          "texto": "e ficaram vãos, como também A. as nações que"
        },
        {
          "referencia": "2 Reis 18.6",
          "texto": "Senhor, não se apartou de A. ele e guardou os"
        },
        {
          "referencia": "1 Crônicas 5.25",
          "texto": "Deus de seus pais e foram A. os deuses dos povos"
        },
        {
          "referencia": "2 Crônicas 13.19",
          "texto": "E Abias seguiu A. Jeroboão e tomou a Betel com os"
        },
        {
          "referencia": "2 Crônicas 17.15",
          "texto": "e, A. ele, o chefe Joanã, e, com ele, duzentos e"
        },
        {
          "referencia": "2 Crônicas 17.16",
          "texto": "e, À. ele, Amazias, filho de Zicri, que"
        },
        {
          "referencia": "2 Crônicas 17.18",
          "texto": "e, A. ele, Jozabade, e, com ele, cento e oitenta"
        },
        {
          "referencia": "2 Crônicas 21.15",
          "texto": "tuas entranhas, por causa da enfermidade, dia A."
        },
        {
          "referencia": "2 Crônicas 24.11",
          "texto": "ao seu lugar; assim faziam dia A. dia e"
        },
        {
          "referencia": "2 Crônicas 25.27",
          "texto": "para Laquis; mas enviaram À. ele a Laquis e o"
        },
        {
          "referencia": "2 Crônicas 26.17",
          "texto": "o sacerdote Azarias entrou Á. ele, e, com ele,"
        },
        {
          "referencia": "2 Crônicas 30.21",
          "texto": "sacerdotes louvaram bem alto ao Senhor, dia À. dia."
        },
        {
          "referencia": "2 Crônicas 34.31",
          "texto": "o Senhor, para andar Á. o Senhor e para"
        },
        {
          "referencia": "2 Crônicas 34.33",
          "texto": "seus dias não se desviaram de À. o Senhor, Deus de"
        },
        {
          "referencia": "Neemias 12.32",
          "texto": "E, À. eles, ia Hosaías, e a metade dos príncipes de"
        },
        {
          "referencia": "Neemias 12.38",
          "texto": "coro ia em frente, e eu, À, ele; e a metade do"
        },
        {
          "referencia": "Ester 9.28",
          "texto": "e guardados geração A. geração, família,"
        },
        {
          "referencia": "Jó 21.33",
          "texto": "são doces, e ele arrasta À. si a todos os"
        },
        {
          "referencia": "Jó 39.10",
          "texto": "ao rego com uma corda, ou estorroará À. ti os vales?"
        },
        {
          "referencia": "Jó 41.32",
          "texto": "À. ele alumia o caminho; parece o abismo tornado em"
        },
        {
          "referencia": "S178.71",
          "texto": "De 4. as ovelhas pejadas o trouxe, para apascentar"
        },
        {
          "referencia": "Provérbios 19.7",
          "texto": "dele os seus amigos! Corre A. eles com palavras,"
        },
        {
          "referencia": "Cânticos 1.4",
          "texto": "Leva-me tu, correremos Á, ti. O rei me introduziu"
        },
        {
          "referencia": "Isaías 1.23",
          "texto": "ama os subornos e corre À. salários; não fazem"
        },
        {
          "referencia": "Isaías 65.2",
          "texto": "por caminho que não é bom, Á. os seus pensamentos;"
        },
        {
          "referencia": "Isaías 66.17",
          "texto": "purificam nos jardins uns Á. outros, os que comem"
        },
        {
          "referencia": "Jeremias 2.2",
          "texto": "desposórios, quando andavas Á. mim no deserto,"
        },
        {
          "referencia": "Jeremias 2.5",
          "texto": "se afastarem de mim, indo 4. a vaidade e"
        },
        {
          "referencia": "Jeremias 2.8",
          "texto": "por Baal e andaram A, o que é de nenhum proveito."
        },
        {
          "referencia": "Jeremias 2.23",
          "texto": "estou contaminado nem andei Á, os baalins? Vê o teu"
        },
        {
          "referencia": "Jeremias 2.25",
          "texto": "não, porque amo os estranhos e À. eles andarei."
        },
        {
          "referencia": "Jeremias 7.6",
          "texto": "neste lugar, nem andardes A. outros deuses"
        },
        {
          "referencia": "Jeremias 7.9",
          "texto": "incenso a Baal, e andareis À. outros deuses"
        },
        {
          "referencia": "Jeremias 8.2",
          "texto": "e a quem tinham servido, e A. quem tinham ido,"
        },
        {
          "referencia": "Jeremias 9.14",
          "texto": "Antes, andaram A. o propósito do seu coração e À."
        },
        {
          "referencia": "Jeremias 9.14",
          "texto": "propósito do seu coração e A. os baalins, como"
        },
        {
          "referencia": "Jeremias 9.16",
          "texto": "pais, e mandarei a espada À, eles, até que venha"
        },
        {
          "referencia": "Jeremias 11.10",
          "texto": "palavras; e eles andaram Á. deuses estranhos"
        },
        {
          "referencia": "Jeremias 12.6",
          "texto": "contigo; eles mesmos clamam Á, ti em altas vozes."
        },
        {
          "referencia": "Jeremias 13.10",
          "texto": "do seu coração e anda Å, deuses alheios,"
        },
        {
          "referencia": "Jeremias 16.11",
          "texto": "diz o Senhor, e se foram A, deuses alheios, e"
        },
        {
          "referencia": "Jeremias 16.12",
          "texto": "eis que cada um de vós anda 4. o propósito do seu"
        },
        {
          "referencia": "Jeremias 17.16",
          "texto": "apressei em ser o pastor, À, ti; nem tampouco"
        },
        {
          "referencia": "Jeremias 18.12",
          "texto": "Não há esperança, porque A. as nossas"
        },
        {
          "referencia": "Jeremias 25.6",
          "texto": "e não andeis A. deuses alheios para os servirdes e"
        },
        {
          "referencia": "Jeremias 49.37",
          "texto": "ira, diz o Senhor; e enviarei 4. eles a espada,"
        },
        {
          "referencia": "Jeremias 50.21",
          "texto": "e inteiramente destrói tudo Á. eles, diz o Senhor,"
        },
        {
          "referencia": "Ezequiel 6.9",
          "texto": "que se andaram corrompendo Á, os seus ídolos;"
        },
        {
          "referencia": "Ezequiel 9.5",
          "texto": "eu: Passai pela cidade A. ele e feri; não"
        },
        {
          "referencia": "Ezequiel 16.34",
          "texto": "tuas prostituições, pois A. ti não andam para"
        },
        {
          "referencia": "Ezequiel 20.16",
          "texto": "porque o seu coração andava À. os seus ídolos."
        },
        {
          "referencia": "Ezequiel 20.24",
          "texto": "e os seus olhos se iam A. os ídolos de seus pais."
        },
        {
          "referencia": "Ezequiel 23.30",
          "texto": "porque te prostituíste Á, os gentios e te"
        },
        {
          "referencia": "Oséias 5.8",
          "texto": "gritai altamente em Bete-Áven; A. ti, ó Benjamim."
        },
        {
          "referencia": "Oséias 5.11",
          "texto": "quebrantado no juízo, porque quis andar À, a vaidade."
        },
        {
          "referencia": "Oséias 11.10",
          "texto": "Andarão A. o Senhor; ele bramará como leão;"
        },
        {
          "referencia": "J12.14",
          "texto": "e se arrependerá, e deixará A. si uma bênção, em"
        },
        {
          "referencia": "Amós 24",
          "texto": "por suas próprias mentiras, A. as quais"
        },
        {
          "referencia": "Amós 4.3",
          "texto": "saireis pelas brechas, uma A. outra, e vos"
        },
        {
          "referencia": "Amós 7.15",
          "texto": "Mas o Senhor me tirou de A. o gado e o Senhor me"
        },
        {
          "referencia": "Mateus 3.11",
          "texto": "mas aquele que vem A. mim é mais"
        },
        {
          "referencia": "Mateus 4.19",
          "texto": "E disse-lhes: Vinde 4. mim, e eu vos farei"
        },
        {
          "referencia": "Mateus 10.38",
          "texto": "a sua cruz e não segue A. mim não é digno de mim."
        },
        {
          "referencia": "Mateus 16.24",
          "texto": "Se alguém quiser vir Å. mim, renuncie-se a"
        },
        {
          "referencia": "Marcos 1.7",
          "texto": "e pregava, dizendo: À. mim vem aquele que é mais"
        },
        {
          "referencia": "Marcos 1.17",
          "texto": "É Jesus lhes disse: Vinde A, mim, e eu farei que"
        },
        {
          "referencia": "Me 1.20",
          "texto": "pai Zebedeu no barco com os empregados, foram A."
        },
        {
          "referencia": "Marcos 8.34",
          "texto": "Se alguém quiser vir Á, mim, negue-se a"
        },
        {
          "referencia": "Marcos 14.19",
          "texto": "ea diese um Á, outro: Porventura,"
        },
        {
          "referencia": "Lucas 9.23",
          "texto": "a todos: Se alguém quer vir À. mim, negue-se a si"
        },
        {
          "referencia": "Lucas 15.4",
          "texto": "as noventa e nove e não vai A. a perdida até que"
        },
        {
          "referencia": "Lucas 19.14",
          "texto": "aborreciam-no e mandaram A. ele embaixadores,"
        },
        {
          "referencia": "Lucas 21.8",
          "texto": "eo tempo está próximo; não vades, portanto, Á. eles."
        },
        {
          "referencia": "Lucas 23.26",
          "texto": "a cruz às costas, para que a levasse À. Jesus."
        },
        {
          "referencia": "Jó 1.27",
          "texto": "Este é aquele que vem A. mim, que foi antes de mim,"
        },
        {
          "referencia": "Jó 1.30",
          "texto": "é aquele do qual eu disse: A. mim vem um homem que"
        },
        {
          "referencia": "Jó 12.19",
          "texto": "Vedes que nada aproveitais? Eis que todos vão À. ele,"
        },
        {
          "referencia": "Jó 13.27",
          "texto": "E, A. o bocado, entrou nele Satanás. Disse, pois,"
        },
        {
          "referencia": "Atos 5.37",
          "texto": "e levou muito povo Á, si; mas também"
        },
        {
          "referencia": "Atos 13.25",
          "texto": "não sou o Cristo; mas eis que A. mim vem aquele a"
        },
        {
          "referencia": "Atos 19.4",
          "texto": "ao povo que cresse no que À. ele havia de vir,"
        },
        {
          "referencia": "Atos 20.30",
          "texto": "coisas perversas, para atraírem os discípulos Å. si."
        },
        {
          "referencia": "1 Timóteo 5.15",
          "texto": "Porque já algumas se desviaram, indo A. Satanás."
        },
        {
          "referencia": "Judas 1.7",
          "texto": "corrompido como aqueles e ido 4. outra carne,"
        },
        {
          "referencia": "Apocalipse 12.4",
          "texto": "E a sua cauda levou À. si a terça parte das"
        },
        {
          "referencia": "Apocalipse 13.3",
          "texto": "foi curada; e toda a terra se maravilhou Á. a besta."
        }
      ]
    }
  ]
}