{
  "a": [
    {
      "palavra": "aposento",
      "veja tambem": [
        "quarto",
        "sala"
      ],
      "ocorrencias": 5,
      "fonte": "StrongsH2315ֶדֶר/cheder)",
      "concordancias": [
        {
          "referencia": "Ester 5.1",
          "texto": "da casa do rei, defronte do Á. do rei; e o"
        },
        {
          "referencia": "Ester 5.1",
          "texto": "real, na casa real, defronte da porta do A.."
        },
        {
          "referencia": "Mateus 6.6",
          "texto": "quando orares, entra no teu Á, e, fechando a"
        },
        {
          "referencia": "Marcos 14.14",
          "texto": "O Mestre diz: Onde está o 4. em que hei de"
        },
        {
          "referencia": "Lucas 22.11",
          "texto": "O mestre te diz: Onde está o Á, em que hei de"
        }
      ]
    },
    {
      "palavra": "aposentos",
      "veja tambem": [
        "apo-"
      ],
      "ocorrencias": 2,
      "fonte": "StrongsH2315ֶדֶר/cheder)",
      "concordancias": [
        {
          "referencia": "Jeremias 22.13",
          "texto": "com injustiça e os seus À. sem direito; que"
        },
        {
          "referencia": "Jeremias 22.14",
          "texto": "mim uma casa espaçosa e Á. largos, e lhe"
        }
      ]
    },
    {
      "palavra": "apossou",
      "veja tambem": [
        "possuir",
        "tomar"
      ],
      "ocorrencias": 3,
      "fonte": "StrongsH270ָּזַז/bazaz)",
      "concordancias": [
        {
          "referencia": "Juízes 14.6",
          "texto": "o Espírito do Senhor se 4. dele tão"
        },
        {
          "referencia": "Juízes 14.19",
          "texto": "Senhor tão possantemente se À, dele, que desceu"
        },
        {
          "referencia": "Juízes 15.14",
          "texto": "do Senhor possantemente se A. dele, e as"
        }
      ]
    },
    {
      "palavra": "apostasia",
      "veja tambem": [
        "desvio",
        "rebelião"
      ],
      "ocorrencias": 3,
      "fonte": "StrongsH4878מְשׁוּבָה/meshubah)",
      "concordancias": [
        {
          "referencia": "Jeremias 8.5",
          "texto": "povo de Jerusalém com uma Á, contínua?"
        },
        {
          "referencia": "Ezequiel 23.21",
          "texto": "trouxeste à memória a À, da tua"
        },
        {
          "referencia": "2 Tessalonicenses 2.3",
          "texto": "assim sem que antes venha a À. e se"
        }
      ]
    },
    {
      "palavra": "apostasias",
      "veja tambem": [
        "apostasia"
      ],
      "ocorrencias": 2,
      "fonte": "StrongsH4878מְשׁוּבָה/meshubah)",
      "concordancias": [
        {
          "referencia": "Jeremias 2.19",
          "texto": "te castigará, e as tuas À. te"
        },
        {
          "referencia": "Jeremias 5.6",
          "texto": "se multiplicaram, multiplicaram-se as suas Á.."
        }
      ]
    },
    {
      "palavra": "apostatando",
      "veja tambem": [
        "apostatar"
      ],
      "ocorrencias": 0,
      "fonte": "StrongsH4878מְשׁוּבָה/meshubah)",
      "concordancias": []
    },
    {
      "palavra": "apostema",
      "veja tambem": [
        "inchação",
        "tumor"
      ],
      "ocorrencias": 7,
      "fonte": "StrongsH7613ְׂאֵת/seeth)",
      "concordancias": [
        {
          "referencia": "Levítico 13.6",
          "texto": "o sacerdote o declarará limpo: A. é; e"
        },
        {
          "referencia": "Levítico 13.7",
          "texto": "Mas, se o À. na pele se estende grandemente,"
        },
        {
          "referencia": "Levítico 13.8",
          "texto": "o examinará, e eis que, se o À. na pele se tem"
        },
        {
          "referencia": "Levítico 13.19",
          "texto": "e, em lugar do Á., vier inchação branca ou"
        },
        {
          "referencia": "Levítico 13.20",
          "texto": "imundo: praga de lepra é; pelo A. brotou."
        },
        {
          "referencia": "Levítico 13.23",
          "texto": "se estendendo, inflamação do 4. é; o"
        },
        {
          "referencia": "Levítico 14.56",
          "texto": "e da inchação, e do A., e das empolas;"
        }
      ]
    },
    {
      "palavra": "apostolado",
      "veja tambem": [
        "ministério",
        "missão"
      ],
      "ocorrencias": 5,
      "fonte": "StrongsG651stolos)",
      "concordancias": [
        {
          "referencia": "Atos 1.25",
          "texto": "parte neste ministério e Á., de que Judas"
        },
        {
          "referencia": "Romanos 1.5",
          "texto": "qual recebemos a graça e o Á., para a"
        },
        {
          "referencia": "1 Coríntios 9.2",
          "texto": "porque vós sois o selo do meu À, no Senhor."
        },
        {
          "referencia": "2 Coríntios 12.12",
          "texto": "Os sinais do meu À. foram manifestados entre"
        },
        {
          "referencia": "Gálatas 2.8",
          "texto": "em Pedro para o À. da circuncisão,"
        }
      ]
    },
    {
      "palavra": "apostolos",
      "veja tambem": [
        "apóstolo"
      ],
      "ocorrencias": 57,
      "fonte": "StrongsG652stolos)",
      "concordancias": [
        {
          "referencia": "Mateus 10.2",
          "texto": "Ora, os nomes dos doze À. são estes: O"
        },
        {
          "referencia": "Marcos 6.30",
          "texto": "E os À. ajuntaram-se a Jesus e contaram-lhe"
        },
        {
          "referencia": "Lucas 6.13",
          "texto": "doze deles, a quem também deu o nome de A.:"
        },
        {
          "referencia": "Lucas 9.10",
          "texto": "E, regressando os A., contaram-lhe tudo o que"
        },
        {
          "referencia": "Lucas 1149",
          "texto": "de Deus: Profetas e 4. lhes mandarei;"
        },
        {
          "referencia": "Lucas 17.5",
          "texto": "Disseram, então, os À. ao Senhor:"
        },
        {
          "referencia": "Lucas 22.14",
          "texto": "a hora, pôs-se à mesa, e, com ele, os doze A.."
        },
        {
          "referencia": "Lucas 24.10",
          "texto": "elas estavam as que diziam estas coisas aos Á.."
        },
        {
          "referencia": "Atos 1.2",
          "texto": "pelo Espírito Santo, aos A. que escolhera;"
        },
        {
          "referencia": "Atos 1.26",
          "texto": "E, por voto comum, foi contado com os onze Á.."
        },
        {
          "referencia": "Atos 2.37",
          "texto": "a Pedro e aos demais A.: Que faremos,"
        },
        {
          "referencia": "Atos 2.43",
          "texto": "e muitas maravilhas e sinais se faziam pelos A.."
        },
        {
          "referencia": "Atos 4.33",
          "texto": "E os À. davam, com grande poder, testemunho da"
        },
        {
          "referencia": "Atos 4.34",
          "texto": "que fora vendido e o depositavam aos pés dos A.."
        },
        {
          "referencia": "Atos 4.36",
          "texto": "José, cognominado, pelos Á., Barnabé"
        },
        {
          "referencia": "Atos 4.37",
          "texto": "e trouxe o preço, e o depositou aos pés dos Á.."
        },
        {
          "referencia": "Atos 5.2",
          "texto": "levando uma parte, a depositou aos pés dos Á.."
        },
        {
          "referencia": "Atos 5.12",
          "texto": "o povo pelas mãos dos A.. E estavam todos"
        },
        {
          "referencia": "Atos 5.18",
          "texto": "e lançaram mão dos Á., e os puseram na prisão pú-"
        },
        {
          "referencia": "Atos 5.29",
          "texto": "respondendo Pedro e os A., disseram: Mais"
        },
        {
          "referencia": "Atos 5.34",
          "texto": "que, por um pouco, levassem para fora os À,;"
        },
        {
          "referencia": "Atos 5.40",
          "texto": "com ele. E, chamando os 4. e tendo-os"
        },
        {
          "referencia": "Atos 6.6",
          "texto": "e os apresentaram ante os Á., e estes, orando,"
        },
        {
          "referencia": "Atos 8.1",
          "texto": "terras da Judeia e da Samaria, exceto os Å.."
        },
        {
          "referencia": "Atos 8.18",
          "texto": "pela imposição das mãos dos Á. era dado o"
        },
        {
          "referencia": "Atos 9.27",
          "texto": "consigo, o trouxe aos À, e lhes contou"
        },
        {
          "referencia": "Atos 11.1",
          "texto": "E ouviram os À. e os irmãos que estavam na"
        },
        {
          "referencia": "Atos 14.4",
          "texto": "uns eram pelos judeus, e outros, pelos A.."
        },
        {
          "referencia": "Atos 14.14",
          "texto": "Ouvindo, porém, isto os À, Barnabé e Paulo,"
        },
        {
          "referencia": "Atos 15.2",
          "texto": "subissem a Jerusalém aos A, e aos anciãos"
        },
        {
          "referencia": "Atos 154",
          "texto": "pela igreja e pelos À, e anciãos e"
        },
        {
          "referencia": "Atos 15.6",
          "texto": "Congregaram-se, pois, os Á. e os anciãos para"
        },
        {
          "referencia": "Atos 15.22",
          "texto": "Então, pareceu bem aos 4. e aos anciãos, com"
        },
        {
          "referencia": "Atos 15.23",
          "texto": "escreveram o seguinte: Os A., e os anciãos,"
        },
        {
          "referencia": "Atos 15.33",
          "texto": "os irmãos os deixaram voltar em paz para os Á.,"
        },
        {
          "referencia": "Atos 16.4",
          "texto": "sido estabelecidos pelos A. e anciãos em Jerusalém,"
        },
        {
          "referencia": "Romanos 16.7",
          "texto": "se distinguiram entre os A. e que foram"
        },
        {
          "referencia": "1 Coríntios 4.9",
          "texto": "para mim que Deus a nós, Á., nos pôs por"
        },
        {
          "referencia": "1 Coríntios 9.5",
          "texto": "irmã, como também os demais Á., e os irmãos do"
        },
        {
          "referencia": "1 Coríntios 12.28",
          "texto": "na igreja, primeiramente, Á., em segundo"
        },
        {
          "referencia": "1 Coríntios 12.29",
          "texto": "Porventura, são todos A.? São todos profetas?"
        },
        {
          "referencia": "1 Coríntios 15.7",
          "texto": "foi visto por Tiago, depois, por todos os À."
        },
        {
          "referencia": "1 Coríntios 15.9",
          "texto": "Porque eu sou o menor dos Á., que não sou"
        },
        {
          "referencia": "2 Coríntios 11.5",
          "texto": "que em nada fui inferior aos mais excelentes Á.."
        },
        {
          "referencia": "2 Coríntios 11.13",
          "texto": "Porque tais falsos A. são obreiros"
        },
        {
          "referencia": "2 Coríntios 12.11",
          "texto": "inferior aos mais excelentes A., ainda que"
        },
        {
          "referencia": "Gálatas 1.17",
          "texto": "os que já antes de mim eram A., mas parti para"
        },
        {
          "referencia": "Gálatas 1.19",
          "texto": "não vi a nenhum outro dos A., senão a Tiago,"
        },
        {
          "referencia": "Efésios 2.20",
          "texto": "sobre o fundamento dos Å, e dos profetas,"
        },
        {
          "referencia": "Efésios 3.5",
          "texto": "pelo Espírito aos seus santos A. e profetas,"
        },
        {
          "referencia": "Efésios 4.11",
          "texto": "E ele mesmo deu uns para A., e outros para"
        },
        {
          "referencia": "1 Tessalonicenses 2.6",
          "texto": "ainda que podíamos, como À, de Cristo,"
        },
        {
          "referencia": "2 Pedro 3.2",
          "texto": "do Senhor e Salvador, mediante os vossos A.,"
        },
        {
          "referencia": "Judas 1.17",
          "texto": "que vos foram preditas pelos Á. de nosso"
        },
        {
          "referencia": "Apocalipse 2.2",
          "texto": "à prova os que dizem ser À. e o não são"
        },
        {
          "referencia": "Apocalipse 18.20",
          "texto": "ela, ó céu, e vós, santos A. e profetas,"
        },
        {
          "referencia": "Apocalipse 21.14",
          "texto": "e, neles, os nomes dos doze À. do Cordeiro."
        }
      ]
    },
    {
      "palavra": "apraz",
      "veja tambem": [],
      "ocorrencias": 7,
      "fonte": "",
      "concordancias": [
        {
          "referencia": "1 Reis 21.6",
          "texto": "vinha por dinheiro; ou, sete Á., te darei"
        },
        {
          "referencia": "S1115.3",
          "texto": "o nosso Deus está nos céus e faz tudo o que lhe A.."
        },
        {
          "referencia": "Isaías 44.28",
          "texto": "e cumprirá tudo o que me A.; dizendo também a"
        },
        {
          "referencia": "Isaías 55.11",
          "texto": "vazia; antes, fará o que me Á. e prosperará"
        },
        {
          "referencia": "Jeremias 40.4",
          "texto": "sobre as tuas mãos. Se te À, vir comigo para"
        },
        {
          "referencia": "Jeremias 40.4",
          "texto": "e eu velarei por-ti; mas, se te não À. vir comigo"
        },
        {
          "referencia": "Daniel 11.30",
          "texto": "concerto, e fará como lhe Á,; e ainda voltará"
        }
      ]
    },
    {
      "palavra": "aprazados",
      "veja tambem": [],
      "ocorrencias": 1,
      "fonte": "",
      "concordancias": [
        {
          "referencia": "1 Samuel 13.11",
          "texto": "mim, e tu não vinhas nos dias A., eos"
        }
      ]
    },
    {
      "palavra": "aprazíveis",
      "veja tambem": [],
      "ocorrencias": 4,
      "fonte": "",
      "concordancias": [
        {
          "referencia": "Provérbios 15.26",
          "texto": "do mau, mas as palavras dos limpos são A.."
        },
        {
          "referencia": "Isaías 30.10",
          "texto": "o que é reto; dizei-nos coisas À. e tende"
        },
        {
          "referencia": "Isaías 54.12",
          "texto": "rubins, e todos os teus termos, de pedras A.."
        },
        {
          "referencia": "Isaías 64.11",
          "texto": "e todas as nossas coisas mais À. se tornaram"
        }
      ]
    }
  ]
}