{
  "a": [
    {
      "palavra": "aprazível",
      "veja tambem": [
        "agradável",
        "formoso"
      ],
      "ocorrencias": 8,
      "fonte": "StrongsH5273נָעִים/naim)",
      "concordancias": [
        {
          "referencia": "2 Samuel 14.25",
          "texto": "Israel homem tão belo e tão A. como Absalão;"
        },
        {
          "referencia": "1 Reis 20.6",
          "texto": "e há de ser que tudo o que for 4. aos teus"
        },
        {
          "referencia": "Provérbios 11.16",
          "texto": "A mulher A, guarda a honra, como os violentos"
        },
        {
          "referencia": "Cânticos 2.14",
          "texto": "voz, porque a tua voz é doce, e a tua face, Á.."
        },
        {
          "referencia": "Cânticos 6.4",
          "texto": "és, amiga minha, como Tirza, Á. como"
        },
        {
          "referencia": "Cânticos 7.6",
          "texto": "Quão formosa e quão Á. és, ó amor em delícias!"
        },
        {
          "referencia": "Isaías 58.5",
          "texto": "Chamarias tu a isso jejum e dia A. ao Senhor?"
        },
        {
          "referencia": "Filipenses 4.18",
          "texto": "de suavidade e sacrifício agradável e A, a Deus."
        }
      ]
    },
    {
      "palavra": "aprazivelmente",
      "veja tambem": [
        "aprazível"
      ],
      "ocorrencias": 1,
      "fonte": "StrongsH5273נָעִים/naim)",
      "concordancias": [
        {
          "referencia": "Cânticos 8.5",
          "texto": "e vem encostada tão À, ao seu"
        }
      ]
    },
    {
      "palavra": "apreensivos",
      "veja tambem": [
        "ansioso",
        "preocupado"
      ],
      "ocorrencias": 1,
      "fonte": "StrongsG3309έω/merimnao)",
      "concordancias": [
        {
          "referencia": "Lucas 12.22",
          "texto": "vos digo: não estejais A. pela vossa"
        }
      ]
    },
    {
      "palavra": "apregoa",
      "veja tambem": [
        "apregoar"
      ],
      "ocorrencias": 6,
      "fonte": "StrongsH7121א/qara)",
      "concordancias": [
        {
          "referencia": "Juízes 7.3",
          "texto": "Agora, pois, Á. aos ouvidos do povo, dizendo:"
        },
        {
          "referencia": "Provérbios 20.6",
          "texto": "Cada qual entre os homens A. a sua bondade; mas"
        },
        {
          "referencia": "Jeremias 3.12",
          "texto": "Vai, pois, e À. estas palavras para a banda do"
        },
        {
          "referencia": "Jeremias 4.20",
          "texto": "sobre quebranto se A., porque já toda a"
        },
        {
          "referencia": "Jeremias 11.6",
          "texto": "E disse-me o Senhor: À. todas estas palavras nas"
        },
        {
          "referencia": "Jeremias 19.2",
          "texto": "à entrada da Porta do Sol, e À. ali as palavras"
        }
      ]
    },
    {
      "palavra": "apregoada",
      "veja tambem": [
        "apregoar"
      ],
      "ocorrencias": 1,
      "fonte": "StrongsH7121א/qara)",
      "concordancias": [
        {
          "referencia": "Deuteronômio 15.2",
          "texto": "ou do seu irmão, pois a remissão do Senhor é A.."
        }
      ]
    },
    {
      "palavra": "apregoado",
      "veja tambem": [
        "apregoar"
      ],
      "ocorrencias": 1,
      "fonte": "StrongsH7121א/qara)",
      "concordancias": [
        {
          "referencia": "Lucas 12.3",
          "texto": "ao ouvido no gabinete sobre os telhados será Á.."
        }
      ]
    },
    {
      "palavra": "apregoai",
      "veja tambem": [
        "apregoar"
      ],
      "ocorrencias": 3,
      "fonte": "StrongsH7121א/qara)",
      "concordancias": [
        {
          "referencia": "IRs 21.9",
          "texto": "nas cartas, dizendo: A. um jejum e"
        },
        {
          "referencia": "Ji 1.14",
          "texto": "Santificai um jejum, A. um dia de proibição,"
        },
        {
          "referencia": "Amós 4.5",
          "texto": "do que é levedado, e À. sacrifícios"
        }
      ]
    },
    {
      "palavra": "apregoando",
      "veja tambem": [
        "apregoar"
      ],
      "ocorrencias": 2,
      "fonte": "StrongsH7121א/qara)",
      "concordancias": [
        {
          "referencia": "Jeremias 34.15",
          "texto": "o que é reto aos meus olhos, 4. liberdade"
        },
        {
          "referencia": "Lucas 8.39",
          "texto": "te fez Deus. E ele foi À, por toda a"
        }
      ]
    },
    {
      "palavra": "apregoar",
      "veja tambem": [
        "proclamar",
        "anunciar"
      ],
      "ocorrencias": 5,
      "fonte": "StrongsH7121א/qara)",
      "concordancias": [
        {
          "referencia": "1 Reis 15.22",
          "texto": "Então, o rei Asa fez À, por toda a Judá que"
        },
        {
          "referencia": "Isaías 61.2",
          "texto": "a À. o ano aceitável do Senhor e o dia da"
        },
        {
          "referencia": "Jeremias 34.8",
          "texto": "que havia em Jerusalém, para lhes A. a liberdade:"
        },
        {
          "referencia": "Marcos 1.45",
          "texto": "tendo ele saído, começou a À. muitas coisas e"
        },
        {
          "referencia": "Lucas 4.19",
          "texto": "a A. liberdade aos cativos, a dar vista aos"
        }
      ]
    },
    {
      "palavra": "apregoar-lhe-ás",
      "veja tambem": [
        "apregoar"
      ],
      "ocorrencias": 1,
      "fonte": "StrongsH7121א/qara)",
      "concordancias": [
        {
          "referencia": "Deuteronômio 20.10",
          "texto": "a alguma cidade a combatê-la, A. a paz."
        }
      ]
    },
    {
      "palavra": "apregoara",
      "veja tambem": [
        "apre-"
      ],
      "ocorrencias": 1,
      "fonte": "StrongsH7121א/qara)",
      "concordancias": [
        {
          "referencia": "2 Reis 23.16",
          "texto": "conforme a palavra do Senhor, que A. o homem"
        }
      ]
    },
    {
      "palavra": "apregoaram",
      "veja tambem": [
        "apregoar"
      ],
      "ocorrencias": 3,
      "fonte": "StrongsH7121א/qara)",
      "concordancias": [
        {
          "referencia": "1 Reis 21.12",
          "texto": "A. um jejum e puseram Nabote acima do povo."
        },
        {
          "referencia": "2 Reis 10.20",
          "texto": "Consagrai a Baal uma assembleia solene. E a A.."
        },
        {
          "referencia": "Jeremias 36.9",
          "texto": "rei de Judá, no mês nono, que A. jejum"
        }
      ]
    },
    {
      "palavra": "apregoardes",
      "veja tambem": [
        "apre-"
      ],
      "ocorrencias": 1,
      "fonte": "StrongsH7121א/qara)",
      "concordancias": [
        {
          "referencia": "Jeremias 34.17",
          "texto": "não me ouvistes a mim, para Á. a"
        }
      ]
    },
    {
      "palavra": "apregoarei",
      "veja tambem": [
        "apregoar"
      ],
      "ocorrencias": 2,
      "fonte": "StrongsH7121א/qara)",
      "concordancias": [
        {
          "referencia": "Êxodo 33.19",
          "texto": "bondade por diante de ti e A. o nome do"
        },
        {
          "referencia": "Deuteronômio 32.3",
          "texto": "Porque A. o nome do Senhor; dai grandeza a"
        }
      ]
    },
    {
      "palavra": "apregoaste",
      "veja tambem": [
        "apre-"
      ],
      "ocorrencias": 1,
      "fonte": "StrongsH7121א/qara)",
      "concordancias": [
        {
          "referencia": "Lamentações 1.21",
          "texto": "mas, em trazendo tu o dia que Á., serão"
        }
      ]
    },
    {
      "palavra": "apregoava",
      "veja tambem": [
        "apre-"
      ],
      "ocorrencias": 1,
      "fonte": "StrongsH7121א/qara)",
      "concordancias": [
        {
          "referencia": "Daniel 3.4",
          "texto": "E o arauto Á. em alta voz: Ordena-se a vós, ó"
        }
      ]
    },
    {
      "palavra": "apregoe-se",
      "veja tambem": [
        "apregoar"
      ],
      "ocorrencias": 1,
      "fonte": "StrongsH7121א/qara)",
      "concordancias": [
        {
          "referencia": "Ester 6.9",
          "texto": "cavalo pelas ruas da cidade, e A. diante"
        }
      ]
    },
    {
      "palavra": "apregoei",
      "veja tambem": [
        "apregoar"
      ],
      "ocorrencias": 2,
      "fonte": "StrongsH7121א/qara)",
      "concordancias": [
        {
          "referencia": "Esdras 8.21",
          "texto": "Então, A. ali um jejum junto ao rio Aava, para"
        },
        {
          "referencia": "S140.10",
          "texto": "dentro do meu coração; À. a tua fidelidade"
        }
      ]
    },
    {
      "palavra": "apregoo",
      "veja tambem": [
        "apregoar"
      ],
      "ocorrencias": 1,
      "fonte": "StrongsH7121א/qara)",
      "concordancias": [
        {
          "referencia": "Jeremias 34.17",
          "texto": "próximo; pois eis que eu vos Á. a liberdade,"
        }
      ]
    },
    {
      "palavra": "apregoou",
      "veja tambem": [
        "apregoar"
      ],
      "ocorrencias": 7,
      "fonte": "StrongsH7121א/qara)",
      "concordancias": [
        {
          "referencia": "Êxodo 32.5",
          "texto": "um altar diante dele; e Arão A. e disse:"
        },
        {
          "referencia": "Êxodo 34.5",
          "texto": "pós ali junto a ele; e ele A. o nome do Senhor."
        },
        {
          "referencia": "e 23.16",
          "texto": "apregoara o homem de Deus, quando A. estas pa-"
        },
        {
          "referencia": "2 Reis 23.17",
          "texto": "de Deus que veio de Judá, e A. estas coisas"
        },
        {
          "referencia": "2 Crônicas 20.3",
          "texto": "pôs-se a buscar o Senhor; e À. jejum em todo o Judá."
        },
        {
          "referencia": "Ester 6.11",
          "texto": "pelas ruas da cidade, e A. diante dele:"
        },
        {
          "referencia": "Lamentações 1.15",
          "texto": "valentes no meio de mim; Á. contra mim um"
        }
      ]
    },
    {
      "palavra": "aprenda",
      "veja tambem": [
        "aprender"
      ],
      "ocorrencias": 3,
      "fonte": "",
      "concordancias": [
        {
          "referencia": "Deuteronômio 17.19",
          "texto": "dias da sua vida, para que À, a temer ao"
        },
        {
          "referencia": "S1119.73",
          "texto": "dá-me inteligência para que A. os teus mandamen-"
        },
        {
          "referencia": "1 Timóteo 2.11",
          "texto": "A mulher A. em silêncio, com toda a sujeição."
        }
      ]
    },
    {
      "palavra": "aprendais",
      "veja tambem": [
        "aprender"
      ],
      "ocorrencias": 2,
      "fonte": "",
      "concordancias": [
        {
          "referencia": "Jeremias 10.2",
          "texto": "Assim diz o Senhor: Não À. o caminho das"
        },
        {
          "referencia": "1 Coríntios 4.6",
          "texto": "por amor de vós, para que, em nós, Á. a não ir"
        }
      ]
    },
    {
      "palavra": "aprendam",
      "veja tambem": [
        "aprender"
      ],
      "ocorrencias": 6,
      "fonte": "",
      "concordancias": [
        {
          "referencia": "Deuteronômio 31.12",
          "texto": "tuas portas, para que ouçam, e Á., etemam ao"
        },
        {
          "referencia": "Deuteronômio 31.13",
          "texto": "que a não souberem ouçam e À, a temer ao"
        },
        {
          "referencia": "1 Coríntios 14.31",
          "texto": "dos outros, para que todos A. e todos sejam con-"
        },
        {
          "referencia": "1 Timóteo 1.20",
          "texto": "entreguei a Satanás, para que A. a não blasfemar."
        },
        {
          "referencia": "1 Timóteo 5.4",
          "texto": "viúva tiver filhos ou netos, A primeiro a"
        },
        {
          "referencia": "Tito 3.14",
          "texto": "E os nossos À, também a aplicar-se às boas"
        }
      ]
    },
    {
      "palavra": "aprendas",
      "veja tambem": [
        "aprender"
      ],
      "ocorrencias": 2,
      "fonte": "",
      "concordancias": [
        {
          "referencia": "Deuteronômio 14.23",
          "texto": "e das tuas ovelhas; para que Á. a temer ao"
        },
        {
          "referencia": "Provérbios 22.25",
          "texto": "para que não A. as suas veredas e tomes um laço"
        }
      ]
    },
    {
      "palavra": "aprende",
      "veja tambem": [
        "aprender"
      ],
      "ocorrencias": 1,
      "fonte": "",
      "concordancias": [
        {
          "referencia": "Isaías 26.10",
          "texto": "ao ímpio, nem por isso Á. a justiça; até na"
        }
      ]
    },
    {
      "palavra": "aprendem",
      "veja tambem": [
        "aprender"
      ],
      "ocorrencias": 4,
      "fonte": "",
      "concordancias": [
        {
          "referencia": "Isaías 26.9",
          "texto": "na terra, os moradores do mundo Á. justiça."
        },
        {
          "referencia": "Isaías 504",
          "texto": "o ouvido para que ouça como aqueles que A.."
        },
        {
          "referencia": "1 Timóteo 5.13",
          "texto": "E, além disto, Á. também a andar ociosas de"
        },
        {
          "referencia": "2 Timóteo 3.7",
          "texto": "que À. sempre e nunca podem chegar ao"
        }
      ]
    },
    {
      "palavra": "aprender",
      "veja tambem": [],
      "ocorrencias": 2,
      "fonte": "",
      "concordancias": [
        {
          "referencia": "1 Coríntios 14.35",
          "texto": "E, se querem A. alguma coisa, interroguem em"
        },
        {
          "referencia": "Apocalipse 14.3",
          "texto": "anciãos; e ninguém podia Á. aquele cântico,"
        }
      ]
    },
    {
      "palavra": "aprenderá",
      "veja tambem": [
        "aprender"
      ],
      "ocorrencias": 1,
      "fonte": "",
      "concordancias": [
        {
          "referencia": "Provérbios 19.25",
          "texto": "aviso; repreende ao sábio, e 4. conhecimento."
        }
      ]
    },
    {
      "palavra": "aprenderam",
      "veja tambem": [
        "apren-"
      ],
      "ocorrencias": 0,
      "fonte": "",
      "concordancias": []
    },
    {
      "palavra": "aprenderás",
      "veja tambem": [
        "apren-"
      ],
      "ocorrencias": 1,
      "fonte": "",
      "concordancias": [
        {
          "referencia": "Deuteronômio 18.9",
          "texto": "Senhor, teu Deus, te der, não Á. a fazer"
        }
      ]
    },
    {
      "palavra": "aprenderem",
      "veja tambem": [],
      "ocorrencias": 1,
      "fonte": "",
      "concordancias": [
        {
          "referencia": "Jeremias 12.16",
          "texto": "será que, se diligentemente A, os caminhos do"
        }
      ]
    },
    {
      "palavra": "aprendesse",
      "veja tambem": [
        "apren-"
      ],
      "ocorrencias": 0,
      "fonte": "",
      "concordancias": []
    },
    {
      "palavra": "aprendeste",
      "veja tambem": [
        "apren-"
      ],
      "ocorrencias": 1,
      "fonte": "",
      "concordancias": [
        {
          "referencia": "2 Timóteo 3.14",
          "texto": "porém, permanece naquilo que 4. e de que"
        }
      ]
    },
    {
      "palavra": "aprendestes",
      "veja tambem": [
        "aprender"
      ],
      "ocorrencias": 4,
      "fonte": "",
      "concordancias": [
        {
          "referencia": "Romanos 16.17",
          "texto": "contra a doutrina que A.; desviai-vos deles."
        },
        {
          "referencia": "Efésios 4.20",
          "texto": "Mas vós não Á. assim a Cristo,"
        },
        {
          "referencia": "Filipenses 4.90",
          "texto": "que também A., e recebestes, e ouvistes, e"
        },
        {
          "referencia": "d 1.7",
          "texto": "como Á. de Epafras, nosso amado conservo,"
        }
      ]
    },
    {
      "palavra": "aprendeu",
      "veja tambem": [
        "aprender"
      ],
      "ocorrencias": 4,
      "fonte": "",
      "concordancias": [
        {
          "referencia": "Ezequiel 19.3",
          "texto": "qual veio a ser leãozinho e A. a apanhar a"
        },
        {
          "referencia": "Ezequiel 19.6",
          "texto": "veio a ser um leãozinho, e 4. a apanhar a"
        },
        {
          "referencia": "Jó 6.45",
          "texto": "todo aquele que do Pai ouviu e Á. vem a mim."
        },
        {
          "referencia": "Hebreus 5.8",
          "texto": "Ainda que era Filho, Á. a obediência, por"
        }
      ]
    },
    {
      "palavra": "aprendi",
      "veja tambem": [
        "aprender"
      ],
      "ocorrencias": 3,
      "fonte": "",
      "concordancias": [
        {
          "referencia": "Provérbios 30.3",
          "texto": "nem Á. a sabedoria, nem tenho o conhecimento do"
        },
        {
          "referencia": "Gálatas 1.12",
          "texto": "porque não o recebi, nem A, de homem algum, mas"
        },
        {
          "referencia": "Filipenses 4.11",
          "texto": "por necessidade, porque já Á. a contentar-me"
        }
      ]
    },
    {
      "palavra": "aprendido",
      "veja tambem": [
        "aprender"
      ],
      "ocorrencias": 2,
      "fonte": "",
      "concordancias": [
        {
          "referencia": "Jó 7.15",
          "texto": "dizendo: Como sabe este letras, não as tendo A.?"
        },
        {
          "referencia": "2 Timóteo 3.14",
          "texto": "que foste inteirado, sabendo de quem o tens Á.."
        }
      ]
    },
    {
      "palavra": "apresenta",
      "veja tambem": [],
      "ocorrencias": 3,
      "fonte": "",
      "concordancias": [
        {
          "referencia": "Isaías 43.26",
          "texto": "em juízo juntamente; Á. as tuas"
        },
        {
          "referencia": "Mateus 5.24",
          "texto": "com teu irmão, e depois vem, e A. a tua oferta."
        },
        {
          "referencia": "Mateus 8.4",
          "texto": "vai, mostra-te ao sacerdote e À, a oferta"
        }
      ]
    },
    {
      "palavra": "apresentá-lo",
      "veja tambem": [
        "apre-"
      ],
      "ocorrencias": 1,
      "fonte": "",
      "concordancias": [
        {
          "referencia": "Atos 12.4",
          "texto": "para que o guardassem, querendo Á. ao povo"
        }
      ]
    },
    {
      "palavra": "apresenta-o",
      "veja tambem": [
        "apresentar"
      ],
      "ocorrencias": 1,
      "fonte": "",
      "concordancias": [
        {
          "referencia": "MI 1.8",
          "texto": "ou o enfermo, não faz mal! Ora, À, ao teu"
        }
      ]
    },
    {
      "palavra": "apresenta-te",
      "veja tambem": [
        "apresentar"
      ],
      "ocorrencias": 2,
      "fonte": "",
      "concordancias": [
        {
          "referencia": "2 Samuel 204",
          "texto": "para o terceiro dia e tu, então, À. aqui."
        },
        {
          "referencia": "Jeremias 46.14",
          "texto": "em Nofe e em Tafnes; dizei: A. e"
        }
      ]
    },
    {
      "palavra": "apresentados",
      "veja tambem": [
        "apresentar"
      ],
      "ocorrencias": 1,
      "fonte": "",
      "concordancias": [
        {
          "referencia": "Marcos 13.9",
          "texto": "sereis açoitados e sereis A. ante"
        }
      ]
    },
    {
      "palavra": "apresentai",
      "veja tambem": [],
      "ocorrencias": 2,
      "fonte": "",
      "concordancias": [
        {
          "referencia": "Isaías 41.21",
          "texto": "A, a vossa demanda, diz o Senhor; trazei as"
        },
        {
          "referencia": "Romanos 6.19",
          "texto": "maldade para a maldade, assim A. agora os"
        }
      ]
    },
    {
      "palavra": "apresentai-vos",
      "veja tambem": [
        "apresentar"
      ],
      "ocorrencias": 4,
      "fonte": "",
      "concordancias": [
        {
          "referencia": "Salmos 100.2",
          "texto": "ao Senhor com alegria e A. a ele com canto."
        },
        {
          "referencia": "Jeremias 46.4",
          "texto": "e montai, cavaleiros, e A. com"
        },
        {
          "referencia": "Atos 5.20",
          "texto": "Ide, À. no templo e dizei ao povo todas"
        },
        {
          "referencia": "Romanos 6.13",
          "texto": "de iniquidade; mas A. a Deus,"
        }
      ]
    }
  ]
}