{
  "a": [
    {
      "palavra": "apresentando-lhe",
      "veja tambem": [
        "apresentar"
      ],
      "ocorrencias": 1,
      "fonte": "StrongsG3936αρίστημι/paristemi)",
      "concordancias": [
        {
          "referencia": "Lucas 23.36",
          "texto": "dele, chegando-se a ele, e A. vinagre,"
        }
      ]
    },
    {
      "palavra": "apresentando-os",
      "veja tambem": [
        "apresentar"
      ],
      "ocorrencias": 1,
      "fonte": "StrongsG3936αρίστημι/paristemi)",
      "concordancias": [
        {
          "referencia": "Atos 16.20",
          "texto": "E, Á. aos magistrados, disseram: Estes"
        }
      ]
    },
    {
      "palavra": "apresentando-se",
      "veja tambem": [
        "apresentar"
      ],
      "ocorrencias": 1,
      "fonte": "StrongsG3936αρίστημι/paristemi)",
      "concordancias": [
        {
          "referencia": "Atos 22.13",
          "texto": "vindo ter comigo e A., disse-me: Saulo,"
        }
      ]
    },
    {
      "palavra": "apresentando-se-lhe",
      "veja tambem": [
        "apresentar"
      ],
      "ocorrencias": 1,
      "fonte": "StrongsG3936αρίστημι/paristemi)",
      "concordancias": [
        {
          "referencia": "Atos 23.11",
          "texto": "E, na noite seguinte, Á, o Senhor,"
        }
      ]
    },
    {
      "palavra": "apresentar",
      "veja tambem": [
        "mostrar",
        "oferecer"
      ],
      "ocorrencias": 5,
      "fonte": "StrongsG3936αρίστημι/paristemi)",
      "concordancias": [
        {
          "referencia": "Top 403",
          "texto": "posição; Palavras Relacionadas: (apresenta-3; apresen-"
        },
        {
          "referencia": "Isaías 16.12",
          "texto": "E será que, quando Moabe se A., quando se"
        },
        {
          "referencia": "2 Coríntios 11.2",
          "texto": "tenho preparado para vos À. como uma"
        },
        {
          "referencia": "Efésios 5.27",
          "texto": "para a À, a si mesmo igreja gloriosa, sem"
        },
        {
          "referencia": "CI 1.22",
          "texto": "morte, para, perante ele, vos À. santos, e"
        }
      ]
    },
    {
      "palavra": "apresentar-lhe",
      "veja tambem": [
        "apresentar"
      ],
      "ocorrencias": 1,
      "fonte": "StrongsG3936αρίστημι/paristemi)",
      "concordancias": [
        {
          "referencia": "Lucas 11.6",
          "texto": "vindo de caminho, e não tenho o que A.;"
        }
      ]
    },
    {
      "palavra": "apresentar-se",
      "veja tambem": [
        "apresentar"
      ],
      "ocorrencias": 5,
      "fonte": "StrongsG3936αρίστημι/paristemi)",
      "concordancias": [
        {
          "referencia": "2 Samuel 19.8",
          "texto": "à porta. Então, todo o povo veio À. diante"
        },
        {
          "referencia": "Jó 1.6",
          "texto": "os filhos de Deus vieram À. perante o"
        },
        {
          "referencia": "Jó 2.1",
          "texto": "que os filhos de Deus vieram A. perante o"
        },
        {
          "referencia": "Jó 2.1",
          "texto": "também Satanás entre eles Á. perante o Senhor."
        },
        {
          "referencia": "Atos 19.30",
          "texto": "E, querendo Paulo À. ao povo, não lho"
        }
      ]
    },
    {
      "palavra": "apresentar-se-á",
      "veja tambem": [
        "apresentar"
      ],
      "ocorrencias": 2,
      "fonte": "StrongsG3936αρίστημι/paristemi)",
      "concordancias": [
        {
          "referencia": "Levítico 16.10",
          "texto": "para ser bode emissário A. vivo"
        },
        {
          "referencia": "Levítico 27.8",
          "texto": "que a tua avaliação, então, Á. diante"
        }
      ]
    },
    {
      "palavra": "apresentar-te",
      "veja tambem": [
        "apresentar"
      ],
      "ocorrencias": 1,
      "fonte": "StrongsG3936αρίστημι/paristemi)",
      "concordancias": [
        {
          "referencia": "2 Timóteo 2.15",
          "texto": "Procura À. a Deus aprovado, como obreiro"
        }
      ]
    },
    {
      "palavra": "apresentar-vos",
      "veja tambem": [
        "apresentar"
      ],
      "ocorrencias": 1,
      "fonte": "StrongsG3936αρίστημι/paristemi)",
      "concordancias": [
        {
          "referencia": "Judas 1.24",
          "texto": "vos guardar de tropeçar e A."
        }
      ]
    },
    {
      "palavra": "apresentará",
      "veja tambem": [
        "apresentar"
      ],
      "ocorrencias": 6,
      "fonte": "StrongsG3936αρίστημι/paristemi)",
      "concordancias": [
        {
          "referencia": "Levítico 2.8",
          "texto": "fará daquilo, ao Senhor; e se À. ao"
        },
        {
          "referencia": "Iv 14.11",
          "texto": "que faz a purificação A. o homem que"
        },
        {
          "referencia": "Levítico 27.11",
          "texto": "em oferta ao Senhor, então, Á. o animal"
        },
        {
          "referencia": "Números 5.18",
          "texto": "Então, o sacerdote À. a mulher perante o"
        },
        {
          "referencia": "S1110.3",
          "texto": "O teu povo se Á. voluntariamente no dia do"
        },
        {
          "referencia": "2 Coríntios 4.14",
          "texto": "também por Jesus e nos Á. convosco."
        }
      ]
    },
    {
      "palavra": "apresentaram",
      "veja tambem": [
        "apresentar"
      ],
      "ocorrencias": 13,
      "fonte": "StrongsG3936αρίστημι/paristemi)",
      "concordancias": [
        {
          "referencia": "Josué 24.1",
          "texto": "e os seus oficiais, e eles se A. diante"
        },
        {
          "referencia": "Juízes 20.2",
          "texto": "cantos de todo o povo, se À. de todas as"
        },
        {
          "referencia": "2 Crônicas 30.24",
          "texto": "mil ovelhas; e os príncipes A. à"
        },
        {
          "referencia": "2 Crônicas 35.9",
          "texto": "e Jozabade, maiorais dos levitas, Á. aos"
        },
        {
          "referencia": "Ezequiel 20.28",
          "texto": "ali os seus sacrifícios, e A. alia"
        },
        {
          "referencia": "Daniel 2.2",
          "texto": "o seu sonho; e eles vieram e se À. diante"
        },
        {
          "referencia": "Daniel 6.12",
          "texto": "Então, se Á. e disseram ao rei: No tocante"
        },
        {
          "referencia": "Mateus 22.19",
          "texto": "moeda do tributo. E eles lhe A, um dinheiro."
        },
        {
          "referencia": "Atos 1.23",
          "texto": "E Á. dois: José, chamado Barsabás, que"
        },
        {
          "referencia": "Atos 5.27",
          "texto": "E, trazendo-os, os Á, ao conselho. E o sumo"
        },
        {
          "referencia": "Atos 6.6",
          "texto": "e os À. ante os apóstolos, e estes, orando,"
        },
        {
          "referencia": "Atos 6.13",
          "texto": "A. falsas testemunhas, que diziam: Este"
        },
        {
          "referencia": "Atos 23.33",
          "texto": "a carta ao governador, lhe 4. Paulo."
        }
      ]
    },
    {
      "palavra": "apresentaram-lhe",
      "veja tambem": [
        "apresentar"
      ],
      "ocorrencias": 1,
      "fonte": "StrongsG3936αρίστημι/paristemi)",
      "concordancias": [
        {
          "referencia": "Lucas 24.42",
          "texto": "Então, eles A. parte de um peixe assado"
        }
      ]
    },
    {
      "palavra": "apresentaram-se",
      "veja tambem": [
        "apresentar"
      ],
      "ocorrencias": 2,
      "fonte": "StrongsG3936αρίστημι/paristemi)",
      "concordancias": [
        {
          "referencia": "Gênesis 43.15",
          "texto": "e desceram ao Egito, e À. diante"
        },
        {
          "referencia": "Esdras 3.10",
          "texto": "do templo do Senhor, então, A. os"
        }
      ]
    },
    {
      "palavra": "apresentardes",
      "veja tambem": [
        "apresentar"
      ],
      "ocorrencias": 1,
      "fonte": "StrongsG3936αρίστημι/paristemi)",
      "concordancias": [
        {
          "referencia": "Romanos 6.16",
          "texto": "sabeis vós que a quem vos À. por servos"
        }
      ]
    },
    {
      "palavra": "apresentarei",
      "veja tambem": [],
      "ocorrencias": 4,
      "fonte": "StrongsG3936αρίστημι/paristemi)",
      "concordancias": [
        {
          "referencia": "S15.3",
          "texto": "voz, ó Senhor; pela manhã, me Á. a ti, e vigiarei."
        },
        {
          "referencia": "S142.2",
          "texto": "vivo; quando entrarei e me A, ante a face"
        },
        {
          "referencia": "Miquéias 6.6",
          "texto": "Com que me 4. ao Senhor e me inclinarei"
        },
        {
          "referencia": "Habacuque 2.1",
          "texto": "esobre a fortaleza me A., e vigiarei,"
        }
      ]
    },
    {
      "palavra": "apresentarem",
      "veja tambem": [],
      "ocorrencias": 2,
      "fonte": "StrongsG3936αρίστημι/paristemi)",
      "concordancias": [
        {
          "referencia": "Mateus 26.60",
          "texto": "não o achavam, apesar de se A. muitas"
        },
        {
          "referencia": "Lucas 2.22",
          "texto": "o levaram a Jerusalém, para o À. ao Senhor"
        }
      ]
    },
    {
      "palavra": "apresentaremos",
      "veja tambem": [],
      "ocorrencias": 1,
      "fonte": "StrongsG3936αρίστημι/paristemi)",
      "concordancias": [
        {
          "referencia": "2 Crônicas 20.9",
          "texto": "juízo, peste ou fome, nós nos À. diante"
        }
      ]
    },
    {
      "palavra": "apresentasse",
      "veja tambem": [
        "apresentar"
      ],
      "ocorrencias": 1,
      "fonte": "StrongsG3936αρίστημι/paristemi)",
      "concordancias": [
        {
          "referencia": "Atos 19.31",
          "texto": "amigos, lhe rogaram que não se À. no teatro."
        }
      ]
    },
    {
      "palavra": "apresentastes",
      "veja tambem": [
        "apresentar"
      ],
      "ocorrencias": 1,
      "fonte": "StrongsG3936αρίστημι/paristemi)",
      "concordancias": [
        {
          "referencia": "Romanos 6.19",
          "texto": "carne; pois que, assim como Á, os vossos"
        }
      ]
    },
    {
      "palavra": "apresentava",
      "veja tambem": [
        "apresentar"
      ],
      "ocorrencias": 1,
      "fonte": "StrongsG3936αρίστημι/paristemi)",
      "concordancias": [
        {
          "referencia": "Atos 16.9",
          "texto": "noite, uma visão em que se A. um varão da"
        }
      ]
    },
    {
      "palavra": "apresentavam",
      "veja tambem": [
        "apresentar"
      ],
      "ocorrencias": 2,
      "fonte": "StrongsG3936αρίστημι/paristemi)",
      "concordancias": [
        {
          "referencia": "Marcos 6.56",
          "texto": "ou em aldeias, ou no campo, À. os"
        },
        {
          "referencia": "Atos 17.17",
          "texto": "e, todos os dias, na praça, com os que se Á.."
        }
      ]
    },
    {
      "palavra": "apresente",
      "veja tambem": [
        "apre-"
      ],
      "ocorrencias": 1,
      "fonte": "StrongsG3936αρίστημι/paristemi)",
      "concordancias": [
        {
          "referencia": "Números 5.30",
          "texto": "tiver ciúmes de sua mulher, A. a mulher"
        }
      ]
    },
    {
      "palavra": "apresenteis",
      "veja tambem": [],
      "ocorrencias": 2,
      "fonte": "StrongsG3936αρίστημι/paristemi)",
      "concordancias": [
        {
          "referencia": "Romanos 6.13",
          "texto": "nem tampouco A. os vossos membros ao pecado"
        },
        {
          "referencia": "Romanos 12.1",
          "texto": "pela compaixão de Deus, que 4. o vosso"
        }
      ]
    },
    {
      "palavra": "apresentem",
      "veja tambem": [
        "apresentar"
      ],
      "ocorrencias": 1,
      "fonte": "StrongsG3936αρίστημι/paristemi)",
      "concordancias": [
        {
          "referencia": "Isaías 43.9",
          "texto": "ouvir as coisas antigas? A. as suas"
        }
      ]
    },
    {
      "palavra": "apresentemo-nos",
      "veja tambem": [
        "apresentar"
      ],
      "ocorrencias": 1,
      "fonte": "StrongsG3936αρίστημι/paristemi)",
      "concordancias": [
        {
          "referencia": "S195.2",
          "texto": "À, ante a sua face com louvores e"
        }
      ]
    },
    {
      "palavra": "apresentemos",
      "veja tambem": [],
      "ocorrencias": 1,
      "fonte": "StrongsG3936αρίστημι/paristemi)",
      "concordancias": [
        {
          "referencia": "C11.28",
          "texto": "toda a sabedoria; para que A. todo homem"
        }
      ]
    },
    {
      "palavra": "apresentou",
      "veja tambem": [
        "apresentar"
      ],
      "ocorrencias": 12,
      "fonte": "StrongsG3936αρίστημι/paristemi)",
      "concordancias": [
        {
          "referencia": "Levítico 7.35",
          "texto": "do Senhor, no dia em que os À. para"
        },
        {
          "referencia": "Juízes 6.19",
          "texto": "e trouxe-lho até debaixo do carvalho e lho A.."
        },
        {
          "referencia": "2 Samuel 19.42",
          "texto": "comemos à custa do rei ou nos A. algum presente?"
        },
        {
          "referencia": "1 Reis 22.21",
          "texto": "saiu um espírito, e se À, diante do"
        },
        {
          "referencia": "2 Crônicas 18.20",
          "texto": "saiu um espírito, e se À. diante do"
        },
        {
          "referencia": "2 Crônicas 30.24",
          "texto": "Ezequias, rei de Judá, Á. à congregação"
        },
        {
          "referencia": "Daniel 8.15",
          "texto": "entendê-la e eis que se me À. diante uma"
        },
        {
          "referencia": "Lucas 24.36",
          "texto": "coisas, o mesmo Jesus se 4. no meio deles"
        },
        {
          "referencia": "Jó 214",
          "texto": "E, sendo já manhã, Jesus se Á. na praia, mas"
        },
        {
          "referencia": "Atos 1.3",
          "texto": "depois de ter padecido, se À. vivo, com"
        },
        {
          "referencia": "Atos 10.31",
          "texto": "É eis que diante de mim se 4. um varão com"
        },
        {
          "referencia": "Atos 22.30",
          "texto": "conselho; e, trazendo Paulo, o À. diante deles."
        }
      ]
    },
    {
      "palavra": "apresentou-lha",
      "veja tambem": [
        "apresentar"
      ],
      "ocorrencias": 1,
      "fonte": "StrongsG3936αρίστημι/paristemi)",
      "concordancias": [
        {
          "referencia": "Atos 9.41",
          "texto": "e, chamando os santos e as viúvas, À. viva."
        }
      ]
    },
    {
      "palavra": "apresentou-lhe",
      "veja tambem": [
        "apresentar"
      ],
      "ocorrencias": 1,
      "fonte": "StrongsG3936αρίστημι/paristemi)",
      "concordancias": [
        {
          "referencia": "Gênesis 43.34",
          "texto": "E Á. as porções que estavam diante dele;"
        }
      ]
    },
    {
      "palavra": "apresentou-lhes",
      "veja tambem": [
        "apresentar"
      ],
      "ocorrencias": 1,
      "fonte": "StrongsG3936αρίστημι/paristemi)",
      "concordancias": [
        {
          "referencia": "2 Reis 6.23",
          "texto": "E À. um grande banquete, e comeram e"
        }
      ]
    },
    {
      "palavra": "apresentou-o",
      "veja tambem": [],
      "ocorrencias": 1,
      "fonte": "StrongsG3936αρίστημι/paristemi)",
      "concordancias": [
        {
          "referencia": "Números 27.22",
          "texto": "porque tomou a Josué e Á. perante"
        }
      ]
    },
    {
      "palavra": "apresentou-se",
      "veja tambem": [
        "apresentar"
      ],
      "ocorrencias": 2,
      "fonte": "StrongsG3936αρίστημι/paristemi)",
      "concordancias": [
        {
          "referencia": "1 Samuel 17.16",
          "texto": "pela manhã e à tarde; e 4. por"
        },
        {
          "referencia": "Jó 20.26",
          "texto": "estando as portas fechadas, e 4, no"
        }
      ]
    },
    {
      "palavra": "apressa",
      "veja tambem": [
        "apressar"
      ],
      "ocorrencias": 8,
      "fonte": "StrongsG3936αρίστημι/paristemi)",
      "concordancias": [
        {
          "referencia": "Gênesis 41.32",
          "texto": "é determinada de Deus, e Deus se 4. a fazê-la."
        },
        {
          "referencia": "Jó 40.23",
          "texto": "rio trasborda, e ele não se Á., confiando que o"
        },
        {
          "referencia": "Provérbios 7.23",
          "texto": "o fígado, como a ave que se À. para o laço e não"
        },
        {
          "referencia": "Provérbios 19.2",
          "texto": "não é bom; e o que se À. com seus pés peca."
        },
        {
          "referencia": "Provérbios 28.20",
          "texto": "em bênçãos, mas o que se A. a enriquecer não"
        },
        {
          "referencia": "Daniel 2.15",
          "texto": "do rei: Por que se À. tanto o mandado"
        },
        {
          "referencia": "Mg 7.3",
          "texto": "inquire, e o juiz se À, à recompensa, e"
        },
        {
          "referencia": "Sofonias 1.14",
          "texto": "está perto, está perto, e se A. muito a voz do"
        }
      ]
    },
    {
      "palavra": "apressa-se",
      "veja tambem": [
        "apressar"
      ],
      "ocorrencias": 1,
      "fonte": "StrongsG3936αρίστημι/paristemi)",
      "concordancias": [
        {
          "referencia": "Jeremias 48.16",
          "texto": "vir a perdição de Moabe; e À. muito o seu mal."
        }
      ]
    },
    {
      "palavra": "apressa-te",
      "veja tambem": [
        "apressar"
      ],
      "ocorrencias": 13,
      "fonte": "StrongsG3936αρίστημι/paristemi)",
      "concordancias": [
        {
          "referencia": "Top 394",
          "texto": "posição;"
        },
        {
          "referencia": "Gênesis 19.22",
          "texto": "A., escapa-te para ali; porque nada poderei"
        },
        {
          "referencia": "1 Samuel 9.12",
          "texto": "eis aqui o tens diante de ti; A., pois,"
        },
        {
          "referencia": "1 Samuel 20.38",
          "texto": "a gritar atrás do moco: Á., avia-te, não"
        },
        {
          "referencia": "1 Samuel 23.27",
          "texto": "mensageiro a Saul, dizendo: A. e vem,"
        },
        {
          "referencia": "Ester 6.10",
          "texto": "Então, disse o rei a Hamã: A., toma a veste e"
        },
        {
          "referencia": "S122.19",
          "texto": "alongues de mim; força minha, A. em socorrer-me."
        },
        {
          "referencia": "S138.22",
          "texto": "A. em meu auxílio, Senhor, minha salvação."
        },
        {
          "referencia": "S170.1",
          "texto": "Á., ó Deus, em me livrar; Senhor, A."
        },
        {
          "referencia": "S170.1",
          "texto": "ó Deus, em me livrar; Senhor, A. em ajudar-me."
        },
        {
          "referencia": "S170.5",
          "texto": "estou aflito e necessitado; A. por mim, ó"
        },
        {
          "referencia": "S171.12",
          "texto": "te alongues de mim; meu Deus, A. em ajudar-me."
        },
        {
          "referencia": "S179.8",
          "texto": "iniquidades passadas; A. e"
        }
      ]
    }
  ]
}