{
  "a": [
    {
      "palavra": "apressada",
      "veja tambem": [
        "apressado"
      ],
      "ocorrencias": 3,
      "fonte": "StrongsH4116מָהַר/mahar)",
      "concordancias": [
        {
          "referencia": "Habacuque 1.6",
          "texto": "os caldeus, nação amarga e Á., que marcha"
        },
        {
          "referencia": "Sofonias 1.18",
          "texto": "os moradores da terra uma destruição total e A.."
        },
        {
          "referencia": "Lucas 1.39",
          "texto": "levantando-se Maria, foi A. às montanhas,"
        }
      ]
    },
    {
      "palavra": "apressadamente",
      "veja tambem": [
        "apressado"
      ],
      "ocorrencias": 25,
      "fonte": "StrongsH4116מָהַר/mahar)",
      "concordancias": [
        {
          "referencia": "Êxodo 12.11",
          "texto": "cajado na mão; e o comereis À.; esta"
        },
        {
          "referencia": "Deuteronômio 16.3",
          "texto": "pão de aflição (porquanto A. saíste"
        },
        {
          "referencia": "Josué 8.19",
          "texto": "se levantou do seu lugar A., e"
        },
        {
          "referencia": "Josué 10.6",
          "texto": "tuas mãos de teus servos; sobe À, a nós,"
        },
        {
          "referencia": "Josué 11.7",
          "texto": "de guerra com ele, veio A. sobre"
        },
        {
          "referencia": "Juízes 7.3",
          "texto": "e medroso, que volte e vá-se Á. das"
        },
        {
          "referencia": "1 Samuel 20.19",
          "texto": "tu três dias, desce À, e vai"
        },
        {
          "referencia": "1 Samuel 23.20",
          "texto": "Agora, pois, ó rei, AÁ. desce conforme ."
        },
        {
          "referencia": "1 Samuel 27.1",
          "texto": "melhor para mim do que escapar A. para a"
        },
        {
          "referencia": "2 Samuel 17.16",
          "texto": "Agora, pois, enviai Æ., e avisai a Davi,"
        },
        {
          "referencia": "2 Samuel 17.18",
          "texto": "porém ambos logo partiram A., e"
        },
        {
          "referencia": "Esdras 4.23",
          "texto": "escrivão, e seus companheiros, A. foram"
        },
        {
          "referencia": "Provérbios 20.21",
          "texto": "Entrando-se À. de posse de uma herança no"
        },
        {
          "referencia": "Isaías 5.26",
          "texto": "a extremidade da terra; e eis que virão A.."
        },
        {
          "referencia": "Isaías 48.3",
          "texto": "a minha boca, e eu as fiz ouvir; A. as"
        },
        {
          "referencia": "Isaías 49.17",
          "texto": "Os teus filhos A. virão, mas os teus"
        },
        {
          "referencia": "Isaías 52.12",
          "texto": "Porque não saireis Á., nem vos ireis"
        },
        {
          "referencia": "Isaías 58.8",
          "texto": "como a alva, e a tua cura À. brotará,"
        },
        {
          "referencia": "Daniel 11.10",
          "texto": "exércitos; e um deles virá A., e"
        },
        {
          "referencia": "Marcos 6.25",
          "texto": "E, entrando Á., pediu ao rei, dizendo:"
        },
        {
          "referencia": "Marcos 16.8",
          "texto": "E, saindo elas Á., fugiram do sepulcro,"
        },
        {
          "referencia": "Lucas 2.16",
          "texto": "E foram A. e acharam Maria, e José, e o"
        },
        {
          "referencia": "Jó 11.31",
          "texto": "e a consolavam que Maria Á. se"
        },
        {
          "referencia": "Jó 20.4",
          "texto": "outro discípulo correu mais A. do que"
        },
        {
          "referencia": "Atos 22.18",
          "texto": "dizia: Dá-te pressa e sai Á, de"
        }
      ]
    },
    {
      "palavra": "apressado",
      "veja tambem": [
        "apressar"
      ],
      "ocorrencias": 2,
      "fonte": "StrongsH4116מָהַר/mahar)",
      "concordancias": [
        {
          "referencia": "1 Samuel 21.8",
          "texto": "as minhas armas, porque o"
        },
        {
          "referencia": "Provérbios 21.5",
          "texto": "abundância, mas os de todo"
        }
      ]
    },
    {
      "palavra": "apressai",
      "veja tambem": [
        "apressar"
      ],
      "ocorrencias": 1,
      "fonte": "StrongsH4116מָהַר/mahar)",
      "concordancias": [
        {
          "referencia": "2 Crônicas 24.5",
          "texto": "Deus, de ano em ano; e, vós, À. este"
        }
      ]
    },
    {
      "palavra": "apressai-vos",
      "veja tambem": [
        "apressar"
      ],
      "ocorrencias": 3,
      "fonte": "StrongsH4116מָהַר/mahar)",
      "concordancias": [
        {
          "referencia": "Gênesis 45.9",
          "texto": "A., e subi a meu pai, e dizei-lhe: Assim"
        },
        {
          "referencia": "Gênesis 45.13",
          "texto": "tudo o que tendes visto; e À. a fazer"
        },
        {
          "referencia": "Juízes 9.48",
          "texto": "ele havia: O que me vistes fazer, À. a"
        }
      ]
    },
    {
      "palavra": "apressam",
      "veja tambem": [
        "apressar"
      ],
      "ocorrencias": 5,
      "fonte": "StrongsH4116מָהַר/mahar)",
      "concordancias": [
        {
          "referencia": "Deuteronômio 32.35",
          "texto": "as coisas que lhes hão de suceder se A. a chegar."
        },
        {
          "referencia": "Provérbios 1.16",
          "texto": "correm para o male se À. a derramar sangue."
        },
        {
          "referencia": "Provérbios 6.18",
          "texto": "viciosos, e pés que se Á. a correr para o mal,"
        },
        {
          "referencia": "Isaías 59.7",
          "texto": "pés correm para o male se À. para derramarem o"
        },
        {
          "referencia": "Habacuque 1.8",
          "texto": "de longe, voarão como águias que se À. à comida."
        }
      ]
    },
    {
      "palavra": "apressando-nos",
      "veja tambem": [
        "apressar"
      ],
      "ocorrencias": 1,
      "fonte": "StrongsH4116מָהַר/mahar)",
      "concordancias": [
        {
          "referencia": "Números 32.17",
          "texto": "porém nós nos armaremos, À. diante dos de"
        }
      ]
    },
    {
      "palavra": "apressando-se",
      "veja tambem": [
        "apressar"
      ],
      "ocorrencias": 5,
      "fonte": "StrongsH4116מָהַר/mahar)",
      "concordancias": [
        {
          "referencia": "Êxodo 12.33",
          "texto": "egípcios apertavam ao povo, À. para"
        },
        {
          "referencia": "2 Samuel 4.4",
          "texto": "o tomou e fugiu; e sucedeu que, À. ela a"
        },
        {
          "referencia": "2 Reis 7.15",
          "texto": "de aviamentos, que os siros, A., lançaram"
        },
        {
          "referencia": "Isaías 8.1",
          "texto": "nele em estilo de homem: 4. ao"
        },
        {
          "referencia": "Lucas 19.6",
          "texto": "E, Á., desceu e recebeu-o com júbilo."
        }
      ]
    },
    {
      "palavra": "apressando-vos",
      "veja tambem": [
        "apressar"
      ],
      "ocorrencias": 1,
      "fonte": "StrongsH4116מָהַר/mahar)",
      "concordancias": [
        {
          "referencia": "2 Pedro 3.12",
          "texto": "aguardando e À, para a vinda do Dia de"
        }
      ]
    },
    {
      "palavra": "apressar",
      "veja tambem": [],
      "ocorrencias": 1,
      "fonte": "StrongsH4116מָהַר/mahar)",
      "concordancias": [
        {
          "referencia": "Ester 5.5",
          "texto": "Então, disse o rei: Fazei Å. a Mamã, que cumpra"
        }
      ]
    },
    {
      "palavra": "apressar-me-ia",
      "veja tambem": [],
      "ocorrencias": 1,
      "fonte": "StrongsH4116מָהַר/mahar)",
      "concordancias": [
        {
          "referencia": "S155.8",
          "texto": "À. a escapar da furia do vento e da tempestade."
        }
      ]
    },
    {
      "palavra": "apressaram",
      "veja tambem": [
        "apressar"
      ],
      "ocorrencias": 6,
      "fonte": "StrongsH4116מָהַר/mahar)",
      "concordancias": [
        {
          "referencia": "Josué 8.14",
          "texto": "que, vendo-o o rei de Ai, se A., ese"
        },
        {
          "referencia": "2 Reis 9.13",
          "texto": "Então, se Á., e tomou cada um a sua veste e a"
        },
        {
          "referencia": "2 Crônicas 24.5",
          "texto": "este negócio. Porém os levitas não se Á.."
        },
        {
          "referencia": "Ester 6.14",
          "texto": "os eunucos do rei e se À. a levar Hamã"
        },
        {
          "referencia": "S148.5",
          "texto": "ficaram assombrados e se A. em fugir."
        },
        {
          "referencia": "Salmos 104.7",
          "texto": "fugiram; à voz do teu trovão, se Á.."
        }
      ]
    },
    {
      "palavra": "apressaram-se",
      "veja tambem": [
        "apressar"
      ],
      "ocorrencias": 3,
      "fonte": "StrongsH4116מָהַר/mahar)",
      "concordancias": [
        {
          "referencia": "Gênesis 44.11",
          "texto": "E eles Å., e cada um pôs em terra o seu"
        },
        {
          "referencia": "Josué 8.19",
          "texto": "vieram à cidade, e a tomaram; e 4. e"
        },
        {
          "referencia": "1 Reis 20.33",
          "texto": "isso por bom presságio, e A. em apanhar"
        }
      ]
    },
    {
      "palavra": "apressaras",
      "veja tambem": [
        "apres-"
      ],
      "ocorrencias": 1,
      "fonte": "StrongsH4116מָהַר/mahar)",
      "concordancias": [
        {
          "referencia": "1 Samuel 25.34",
          "texto": "fizesse mal, que se tu não te A. e me não"
        }
      ]
    },
    {
      "palavra": "apressarás",
      "veja tambem": [
        "apres-"
      ],
      "ocorrencias": 1,
      "fonte": "StrongsH4116מָהַר/mahar)",
      "concordancias": [
        {
          "referencia": "2 Samuel 5.24",
          "texto": "das amoreiras, então, te À.; porque o"
        }
      ]
    },
    {
      "palavra": "apressasse",
      "veja tambem": [
        "apres-"
      ],
      "ocorrencias": 1,
      "fonte": "StrongsH4116מָהַר/mahar)",
      "concordancias": [
        {
          "referencia": "2 Crônicas 35.21",
          "texto": "me faz guerra; e disse Deus que me À.;"
        }
      ]
    },
    {
      "palavra": "apressava-se",
      "veja tambem": [
        "apressar"
      ],
      "ocorrencias": 1,
      "fonte": "StrongsH4116מָהַר/mahar)",
      "concordancias": [
        {
          "referencia": "Atos 20.16",
          "texto": "não gastar tempo na Ásia. Á., pois, para"
        }
      ]
    },
    {
      "palavra": "apresse-se",
      "veja tambem": [
        "apressar"
      ],
      "ocorrencias": 1,
      "fonte": "StrongsH4116מָהַר/mahar)",
      "concordancias": [
        {
          "referencia": "Isaías 5.19",
          "texto": "E dizem: À. e acabe a sua obra, para que a"
        }
      ]
    },
    {
      "palavra": "apressei",
      "veja tambem": [
        "apressar"
      ],
      "ocorrencias": 1,
      "fonte": "StrongsH4116מָהַר/mahar)",
      "concordancias": [
        {
          "referencia": "Jeremias 17.16",
          "texto": "Mas eu não me À. em ser o pastor, após ti; nem"
        }
      ]
    },
    {
      "palavra": "apressei-me",
      "veja tambem": [
        "apressar"
      ],
      "ocorrencias": 1,
      "fonte": "StrongsH4116מָהַר/mahar)",
      "concordancias": [
        {
          "referencia": "S1119.60",
          "texto": "A. e não me detive a observar os teus mandamentos."
        }
      ]
    },
    {
      "palavra": "apressem",
      "veja tambem": [
        "apressar"
      ],
      "ocorrencias": 1,
      "fonte": "StrongsH4116מָהַר/mahar)",
      "concordancias": [
        {
          "referencia": "Jeremias 9.18",
          "texto": "E se À. e levantem o seu lamento sobre nós: e"
        }
      ]
    },
    {
      "palavra": "apresses",
      "veja tambem": [],
      "ocorrencias": 3,
      "fonte": "StrongsH4116מָהַר/mahar)",
      "concordancias": [
        {
          "referencia": "Provérbios 25.8",
          "texto": "Não te A. a litigar, para depois, ao fim, não"
        },
        {
          "referencia": "Eclesiastes 7.9",
          "texto": "Não te Á. no teu espírito a irar-te, porque a"
        },
        {
          "referencia": "Eclesiastes 8.3",
          "texto": "Não te A. a sair da presença dele, nem"
        }
      ]
    },
    {
      "palavra": "apresso",
      "veja tambem": [
        "apressar"
      ],
      "ocorrencias": 1,
      "fonte": "StrongsH4116מָהַר/mahar)",
      "concordancias": [
        {
          "referencia": "Jó 20.2",
          "texto": "os meus pensamentos me fazem responder, eu me Å.."
        }
      ]
    },
    {
      "palavra": "apressou",
      "veja tambem": [],
      "ocorrencias": 13,
      "fonte": "StrongsH4116מָהַר/mahar)",
      "concordancias": [
        {
          "referencia": "Gênesis 18.7",
          "texto": "e boa, e deu-a ao moço, que se A. em prepará-la."
        },
        {
          "referencia": "Gênesis 24.46",
          "texto": "E ela se A., e abaixou o seu cântaro de sobre"
        },
        {
          "referencia": "Êxodo 10.16",
          "texto": "Então, Faraó se A. a chamar a Moisés e a Arão e"
        },
        {
          "referencia": "Josué 10.13",
          "texto": "deteve no meio do céu e não se A. a pôr-se,"
        },
        {
          "referencia": "Juízes 20.37",
          "texto": "E a emboscada se À. e acometeu a Gibeá; e a"
        },
        {
          "referencia": "1 Samuel 23.26",
          "texto": "monte; e sucedeu que Davi se À. a escapar de"
        },
        {
          "referencia": "1 Samuel 25.18",
          "texto": "Então, Abigail se E e tomou duzentos pães, e"
        },
        {
          "referencia": "1 Samuel 25.42",
          "texto": "E Abigail se A., ese levantou, e montou num"
        },
        {
          "referencia": "1 Samuel 28.24",
          "texto": "uma bezerra cevada, ese Á., e a degolou, e"
        },
        {
          "referencia": "1 Reis 2041",
          "texto": "Então, ele se A., etirou a cinza de apre os"
        },
        {
          "referencia": "2 Crônicas 10.18",
          "texto": "morreu; então, o rei Roboão se A. a subir"
        },
        {
          "referencia": "Ester 2.9",
          "texto": "perante ele; pelo que se 4. a dar-lhe os"
        },
        {
          "referencia": "Jó 31.5",
          "texto": "com vaidade, e se o meu pé se À. para o engano"
        }
      ]
    },
    {
      "palavra": "apressou-se",
      "veja tambem": [
        "apressar"
      ],
      "ocorrencias": 11,
      "fonte": "StrongsH4116מָהַר/mahar)",
      "concordancias": [
        {
          "referencia": "Gênesis 18.6",
          "texto": "E Abraão À, em ir ter com Sara à tenda e"
        },
        {
          "referencia": "Gênesis 24.18",
          "texto": "disse: Bebe, meu senhor. E A., e abaixou"
        },
        {
          "referencia": "Gênesis 24.20",
          "texto": "E A., e vazou o seu cântaro na pia, e correu"
        },
        {
          "referencia": "Gênesis 43.30",
          "texto": "E José Á., porque o seu íntimo moveu-se para"
        },
        {
          "referencia": "Êxodo 34.8",
          "texto": "E Moisés A., e inclinou a cabeça à terra, e encurvou-se,"
        },
        {
          "referencia": "Josué 4.10",
          "texto": "Moisés tinha ordenado a Josué; e À. o povo e passou."
        },
        {
          "referencia": "Juízes 13.10",
          "texto": "A, pois, a mulher, e correu, e noticiou a"
        },
        {
          "referencia": "1 Samuel 17.48",
          "texto": "indo encontrar-se com Davi, À. Davi e"
        },
        {
          "referencia": "1 Samuel 25.23",
          "texto": "Vendo, pois, Abigail a Davi, A., e desceu do"
        },
        {
          "referencia": "2 Samuel 19.16",
          "texto": "E À. Simei, filho de Gera, filho de"
        },
        {
          "referencia": "Isaías 8.1",
          "texto": "homem: Apressando-se ao despojo, A. à presa."
        }
      ]
    },
    {
      "palavra": "apressuradamente",
      "veja tambem": [],
      "ocorrencias": 7,
      "fonte": "StrongsH4116מָהַר/mahar)",
      "concordancias": [
        {
          "referencia": "2 Crônicas 26.20",
          "texto": "estava leproso na sua testa, e À, o"
        },
        {
          "referencia": "2 Crônicas 29.36",
          "texto": "para o povo; porque A. se fez"
        },
        {
          "referencia": "Esdras 5.8",
          "texto": "sobre as paredes; e essa obra À. se"
        },
        {
          "referencia": "Esdras 6.12",
          "texto": "Eu, Dario, dei o decreto; A. se execute."
        },
        {
          "referencia": "Esdras 6.13",
          "texto": "companheiros assim fizeram A.,"
        },
        {
          "referencia": "Esdras 7.21",
          "texto": "da Lei do Deus dos céus, À. se faça."
        },
        {
          "referencia": "Ester 8.14",
          "texto": "das cavalariças do rei, À. saíram,"
        }
      ]
    }
  ]
}