{
  "a": [
    {
      "palavra": "aprestasse",
      "veja tambem": [
        "preparar",
        "ordenar"
      ],
      "ocorrencias": 1,
      "fonte": "StrongsH5975ד/amad)",
      "concordancias": [
        {
          "referencia": "Neemias 7.65",
          "texto": "coisas sagradas, até que se A. um sacerdote"
        }
      ]
    },
    {
      "palavra": "aprisco",
      "veja tambem": [
        "curral",
        "redil"
      ],
      "ocorrencias": 1,
      "fonte": "StrongsH1448ָּדֵר/gader)",
      "concordancias": [
        {
          "referencia": "Jó 10.16",
          "texto": "ovelhas que não são deste A.; também me convém"
        }
      ]
    },
    {
      "palavra": "apriscos",
      "veja tambem": [
        "apris-"
      ],
      "ocorrencias": 3,
      "fonte": "StrongsH1448ָּדֵר/gader)",
      "concordancias": [
        {
          "referencia": "S178.70",
          "texto": "a Davi, seu servo, e o tirou dos À. das ovelhas."
        },
        {
          "referencia": "Jeremias 23.3",
          "texto": "e as farei voltar aos seus A.; e frutificarão"
        },
        {
          "referencia": "2 Reis 17.4",
          "texto": "o rei da Assíria o encerrou e A. na casa"
        }
      ]
    },
    {
      "palavra": "aprofundasse",
      "veja tambem": [
        "aprofundar"
      ],
      "ocorrencias": 1,
      "fonte": "StrongsH8328ָׁרַשׁ/sharash)",
      "concordancias": [
        {
          "referencia": "SI 80.9",
          "texto": "e fizeste com que ela À. raízes; e,"
        }
      ]
    },
    {
      "palavra": "apronta-a",
      "veja tambem": [
        "aprontar"
      ],
      "ocorrencias": 1,
      "fonte": "StrongsH3559ן/kuwn)",
      "concordancias": [
        {
          "referencia": "Provérbios 24.27",
          "texto": "Prepara fora a tua obra, e À, no campo, e"
        }
      ]
    },
    {
      "palavra": "aprontai",
      "veja tambem": [
        "aprontar"
      ],
      "ocorrencias": 1,
      "fonte": "StrongsH3559ן/kuwn)",
      "concordancias": [
        {
          "referencia": "Atos 23.23",
          "texto": "dois centuriões, lhes disse: A. para as três"
        }
      ]
    },
    {
      "palavra": "aprontareis",
      "veja tambem": [
        "aprontar"
      ],
      "ocorrencias": 1,
      "fonte": "StrongsH3559ן/kuwn)",
      "concordancias": [
        {
          "referencia": "Êxodo 12.16",
          "texto": "alma houver de comer; isso somente A. para vós."
        }
      ]
    },
    {
      "palavra": "aprontou",
      "veja tambem": [
        "aprontar"
      ],
      "ocorrencias": 4,
      "fonte": "StrongsH3559ן/kuwn)",
      "concordancias": [
        {
          "referencia": "Gênesis 46.29",
          "texto": "Então, José À. o seu carro e subiu ao encontro"
        },
        {
          "referencia": "Êxodo 14.6",
          "texto": "E À, o seu carro e tomou consigo o seu povo;"
        },
        {
          "referencia": "Lucas 12.47",
          "texto": "do seu senhor e não se A., nem fez conforme"
        },
        {
          "referencia": "Apocalipse 19.7",
          "texto": "as bodas do Cordeiro, e já a sua esposa se A.."
        }
      ]
    },
    {
      "palavra": "apropriaram",
      "veja tambem": [
        "apropriar"
      ],
      "ocorrencias": 1,
      "fonte": "StrongsH3423רַשׁ/yarash)",
      "concordancias": [
        {
          "referencia": "Ezequiel 36.5",
          "texto": "e contra todo o Edom. Eles se Å. da minha"
        }
      ]
    },
    {
      "palavra": "aprouve",
      "veja tambem": [
        "agradar",
        "querer"
      ],
      "ocorrencias": 13,
      "fonte": "StrongsH2654חָפֵץ/chaphets)",
      "concordancias": [
        {
          "referencia": "1 Samuel 12.22",
          "texto": "do seu grande nome, porque A. ao Senhor"
        },
        {
          "referencia": "Neemias 2.6",
          "texto": "viagem, e quando voltarás? E 4. ao rei"
        },
        {
          "referencia": "Jonas 1.14",
          "texto": "inocente; porque tu, Senhor, fizeste como te Å.."
        },
        {
          "referencia": "Mateus 11.26",
          "texto": "Sim, ó Pai, porque assim te A.."
        },
        {
          "referencia": "Lucas 10.21",
          "texto": "criancinhas; assim é, ó Pai, porque assim te A.."
        },
        {
          "referencia": "1 Coríntios 1.21",
          "texto": "a Deus pela sua sabedoria, A. a Deus salvar"
        },
        {
          "referencia": "G11.15",
          "texto": "Mas, quando A. a Deus, que desde o ventre de"
        },
        {
          "referencia": "1ISm 20.13",
          "texto": "Jônatas outro tanto; mas, se A.ameu pai"
        },
        {
          "referencia": "Jeremias 40.5",
          "texto": "ou, se para qualquer outra parte te À. ir, vai."
        },
        {
          "referencia": "Daniel 8.24",
          "texto": "e prosperará, e fará o que lhe A.; e destruirá"
        },
        {
          "referencia": "Daniel 11.3",
          "texto": "reinará com grande domínio e fará o que lhe A.."
        },
        {
          "referencia": "Daniel 11.17",
          "texto": "os retos, e fará o que lhe A.; e lhe dará uma"
        },
        {
          "referencia": "Daniel 11.28",
          "texto": "concerto; e fará o que lhe Á. e tornará para"
        }
      ]
    },
    {
      "palavra": "aprova",
      "veja tambem": [
        "aprovar"
      ],
      "ocorrencias": 2,
      "fonte": "StrongsG1381ιμάζω/dokimazo)",
      "concordancias": [
        {
          "referencia": "S149.13",
          "texto": "contudo, a sua posteridade A. as suas palavras; ela)"
        },
        {
          "referencia": "Romanos 14.22",
          "texto": "que não se condena a si mesmo naquilo que A.."
        }
      ]
    },
    {
      "palavra": "aprovado",
      "veja tambem": [
        "aprovar"
      ],
      "ocorrencias": 4,
      "fonte": "StrongsG1384όκιμος/dokimos)",
      "concordancias": [
        {
          "referencia": "Atos 2.22",
          "texto": "A Jesus Nazareno, varão À. por Deus entre"
        },
        {
          "referencia": "Romanos 16.10",
          "texto": "Saudai a Apeles, A. em Cristo. Saudai aos da"
        },
        {
          "referencia": "2 Coríntios 10.18",
          "texto": "Porque não é A. quem a si mesmo se louva, mas,"
        },
        {
          "referencia": "2 Timóteo 2.15",
          "texto": "apresentar-te a Deus Á., como obreiro que"
        }
      ]
    },
    {
      "palavra": "aprovados",
      "veja tambem": [
        "aprovar"
      ],
      "ocorrencias": 2,
      "fonte": "StrongsG1384όκιμος/dokimos)",
      "concordancias": [
        {
          "referencia": "2 Coríntios 13.7",
          "texto": "não para que sejamos achados Á., mas para que"
        },
        {
          "referencia": "1 Tessalonicenses 2.4",
          "texto": "mas, como tomos A. de Deus para que o"
        }
      ]
    },
    {
      "palavra": "aprovando",
      "veja tambem": [
        "aprovar"
      ],
      "ocorrencias": 1,
      "fonte": "",
      "concordancias": [
        {
          "referencia": "Efésios 5.10",
          "texto": "A. o que é agradável ao Senhor."
        }
      ]
    },
    {
      "palavra": "aprovardes",
      "veja tambem": [
        "apro-"
      ],
      "ocorrencias": 1,
      "fonte": "",
      "concordancias": [
        {
          "referencia": "1 Coríntios 16.3",
          "texto": "mandarei os que, por cartas, Á., para levar"
        }
      ]
    },
    {
      "palavra": "aprovas",
      "veja tambem": [
        "aprovar"
      ],
      "ocorrencias": 1,
      "fonte": "",
      "concordancias": [
        {
          "referencia": "Romanos 2.18",
          "texto": "e sabes a sua vontade, e À, as coisas"
        }
      ]
    },
    {
      "palavra": "aproveis",
      "veja tambem": [
        "aprovar"
      ],
      "ocorrencias": 1,
      "fonte": "",
      "concordancias": [
        {
          "referencia": "Filipenses 1.10",
          "texto": "Para que A. as coisas excelentes, para que"
        }
      ]
    },
    {
      "palavra": "aproveita",
      "veja tambem": [],
      "ocorrencias": 8,
      "fonte": "",
      "concordancias": [
        {
          "referencia": "Jó 34.9",
          "texto": "Porque disse; De nada A. ao homem o"
        },
        {
          "referencia": "Mateus 16.26",
          "texto": "Pois que A. ao homem ganhar o mundo inteiro,"
        },
        {
          "referencia": "Lucas 9.25",
          "texto": "Porque que Á. ao homem granjear o mundo todo,"
        },
        {
          "referencia": "Jó 6.63",
          "texto": "vivifica, a carne para nada À.; as palavras"
        },
        {
          "referencia": "1 Coríntios 7.21",
          "texto": "e, se ainda odes ser livre, À. a ocasião."
        },
        {
          "referencia": "1 Coríntios 15.32",
          "texto": "contra as bestas, que me À. isso, se os"
        },
        {
          "referencia": "1 Timóteo 4.8",
          "texto": "corporal para pouco Á., mas a piedade"
        },
        {
          "referencia": "Tiago 2.14",
          "texto": "Meus irmãos, que A. se alguém disser que tem"
        }
      ]
    },
    {
      "palavra": "aproveitais",
      "veja tambem": [
        "apro-"
      ],
      "ocorrencias": 1,
      "fonte": "",
      "concordancias": [
        {
          "referencia": "Jó 12.19",
          "texto": "entre si: Vedes que nada A.? Eis que"
        }
      ]
    },
    {
      "palavra": "aproveitam",
      "veja tambem": [
        "aproveitar"
      ],
      "ocorrencias": 5,
      "fonte": "",
      "concordancias": [
        {
          "referencia": "1 Samuel 12.21",
          "texto": "as vaidades, que nada Á. e tampouco"
        },
        {
          "referencia": "Jó 15.3",
          "texto": "que de nada servem e com razões que de nada A.?"
        },
        {
          "referencia": "Provérbios 10.2",
          "texto": "da impiedade de nada A.; mas a justiça"
        },
        {
          "referencia": "Provérbios 114",
          "texto": "Não À. as riquezas no dia da ira, mas a"
        },
        {
          "referencia": "2 Timóteo 2.14",
          "texto": "de palavras, que para nada Á. e são para"
        }
      ]
    },
    {
      "palavra": "aproveitamento",
      "veja tambem": [
        "aproveitar"
      ],
      "ocorrencias": 1,
      "fonte": "",
      "concordancias": [
        {
          "referencia": "1 Timóteo 4.15",
          "texto": "nelas, para que o teu À. seja"
        }
      ]
    },
    {
      "palavra": "aproveitando",
      "veja tambem": [
        "aproveitar"
      ],
      "ocorrencias": 1,
      "fonte": "",
      "concordancias": [
        {
          "referencia": "Marcos 5.26",
          "texto": "tudo quanto tinha, nada lhe À. isso, antes"
        }
      ]
    },
    {
      "palavra": "aproveitar",
      "veja tambem": [],
      "ocorrencias": 2,
      "fonte": "",
      "concordancias": [
        {
          "referencia": "Mateus 15.5",
          "texto": "ao Senhor o que poderias À. de mim, esse"
        },
        {
          "referencia": "Marcos 7.11",
          "texto": "à mãe: Aquilo que poderias À, de mim é"
        }
      ]
    },
    {
      "palavra": "aproveitará",
      "veja tambem": [
        "aproveitar"
      ],
      "ocorrencias": 5,
      "fonte": "",
      "concordancias": [
        {
          "referencia": "Jó 21.15",
          "texto": "nós o sirvamos? E que nos Á. que lhe"
        },
        {
          "referencia": "Isaías 19.15",
          "texto": "E não 4. ao Egito obra alguma que possa"
        },
        {
          "referencia": "Isaías 30.6",
          "texto": "seus tesouros a um povo que de nada lhes A.."
        },
        {
          "referencia": "Habacuque 2.18",
          "texto": "Que 4. a imagem de escultura, que eseulpiu o"
        },
        {
          "referencia": "G15.2",
          "texto": "deixardes circuncidar, Cristo de nada vos A.."
        }
      ]
    },
    {
      "palavra": "aproveitaram",
      "veja tambem": [
        "apro-"
      ],
      "ocorrencias": 2,
      "fonte": "",
      "concordancias": [
        {
          "referencia": "Jeremias 12.13",
          "texto": "cansaram-se, mas de nada se A.; estais"
        },
        {
          "referencia": "Hebreus 13.9",
          "texto": "com manjares, que de nada A. aos que a"
        }
      ]
    },
    {
      "palavra": "aproveitaria",
      "veja tambem": [],
      "ocorrencias": 4,
      "fonte": "",
      "concordancias": [
        {
          "referencia": "Jó 35.8",
          "texto": "como tu; e a tua justiça Á. a um filho"
        },
        {
          "referencia": "Marcos 8.36",
          "texto": "Pois que À. ao homem ganhar todo o mundo e"
        },
        {
          "referencia": "1 Coríntios 13.3",
          "texto": "e não tivesse amor, nada disso me A.."
        },
        {
          "referencia": "1 Coríntios 14.6",
          "texto": "línguas estranhas, que vos A., se vos"
        }
      ]
    },
    {
      "palavra": "aproveitava",
      "veja tambem": [
        "aproveitar"
      ],
      "ocorrencias": 1,
      "fonte": "",
      "concordancias": [
        {
          "referencia": "Mateus 27.24",
          "texto": "Pilatos, vendo que nada A., antes o"
        }
      ]
    },
    {
      "palavra": "aproveitei-me",
      "veja tambem": [
        "aproveitar"
      ],
      "ocorrencias": 1,
      "fonte": "",
      "concordancias": [
        {
          "referencia": "2 Coríntios 12.17",
          "texto": "Porventura, A. de vós por algum daqueles"
        }
      ]
    },
    {
      "palavra": "aproveitou",
      "veja tambem": [
        "aproveitar"
      ],
      "ocorrencias": 5,
      "fonte": "",
      "concordancias": [
        {
          "referencia": "Jó 33.27",
          "texto": "e perverti o direito, o que de nada me A.."
        },
        {
          "referencia": "MI 3.14",
          "texto": "é servir a Deus; que nos A. termos"
        },
        {
          "referencia": "Atos 18.27",
          "texto": "o qual, tendo chegado, A. muito aos"
        },
        {
          "referencia": "2 Coríntios 12.18",
          "texto": "irmão. Porventura, Tito se A. de vós? Não"
        },
        {
          "referencia": "Hebreus 4.2",
          "texto": "da pregação nada lhes A., porquanto"
        }
      ]
    },
    {
      "palavra": "aprovo",
      "veja tambem": [
        "aprovar"
      ],
      "ocorrencias": 1,
      "fonte": "",
      "concordancias": [
        {
          "referencia": "Romanos 7.15",
          "texto": "Porque o que faço, não o Á., pois o que quero,"
        }
      ]
    },
    {
      "palavra": "aproxima",
      "veja tambem": [
        "aproximar"
      ],
      "ocorrencias": 5,
      "fonte": "",
      "concordancias": [
        {
          "referencia": "Isaías 29.13",
          "texto": "Pois que SERES se À, de mim e, com a"
        },
        {
          "referencia": "Ezequiel 24.2",
          "texto": "porque o rei de Babilônia se À. de Jerusalém"
        },
        {
          "referencia": "Jó 14.30",
          "texto": "muito convosco, porque se À. o príncipe deste"
        },
        {
          "referencia": "Jó 16.32",
          "texto": "que chega a hora, e já se Á., em que vós"
        },
        {
          "referencia": "Hebreus 11.6",
          "texto": "necessário que aquele que se A. de Deus creia"
        }
      ]
    },
    {
      "palavra": "aproxima-te",
      "veja tambem": [
        "apro-"
      ],
      "ocorrencias": 1,
      "fonte": "",
      "concordancias": [
        {
          "referencia": "S169.18",
          "texto": "A. da minha alma, e resgata-a; livra-me por"
        }
      ]
    },
    {
      "palavra": "aproximam",
      "veja tambem": [
        "apro-"
      ],
      "ocorrencias": 1,
      "fonte": "",
      "concordancias": [
        {
          "referencia": "Ezequiel 45.4",
          "texto": "do santuário, que dele se A. para servir"
        }
      ]
    },
    {
      "palavra": "aproximam-se",
      "veja tambem": [],
      "ocorrencias": 0,
      "fonte": "",
      "concordancias": []
    },
    {
      "palavra": "aproximando",
      "veja tambem": [
        "apro-"
      ],
      "ocorrencias": 2,
      "fonte": "",
      "concordancias": [
        {
          "referencia": "Deuteronômio 15.9",
          "texto": "teu coração, dizendo: Vai-se Á. o sétimo"
        },
        {
          "referencia": "Hebreus 10.25",
          "texto": "mais quanto vedes que se vai À. aquele Dia."
        }
      ]
    }
  ]
}