{
  "a": [
    {
      "palavra": "aproximando-se",
      "veja tambem": [
        "aproximar"
      ],
      "ocorrencias": 18,
      "fonte": "StrongsG4334ς/pros)",
      "concordancias": [
        {
          "referencia": "Mateus 8.19",
          "texto": "E, A. dele um escriba, disse: Mestre,"
        },
        {
          "referencia": "Mateus 8.25",
          "texto": "E os seus discípulos, A., o despertaram,"
        },
        {
          "referencia": "Mateus 17.7",
          "texto": "E, A. Jesus, tocou-lhes e disse:"
        },
        {
          "referencia": "Mateus 17.19",
          "texto": "Então, os discípulos, A. de Jesus em"
        },
        {
          "referencia": "Mateus 18.21",
          "texto": "Então, Pedro, À. dele, disse: Senhor, até"
        },
        {
          "referencia": "Mateus 19.16",
          "texto": "E eis que, 4. dele um jovem, disse-lhe:"
        },
        {
          "referencia": "Mateus 20.8",
          "texto": "E, A. a noite, diz o senhor da vinha ao"
        },
        {
          "referencia": "Mateus 26.49",
          "texto": "E logo, A. de Jesus, disse: Eu te saúdo,"
        },
        {
          "referencia": "Mateus 26.50",
          "texto": "Amigo, a que vieste? Então, A. eles,"
        },
        {
          "referencia": "Mateus 26.69",
          "texto": "assentado fora, no pátio; e, A, dele"
        },
        {
          "referencia": "Mateus 26.73",
          "texto": "E, logo depois, A. os que ali estavam,"
        },
        {
          "referencia": "Marcos 10.2",
          "texto": "E, A, dele os fariseus, perguntaram-lhe,"
        },
        {
          "referencia": "Lucas 10.34",
          "texto": "E, A., atou-lhe as feridas,"
        },
        {
          "referencia": "Lucas 10.40",
          "texto": "em muitos serviços e, Á., disse:"
        },
        {
          "referencia": "Jó 6.19",
          "texto": "Jesus andando sobre o mar e Á. do barco,"
        },
        {
          "referencia": "Atos 7.17",
          "texto": "A., porém, o tempo da promessa que Deus"
        },
        {
          "referencia": "Atos 7.31",
          "texto": "se maravilhou da visão; e, A. para"
        },
        {
          "referencia": "Atos 21.33",
          "texto": "Então, À, o tribuno, o prendeu, e o"
        }
      ]
    },
    {
      "palavra": "aproximar",
      "veja tambem": [
        "chegar",
        "vir"
      ],
      "ocorrencias": 2,
      "fonte": "StrongsG4334ς/pros)",
      "concordancias": [
        {
          "referencia": "Números 17.13",
          "texto": "Todo aquele que se À, do tabernáculo do"
        },
        {
          "referencia": "Jeremias 30.21",
          "texto": "do meio deles, e o farei A., e ele se"
        }
      ]
    },
    {
      "palavra": "aproximar-me",
      "veja tambem": [
        "aproximar"
      ],
      "ocorrencias": 1,
      "fonte": "StrongsG4334ς/pros)",
      "concordancias": [
        {
          "referencia": "S173.28",
          "texto": "Mas, para mim, bom é 4. de Deus; pus a"
        }
      ]
    },
    {
      "palavra": "aproximar-se",
      "veja tambem": [
        "aproximar"
      ],
      "ocorrencias": 2,
      "fonte": "StrongsG4334ς/pros)",
      "concordancias": [
        {
          "referencia": "Marcos 2.4",
          "texto": "E, não podendo A. dele, por causa da"
        },
        {
          "referencia": "Lucas 8.19",
          "texto": "e seus irmãos e não podiam A, dele, por"
        }
      ]
    },
    {
      "palavra": "aproximaram",
      "veja tambem": [
        "aproximar"
      ],
      "ocorrencias": 5,
      "fonte": "StrongsG4334ς/pros)",
      "concordancias": [
        {
          "referencia": "Mateus 9.28",
          "texto": "chegou à casa, os cegos se À. dele; e"
        },
        {
          "referencia": "Mateus 21.1",
          "texto": "E, quando se À, de Jerusalém e chegaram a"
        },
        {
          "referencia": "Marcos 6.35",
          "texto": "os seus discípulos se A. dele e lhe"
        },
        {
          "referencia": "Marcos 11.1",
          "texto": "E, logo que se A. de Jerusalém, de Betfagé e"
        },
        {
          "referencia": "Marcos 11.27",
          "texto": "e os escribas, e os anciãos se À. dele"
        }
      ]
    },
    {
      "palavra": "aproximaram-se",
      "veja tambem": [
        "aproximar"
      ],
      "ocorrencias": 10,
      "fonte": "StrongsG4334ς/pros)",
      "concordancias": [
        {
          "referencia": "Gênesis 19.9",
          "texto": "sobre o varão, sobre Ló, e Á."
        },
        {
          "referencia": "1 Reis 2.1",
          "texto": "E À, os dias da morte de Davi e deu ele"
        },
        {
          "referencia": "Isaías 41.5",
          "texto": "os confins da terra tremeram, Á, e vieram."
        },
        {
          "referencia": "Mateus 5.1",
          "texto": "a um monte, e, assentando-se, À. dele"
        },
        {
          "referencia": "Mateus 14.15",
          "texto": "a tarde, os seus discípulos À. dele,"
        },
        {
          "referencia": "Mateus 14.33",
          "texto": "Então, Á. os que estavam no barco e"
        },
        {
          "referencia": "Mateus 17.24",
          "texto": "chegando eles a Cafarnaum, À. de Pedro"
        },
        {
          "referencia": "Mateus 24.1",
          "texto": "Jesus ia saindo do templo, A. dele os"
        },
        {
          "referencia": "Marcos 10.35",
          "texto": "E 4, dele Tiago e João, filhos de"
        },
        {
          "referencia": "Mic 12.18",
          "texto": "que não há ressurreição, A. dele e"
        }
      ]
    },
    {
      "palavra": "aproximassem",
      "veja tambem": [
        "aproximar"
      ],
      "ocorrencias": 1,
      "fonte": "StrongsG4334ς/pros)",
      "concordancias": [
        {
          "referencia": "2 Samuel 21.10",
          "texto": "não deixou que as aves do céu se A. deles"
        }
      ]
    },
    {
      "palavra": "aproximaste",
      "veja tambem": [
        "aproximar"
      ],
      "ocorrencias": 1,
      "fonte": "StrongsG4334ς/pros)",
      "concordancias": [
        {
          "referencia": "Lamentações 3.57",
          "texto": "Tu te À, no dia em que te invoquei;"
        }
      ]
    },
    {
      "palavra": "aproximavam-se",
      "veja tambem": [
        "aproximar"
      ],
      "ocorrencias": 1,
      "fonte": "StrongsG4334ς/pros)",
      "concordancias": [
        {
          "referencia": "Marcos 6.33",
          "texto": "chegaram primeiro do que eles, e A. deles."
        }
      ]
    },
    {
      "palavra": "aproxime-se",
      "veja tambem": [
        "apro-"
      ],
      "ocorrencias": 1,
      "fonte": "",
      "concordancias": [
        {
          "referencia": "Isaías 5.19",
          "texto": "obra, para que a vejamos; e 4. e venha o"
        }
      ]
    },
    {
      "palavra": "aproximes",
      "veja tambem": [
        "aproximar"
      ],
      "ocorrencias": 1,
      "fonte": "",
      "concordancias": [
        {
          "referencia": "Provérbios 5.8",
          "texto": "o teu caminho e não te Á. da porta da sua casa;"
        }
      ]
    },
    {
      "palavra": "aproximou-se",
      "veja tambem": [
        "aproximar"
      ],
      "ocorrencias": 10,
      "fonte": "",
      "concordancias": [
        {
          "referencia": "Provérbios 7.13",
          "texto": "A. dele, e o beijou, e esforçou o seu"
        },
        {
          "referencia": "Mateus 25.20",
          "texto": "Então, A. o que recebera cinco talentos e"
        },
        {
          "referencia": "Mateus 26.7",
          "texto": "A, dele uma mulher com um vaso de"
        },
        {
          "referencia": "Marcos 1.40",
          "texto": "E A. dele um leproso, que, rogando-lhe e"
        },
        {
          "referencia": "Marcos 5.33",
          "texto": "temendo e tremendo, A., e"
        },
        {
          "referencia": "Marcos 6.48",
          "texto": "da quarta vigília da noite, A. deles,"
        },
        {
          "referencia": "Marcos 12.28",
          "texto": "A. dele um dos escribas que os tinha ouvido"
        },
        {
          "referencia": "Marcos 14.45",
          "texto": "E, logo que chegou, A. dele e disse-lhe:"
        },
        {
          "referencia": "Lucas 8.47",
          "texto": "que não podia ocultar-se, A. tremendo e,"
        },
        {
          "referencia": "Jó 13.6",
          "texto": "Å, pois, de Simão Pedro, que Ihe disse:"
        }
      ]
    },
    {
      "palavra": "aproximou-se-lhe",
      "veja tambem": [
        "aproximar"
      ],
      "ocorrencias": 1,
      "fonte": "",
      "concordancias": [
        {
          "referencia": "Mateus 17.14",
          "texto": "quando chegaram à multidão, A. um"
        }
      ]
    },
    {
      "palavra": "apta",
      "veja tambem": [
        "apto"
      ],
      "ocorrencias": 1,
      "fonte": "",
      "concordancias": [
        {
          "referencia": "Hebreus 4.12",
          "texto": "e das juntas e medulas, e é 4. para discernir"
        }
      ]
    },
    {
      "palavra": "apto",
      "veja tambem": [],
      "ocorrencias": 3,
      "fonte": "",
      "concordancias": [
        {
          "referencia": "Lucas 9.62",
          "texto": "do arado e olha para trás é A. para o Reino de Deus."
        },
        {
          "referencia": "1 Timóteo 3.2",
          "texto": "sóbrio, honesto, hospitaleiro, A. para ensinar;"
        },
        {
          "referencia": "2 Timóteo 2.24",
          "texto": "sim, ser manso para com todos, Á. para ensinar, so-"
        }
      ]
    },
    {
      "palavra": "aptos",
      "veja tambem": [
        "apto"
      ],
      "ocorrencias": 1,
      "fonte": "",
      "concordancias": [
        {
          "referencia": "1 Crônicas 25.1",
          "texto": "e este foi o número dos homens A. para a obra"
        }
      ]
    },
    {
      "palavra": "apurado",
      "veja tambem": [],
      "ocorrencias": 1,
      "fonte": "",
      "concordancias": [
        {
          "referencia": "Cânticos 5.11",
          "texto": "cabeça é como o ouro mais Á., os seus cabelos"
        }
      ]
    },
    {
      "palavra": "aqueça",
      "veja tambem": [
        "aquecer"
      ],
      "ocorrencias": 3,
      "fonte": "",
      "concordancias": [
        {
          "referencia": "IRs 1.2",
          "texto": "no seu seio, para que o rei, nosso senhor, A.."
        },
        {
          "referencia": "Neemias 7.3",
          "texto": "de Jerusalém até que o sol Á.; e, enquanto"
        },
        {
          "referencia": "Ezequiel 24.11",
          "texto": "as suas brasas, para que ela Á., e se queime a"
        }
      ]
    },
    {
      "palavra": "aquece",
      "veja tambem": [],
      "ocorrencias": 1,
      "fonte": "",
      "concordancias": [
        {
          "referencia": "Ageu 1.6",
          "texto": "vestis-vos, mas ninguém se A.; eo que"
        }
      ]
    },
    {
      "palavra": "aquecem",
      "veja tambem": [
        "aquecer"
      ],
      "ocorrencias": 1,
      "fonte": "",
      "concordancias": [
        {
          "referencia": "Jó 37.17",
          "texto": "Ou de como as tuas vestes Á., quando do sul há"
        }
      ]
    },
    {
      "palavra": "aquecendo",
      "veja tambem": [
        "aquecer"
      ],
      "ocorrencias": 2,
      "fonte": "",
      "concordancias": [
        {
          "referencia": "Êxodo 16.21",
          "texto": "ao que podia comer; porque, Á. o sol, derretia-se."
        },
        {
          "referencia": "1 Samuel 11.9",
          "texto": "de jabes-Gileade: Amanhã, em 4. o sol, vos"
        }
      ]
    },
    {
      "palavra": "aquecesse",
      "veja tambem": [
        "aquecer"
      ],
      "ocorrencias": 1,
      "fonte": "",
      "concordancias": [
        {
          "referencia": "Daniel 3.19",
          "texto": "falou e ordenou que o forno se À, sete vezes"
        }
      ]
    },
    {
      "palavra": "aqueceu",
      "veja tambem": [],
      "ocorrencias": 2,
      "fonte": "",
      "concordancias": [
        {
          "referencia": "1 Samuel 11.11",
          "texto": "feriram a Amom, até que o dia Á.. E sucedeu que"
        },
        {
          "referencia": "2 Reis 4.34",
          "texto": "se estendeu sobre ele; e a carne do menino A.."
        }
      ]
    },
    {
      "palavra": "aquecia",
      "veja tambem": [],
      "ocorrencias": 1,
      "fonte": "",
      "concordancias": [
        {
          "referencia": "1 Reis 1.1",
          "texto": "em dias, cobriam-no de vestes, porém não Á.."
        }
      ]
    },
    {
      "palavra": "aquecido",
      "veja tambem": [
        "aquecer"
      ],
      "ocorrencias": 1,
      "fonte": "",
      "concordancias": [
        {
          "referencia": "Gênesis 18.1",
          "texto": "à porta da tenda, quando tinha A. o dia."
        }
      ]
    },
    {
      "palavra": "aqueduto",
      "veja tambem": [],
      "ocorrencias": 2,
      "fonte": "",
      "concordancias": [
        {
          "referencia": "2 Reis 18.17",
          "texto": "subindo e vindo eles, pararam ao pé do A. da"
        },
        {
          "referencia": "2 Reis 20.20",
          "texto": "e como fez a piscina e o A., e como fez"
        }
      ]
    }
  ]
}