{
  "a": [
    {
      "palavra": "aquela",
      "vejatambem": [
        "aquele"
      ],
      "ocorrencias": 130,
      "fonte": "StrongsH1931וּא/hu)",
      "concordancias": [
        {
          "referencia": "Gênesis 3.6",
          "texto": "E, vendo a mulher que A, árvore era boa para se"
        },
        {
          "referencia": "Gênesis 12.6",
          "texto": "E passou Abrão por À. terra até ao lugar de"
        },
        {
          "referencia": "Gênesis 17.14",
          "texto": "não estiver circuncidada, Á, alma será"
        },
        {
          "referencia": "Gênesis 19.20",
          "texto": "Eis, agora, À. cidade está perto, para fugir para"
        },
        {
          "referencia": "Gênesis 19.25",
          "texto": "aquelas cidades, e toda A. campina, e todos"
        },
        {
          "referencia": "an 19.27",
          "texto": "E Abraão levantou-se Á. mesma manhã de madru-"
        },
        {
          "referencia": "Gênesis 30.16",
          "texto": "do meu filho. E deitou-se com ela A. noite."
        },
        {
          "referencia": "Gênesis 32.13",
          "texto": "E passou ali A. noite; e tomou, do que lhe veio à"
        },
        {
          "referencia": "Gênesis 32.21",
          "texto": "sua face; ele, porém, passou Á. noite no arraial."
        },
        {
          "referencia": "Gênesis 32.22",
          "texto": "E levantou-se Á. mesma noite, e tomou as suas"
        },
        {
          "referencia": "Gênesis 41.30",
          "texto": "sete anos de fome, e toda À. fartura será"
        },
        {
          "referencia": "Êxodo 1.6",
          "texto": "e todos os seus irmãos, e toda A. geração,"
        },
        {
          "referencia": "Êxodo 10.13",
          "texto": "todo aquele dia e toda A. noite; e"
        },
        {
          "referencia": "Êxodo 12.15",
          "texto": "o primeiro até ao sétimo dia, A. alma será"
        },
        {
          "referencia": "Êxodo 12.19",
          "texto": "que comer pão levedado, A. alma será cortada"
        },
        {
          "referencia": "Êxodo 12.23",
          "texto": "ombreiras, o Senhor passará A. porta e não"
        },
        {
          "referencia": "Êxodo 14.21",
          "texto": "um forte vento oriental toda À. noite; e o mar"
        },
        {
          "referencia": "Êxodo 22.27",
          "texto": "porque À. é a sua cobertura e a veste da sua"
        },
        {
          "referencia": "Êxodo 31.14",
          "texto": "que nele fizer alguma obra, A. alma será"
        },
        {
          "referencia": "Levítico 7.20",
          "texto": "ela sobre si a sua imundícia, A. pessoa será"
        },
        {
          "referencia": "Levítico 7.21",
          "texto": "pacífico, que é do Senhor, A. pessoa será"
        },
        {
          "referencia": "Levítico 7.27",
          "texto": "que comer algum sangue, À, pessoa será"
        },
        {
          "referencia": "Levítico 8.229",
          "texto": "movimento perante o Senhor; À. foi a porção de"
        },
        {
          "referencia": "Levítico 13.52",
          "texto": "Pelo que se queimará A. veste, ou fio urdido, ou"
        },
        {
          "referencia": "Levítico 17.10",
          "texto": "comer algum sangue, contra A. alma que comer"
        },
        {
          "referencia": "Levítico 20.6",
          "texto": "eu porei a minha face contra A. alma e a"
        },
        {
          "referencia": "Levítico 20.16",
          "texto": "ter ajuntamento com ele, A. mulher matarás"
        },
        {
          "referencia": "Levítico 22.3",
          "texto": "tendo sobre si a sua imundícia, À, alma será"
        },
        {
          "referencia": "Levítico 22.11",
          "texto": "alma com o seu dinheiro, A. comerá delas e o"
        },
        {
          "referencia": "Levítico 23.30",
          "texto": "mesmo dia, fizer alguma obra, A. alma eu"
        },
        {
          "referencia": "Números 5.27",
          "texto": "E, havendo-lhe dado a beber 4. água, será que, se"
        },
        {
          "referencia": "Números 5.27",
          "texto": "inchará, e a sua coxa descairá; e A. mulher será"
        },
        {
          "referencia": "Números 11.32",
          "texto": "todo aquele dia, e toda 4, noite, e todo o"
        },
        {
          "referencia": "Números 13.16",
          "texto": "que Moisés enviou a espiar À, terra; e a Oseias,"
        },
        {
          "referencia": "Números 15.31",
          "texto": "totalmente será extirpada A. alma, e a sua"
        },
        {
          "referencia": "Números 19.13",
          "texto": "o tabernáculo do Senhor; e 4. alma será"
        },
        {
          "referencia": "Números 19.18",
          "texto": "água, e a espargirá sobre 4. tenda, e sobre"
        },
        {
          "referencia": "Números 31.16",
          "texto": "de Peor, pelo que houve 4. praga entre a"
        },
        {
          "referencia": "Números 32.13",
          "texto": "até que se consumiu toda A. geração, que"
        },
        {
          "referencia": "Deuteronômio 2.14",
          "texto": "e oito anos, até que toda Å. geração dos"
        },
        {
          "referencia": "Deuteronômio 3.13",
          "texto": "meia tribo de Manassés. (Toda Á. borda da terra"
        },
        {
          "referencia": "Deuteronômio 4.22",
          "texto": "porém vós o passareis e possuireis Á, boa terra."
        },
        {
          "referencia": "Josué 2.4",
          "texto": "Porém A. mulher tomou a ambos aqueles homens, e"
        },
        {
          "referencia": "Josué 8.9",
          "texto": "de Ai; porém Josué passou Á. noite no meio"
        },
        {
          "referencia": "Josué 8.13",
          "texto": "da cidade; e foi Josué 4. noite ao meio do vale."
        },
        {
          "referencia": "Josué 10.40",
          "texto": "Assim, feriu Josué toda A. terra, as montanhas, e"
        },
        {
          "referencia": "Josué 11.16",
          "texto": "Assim, Josué tomou toda A. terra, as montanhas, e"
        },
        {
          "referencia": "Josué 19.50",
          "texto": "de Efraim; e reedificou A. cidade e"
        },
        {
          "referencia": "Juízes 2.7",
          "texto": "de Josué e viram toda A. grande obra do"
        },
        {
          "referencia": "Juízes 2.10",
          "texto": "foi também congregada toda À, geração a seus"
        },
        {
          "referencia": "Juízes 18.30",
          "texto": "de Dá levantaram para si A. imagem de"
        },
        {
          "referencia": "Rute 43",
          "texto": "Então, disse ao remidor: A. parte da terra que"
        },
        {
          "referencia": "1 Samuel 1.26",
          "texto": "a tua alma, meu senhor; eu sou A. mulher que"
        },
        {
          "referencia": "1 Samuel 5.9",
          "texto": "a mão do Senhor veio contra À. cidade, com mui"
        },
        {
          "referencia": "1 Samuel 6.15",
          "texto": "de ouro, e puseram-nos sobre Á, grande pedra; e"
        },
        {
          "referencia": "1 Samuel 17.27",
          "texto": "tornou a Plar conforme Å. palavra, dizendo:"
        },
        {
          "referencia": "1 Samuel 17.30",
          "texto": "outro e falou conforme A, palavra; e o povo"
        },
        {
          "referencia": "ISm 18.8",
          "texto": "Saul se indignou muito, e À, palavra pareceu"
        },
        {
          "referencia": "1 Samuel 19.24",
          "texto": "terra todo aquele dia e toda À. noite; pelo que"
        },
        {
          "referencia": "1 Samuel 20.20",
          "texto": "atirarei três flechas para Á. banda, como se"
        },
        {
          "referencia": "1 Samuel 21.9",
          "texto": "porque nenhuma outra há aqui, senão Á.. E disse"
        },
        {
          "referencia": "1 Samuel 23.25",
          "texto": "a Davi, que desceu para Å, penha e ficou no"
        },
        {
          "referencia": "1 Samuel 27.9",
          "texto": "E Davi feria A. terra, e não dava vida nem a"
        },
        {
          "referencia": "ISm 28.20",
          "texto": "tinha comido pão todo aquele dia e toda 4, noite."
        },
        {
          "referencia": "2 Samuel 2.32",
          "texto": "seus homens caminharam toda À. noite, e"
        },
        {
          "referencia": "2 Samuel 11.3",
          "texto": "Davie perguntou por A, mulher; e disseram:"
        },
        {
          "referencia": "2 Samuel 18.8",
          "texto": "sobre a face de toda A. terra; e foram mais"
        },
        {
          "referencia": "1 Reis 5.16",
          "texto": "os quais estavam sobre À. obra, três mil e"
        },
        {
          "referencia": "IRs 5.16",
          "texto": "que davam as ordens ao povo que fazia A. obra."
        },
        {
          "referencia": "1 Reis 6.14",
          "texto": "Assim edificou Salomão Á. casa e a aperfeiçoou."
        },
        {
          "referencia": "2 Reis 9.34",
          "texto": "e bebido, disse: Olhai por A. maldita e"
        },
        {
          "referencia": "2 Reis 23.35",
          "texto": "E Jeoaquim deu Á, prata e aquele ouro a Faraó;"
        },
        {
          "referencia": "1 Crônicas 12.21",
          "texto": "ajudaram a Davi contra Á, tropa, porque todos"
        },
        {
          "referencia": "2 Crônicas 23.3",
          "texto": "E toda À. congregação fez aliança com o rei na"
        },
        {
          "referencia": "Esdras 4.12",
          "texto": "nós a Jerusalém, e edificam Á. rebelde e malvada"
        },
        {
          "referencia": "Esdras 4.13",
          "texto": "Agora, saiba o rei que, se A. cidade se"
        },
        {
          "referencia": "Esdras 4.15",
          "texto": "das crônicas e saberás que À. foi uma cidade"
        },
        {
          "referencia": "Esdras 4.15",
          "texto": "tempos antigos; pelo que foi A. cidade destruída."
        },
        {
          "referencia": "Esdras 4.16",
          "texto": "notório ao rei que, se À, cidade se"
        },
        {
          "referencia": "Esdras 4.19",
          "texto": "que, de tempos antigos, À. cidade se"
        },
        {
          "referencia": "Esdras 4.21",
          "texto": "a fim de que não se edifique À, cidade, até que"
        },
        {
          "referencia": "Jó 3.6",
          "texto": "A escuridão tome Á. noite, e não se goze entre os"
        },
        {
          "referencia": "Jó 3.7",
          "texto": "Ah! Que solitária seja Á. noite e suave música"
        },
        {
          "referencia": "Salmos 106.30",
          "texto": "Fineias, que executou o juízo, e cessou À, peste,"
        },
        {
          "referencia": "Eclesiastes 9.15",
          "texto": "um sábio pobre, que livrou A. cidade pela sua"
        },
        {
          "referencia": "Eclesiastes 11.6",
          "texto": "qual prosperará; se esta, se 4, ou se ambas"
        },
        {
          "referencia": "Cânticos 8.5",
          "texto": "dores; ali esteve com dores À, que te deu à luz."
        },
        {
          "referencia": "Cânticos 8.10",
          "texto": "então, eu era aos seus olhos como Á, que acha paz."
        },
        {
          "referencia": "Isaías 13.5",
          "texto": "da sua indignação, para destruir toda A. terra."
        },
        {
          "referencia": "Jeremias 3.1",
          "texto": "mais? Não se poluiria de todo A, terra? Ora, tu"
        },
        {
          "referencia": "Lamentações 1.1",
          "texto": "Como se acha solitária A. cidade dantes tão"
        },
        {
          "referencia": "Ezequiel 12.9",
          "texto": "te disse a casa de Israel, A. casa rebelde: Que"
        },
        {
          "referencia": "Ezequiel 38.8",
          "texto": "serviram de assolação; mas Á. terra foi"
        },
        {
          "referencia": "Daniel 5.24",
          "texto": "Então, dele foi enviada A, parte da mão, e"
        },
        {
          "referencia": "Daniel 8.8",
          "texto": "estando na sua maior força, A, grande ponta foi"
        },
        {
          "referencia": "Daniel 10.7",
          "texto": "E só eu, Daniel, vi À, visão; os homens que"
        },
        {
          "referencia": "Oséias 2.5",
          "texto": "sua mãe se prostituiu, A. que os concebeu"
        },
        {
          "referencia": "Amós 5.3",
          "texto": "saem mil conservará cem, e À. da qual saem cem"
        },
        {
          "referencia": "Ageu 2.3",
          "texto": "é esta como nada em vossos olhos, comparada com A.?"
        },
        {
          "referencia": "Mateus 7.27",
          "texto": "ventos, e combateram Á. casa, e caiu, e"
        },
        {
          "referencia": "Mateus 8.32",
          "texto": "dos porcos; e eis que toda A. manada de"
        },
        {
          "referencia": "Mateus 8.34",
          "texto": "E eis que toda À, cidade saiu ao encontro de"
        },
        {
          "referencia": "Mateus 9.26",
          "texto": "E espalhou-se A. notícia por todo aquele país."
        },
        {
          "referencia": "Mateus 9.31",
          "texto": "ele saído, divulgaram a sua fama por toda A. terra."
        },
        {
          "referencia": "Mateus 10.15",
          "texto": "o país de Sodoma e Gomorra do que para À. cidade"
        },
        {
          "referencia": "Mateus 15.28",
          "texto": "como tu desejas. E, desde 4. hora, a sua"
        },
        {
          "referencia": "Mateus 17.18",
          "texto": "que saiu dele; e, desde À, hora, o menino sarou."
        },
        {
          "referencia": "Mateus 18.13",
          "texto": "digo que maior prazer tem por 4. do que pelas"
        },
        {
          "referencia": "Mateus 18.32",
          "texto": "Servo malvado, perdoei-te toda A. dívida, porque"
        },
        {
          "referencia": "Marcos 14.35",
          "texto": "para que, se fosse possível, passasse dele Å. hora."
        },
        {
          "referencia": "Lucas 1.36",
          "texto": "e é este o sexto mês para 4. que era chamada estéril."
        },
        {
          "referencia": "Lucas 9.36",
          "texto": "E, tendo soado À. voz, Jesus foi achado só; e"
        },
        {
          "referencia": "Lucas 10.12",
          "texto": "naquele dia para Sodoma do que para A. cidade."
        },
        {
          "referencia": "Lucas 20.18",
          "texto": "Qualquer que cair sobre 4. pedra ficará em"
        },
        {
          "referencia": "Jó 4.53",
          "texto": "pois, o pai que era 4, hora a mesma em"
        },
        {
          "referencia": "Jó 11.2",
          "texto": "É Maria era À, que tinha ungido o Senhor com"
        },
        {
          "referencia": "Jó 15.2",
          "texto": "fruto, a tira; e limpa toda À. que dá fruto,"
        },
        {
          "referencia": "Jó 16.4",
          "texto": "a fim de que, quando chegar 4. hora, vos"
        },
        {
          "referencia": "Jó 17.5",
          "texto": "ó Pai, junto de ti mesmo, com A. glória que"
        },
        {
          "referencia": "Jó 19.27",
          "texto": "Eis aí tua mãe. E desde A. hora o discípulo"
        },
        {
          "referencia": "Atos 2.6",
          "texto": "E, correndo Á, voz, ajuntou-se uma multidão e"
        },
        {
          "referencia": "Atos 5.8",
          "texto": "Dize-me, vendestes por tanto Á. herdade? E ela"
        },
        {
          "referencia": "Atos 10.17",
          "texto": "si acerca do que seria A, visão que tinha"
        },
        {
          "referencia": "Atos 13.49",
          "texto": "do Senhor se divulgava por toda Å. província."
        },
        {
          "referencia": "Atos 15.2",
          "texto": "aos apóstolos e aos anciãos sobre A. questão."
        },
        {
          "referencia": "2 Coríntios 7.8",
          "texto": "arrependido por ver que Á. carta vos"
        },
        {
          "referencia": "G13.23",
          "texto": "da lei e encerrados para À, fé que se havia"
        },
        {
          "referencia": "Apocalipse 14.8",
          "texto": "dizendo: Caiu! Caiu Babilônia, A. grande cidade"
        },
        {
          "referencia": "Apocalipse 18.10",
          "texto": "Ai daquela grande Babilônia, A, fone cidade!"
        },
        {
          "referencia": "Apocalipse 18.21",
          "texto": "será lançada Babilônia, A. grande cidade, e"
        }
      ]
    }
  ]
}