{
  "a": [
    {
      "palavra": "aquelas",
      "veja tambem": ["aquela", "aqueles", "aquele", "essa", "essas", "esse", "esses", "esta", "estas", "este", "estes"],
      "ocorrencias": 35,
      "fonte": "Strong's H19924282007",
      "concordancias": [
        {
          "referencia": "Gênesis 15.17",
          "texto": "e uma tocha de fogo que passou por A. metades."
        },
        {
          "referencia": "Gênesis 19.25",
          "texto": "E derribou À, cidades, e toda aquela campina, e"
        },
        {
          "referencia": "Gênesis 19.29",
          "texto": "da destruição, derribando Á, cidades em que"
        },
        {
          "referencia": "Êxodo 28.21",
          "texto": "E serão A, pedras segundo os nomes dos filhos de"
        },
        {
          "referencia": "Êxodo 32.16",
          "texto": "E A. tábuas eram obra de Deus; também a"
        },
        {
          "referencia": "Iv 14.11",
          "texto": "houver de purificar-se com A, coisas perante o"
        },
        {
          "referencia": "Deuteronômio 9.10",
          "texto": "tinha escrito conforme todas À. palavras que o"
        },
        {
          "referencia": "Josué 7.23",
          "texto": "Tomaram, pois, A. coisas do meio da tenda, e as"
        },
        {
          "referencia": "Josué 16.9",
          "texto": "filhos de Manassés; todas A. cidades e as suas aldeias."
        },
        {
          "referencia": "Josué 23.15",
          "texto": "trará o Senhor sobre vós todas A. más coisas,"
        },
        {
          "referencia": "Juízes 2.23",
          "texto": "o Senhor deixou ficar A, nações e não as"
        },
        {
          "referencia": "Juízes 9.3",
          "texto": "os cidadãos de Siquém todas A. palavras; e o"
        },
        {
          "referencia": "1 Samuel 3.18",
          "texto": "Samuel lhe contou todas A, palavras e nada"
        },
        {
          "referencia": "1 Samuel 17.23",
          "texto": "de Gate, e falou conforme Å. palavras, e"
        },
        {
          "referencia": "1 Samuel 17.28",
          "texto": "desceste aqui? E a quem deixaste A, poucas"
        },
        {
          "referencia": "1 Samuel 25.9",
          "texto": "e tendo faladó a Nabal todas 4. palavras em nome"
        },
        {
          "referencia": "1 Samuel 25.37",
          "texto": "sua mulher lhe deu a entender A. palavras; e se"
        },
        {
          "referencia": "1 Reis 9.27",
          "texto": "E mandou Hirão com 4. naus os seus servos,"
        },
        {
          "referencia": "IRs 18.32",
          "texto": "E com Á. pedras edificou o altar em nome do"
        },
        {
          "referencia": "2 Reis 2.22",
          "texto": "Ficaram, pois, sãs A. águas até ao dia de hoje,"
        },
        {
          "referencia": "1 Crônicas 14.17",
          "texto": "o nome de Davi por todas Å. terras; e o Senhor"
        },
        {
          "referencia": "1 Crônicas 14.17",
          "texto": "eo Senhor pôs o seu temor sobre todas A, gentes."
        },
        {
          "referencia": "2 Crônicas 9.28",
          "texto": "E do Egito e de todas A. terras traziam cavalos"
        },
        {
          "referencia": "Jó 42.7",
          "texto": "o Senhor de dizer a Jó A. palavras, o"
        },
        {
          "referencia": "Jeremias 36.16",
          "texto": "que, ouvindo eles todas À. palavras, se"
        },
        {
          "referencia": "Jeremias 36.20",
          "texto": "e anunciaram aos ouvidos do rei todas A. palavras."
        },
        {
          "referencia": "Jeremias 36.24",
          "texto": "os seus servos que ouviram todas A. palavras."
        },
        {
          "referencia": "Jeremias 40.11",
          "texto": "Edom, e os que havia em todas A. terras ouviram"
        },
        {
          "referencia": "Jeremias 43.1",
          "texto": "o havia enviado, e que foram todas A. palavras,"
        },
        {
          "referencia": "Jeremias 45.1",
          "texto": "de Nerias, escrevendo ele A. palavras, num"
        },
        {
          "referencia": "Mateus 14.35",
          "texto": "mandaram por todas À. terras em redor"
        },
        {
          "referencia": "Mateus 23.23",
          "texto": "deveis, porém, fazer essas coisas e não omitir Á.."
        },
        {
          "referencia": "Mateus 25.7",
          "texto": "Então, todas A. virgens se levantaram e"
        },
        {
          "referencia": "Lucas 1.29",
          "texto": "ela, turbou-se muito com Å. palavras e"
        },
        {
          "referencia": "Atos 20.2",
          "texto": "E, havendo andado por Á. terras e exortando-os"
        }
      ]
    },
    {
      "palavra": "aquele",
      "veja tambem": ["aquela", "aquelas", "aqueles", "esse", "essas", "esses", "este", "estas", "estes", "esta"],
      "ocorrencias": 0,
      "fonte": "Strong's H19924282007",
      "concordancias": []
    }
  ]
}