{
  "a": [
    {
      "palavra": "aqueles",
      "veja tambem": [
        "aquele",
        "aquela",
        "aquelas",
        "esse",
        "esses",
        "essa",
        "essas",
        "este",
        "estes",
        "esta",
        "estas"
      ],
      "ocorrencias": 219,
      "fonte": "Strong's H199242827",
      "concordancias": [
        {
          "referencia": "Gênesis 18.16",
          "texto": "E levantaram-se A, varões dali e olharam para a"
        },
        {
          "referencia": "Gênesis 18.22",
          "texto": "Então, viraram Á. varões o rosto dali e foram-se"
        },
        {
          "referencia": "Gênesis 18.28",
          "texto": "justos cinco, destruirás por À, cinco toda a"
        },
        {
          "referencia": "Gênesis 19.10",
          "texto": "A. varões, porém, estenderam a sua mão, e"
        },
        {
          "referencia": "Gênesis 19.12",
          "texto": "Então, disseram Á, varões a Ló: Tens alguém mais"
        },
        {
          "referencia": "Gênesis 19.16",
          "texto": "Ele, porém, demorava-se, e À, varões lhe pegaram"
        },
        {
          "referencia": "Gênesis 20.8",
          "texto": "em seus ouvidos; e temeram muito À, varões."
        },
        {
          "referencia": "Gênesis 34.22",
          "texto": "Mas somente consentirão A. varões habitar"
        },
        {
          "referencia": "Gênesis 43.17",
          "texto": "dissera e o varão levou A. varões à casa de José."
        },
        {
          "referencia": "Gênesis 43.18",
          "texto": "Então, temeram Á. varões, porquanto foram"
        },
        {
          "referencia": "Gênesis 43.24",
          "texto": "Depois, levou o varão À. varões à casa de José e"
        },
        {
          "referencia": "Gênesis 44.4",
          "texto": "casa: Levanta-te e persegue À. varões; e,"
        },
        {
          "referencia": "Êxodo 14.20",
          "texto": "a nuvem era escuridade para À. e para estes"
        },
        {
          "referencia": "Levítico 26.39",
          "texto": "E 4. que entre vós ficarem se derreterão pela"
        },
        {
          "referencia": "Números 449",
          "texto": "os que deles foram contados, Á. que o Senhor"
        },
        {
          "referencia": "Números 9.7",
          "texto": "E A. homens disseram-lhe: Imundos estamos nós"
        },
        {
          "referencia": "Números 11.25",
          "texto": "estava sobre ele, o pôs sobre À, setenta"
        },
        {
          "referencia": "Números 13.3",
          "texto": "o dito do Senhor; todos A. homens eram"
        },
        {
          "referencia": "Números 13.20",
          "texto": "do fruto da terra. E eram À. dias os dias"
        },
        {
          "referencia": "Números 14.37",
          "texto": "A. mesmos homens, que infamaram a terra,"
        },
        {
          "referencia": "Números 16.39",
          "texto": "de metal, que trouxeram À. que foram"
        },
        {
          "referencia": "Números 22.15",
          "texto": "enviar mais príncipes e mais honrados do que A."
        },
        {
          "referencia": "Números 22.20",
          "texto": "de noite, e disse-lhe: Se A, homens te"
        },
        {
          "referencia": "Números 34.29",
          "texto": "Estes são A, a quem o Senhor ordenou que"
        },
        {
          "referencia": "Deuteronômio 9.25",
          "texto": "perante o Senhor A. quarenta dias e"
        },
        {
          "referencia": "Deuteronômio 19.17",
          "texto": "então, A, dois homens, que tiverem a demanda, se"
        },
        {
          "referencia": "Deuteronômio 29.3",
          "texto": "os teus olhos têm visto, À. sinais e grandes maravilhas;"
        },
        {
          "referencia": "Josué 2.4",
          "texto": "mulher tomou a ambos A. homens, € os"
        },
        {
          "referencia": "Josué 2.5",
          "texto": "a porta, sendo já escuro, A. homens saíram;"
        },
        {
          "referencia": "Josué 2.5",
          "texto": "saíram; não sei para onde À. homens se"
        },
        {
          "referencia": "Josué 2.7",
          "texto": "E foram-se A, homens após os espias, pelo"
        },
        {
          "referencia": "Josué 2.14",
          "texto": "Então, A. homens responderam-lhe: A nossa vida"
        },
        {
          "referencia": "Josué 2.17",
          "texto": "E disseram-lhe A, homens: Desobrigados serenos"
        },
        {
          "referencia": "Josué 2.23",
          "texto": "Assim, A. dois homens voltaram, e desceram do"
        },
        {
          "referencia": "Josué 7.2",
          "texto": "Subi e espiai a terra. Subiram, pois, A. homens"
        },
        {
          "referencia": "Josué 8.22",
          "texto": "Também A. da cidade lhes saíram ao encontro e,"
        },
        {
          "referencia": "Josué 9.14",
          "texto": "Então, A. homens israelitas tomaram da sua"
        },
        {
          "referencia": "Josué 10.16",
          "texto": "Á. cinco reis, porém, fugiram e se esconderam"
        },
        {
          "referencia": "Josué 10.22",
          "texto": "a boca da cova e trazei-me Á, cinco reis para"
        },
        {
          "referencia": "Josué 10.23",
          "texto": "pois, assim e trouxeram-lhe Á. cinco reis para"
        },
        {
          "referencia": "Josué 10.24",
          "texto": "sucedeu que, sendo trazidos A. reis a Josué,"
        },
        {
          "referencia": "Josué 18.8",
          "texto": "Então, A, homens se levantaram e se foram; e"
        },
        {
          "referencia": "Josué 18.9",
          "texto": "Foram, pois, À. homens, e passaram pela terra, e"
        },
        {
          "referencia": "Juízes 18.7",
          "texto": "Então, foram-se À. cinco homens e vieram a Laís;"
        },
        {
          "referencia": "Juízes 19.25",
          "texto": "Porém Á. homens não o quiseram ouvir; então,"
        },
        {
          "referencia": "Juízes 20.13",
          "texto": "Dai-nos, pois, agora, Á. homens filhos de"
        },
        {
          "referencia": "1 Samuel 6.10",
          "texto": "E assim fizeram Á. homens, e tomaram duas vacas"
        },
        {
          "referencia": "ISm 7.16",
          "texto": "e a Mispa; e julgava a Israel em todos 4. lugares."
        },
        {
          "referencia": "1 Samuel 10.9",
          "texto": "o coração em outro; e todos Á, sinais"
        },
        {
          "referencia": "1 Samuel 10.26",
          "texto": "e foram com ele, do exército, A. cujo coração"
        },
        {
          "referencia": "ISm 11.12",
          "texto": "reinaria sobre nós? Dai cá A. homens, e os mata-"
        },
        {
          "referencia": "1 Samuel 25.15",
          "texto": "Todavia, A. homens têm-nos sido muito bons, e"
        },
        {
          "referencia": "2 Samuel 11.23",
          "texto": "que mais poderosos foram A. homens do que"
        },
        {
          "referencia": "2 Samuel 13.37",
          "texto": "E Davi trouxe dó por seu filho todos A. dias."
        },
        {
          "referencia": "2 Samuel 23.16",
          "texto": "Então, A. três valentes romperam pelo arraial"
        },
        {
          "referencia": "2 Samuel 23.17",
          "texto": "não a quis beber. Isso fizeram A, três valentes."
        },
        {
          "referencia": "IRs 8.50",
          "texto": "misericórdia perante Á, que os têm"
        },
        {
          "referencia": "IRs 20.25",
          "texto": "caiu de ti, e cavalos como À. cavalos, e"
        },
        {
          "referencia": "IRs 20.25",
          "texto": "cavalos, e carros como Á. carros; e"
        },
        {
          "referencia": "IRs 20.33",
          "texto": "E A, homens tomaram isso por bom presságio, e"
        },
        {
          "referencia": "2 Reis 1.14",
          "texto": "desceu do céu e consumiu À. dois primeiros"
        },
        {
          "referencia": "2 Reis 4.4",
          "texto": "e deita o azeite em todos Á. vasos, e põe à"
        },
        {
          "referencia": "2 Reis 5.24",
          "texto": "depositou na casa; e despediu A. homens, e foram-se."
        },
        {
          "referencia": "2 Reis 13.3",
          "texto": "mão de Ben-Hadade, filho de Hazael, todos A. dias."
        },
        {
          "referencia": "2 Reis 20.14",
          "texto": "e lhe disse: Que disseram A. homens, e de"
        },
        {
          "referencia": "1 Crônicas 11.18",
          "texto": "Então, A. três romperam pelo arraial dos"
        },
        {
          "referencia": "1 Crônicas 11.19",
          "texto": "não a quis beber. Isto fizeram A. três valentes."
        },
        {
          "referencia": "1 Crônicas 11.24",
          "texto": "Joiada, pelo que teve nome entre A. três varões."
        },
        {
          "referencia": "1 Crônicas 19.5",
          "texto": "ao encontro deles, porque A. homens estavam"
        },
        {
          "referencia": "2 Crônicas 16.9",
          "texto": "mostrar-se forte para com À. cujo coração é"
        },
        {
          "referencia": "2 Crônicas 19.2",
          "texto": "tu ajudar ao ímpio e amar Á. que ao Senhor"
        },
        {
          "referencia": "2 Crônicas 28.10",
          "texto": "porventura, não sois vós mesmos Á. entre os"
        },
        {
          "referencia": "2 Crônicas 30.6",
          "texto": "Israel, para que ele se volte para À. de vós que"
        },
        {
          "referencia": "2 Crônicas 31.8",
          "texto": "eos príncipes e vendo A. montões,"
        },
        {
          "referencia": "Esdras 1.5",
          "texto": "e os levitas, com todos Á. cujo espírito"
        },
        {
          "referencia": "Esdras 4.21",
          "texto": "pois, dai ordem para que Á. homens parem, a"
        },
        {
          "referencia": "Neemias 1.5",
          "texto": "e a benignidade para com 4. que te amam e"
        },
        {
          "referencia": "Ester 9.2",
          "texto": "para pôr as mãos sobre 4. que procuravam o"
        },
        {
          "referencia": "Ester 9.2",
          "texto": "porque o seu terror caiu sobre todos À. povos."
        },
        {
          "referencia": "Jó 3.8",
          "texto": "Amaldiçoem-na Á. que amaldiçoam o dia, que estão"
        },
        {
          "referencia": "Jó 32.1",
          "texto": "Então, A. três homens cessaram de responder a"
        },
        {
          "referencia": "S12.12",
          "texto": "sua ira. Bem-aventurados todos Á. que nele confiam."
        },
        {
          "referencia": "S15.6",
          "texto": "Destruirás Á. que proferem a mentira; o Senhor"
        },
        {
          "referencia": "Salmos 18.39",
          "texto": "abater debaixo de mim A. que contra mim se levan-"
        },
        {
          "referencia": "S121.8",
          "texto": "a tua mão direita alcançará 4, que te aborrecem."
        },
        {
          "referencia": "Si24.1",
          "texto": "e a sua plenitude, o mundo e 4. que nele habitam."
        },
        {
          "referencia": "S125.10",
          "texto": "e verdade para À. que guardam o seu"
        },
        {
          "referencia": "S131.6",
          "texto": "Aborreço À. que se entregam a vaidades"
        },
        {
          "referencia": "S134.9",
          "texto": "santos, pois não têm falta alguma A. que o temem."
        },
        {
          "referencia": "S134.10",
          "texto": "e sofrem fome, mas A. que buscam ao"
        },
        {
          "referencia": "S135.19",
          "texto": "razão, nem pisquem os olhos A. que me aborrecem"
        },
        {
          "referencia": "S137.9",
          "texto": "serão desarraigados; mas Á. que esperam no"
        },
        {
          "referencia": "S137.22",
          "texto": "Porque A. que ele abençoa herdarão a terra, e"
        },
        {
          "referencia": "S137.22",
          "texto": "abençoa herdarão a terra, e A. que forem por ele"
        },
        {
          "referencia": "S144.10",
          "texto": "retirar-nos do inimigo, e À, que nos odeiam"
        },
        {
          "referencia": "S154.4",
          "texto": "ajudador; o Senhor está com Á. que sustêm a"
        },
        {
          "referencia": "S157.4",
          "texto": "leões, e eu estou entre 4. que estão"
        },
        {
          "referencia": "Salmos 63.9",
          "texto": "Mas À. que procuram a minha vida para a"
        },
        {
          "referencia": "Salmos 64.8",
          "texto": "contra si mesmos; todos 4. que os virem, fugirão."
        },
        {
          "referencia": "S168.6",
          "texto": "viva em família; liberta À, que estão presos"
        },
        {
          "referencia": "Salmos 69.4",
          "texto": "A, que me aborrecem sem causa são mais do que os"
        },
        {
          "referencia": "S169.4",
          "texto": "os cabelos da minha cabeça; À. que procuram"
        },
        {
          "referencia": "S169.6",
          "texto": "por minha causa 4. que esperam em ti,"
        },
        {
          "referencia": "S169.6",
          "texto": "confundidos por minha causa Á. que te buscam,"
        },
        {
          "referencia": "S169.12",
          "texto": "A. que se assentam à porta falam contra mim; sou"
        },
        {
          "referencia": "S170.4",
          "texto": "todos os que te buscam; e A. que amam a tua"
        },
        {
          "referencia": "S171.13",
          "texto": "de opróbrio e de confusão A. que procuram o"
        },
        {
          "referencia": "S171.24",
          "texto": "confundidos e envergonhados À. que procuram o"
        },
        {
          "referencia": "S172.9",
          "texto": "A. que habitam no deserto se inclinarão ante"
        },
        {
          "referencia": "S173.27",
          "texto": "tu tens destruído todos A. que, apostatando,"
        },
        {
          "referencia": "S179.11",
          "texto": "do teu braço, preserva À. que estão"
        },
        {
          "referencia": "SI 86.17",
          "texto": "para bem, para que o vejam À, que me aborrecem"
        },
        {
          "referencia": "Salmos 103.17",
          "texto": "a eternidade sobre A. que o temem, e a"
        },
        {
          "referencia": "S1119.79",
          "texto": "para mim os que te temem e À. que têm conhecido"
        },
        {
          "referencia": "Salmos 122.6",
          "texto": "pela paz de Jerusalém! Prosperarão A. que te amam."
        },
        {
          "referencia": "S 130.6",
          "texto": "da manhã; sim, mais do que Á. que esperam pela ma-"
        },
        {
          "referencia": "SI 137.3",
          "texto": "Porquanto Á. que nos levaram cativos nos pediam"
        },
        {
          "referencia": "Provérbios 10.26",
          "texto": "olhos, assim é o preguiçoso para À. que o mandam."
        },
        {
          "referencia": "Provérbios 16.22",
          "texto": "O entendimento, para À, que o possuem, é uma"
        },
        {
          "referencia": "Provérbios 21.6",
          "texto": "falsa é uma vaidade, e À. que a isso são"
        },
        {
          "referencia": "Isaías 14.2",
          "texto": "terra do Senhor; e cativarão Á. que os"
        },
        {
          "referencia": "Isaías 15.9",
          "texto": "mais a Dimom: leões contra 4. que escaparem de"
        },
        {
          "referencia": "Isaías 26.21",
          "texto": "sangue e não encobrirá mais Á. que foram mortos."
        },
        {
          "referencia": "Isaías 39.3",
          "texto": "e lhe disse: Que foi que A. homens disseram"
        },
        {
          "referencia": "Isaías 47.15",
          "texto": "Assim serão para contigo À, com quem"
        },
        {
          "referencia": "Isaías 49.12",
          "texto": "virão de longe, e eis que A., do Norte e do"
        },
        {
          "referencia": "Isaías 49.12",
          "texto": "do Norte e do Ocidente, e À. outros, da"
        },
        {
          "referencia": "Isaías 50.4",
          "texto": "o ouvido para que ouça como Á, que aprendem."
        },
        {
          "referencia": "Isaías 63.19",
          "texto": "Tornamo-nos como Å. sobre quem tu nunca"
        },
        {
          "referencia": "Isaías 63.19",
          "texto": "tu nunca dominaste e como À. que nunca se"
        },
        {
          "referencia": "Isaías 65.1",
          "texto": "por mim; fui achado por Á. que me não"
        },
        {
          "referencia": "Jeremias 17.13",
          "texto": "Esperança de Israel! Todos À. que te deixam"
        },
        {
          "referencia": "Jeremias 23.25",
          "texto": "Tenho ouvido o que dizem A. profetas,"
        },
        {
          "referencia": "Jeremias 49.2",
          "texto": "queimados; e Israel herdará A. que o"
        },
        {
          "referencia": "Jeremias 49.12",
          "texto": "assim diz o Senhor: Eis que 4. que não estavam"
        },
        {
          "referencia": "Jeremias 49.32",
          "texto": "e espalharei a todo vento, À. que têm"
        },
        {
          "referencia": "Lamentações 2.22",
          "texto": "quem escapasse ou ficasse; A. que trouxe nas"
        },
        {
          "referencia": "Ezequiel 11.15",
          "texto": "casa de Israel, todos eles são À, a quem os"
        },
        {
          "referencia": "Ezequiel 13.15",
          "texto": "A parede já não existe, nem Á. que a rebocaram,"
        },
        {
          "referencia": "Ezequiel 14.18",
          "texto": "ainda que A, três homens estivessem nela, vivo"
        },
        {
          "referencia": "Ezequiel 18.11",
          "texto": "e não cumprir todos À. deveres, mas, antes,"
        },
        {
          "referencia": "Ezequiel 23.7",
          "texto": "da Assíria, e com todos À, de quem se"
        },
        {
          "referencia": "Daniel 3.21",
          "texto": "Então, A. homens foram atados com as suas capas,"
        },
        {
          "referencia": "Daniel 3.22",
          "texto": "quente, a chama do fogo matou Á. homens que"
        },
        {
          "referencia": "Daniel 6.11",
          "texto": "Então, A. homens foram juntos e acharam Daniel"
        },
        {
          "referencia": "Daniel 6.15",
          "texto": "Então, A. homens foram juntos ao rei e disseram"
        },
        {
          "referencia": "Daniel 6.24",
          "texto": "o rei, e foram trazidos A. homens que tinham"
        },
        {
          "referencia": "Daniel 10.21",
          "texto": "se esforce comigo contra Á., anão ser"
        },
        {
          "referencia": "Sofonias 1.9",
          "texto": "também, naquele dia, todos 4. que saltam sobre"
        },
        {
          "referencia": "Zacarias 412",
          "texto": "outra vez, disse: Que são A. dois raminhos"
        },
        {
          "referencia": "Zacarias 6.8",
          "texto": "e me falou, dizendo: Eis que A. que saíram para"
        },
        {
          "referencia": "Zacarias 6.15",
          "texto": "E À. que estão longe virão e edificarão no"
        },
        {
          "referencia": "MI 3.16",
          "texto": "Então, À, que temem ao Senhor falam cada um com"
        },
        {
          "referencia": "Mateus 8.27",
          "texto": "E A. homens se maravilharam, dizendo: Que homem"
        },
        {
          "referencia": "Mateus 19.11",
          "texto": "receber esta palavra, mas só Á. a quem foi concedidc"
        },
        {
          "referencia": "Mateus 20.23",
          "texto": "me pertence dá-lo, mas é para Á. para quem meu"
        },
        {
          "referencia": "Mateus 22.7",
          "texto": "os seus exércitos, destruiu A. homicidas, e"
        },
        {
          "referencia": "Mateus 24.22",
          "texto": "E, se À, dias não fossem abreviados, nenhuma"
        },
        {
          "referencia": "Mateus 24.22",
          "texto": "causa dos escolhidos, serão abreviados A. dias."
        },
        {
          "referencia": "Marcos 4.15",
          "texto": "estão junto ao caminho são À. em quem a palavra"
        },
        {
          "referencia": "Marcos 5.12",
          "texto": "E todos A. demônios lhe rogaram, dizendo:"
        },
        {
          "referencia": "Marcos 5.13",
          "texto": "logo lho permitiu. E, saindo A. espíritos"
        },
        {
          "referencia": "y 10.40",
          "texto": "concedê-lo, mas isso é para Á. a quem está reser"
        },
        {
          "referencia": "Marcos 11.9",
          "texto": "E Á, que iam adiante e os que seguiam clamavam,"
        },
        {
          "referencia": "Marcos 12.7",
          "texto": "Mas À. lavradores disseram entre si: Este é o"
        },
        {
          "referencia": "Marcos 13.20",
          "texto": "se o Senhor não abreviasse A. dias, nenhuma"
        },
        {
          "referencia": "Marcos 13.20",
          "texto": "dos escolhidos que escolheu, abreviou 4. dias."
        },
        {
          "referencia": "Lucas 2.43",
          "texto": "regressando eles, terminados A. dias, ficou o"
        },
        {
          "referencia": "Lucas 7.20",
          "texto": "E, quando A. homens chegaram junto dele,"
        },
        {
          "referencia": "Lucas 8.21",
          "texto": "Minha mãe e meus irmãos são Á. que ouvem a"
        },
        {
          "referencia": "Lucas 8.34",
          "texto": "E A, que os guardavam, vendo o que acontecera,"
        },
        {
          "referencia": "Lucas 9.32",
          "texto": "viram a sua glória e Á. dois varões que"
        },
        {
          "referencia": "Lucas 9.33",
          "texto": "E aconteceu que, quando Á. se apartaram dele,"
        },
        {
          "referencia": "Lucas 9.36",
          "texto": "só; e eles calaram-se e, por Á. dias, não"
        },
        {
          "referencia": "Lucas 12.37",
          "texto": "Bem-aventurados A. servos, os quais, quando o"
        },
        {
          "referencia": "Lucas 13.4",
          "texto": "E À. dezoito sobre os quais caiu a torre de"
        },
        {
          "referencia": "Lucas 19.15",
          "texto": "disse que lhe chamassem A. servos a quem"
        },
        {
          "referencia": "Lucas 21.4",
          "texto": "porque todos Á. deram como ofertas de Deus do"
        },
        {
          "referencia": "Jó 5.21",
          "texto": "assim também o Filho vivifica A. que quer."
        },
        {
          "referencia": "Jó 6.14",
          "texto": "Vendo, pois, A. homens o milagre que Jesus tinha"
        },
        {
          "referencia": "Jó 6.39",
          "texto": "é esta: que nenhum de todos Á, que me deu se"
        },
        {
          "referencia": "Jó 8.10",
          "texto": "disse-lhe: Mulher, onde estão A. teus"
        },
        {
          "referencia": "Jó 9.8",
          "texto": "Então, os vizinhos e A. que dantes tinham visto"
        },
        {
          "referencia": "Jó 9.40",
          "texto": "A. dos fariseus que estavam com ele, ouvindo"
        },
        {
          "referencia": "Jó 17.9",
          "texto": "não rogo pelo mundo, mas por À. que me deste,"
        },
        {
          "referencia": "Jó 17.11",
          "texto": "Pai santo, guarda em teu nome Á. que me deste,"
        },
        {
          "referencia": "Jó 17.12",
          "texto": "em teu nome. Tenho guardado A. que tu me deste,"
        },
        {
          "referencia": "Jó 17.20",
          "texto": "por estes, mas também por À. que, pela sua"
        },
        {
          "referencia": "Jó 17.24",
          "texto": "Pai, À. que me deste quero que, onde eu estiver,"
        },
        {
          "referencia": "Atos 1.6",
          "texto": "Á., pois, que se haviam reunido perguntaram-lhe,"
        },
        {
          "referencia": "Atos 2.47",
          "texto": "o Senhor à igreja A. que se haviam de salvar,"
        },
        {
          "referencia": "Atos 15.19",
          "texto": "que não se deve perturbar A., dentre os"
        },
        {
          "referencia": "Atos 16.35",
          "texto": "mandaram quadrilheiros, dizendo: Soltai A. homens."
        },
        {
          "referencia": "Atos 21.5",
          "texto": "E, havendo passado ali A. dias, saímos e"
        },
        {
          "referencia": "Atos 21.26",
          "texto": "Paulo, tomando consigo A. varões, entrou,"
        },
        {
          "referencia": "Atos 22.5",
          "texto": "manietados para Jerusalém Á. que ali"
        },
        {
          "referencia": "Romanos 4.7",
          "texto": "Bem-aventurados A. cujas maldades são perdoadas,"
        },
        {
          "referencia": "Romanos 5.14",
          "texto": "Adão até Moisés, até sobre A. que não pecaram"
        },
        {
          "referencia": "Romanos 10.19",
          "texto": "Eu vos meterei em ciúmes com Á. que não são"
        },
        {
          "referencia": "Romanos 15.21",
          "texto": "antes, como está escrito: A. a quem não foi"
        },
        {
          "referencia": "2 Coríntios 2.16",
          "texto": "de morte para morte; mas, para A., cheiro de"
        },
        {
          "referencia": "Gálatas 3.10",
          "texto": "Todos Á., pois, que são das obras da lei estão"
        },
        {
          "referencia": "G15.12",
          "texto": "que fossem cortados A. que vos andam inquietando."
        },
        {
          "referencia": "Hebreus 4.6",
          "texto": "que alguns entrem nele e que A. a quem primeiro"
        },
        {
          "referencia": "Hebreus 6.7",
          "texto": "erva proveitosa para Á. por quem é lavrada"
        },
        {
          "referencia": "Hebreus 7.20",
          "texto": "juramento (porque certamente Á., sem juramento,"
        },
        {
          "referencia": "Hebreus 7.23",
          "texto": "É, na verdade, A, foram feitos sacerdotes em"
        },
        {
          "referencia": "Hebreus 12.10",
          "texto": "Porque A., na verdade, por um pouco de tempo,"
        },
        {
          "referencia": "Hebreus 12.25",
          "texto": "porque, se não escaparam À. que rejeitaram o"
        },
        {
          "referencia": "Hebreus 13.17",
          "texto": "velam por vossa alma, como À. que hão de dar"
        },
        {
          "referencia": "Hebreus 13.18",
          "texto": "temos boa consciência, como Á. que em tudo"
        },
        {
          "referencia": "1 Pedro 1.12",
          "texto": "agora, vos foram anunciadas por À. que, pelo"
        },
        {
          "referencia": "1 Pedro 2.8",
          "texto": "e rocha de escândalo, para A. que tropeçam na"
        },
        {
          "referencia": "2 Pedro 2.10",
          "texto": "mas principalmente À. que segundo a carne andam"
        },
        {
          "referencia": "2 Pedro 2.18",
          "texto": "da carne e com dissoluções A. que se estavam"
        },
        {
          "referencia": "Judas 1.7",
          "texto": "havendo-se corrompido como À. e ido após"
        },
        {
          "referencia": "Apocalipse 19.9",
          "texto": "Escreve: Bem-aventurados A. que são chamados"
        },
        {
          "referencia": "Apocalipse 20.4",
          "texto": "e assentaram-se sobre eles A. a quem foi dado o"
        },
        {
          "referencia": "Apocalipse 22.14",
          "texto": "Bem-aventurados Á. que lavam as suas vestiduras"
        }
      ]
    }
  ]
}