{
  "a": [
    {
      "palavra": "aquém",
      "veja tambem": ["além", "aqui", "ali"],
      "ocorrencias": 1,
      "fonte": "Strong's H5676",
      "concordancias": [
        {
          "referencia": "Esdras 8.36",
          "texto": "rei e aos governadores de A. do rio; e ajudaram"
        }
      ]
    },
    {
      "palavra": "aquenta",
      "veja tambem": ["aquecer", "esquentar", "quentar", "calor"],
      "ocorrencias": 3,
      "fonte": "Strong's H2552",
      "concordancias": [
        {
          "referencia": "Jó 39.14",
          "texto": "ele deixa os seus ovos na terra e os À. no pó."
        },
        {
          "referencia": "Isaías 44.15",
          "texto": "para queimar; com isso, se À. e coze o pão;"
        },
        {
          "referencia": "Isaías 44.16",
          "texto": "assa-a e farta-se; também se Á. e diz: Ora, já"
        }
      ]
    },
    {
      "palavra": "aquentai-vos",
      "veja tambem": ["aquentar", "aquecer", "esquentar"],
      "ocorrencias": 1,
      "fonte": "Strong's G2328",
      "concordancias": [
        {
          "referencia": "Tiago 2.16",
          "texto": "vós lhes disser: Ide em paz, À. e"
        }
      ]
    },
    {
      "palavra": "aquentando",
      "veja tambem": ["aquentar", "aquecer", "esquentar"],
      "ocorrencias": 2,
      "fonte": "Strong's G2328",
      "concordancias": [
        {
          "referencia": "Jó 6.17",
          "texto": "calor, se desfazem; e, em se Á., desaparecem"
        },
        {
          "referencia": "Marcos 14.67",
          "texto": "vendo a Pedro, que estava se A., olhou para"
        }
      ]
    },
    {
      "palavra": "aquentando-se",
      "veja tambem": ["aquentar", "aquecer", "esquentar"],
      "ocorrencias": 2,
      "fonte": "Strong's G2328",
      "concordancias": [
        {
          "referencia": "Marcos 14.54",
          "texto": "assentado com os servidores, À. ao lume."
        },
        {
          "referencia": "Jó 18.18",
          "texto": "frio; e com eles estava Pedro, Á. também."
        }
      ]
    },
    {
      "palavra": "aquentará",
      "veja tambem": [],
      "ocorrencias": 1,
      "fonte": "",
      "concordancias": [
        {
          "referencia": "Eclesiastes 4.11",
          "texto": "eles se aquentarão; mas um só como se A.?"
        }
      ]
    },
    {
      "palavra": "aquentarem",
      "veja tambem": [],
      "ocorrencias": 1,
      "fonte": "",
      "concordancias": [
        {
          "referencia": "Isaías 47.14",
          "texto": "não será um braseiro, para se Á., nem fogo,"
        }
      ]
    },
    {
      "palavra": "aquentava",
      "veja tambem": [
        "aquentar"
      ],
      "ocorrencias": 1,
      "fonte": "",
      "concordancias": [
        {
          "referencia": "Jó 31.20",
          "texto": "abençoaram, se ele não se À. com as peles"
        }
      ]
    },
    {
      "palavra": "aquentava-se",
      "veja tambem": [
        "aquentar"
      ],
      "ocorrencias": 1,
      "fonte": "",
      "concordancias": [
        {
          "referencia": "Jó 18.25",
          "texto": "E Simão Pedro estava ali e A.."
        }
      ]
    },
    {
      "palavra": "aquentavam",
      "veja tambem": [
        "aquentar"
      ],
      "ocorrencias": 1,
      "fonte": "",
      "concordancias": [
        {
          "referencia": "Jó 18.18",
          "texto": "que tinham feito brasas, ese A., porque"
        }
      ]
    },
    {
      "palavra": "abale",
      "veja tambem": [
        "aba-"
      ],
      "ocorrencias": 2,
      "fonte": "",
      "concordancias": [
        {
          "referencia": "1 Crônicas 16.30",
          "texto": "terra; pois o mundo se firmará, para que se não Á.."
        },
        {
          "referencia": "S196.10",
          "texto": "se firmará para que se não Á.. Ele julgará os"
        }
      ]
    },
    {
      "palavra": "abalem",
      "veja tambem": [
        "abalar"
      ],
      "ocorrencias": 1,
      "fonte": "",
      "concordancias": [
        {
          "referencia": "Salmos 46.3",
          "texto": "ainda que os montes se Á. pela sua braveza. (Selá)"
        }
      ]
    },
    {
      "palavra": "abalos",
      "veja tambem": [
        "abalar"
      ],
      "ocorrencias": 1,
      "fonte": "",
      "concordancias": [
        {
          "referencia": "Jó 41.25",
          "texto": "valentes; em razão dos seus Á., ficam fora de si."
        }
      ]
    },
    {
      "palavra": "abalou",
      "veja tambem": [],
      "ocorrencias": 3,
      "fonte": "",
      "concordancias": [
        {
          "referencia": "2 Samuel 22.8",
          "texto": "Então, se Á. e tremeu a terra, os fundamentos dos"
        },
        {
          "referencia": "SI 18.7",
          "texto": "Então, a terra se À. e tremeu; e os fundamentos"
        },
        {
          "referencia": "S177.18",
          "texto": "alumiaram o mundo; a terra se 4. e tremeu."
        }
      ]
    },
    {
      "palavra": "abana",
      "veja tambem": [],
      "ocorrencias": 1,
      "fonte": "",
      "concordancias": [
        {
          "referencia": "2 Reis 5.12",
          "texto": "Não são, porventura, A.e Farpar, rios de Damasco,"
        }
      ]
    },
    {
      "palavra": "abandona",
      "veja tambem": [],
      "ocorrencias": 2,
      "fonte": "",
      "concordancias": [
        {
          "referencia": "Provérbios 10.17",
          "texto": "a correção, mas o que Á, a repreensão erra."
        },
        {
          "referencia": "Zacarias 11.17",
          "texto": "Ai do pastor inútil, que Á. o rebanho; a espada"
        }
      ]
    },
    {
      "palavra": "abandonada",
      "veja tambem": [
        "abandonado"
      ],
      "ocorrencias": 2,
      "fonte": "",
      "concordancias": [
        {
          "referencia": "Isaías 27.10",
          "texto": "uma habitação rejeitada e A. como um"
        },
        {
          "referencia": "Jeremias 49.25",
          "texto": "Como não está À. a afamada cidade, a cidade"
        }
      ]
    },
    {
      "palavra": "abandonadas",
      "veja tambem": [],
      "ocorrencias": 1,
      "fonte": "",
      "concordancias": [
        {
          "referencia": "Isaías 17.2",
          "texto": "As cidades de Aroer serão Á.; hão de ser"
        }
      ]
    },
    {
      "palavra": "abandonado",
      "veja tambem": [],
      "ocorrencias": 1,
      "fonte": "",
      "concordancias": [
        {
          "referencia": "Isaías 32.14",
          "texto": "Porque o palácio será Á., o ruído da cidade"
        }
      ]
    },
    {
      "palavra": "abandonados",
      "veja tambem": [],
      "ocorrencias": 4,
      "fonte": "",
      "concordancias": [
        {
          "referencia": "Isaías 10.14",
          "texto": "e, como se ajuntam os ovos Á., assim eu"
        },
        {
          "referencia": "Isaías 17.9",
          "texto": "fortes como os lugares Á. no bosque ou"
        },
        {
          "referencia": "Isaías 17.9",
          "texto": "montanhas, os quais foram Á, ante os"
        },
        {
          "referencia": "Jeremias 51.5",
          "texto": "Israel e Judá não foram Á, pelo seu Deus,"
        }
      ]
    },
    {
      "palavra": "abandonais",
      "veja tambem": [
        "abandonar"
      ],
      "ocorrencias": 1,
      "fonte": "",
      "concordancias": [
        {
          "referencia": "Josué 22.18",
          "texto": "para que, hoje, A. ao Senhor? Será que,"
        }
      ]
    },
    {
      "palavra": "abandonam",
      "veja tambem": [],
      "ocorrencias": 3,
      "fonte": "",
      "concordancias": [
        {
          "referencia": "S1119.53",
          "texto": "de mim, por causa dos ímpios que A. a tua lei."
        },
        {
          "referencia": "Jeremias 14.5",
          "texto": "as cervas no campo parem e À. seus filhos,"
        },
        {
          "referencia": "Jeremias 17.13",
          "texto": "escritos sobre a terra; porque À. o Senhor, a"
        }
      ]
    },
    {
      "palavra": "abandonando-o",
      "veja tambem": [
        "abandonar"
      ],
      "ocorrencias": 1,
      "fonte": "",
      "concordancias": [
        {
          "referencia": "Jeremias 52.8",
          "texto": "e todo o seu exército se espalhou, A.."
        }
      ]
    },
    {
      "palavra": "abandonar",
      "veja tambem": [],
      "ocorrencias": 1,
      "fonte": "",
      "concordancias": [
        {
          "referencia": "Êxodo 5.5",
          "texto": "já é muito, e vós os fazeis A. as suas cargas."
        }
      ]
    },
    {
      "palavra": "abandonássemos",
      "veja tambem": [
        "abandonar"
      ],
      "ocorrencias": 1,
      "fonte": "",
      "concordancias": [
        {
          "referencia": "Josué 22.29",
          "texto": "o Senhor ou que hoje nós Á. ao Senhor,"
        }
      ]
    },
    {
      "palavra": "abandonaste",
      "veja tambem": [],
      "ocorrencias": 1,
      "fonte": "",
      "concordancias": [
        {
          "referencia": "Ezequiel 35.5",
          "texto": "inimizade perpétua e À. os filhos de"
        }
      ]
    },
    {
      "palavra": "abandonei",
      "veja tambem": [],
      "ocorrencias": 1,
      "fonte": "",
      "concordancias": [
        {
          "referencia": "Jeremias 12.7",
          "texto": "Desamparei a minha casa, A. a minha herança e"
        }
      ]
    },
    {
      "palavra": "abandones",
      "veja tambem": [
        "aban-"
      ],
      "ocorrencias": 1,
      "fonte": "",
      "concordancias": [
        {
          "referencia": "Provérbios 27.10",
          "texto": "Não Á. o teu amigo, nem o amigo de teu pai,"
        }
      ]
    },
    {
      "palavra": "abandonou",
      "veja tambem": [
        "abandonar"
      ],
      "ocorrencias": 3,
      "fonte": "",
      "concordancias": [
        {
          "referencia": "Ezequiel 8.12",
          "texto": "dizem: O Senhor não nos vê, o Senhor À, a terra."
        },
        {
          "referencia": "Atos 7.42",
          "texto": "Mas Deus se afastou e os À. a que servissem ao"
        },
        {
          "referencia": "Romanos 1.26",
          "texto": "Pelo que Deus os Á. às paixões infames. Porque"
        }
      ]
    },
    {
      "palavra": "abarim",
      "veja tambem": [],
      "ocorrencias": 7,
      "fonte": "",
      "concordancias": [
        {
          "referencia": "Números 21.11",
          "texto": "alojaram-se nos outeiros de A., no deserto que"
        },
        {
          "referencia": "Números 27.12",
          "texto": "a Moisés: Sobe este monte À. e vê a terra que"
        },
        {
          "referencia": "Números 33.44",
          "texto": "nos outeirinhos de A., no termo de Moabe."
        },
        {
          "referencia": "Neemias 33.47",
          "texto": "e acamparam-se nos montes de A., defronte de"
        },
        {
          "referencia": "Números 33.48",
          "texto": "E partiram dos montes de 4. e acamparam-se nas"
        },
        {
          "referencia": "Deuteronômio 32.49",
          "texto": "Sobe o monte de A., o monte Nebo, que está na"
        },
        {
          "referencia": "Jeremias 22.20",
          "texto": "voz em Basã, e clama desde A., porque estão"
        }
      ]
    },
    {
      "palavra": "abastança",
      "veja tambem": [],
      "ocorrencias": 4,
      "fonte": "",
      "concordancias": [
        {
          "referencia": "2 Crônicas 31.10",
          "texto": "Senhor abençoou ao seu povo, e sobejou esta Å.."
        },
        {
          "referencia": "Jó 20.22",
          "texto": "Sendo plena a sua Á., estará angustiado; toda"
        },
        {
          "referencia": "Naum 2.9",
          "texto": "não tem termo o provimento, Á, há de todo"
        },
        {
          "referencia": "MI 3.10",
          "texto": "uma bênção tal, que dela vos advenha a maior A.."
        }
      ]
    },
    {
      "palavra": "abastecia",
      "veja tambem": [],
      "ocorrencias": 1,
      "fonte": "",
      "concordancias": [
        {
          "referencia": "Atos 12.20",
          "texto": "paz, porquanto o seu país se 4, do país do rei."
        }
      ]
    },
    {
      "palavra": "abata",
      "veja tambem": [
        "abater"
      ],
      "ocorrencias": 1,
      "fonte": "",
      "concordancias": [
        {
          "referencia": "Isaías 10.4",
          "texto": "sem que cada um se À, entre os presos e caia entre"
        }
      ]
    },
    {
      "palavra": "abatas",
      "veja tambem": [
        "abater"
      ],
      "ocorrencias": 1,
      "fonte": "",
      "concordancias": [
        {
          "referencia": "Jeremias 14.21",
          "texto": "por amor do teu nome; não Á. o trono da tua"
        }
      ]
    },
    {
      "palavra": "abraçam",
      "veja tambem": [],
      "ocorrencias": 2,
      "fonte": "",
      "concordancias": [
        {
          "referencia": "Isaías 56.4",
          "texto": "aquilo que me agrada, e A. o meu concerto:"
        },
        {
          "referencia": "Lamentações 4.5",
          "texto": "ruas; os que se criaram em carmesim À. o esterco."
        }
      ]
    },
    {
      "palavra": "abraçam-se",
      "veja tambem": [
        "abra-"
      ],
      "ocorrencias": 1,
      "fonte": "",
      "concordancias": [
        {
          "referencia": "Jó 24.8",
          "texto": "e, não tendo refúgio, À. com as rochas."
        }
      ]
    },
    {
      "palavra": "abraçando-a",
      "veja tambem": [
        "abraçar"
      ],
      "ocorrencias": 0,
      "fonte": "",
      "concordancias": []
    },
    {
      "palavra": "abraçando-as",
      "veja tambem": [
        "abraçar"
      ],
      "ocorrencias": 1,
      "fonte": "",
      "concordancias": [
        {
          "referencia": "Hebreus 11.13",
          "texto": "de longe, e crendo nelas, e A.,"
        }
      ]
    },
    {
      "palavra": "abraçando-o",
      "veja tambem": [],
      "ocorrencias": 1,
      "fonte": "",
      "concordancias": [
        {
          "referencia": "Atos 20.10",
          "texto": "inclinou-se sobre ele e, Á., disse:"
        }
      ]
    },
    {
      "palavra": "abraçando-os",
      "veja tambem": [
        "abraçar"
      ],
      "ocorrencias": 1,
      "fonte": "",
      "concordancias": [
        {
          "referencia": "Atos 20.1",
          "texto": "chamou a si os discípulos e, Á., saiu para"
        }
      ]
    },
    {
      "palavra": "abraçar",
      "veja tambem": [],
      "ocorrencias": 2,
      "fonte": "",
      "concordancias": [
        {
          "referencia": "Eclesiastes 3.5",
          "texto": "de ajuntar pedras; tempo de A. e tempo de"
        },
        {
          "referencia": "Eclesiastes 3.5",
          "texto": "tempo de À. e tempo de afastar-se de A.;"
        }
      ]
    },
    {
      "palavra": "abraçaram",
      "veja tambem": [
        "abraçar"
      ],
      "ocorrencias": 1,
      "fonte": "",
      "concordancias": [
        {
          "referencia": "Mateus 28.9",
          "texto": "Eu vos saúdo. E elas, chegando, Á. os seus"
        }
      ]
    },
    {
      "palavra": "abraçarás",
      "veja tambem": [
        "abra-"
      ],
      "ocorrencias": 1,
      "fonte": "",
      "concordancias": [
        {
          "referencia": "2 Reis 4.16",
          "texto": "segundo o tempo da vida, A. um filho."
        }
      ]
    },
    {
      "palavra": "abraçarias",
      "veja tambem": [
        "abra-"
      ],
      "ocorrencias": 1,
      "fonte": "",
      "concordancias": [
        {
          "referencia": "Provérbios 5.20",
          "texto": "atraído pela estranha e A. o seio da estrangeira?"
        }
      ]
    },
    {
      "palavra": "abraçaste",
      "veja tambem": [
        "abraçar"
      ],
      "ocorrencias": 1,
      "fonte": "",
      "concordancias": [
        {
          "referencia": "Isaías 38.17",
          "texto": "tu, porém, tão amorosamente Á. a minha"
        }
      ]
    },
    {
      "palavra": "abraçastes",
      "veja tambem": [
        "abraçar"
      ],
      "ocorrencias": 1,
      "fonte": "",
      "concordancias": [
        {
          "referencia": "2 Coríntios 11.4",
          "texto": "ou outro evangelho que não Á., com razão o so-"
        }
      ]
    },
    {
      "palavra": "abrace",
      "veja tambem": [
        "abraçar"
      ],
      "ocorrencias": 2,
      "fonte": "",
      "concordancias": [
        {
          "referencia": "Cânticos 2.6",
          "texto": "debaixo da minha cabeça, e a sua mão direita me Á.."
        },
        {
          "referencia": "Cânticos 8.3",
          "texto": "debaixo da minha cabeça, e a sua direita me Å.."
        }
      ]
    },
    {
      "palavra": "abraçou-o",
      "veja tambem": [
        "abra-"
      ],
      "ocorrencias": 2,
      "fonte": "",
      "concordancias": [
        {
          "referencia": "Gênesis 29.13",
          "texto": "correu-lhe ao encontro, e A., e beijou-o,"
        },
        {
          "referencia": "Gênesis 33.4",
          "texto": "correu-lhe ao encontro e A.; e lançou-se"
        }
      ]
    },
    {
      "palavra": "abraçou-os",
      "veja tambem": [
        "abraçar"
      ],
      "ocorrencias": 1,
      "fonte": "",
      "concordancias": [
        {
          "referencia": "Gênesis 48.10",
          "texto": "bem; e fê-los chegar a ele, e beijou-os e A.."
        }
      ]
    },
    {
      "palavra": "abraçou-se",
      "veja tambem": [
        "abra-"
      ],
      "ocorrencias": 1,
      "fonte": "",
      "concordancias": [
        {
          "referencia": "Juízes 16.29",
          "texto": "Á., pois, Sansão com as duas colunas do meio,"
        }
      ]
    },
    {
      "palavra": "abram",
      "veja tambem": [
        "abrir"
      ],
      "ocorrencias": 1,
      "fonte": "",
      "concordancias": [
        {
          "referencia": "Neemias 7.3",
          "texto": "e disse-lhes: Não se A. as portas de Jerusalém até"
        }
      ]
    },
    {
      "palavra": "abranda",
      "veja tambem": [],
      "ocorrencias": 1,
      "fonte": "",
      "concordancias": [
        {
          "referencia": "Isaías 25.5",
          "texto": "dos estranhos; como se À. o calor pela"
        }
      ]
    },
    {
      "palavra": "abrandaria",
      "veja tambem": [],
      "ocorrencias": 1,
      "fonte": "",
      "concordancias": [
        {
          "referencia": "Jó 16.5",
          "texto": "e a consolação dos meus lábios Á. a vossa dor."
        }
      ]
    },
    {
      "palavra": "abrandou",
      "veja tambem": [],
      "ocorrencias": 1,
      "fonte": "",
      "concordancias": [
        {
          "referencia": "Juízes 8.3",
          "texto": "que vós? Então, a sua ira se A. para com ele,"
        }
      ]
    }
  ]
}