{
  "a": [
    {
      "palavra": "aquenteil",
      "veja tambem": ["aquentar", "aquecer", "esquentar", "calor"],
      "ocorrencias": 26,
      "fonte": "Strongs G2328",
      "concordancias": [
        {
          "referencia": "Lucas 9.36",
          "texto": "só; e eles calaram-se e, por À. dias, não"
        },
        {
          "referencia": "Lucas 12.37",
          "texto": "Bem-aventurados À. servos, os quais, quando o"
        },
        {
          "referencia": "Lucas 13.4",
          "texto": "E A. dezoito sobre os quais caiu a torre de"
        },
        {
          "referencia": "Jó 6.39",
          "texto": "é esta: que nenhum de todos Ea que me deu se"
        },
        {
          "referencia": "Jó 9.8",
          "texto": "Então, os vizinhos e À, que dantes tinham visto"
        },
        {
          "referencia": "Jó 17.11",
          "texto": "Pai santo, guarda em teu nome À. que me deste,"
        },
        {
          "referencia": "Jó 17.12",
          "texto": "em teu nome. Tenho guardado Á. que tu me deste,"
        },
        {
          "referencia": "Jó 17.24",
          "texto": "Pai, A. que me deste quero que, onde eu estiver,"
        },
        {
          "referencia": "Atos 2.47",
          "texto": "o Senhor à igreja À. que se haviam de salvar."
        },
        {
          "referencia": "Atos 21.5",
          "texto": "E, havendo passado ali À. dias, saímos e"
        },
        {
          "referencia": "Atos 21.26",
          "texto": "Paulo, tomando consigo À. varões, entrou,"
        },
        {
          "referencia": "Atos 22.5",
          "texto": "manietados para Jerusalém A, que ali"
        },
        {
          "referencia": "Romanos 5.14",
          "texto": "Adão até Moisés, até sobre Á. que não pecaram"
        },
        {
          "referencia": "Romanos 10.19",
          "texto": "Eu vos meterei em ciúmes com À. que não são"
        },
        {
          "referencia": "Romanos 15.21",
          "texto": "antes, como está escrito: À. a quem não foi"
        },
        {
          "referencia": "2 Coríntios 2.16",
          "texto": "de morte para morte; mas, para Á., cheiro de"
        },
        {
          "referencia": "G13.10",
          "texto": "Todos Á., pois, que são das obras da lei estão"
        },
        {
          "referencia": "Hebreus 6.7",
          "texto": "erva proveitosa para A. por quem é lavrada"
        },
        {
          "referencia": "Hebreus 7.23",
          "texto": "É, na verdade, A. foram feitos sacerdotes em"
        },
        {
          "referencia": "Hebreus 13.18",
          "texto": "temos Eça consciência, como Á. que em tudo"
        },
        {
          "referencia": "1 Pedro 2.8",
          "texto": "e rocha de escândalo, para À, que tropeçam na"
        },
        {
          "referencia": "2 Pedro 2.10",
          "texto": "mas principalmente A. que segundo a carne andam"
        },
        {
          "referencia": "2 Pedro 2.18",
          "texto": "da carne e com dissoluções À. que se estavam"
        },
        {
          "referencia": "Judas 1.7",
          "texto": "havendo-se corrompido como A. e ido após"
        },
        {
          "referencia": "Apocalipse 204",
          "texto": "e assentaram-se sobre eles À, a quem foi dado o"
        },
        {
          "referencia": "Apocalipse 22.14",
          "texto": "Bem-aventurados À, que lavam as suas vestiduras"
        }
      ]
    },
    {
      "palavra": "aquentei",
      "veja tambem": ["aquentar", "aquecer", "esquentar"],
      "ocorrencias": 1,
      "fonte": "Strongs H2552",
      "concordancias": [
        {
          "referencia": "Isaías 44.16",
          "texto": "se aquenta e diz: Ora, já me A., já vi o fogo."
        }
      ]
    },
    {
      "palavra": "aqui",
      "veja tambem": ["ali", "aqui,", "aqui mesmo", "neste lugar"],
      "ocorrencias": 0,
      "fonte": "Strongs H6311",
      "concordancias": []
    },
    {
      "palavra": "aquieta-te",
      "veja tambem": ["aquietar", "calar", "silenciar", "tranquilizar"],
      "ocorrencias": 3,
      "fonte": "Strongs H1826",
      "concordancias": [
        {
          "referencia": "Isaías 7.4",
          "texto": "E dize-lhe: Acautela-te e À.; não temas, nem"
        },
        {
          "referencia": "Jeremias 47.6",
          "texto": "Volta para a tua bainha, descansa e A.."
        },
        {
          "referencia": "Marcos 4.39",
          "texto": "vento e disse ao mar: Cala-te, Á.. E o vento"
        }
      ]
    },
    {
      "palavra": "aquietai-vos",
      "veja tambem": ["aquietar", "calar", "silenciar", "tranquilizar"],
      "ocorrencias": 1,
      "fonte": "Strongs H7503",
      "concordancias": [
        {
          "referencia": "Salmos 46.10",
          "texto": "A. e sabei que eu sou Deus; serei exaltado"
        }
      ]
    },
    {
      "palavra": "aquietamos",
      "veja tambem": ["aquietar", "calar", "silenciar", "tranquilizar"],
      "ocorrencias": 1,
      "fonte": "Strongs G3982",
      "concordancias": [
        {
          "referencia": "Atos 21.14",
          "texto": "podíamos convencê-lo, nos Á., dizendo:"
        }
      ]
    },
    {
      "palavra": "aquietar",
      "veja tambem": ["calar", "silenciar", "tranquilizar", "pacificar"],
      "ocorrencias": 2,
      "fonte": "Strongs H1826",
      "concordancias": [
        {
          "referencia": "Jó 34.29",
          "texto": "Se ele Á., quem, então, inquietará? Se encobrir"
        },
        {
          "referencia": "Isaías 57.20",
          "texto": "mar bravo que se não pode 4. e cujas águas"
        }
      ]
    },
    {
      "palavra": "aquietará",
      "veja tambem": ["aquietar"],
      "ocorrencias": 1,
      "fonte": "",
      "concordancias": [
        {
          "referencia": "Jonas 1.12",
          "texto": "lançai-me ao mar, e o mar se Á.; porque eu sei"
        }
      ]
    },
    {
      "palavra": "aquietaram-se",
      "veja tambem": ["aquietar"],
      "ocorrencias": 1,
      "fonte": "",
      "concordancias": [
        {
          "referencia": "Gênesis 8.1",
          "texto": "um vento sobre a terra, e À, as águas."
        }
      ]
    },
    {
      "palavra": "aquietarei",
      "veja tambem": [],
      "ocorrencias": 2,
      "fonte": "",
      "concordancias": [
        {
          "referencia": "Isaías 62.1",
          "texto": "p amor de Jerusalém, me não Á., até que"
        },
        {
          "referencia": "Ezequiel 16.42",
          "texto": "se desviarão de ti, e me A. e nunca mais"
        }
      ]
    },
    {
      "palavra": "aquietou",
      "veja tambem": ["aquietar"],
      "ocorrencias": 3,
      "fonte": "",
      "concordancias": [
        {
          "referencia": "S176.8",
          "texto": "fizeste ouvir o teu juízo; a terra tremeu e se 4."
        },
        {
          "referencia": "Marcos 4.39",
          "texto": "aquieta-te. E o vento se A, ehouve"
        },
        {
          "referencia": "Marcos 6.51",
          "texto": "com eles, e o vento se A.; e, entre si,"
        }
      ]
    },
    {
      "palavra": "áquila",
      "veja tambem": [],
      "ocorrencias": 6,
      "fonte": "",
      "concordancias": [
        {
          "referencia": "Atos 18.2",
          "texto": "um certo judeu por nome AÁ., natural do Ponto,"
        },
        {
          "referencia": "Atos 18.18",
          "texto": "a Síria e, com ele, Priscila e Á,, tendo rapado a"
        },
        {
          "referencia": "Atos 18.26",
          "texto": "Quando o ouviram Priscila e Á., o levaram consigo"
        },
        {
          "referencia": "Romanos 16.3",
          "texto": "Saudai a Priscila ea Á., meus cooperadores em"
        },
        {
          "referencia": "1 Coríntios 16.19",
          "texto": "afetuosamente no Senhor Á. e Prisca, com a"
        },
        {
          "referencia": "2 Timóteo 4.19",
          "texto": "Saúda a Prisca, ea Á., eà casa de Onesíforo."
        }
      ]
    },
    {
      "palavra": "aquim",
      "veja tambem": [],
      "ocorrencias": 2,
      "fonte": "",
      "concordancias": [
        {
          "referencia": "Mateus 1.14",
          "texto": "Sadoque, e Sadoque gerou a Á., e A. gerou a Eliúde,"
        },
        {
          "referencia": "Mateus 1.14",
          "texto": "e Sadoque gerou a A., e À. gerou a Eliúde,"
        }
      ]
    },
    {
      "palavra": "aquis",
      "veja tambem": [],
      "ocorrencias": 21,
      "fonte": "",
      "concordancias": [
        {
          "referencia": "1 Samuel 21.10",
          "texto": "dia, de diante de Saul, e veio a A., rei de Gate."
        },
        {
          "referencia": "1 Samuel 21.11",
          "texto": "Porém os criados de A. lhe disseram: Não é este"
        },
        {
          "referencia": "1 Samuel 21.12",
          "texto": "seu ânimo e temeu muito diante de Å., rei de Gate."
        },
        {
          "referencia": "1 Samuel 21.14",
          "texto": "Então, disse A. aos seus criados: Eis que bem"
        },
        {
          "referencia": "1 Samuel 27.2",
          "texto": "que com ele estavam a A., filho de Maoque,"
        },
        {
          "referencia": "1 Samuel 27.3",
          "texto": "E Davi ficou com Á, em Gate, ele e os seus homens,"
        },
        {
          "referencia": "1 Samuel 27.5",
          "texto": "E disse Davi a A.: Se eu tenho achado graça aos"
        },
        {
          "referencia": "1 Samuel 27.6",
          "texto": "Então, lhe deu A., naquele dia, a cidade de"
        },
        {
          "referencia": "1 Samuel 27.9",
          "texto": "e camelos, e vestes; e voltava e vinha a A.."
        },
        {
          "referencia": "1 Samuel 27.10",
          "texto": "E dizendo A.: Sobre onde destes hoje? Davi dizia:"
        },
        {
          "referencia": "1 Samuel 27.12",
          "texto": "E À. confiava em Davi, dizendo: Fez-se ele por"
        },
        {
          "referencia": "1 Samuel 28.1",
          "texto": "guerra contra Israel, disse A. a Davi: Sabe,"
        },
        {
          "referencia": "1 Samuel 28.2",
          "texto": "Então, disse Davi a Æ.: Assim saberás tu o que"
        },
        {
          "referencia": "1 Samuel 28.2",
          "texto": "que fará o teu servo. E disse A. a Davi: Por isso,"
        },
        {
          "referencia": "1 Samuel 29.2",
          "texto": "Davi e os seus homens iam com À. na retaguarda."
        },
        {
          "referencia": "1 Samuel 29.3",
          "texto": "aqui estes hebreus? E disse A. aos príncipes"
        },
        {
          "referencia": "1 Samuel 29.6",
          "texto": "Então, A. chamou a Davi e disse-lhe: Vive o"
        },
        {
          "referencia": "1 Samuel 29.8",
          "texto": "Então, Davi disse a A.: Por quê? Que fiz? Ou que"
        },
        {
          "referencia": "1 Samuel 29.9",
          "texto": "Respondeu, porém, Á. e disse a Davi: Bem o sei; e"
        },
        {
          "referencia": "IRs 2.39",
          "texto": "servos de Simei fugiram para Á., filho de Maaca,"
        },
        {
          "referencia": "1 Reis 2.40",
          "texto": "jumento, e foi a Gate, para AÁ., a buscar a seus"
        }
      ]
    },
    {
      "palavra": "ar",
      "veja tambem": [],
      "ocorrencias": 13,
      "fonte": "",
      "concordancias": [
        {
          "referencia": "Números 21.15",
          "texto": "volve para a situação de A. e se encosta aos termos"
        },
        {
          "referencia": "Números 21.28",
          "texto": "cidade de Seom; e consumiu a Á. dos moabitas e aos"
        },
        {
          "referencia": "Deuteronômio 2.9",
          "texto": "terra; porquanto tenho dado A. aos filhos de Ló"
        },
        {
          "referencia": "Deuteronômio 2.18",
          "texto": "Hoje passarás por Å., pelos termos de Moabe,"
        },
        {
          "referencia": "Deuteronômio 2.29",
          "texto": "e os moabitas, que habitam em A.; até que eu passe o"
        },
        {
          "referencia": "Jó 2.12",
          "texto": "cada um o seu manto, sobre a cabeça lançaram pó ao"
        },
        {
          "referencia": "Isaías 15.1",
          "texto": "em uma noite, foi destruída A. de Moabe e foi"
        },
        {
          "referencia": "Atos 22.23",
          "texto": "e arrojando de si as vestes, e lançando pó para o Á.,"
        },
        {
          "referencia": "1 Coríntios 9.26",
          "texto": "a coisa incerta; assim combato, não como batendo"
        },
        {
          "referencia": "1 Coríntios 14.9",
          "texto": "o que se diz? Porque estareis como que falando ao A.."
        },
        {
          "referencia": "Efésios 2.2",
          "texto": "o príncipe das potestades do Á., do espírito que,"
        },
        {
          "referencia": "Apocalipse 9.2",
          "texto": "e, com a fumaça do poço, escureceu-se o soleo A.."
        },
        {
          "referencia": "Apocalipse 16.17",
          "texto": "derramou a sua taça no A., e saiu grande voz do"
        }
      ]
    },
    {
      "palavra": "ara",
      "veja tambem": [],
      "ocorrencias": 2,
      "fonte": "",
      "concordancias": [
        {
          "referencia": "1 Crônicas 7.38",
          "texto": "E os filhos de Jéter: Jefoné, e Pispa, e A.."
        },
        {
          "referencia": "1 Crônicas 7.39",
          "texto": "E os filhos de Ula: A., e Haniel, e Rizia."
        }
      ]
    },
    {
      "palavra": "ará",
      "veja tambem": [],
      "ocorrencias": 12,
      "fonte": "",
      "concordancias": [
        {
          "referencia": "Esdras 2.5",
          "texto": "Os filhos de A., setecentos e setenta e cinco."
        },
        {
          "referencia": "Neemias 6.18",
          "texto": "genro de Secanias, filho de A,; e seu filho Joanã"
        },
        {
          "referencia": "Neemias 7.10",
          "texto": "Os filhos de A., seiscentos e cinquenta e dois."
        },
        {
          "referencia": "Gênesis 10.22",
          "texto": "de Sem são: Elão, e Assur, e Arfaxade, e Lude, e A.."
        },
        {
          "referencia": "Gênesis 10.23",
          "texto": "E os filhos de À, são: Uz, e Hul, e Geter, e Más."
        },
        {
          "referencia": "Gênesis 22.21",
          "texto": "primogênito, e Buz, seu irmão, e Quemuel, pai de A.,"
        },
        {
          "referencia": "Gênesis 36.28",
          "texto": "Estes são os filhos de Disã: Uz e A.."
        },
        {
          "referencia": "Números 23.7",
          "texto": "a sua parábola e disse: De A. me mandou trazer"
        },
        {
          "referencia": "1 Crônicas 1.17",
          "texto": "e Assur, e Arfaxade, e Lude, e A., e Uz, e Hul, e"
        },
        {
          "referencia": "1 Crônicas 1.42",
          "texto": "e Zaavã, e Jaacã; os filhos de Disã eram Uz e Á.."
        },
        {
          "referencia": "1 Crônicas 2.23",
          "texto": "E Gesur e À. tomaram deles as aldeias de Jair e"
        },
        {
          "referencia": "1 Crônicas 7.34",
          "texto": "E os filhos de Semer: Aí, e Roga, e Jeubá, e A.."
        }
      ]
    },
    {
      "palavra": "arabá",
      "veja tambem": [],
      "ocorrencias": 2,
      "fonte": "",
      "concordancias": [
        {
          "referencia": "Josué 18.18",
          "texto": "até ao lado, defronte de A, para o norte e"
        },
        {
          "referencia": "Josué 18.18",
          "texto": "lado, defronte de Á. para o norte e descia a Á.."
        }
      ]
    },
    {
      "palavra": "arabe",
      "veja tambem": [],
      "ocorrencias": 1,
      "fonte": "",
      "concordancias": [
        {
          "referencia": "Josué 15.52",
          "texto": "A., e Dumá, e Esã,"
        }
      ]
    }
  ]
}