{
  "a": [
    {
      "palavra": "árabe",
      "veja tambem": ["árabes", "arábia", "arábio", "arábios", "eserto"],
      "ocorrencias": 3,
      "fonte": "Strongs H6163",
      "concordancias": [
        {
          "referencia": "Top 405",
          "texto": "posição; Palavras Relacionadas: (árabes-1); Total de re-"
        },
        {
          "referencia": "Isaías 13.20",
          "texto": "de geração em geração; nem o Å. armará ali a sua"
        },
        {
          "referencia": "Jeremias 3.2",
          "texto": "assentavas para eles, como o Á, no deserto;"
        }
      ]
    },
    {
      "palavra": "árabes",
      "veja tambem": ["árabe", "arábia", "arábio", "arábios", "eserto"],
      "ocorrencias": 1,
      "fonte": "Strongs H6163",
      "concordancias": [
        {
          "referencia": "Atos 2.11",
          "texto": "e cretenses, e Á., todos os temos ouvido em"
        }
      ]
    },
    {
      "palavra": "arábia",
      "veja tambem": ["árabe", "árabes", "arábio", "arábios", "eserto"],
      "ocorrencias": 7,
      "fonte": "Strongs H6152",
      "concordancias": [
        {
          "referencia": "1 Reis 10.15",
          "texto": "e de todos os reis da A., e dos"
        },
        {
          "referencia": "2 Crônicas 9.14",
          "texto": "também todos os reis da À, e os príncipes da"
        },
        {
          "referencia": "Isaías 21.13",
          "texto": "Peso contra a A.. Nos bosques da A.,"
        },
        {
          "referencia": "Isaías 21.13",
          "texto": "a Á.. Nos bosques da A., passareis a"
        },
        {
          "referencia": "Ezequiel 27.21",
          "texto": "A. etodos os príncipes de Quedar, eram eles os"
        },
        {
          "referencia": "Gálatas 1.17",
          "texto": "apóstolos, mas parti para a À. e voltei outra"
        },
        {
          "referencia": "Gálatas 4.25",
          "texto": "Agar é Sinai, um monte da A., que corresponde"
        }
      ]
    },
    {
      "palavra": "arábio",
      "veja tambem": ["árabe", "árabes", "arábia", "arábios"],
      "ocorrencias": 2,
      "fonte": "Strongs H6163",
      "concordancias": [
        {
          "referencia": "Neemias 2.19",
          "texto": "o servo amonita, e Gesém, o Á., zombaram de"
        },
        {
          "referencia": "Neemias 6.1",
          "texto": "Sambalate, Tobias, Gesém, o A., e o resto dos"
        }
      ]
    },
    {
      "palavra": "arábios",
      "veja tambem": ["árabe", "árabes", "arábia", "arábio"],
      "ocorrencias": 5,
      "fonte": "Strongs H6163",
      "concordancias": [
        {
          "referencia": "2 Crônicas 17.11",
          "texto": "do tributo; também os A. lhe trouxeram"
        },
        {
          "referencia": "2 Crônicas 21.16",
          "texto": "espírito dos filisteus e dos Á., que estão da"
        },
        {
          "referencia": "2 Crônicas 22.1",
          "texto": "a tropa que viera com os À. ao arraial"
        },
        {
          "referencia": "2 Crônicas 26.7",
          "texto": "os filisteus, e contra os 4. que habitavam em"
        },
        {
          "referencia": "Neemias 4.7",
          "texto": "Sambalate, e Tobias, eos Á., e os amonitas,"
        }
      ]
    },
    {
      "palavra": "arade",
      "veja tambem": ["cidade", "rei", "ananeu"],
      "ocorrencias": 5,
      "fonte": "Strongs H7206",
      "concordancias": [
        {
          "referencia": "Números 21.1",
          "texto": "Ouvindo o cananeu, o rei de A., que habitava para"
        },
        {
          "referencia": "Números 33.40",
          "texto": "E ouviu o cananeu, rei de Á., que habitava o sul"
        },
        {
          "referencia": "Josué 12.140",
          "texto": "rei de Horma, outro; o rei de Á., outro;"
        },
        {
          "referencia": "Juízes 1.16",
          "texto": "de Judá, que está ao sul de A.; e forame"
        },
        {
          "referencia": "1 Crônicas 8.15",
          "texto": "e Zebadias, e A., e Éder,"
        }
      ]
    },
    {
      "palavra": "arado",
      "veja tambem": ["lavrar", "agricultura", "campo"],
      "ocorrencias": 1,
      "fonte": "Strongs G723",
      "concordancias": [
        {
          "referencia": "Lucas 9.62",
          "texto": "Ninguém que lança mão do A. e olha para trás é"
        }
      ]
    },
    {
      "palavra": "aramaicos",
      "veja tambem": ["arameu", "língua", "idioma"],
      "ocorrencias": 1,
      "fonte": "Strongs H762",
      "concordancias": [
        {
          "referencia": "Esdras 4.7",
          "texto": "estava escrita em caracteres Á. e na"
        }
      ]
    },
    {
      "palavra": "arameu",
      "veja tambem": ["aramaicos", "língua", "idioma"],
      "ocorrencias": 5,
      "fonte": "Strongs H761",
      "concordancias": [
        {
          "referencia": "Gênesis 25.20",
          "texto": "a Rebeca, filha de Betuel, A. de Padã-Arã,"
        },
        {
          "referencia": "Gênesis 25.20",
          "texto": "de Padã-Ará, irmã de Labão, A., por sua mulher."
        },
        {
          "referencia": "Gênesis 28.5",
          "texto": "a Labão, filho de Betuel, A., irmão de"
        },
        {
          "referencia": "Gênesis 31.20",
          "texto": "Jacó de Labão, o Á., porque não lhe"
        },
        {
          "referencia": "Gênesis 31.24",
          "texto": "Veio, porém, Deus a Labão, o A., em sonhos, de"
        }
      ]
    },
    {
      "palavra": "aranha",
      "veja tambem": ["inseto,teia", "aranha"],
      "ocorrencias": 3,
      "fonte": "Strongs H879",
      "concordancias": [
        {
          "referencia": "Jó 8.14",
          "texto": "e a sua confiança será como a teia de A,;"
        },
        {
          "referencia": "Provérbios 30.28",
          "texto": "a A., que se apanha com as mãos e está nos paços"
        },
        {
          "referencia": "Isaías 59.5",
          "texto": "basilisco e tecem teias de A.; aquele que comer"
        }
      ]
    }
  ]
}