{
  "a": [
    {
      "palavra": "arao",
      "veja tambem": ["moses", "levita", "sacerdote", "sumo sacerdote", "eliseba"],
      "ocorrencias": 346,
      "fonte": "Strongs H175",
      "concordancias": [
        {
          "referencia": "Êxodo 4.14",
          "texto": "contra Moisés, e disse: Não é A., o levita, teu"
        },
        {
          "referencia": "Êxodo 4.27",
          "texto": "Disse também o Senhor a A.: Vai ao encontro de"
        },
        {
          "referencia": "Êxodo 4.28",
          "texto": "E anunciou Moisés a À. todas as palavras do Senhor,"
        },
        {
          "referencia": "Êxodo 4.29",
          "texto": "Então, foram Moisés e À. e ajuntaram todos os"
        },
        {
          "referencia": "Êxodo 4.30",
          "texto": "E À, falou todas as palavras que o Senhor falara a"
        },
        {
          "referencia": "Êxodo 5.1",
          "texto": "E, depois, foram Moisés e À, e disseram a Faraó:"
        },
        {
          "referencia": "Êxodo 5.4",
          "texto": "o rei do Egito: Moisés e A., por que fazeis"
        },
        {
          "referencia": "Êxodo 5.20",
          "texto": "E encontraram a Moisés ea A., que estavam defronte"
        },
        {
          "referencia": "Êxodo 6.13",
          "texto": "o Senhor falou a Moisés e a À. e deu-lhes"
        },
        {
          "referencia": "Êxodo 6.20",
          "texto": "sua tia, e ela gerou-lhe a Á. ea Moisés; e os"
        },
        {
          "referencia": "Êxodo 6.23",
          "texto": "E A. tomou por mulher a Eliseba, filha de"
        },
        {
          "referencia": "Êxodo 6.25",
          "texto": "E Eleazar, filho de A., tomou para si por mulher"
        },
        {
          "referencia": "Êxodo 6.26",
          "texto": "Estes são Á. e Moisés, aos quais o Senhor disse:"
        },
        {
          "referencia": "Êxodo 6.27",
          "texto": "do Egito os filhos de Israel; estes são Moisés e A.."
        },
        {
          "referencia": "Êxodo 7.1",
          "texto": "posto por Deus sobre Faraó; e A., teu irmão, será o"
        },
        {
          "referencia": "Êxodo 7.2",
          "texto": "tudo o que eu te mandar; e A., teu irmão, falará a"
        },
        {
          "referencia": "Êxodo 7.6",
          "texto": "Então, fez assim Moisés e Á.; como o Senhor lhes"
        },
        {
          "referencia": "Êxodo 7.7",
          "texto": "da idade de oitenta anos, e A., da idade de oitenta"
        },
        {
          "referencia": "Êxodo 7.8",
          "texto": "E o Senhor falou a Moisés ea A., dizendo:"
        },
        {
          "referencia": "Êxodo 7.9",
          "texto": "vós algum milagre; dirás a A.: Toma a tua vara e"
        },
        {
          "referencia": "Êxodo 7.10",
          "texto": "Então, Moisés e À. entraram a Faraó e fizeram assim"
        },
        {
          "referencia": "Êxodo 7.10",
          "texto": "o Senhor ordenara; e lançou A, a sua vara diante"
        },
        {
          "referencia": "Êxodo 7.12",
          "texto": "em serpentes; mas a vara de À. tragou as varas deles."
        },
        {
          "referencia": "Êxodo 7.19",
          "texto": "o Senhor a Moisés: Dize a A.: Toma tua vara e"
        },
        {
          "referencia": "Êxodo 7.20",
          "texto": "E Moisés e À. fizeram assim como o Senhor tinha"
        },
        {
          "referencia": "Êxodo 8.5",
          "texto": "o Senhor a Moisés: Dize a Á.: Estende a tua mão"
        },
        {
          "referencia": "Êxodo 8.6",
          "texto": "E A. estendeu a mão sobre as águas do Egito, e"
        },
        {
          "referencia": "Êxodo 8.8",
          "texto": "Faraó chamou a Moisés e a 4. e disse: Rogai ao"
        },
        {
          "referencia": "Êxodo 8.12",
          "texto": "Então, saiu Moisés e 4. de Faraó; e Moisés clamou"
        },
        {
          "referencia": "Êxodo 8.16",
          "texto": "o Senhor a Moisés: Dize a A.: Estende a tua vara"
        },
        {
          "referencia": "Êxodo 8.17",
          "texto": "E fizeram assim; porque À, estendeu a mão com a sua"
        },
        {
          "referencia": "Êxodo 8.25",
          "texto": "chamou Faraó a Moisés e a A, e disse: Ide e"
        },
        {
          "referencia": "Êxodo 9.8",
          "texto": "disse o Senhor a Moisés ea A.: Tomai os punhos"
        },
        {
          "referencia": "Êxodo 9.27",
          "texto": "mandou chamar a Moisés e a A. e disse-lhes: Esta"
        },
        {
          "referencia": "Êxodo 10.3",
          "texto": "Assim, foram Moisés e Å. a Faraó e disseram-lhe:"
        },
        {
          "referencia": "Êxodo 10.8",
          "texto": "Então, Moisés e A. foram levados outra vez a Faraó,"
        },
        {
          "referencia": "Êxodo 10.16",
          "texto": "a chamar a Moisés e a À, e disse: Pequei"
        },
        {
          "referencia": "Êxodo 11.10",
          "texto": "E Moisés e À. fizeram todas estas maravilhas diante"
        },
        {
          "referencia": "Êxodo 12.1",
          "texto": "o Senhor a Moisés e a A. na terra do Egito, dizendo:"
        },
        {
          "referencia": "Êxodo 12.28",
          "texto": "o Senhor ordenara a Moisés ea Á., assim fizeram."
        },
        {
          "referencia": "Êxodo 12.31",
          "texto": "Então, chamou a Moisés e a À, de noite e disse:"
        },
        {
          "referencia": "Êxodo 12.43",
          "texto": "mais o Senhor a Moisés e a A.: Esta é a ordenança"
        },
        {
          "referencia": "Êxodo 12.50",
          "texto": "o Senhor ordenara a Moisés ea A., assim fizeram."
        },
        {
          "referencia": "Êxodo 15.20",
          "texto": "Miriã, a profetisa, a irmã de Á., tomou o tamboril"
        },
        {
          "referencia": "Êxodo 16.2",
          "texto": "Israel murmurou contra Moisés e contra A. no deserto."
        },
        {
          "referencia": "Êxodo 16.6",
          "texto": "Então, disse Moisés e A. a todos os filhos de"
        },
        {
          "referencia": "Êxodo 16.9",
          "texto": "Depois, disse Moisés a A.: Dize a toda a"
        },
        {
          "referencia": "Êxodo 16.10",
          "texto": "aconteceu que, quando falou À. a toda a congregação"
        },
        {
          "referencia": "Êxodo 16.34",
          "texto": "ordenado a Moisés, assim A, o pôs diante do"
        },
        {
          "referencia": "Êxodo 17.10",
          "texto": "contra Amaleque; mas Moisés, A. e Hur subiram ao"
        },
        {
          "referencia": "Êxodo 17.12",
          "texto": "para assentar-se sobre ela; e A. e Hur sustentaram"
        },
        {
          "referencia": "Êxodo 18.12",
          "texto": "sacrifícios para Deus; e veio Á., e todos os"
        },
        {
          "referencia": "Êxodo 19.24",
          "texto": "desce; depois, subirás tu, e 4. contigo; os"
        },
        {
          "referencia": "Êxodo 24.1",
          "texto": "Moisés: Sobe ao Senhor, tu e A., Nadabe e Abiú, e"
        },
        {
          "referencia": "Êxodo 24.9",
          "texto": "E subiram Moisés e A., Nadabe e Abiú, e setenta dos"
        },
        {
          "referencia": "Êxodo 24.14",
          "texto": "que tornemos a vós; e eis que Á. e Hur ficam"
        },
        {
          "referencia": "Êxodo 27.21",
          "texto": "está diante do Testemunho, 4. e seus filhos as"
        },
        {
          "referencia": "Êxodo 28.1",
          "texto": "farás chegar a ti teu irmão A. e seus filhos com"
        },
        {
          "referencia": "Êxodo 28.1",
          "texto": "o ofício sacerdotal, a saber: A. e seus filhos"
        },
        {
          "referencia": "Êxodo 28.2",
          "texto": "E farás vestes santas a A., teu irmão, para glória"
        },
        {
          "referencia": "Êxodo 28.3",
          "texto": "que façam vestes a À. para santificá-lo,"
        },
        {
          "referencia": "Êxodo 284",
          "texto": "cinto; fA., pois, vestes santasa Á., teu"
        },
        {
          "referencia": "Êxodo 28.12",
          "texto": "para os filhos de Israel; e A. levará os seus"
        },
        {
          "referencia": "Êxodo 28.29",
          "texto": "Assim, À. levará os nomes dos filhos de Israel no"
        },
        {
          "referencia": "Êxodo 28.30",
          "texto": "estejam sobre o coração de A., quando entrar"
        },
        {
          "referencia": "Êxodo 28.30",
          "texto": "diante do Senhor; assim, A, levará o juízo"
        },
        {
          "referencia": "Êxodo 28.35",
          "texto": "e estará sobre A, quando ministrar, para que se"
        },
        {
          "referencia": "Êxodo 28.38",
          "texto": "E estará sobre a testa de A., para que A, leve a"
        },
        {
          "referencia": "Êxodo 28.38",
          "texto": "atesta de A., para que À. leve a iniquidade"
        },
        {
          "referencia": "Êxodo 28.40",
          "texto": "túnicas aos filhos de A. e far-lhes-ás cintos;"
        },
        {
          "referencia": "Êxodo 28.41",
          "texto": "E vestirás com eles a A., teu irmão, e também a"
        },
        {
          "referencia": "Êxodo 28.43",
          "texto": "E estarão sobre A. e sobre seus filhos, quando"
        },
        {
          "referencia": "Êxodo 29.4",
          "texto": "Então, farás chegar A. e seus filhos à porta da"
        },
        {
          "referencia": "Êxodo 29.5",
          "texto": "as vestes e vestirás a Á. da túnica, e do"
        },
        {
          "referencia": "Êxodo 29.9",
          "texto": "os cingirás com o cinto, a Á, e a seus filhos, e"
        },
        {
          "referencia": "Êxodo 29.9",
          "texto": "estatuto perpétuo, e sagrarás a Á. e a seus filhos."
        },
        {
          "referencia": "Êxodo 29.10",
          "texto": "da tenda da congregação, e À. e seus filhos porão"
        },
        {
          "referencia": "Êxodo 29.15",
          "texto": "tomarás um carneiro, e À. e seus filhos porão"
        },
        {
          "referencia": "Êxodo 29.19",
          "texto": "tomarás o outro carneiro, e À, e seus filhos porão"
        },
        {
          "referencia": "Êxodo 29.20",
          "texto": "a ponta da orelha direita de A., e sobre a ponta da"
        },
        {
          "referencia": "Êxodo 29.21",
          "texto": "unção e os espargirás sobre À. e sobre as suas"
        },
        {
          "referencia": "Êxodo 29.24",
          "texto": "E tudo porás nas mãos de Á. e nas mãos de seus"
        },
        {
          "referencia": "Êxodo 29.26",
          "texto": "das consagrações, que é de A., e com movimento o"
        },
        {
          "referencia": "Êxodo 29.27",
          "texto": "das consagrações que for de A. e de seus filhos,"
        },
        {
          "referencia": "Êxodo 29.28",
          "texto": "e será para Á. e para seus filhos por estatuto"
        },
        {
          "referencia": "Êxodo 29.29",
          "texto": "vestes santas, que são de Á., serão de seus"
        },
        {
          "referencia": "Êxodo 29.32",
          "texto": "e Á. e seus filhos comerão a carne deste carneiro e"
        },
        {
          "referencia": "Êxodo 29.35",
          "texto": "Assim, pois, farás a À. e a seus filhos, conforme"
        },
        {
          "referencia": "Êxodo 29.44",
          "texto": "também santificarei a Á. e seus filhos, para"
        },
        {
          "referencia": "Êxodo 30.7",
          "texto": "E 4. sobre ele queimará o incenso das especiarias;"
        },
        {
          "referencia": "Êxodo 30.8",
          "texto": "E, acendendo A. as lâmpadas à tarde, o queimará;"
        },
        {
          "referencia": "Êxodo 30.10",
          "texto": "E uma vez no ano Á. fará expiação sobre as pontas"
        },
        {
          "referencia": "Êxodo 30.19",
          "texto": "E A. e seus filhos nela lavarão as suas mãos e os"
        },
        {
          "referencia": "Êxodo 30.30",
          "texto": "Também ungirás a 4. e a seus filhos e os"
        },
        {
          "referencia": "Êxodo 31.10",
          "texto": "e as vestes santas de Á., o sacerdote, e as"
        },
        {
          "referencia": "Êxodo 32.1",
          "texto": "monte, ajuntou-se o povo a Å. e disseram-lhe:"
        },
        {
          "referencia": "Êxodo 32.2",
          "texto": "E A. lhes disse: Arrancai os pendentes de ouro que"
        },
        {
          "referencia": "Êxodo 32.3",
          "texto": "que estavam nas suas orelhas, e os trouxeram a Á.,"
        },
        {
          "referencia": "Êxodo 32.5",
          "texto": "E Á., vendo isto, edificou um altar diante dele; e"
        },
        {
          "referencia": "Êxodo 32.5",
          "texto": "um altar diante dele; e À. apregoou e disse:"
        },
        {
          "referencia": "Êxodo 32.21",
          "texto": "E Moisés disse a Á.: Que te tem feito este povo,"
        },
        {
          "referencia": "Êxodo 32.22",
          "texto": "Então, disse A.: Não se acenda a ira do meu senhor;"
        },
        {
          "referencia": "Êxodo 32.25",
          "texto": "povo estava despido, porque A. o havia despido"
        },
        {
          "referencia": "Êxodo 32.35",
          "texto": "povo, porquanto fizeram o bezerro que À, tinha feito."
        },
        {
          "referencia": "Êxodo 34.30",
          "texto": "Olhando, pois, À. e todos os filhos de Israel para"
        },
        {
          "referencia": "Êxodo 34.31",
          "texto": "Então, Moisés os chamou, e A. e todos os príncipes"
        },
        {
          "referencia": "Êxodo 35.19",
          "texto": "e as vestes santas de Á., o sacerdote, e as"
        },
        {
          "referencia": "Êxodo 38.21",
          "texto": "levitas por mão de Itamar, filho de A., o sacerdote."
        },
        {
          "referencia": "Êxodo 39.1",
          "texto": "fizeram as vestes santas para Á., como o Senhor"
        },
        {
          "referencia": "Êxodo 39.27",
          "texto": "fino, de obra tecida, para À, e para seus filhos,"
        },
        {
          "referencia": "Êxodo 39.41",
          "texto": "as vestes santas de Aê o sacerdote, e as"
        },
        {
          "referencia": "Êxodo 40.12",
          "texto": "Farás também chegar À. e seus filhos à porta da"
        },
        {
          "referencia": "Êxodo 40.13",
          "texto": "E vestirás a Á. as vestes santas, e o ungirás, e o"
        },
        {
          "referencia": "Êxodo 40.31",
          "texto": "E Moisés, e Á., e seus filhos, lavaram nela as mãos"
        },
        {
          "referencia": "Levítico 1.5",
          "texto": "o Senhor; e os filhos de Á., os sacerdotes,"
        },
        {
          "referencia": "Ly 1.8",
          "texto": "Também os filhos de A., os sacerdotes, porão em"
        },
        {
          "referencia": "Levítico 1.11",
          "texto": "o Senhor; e os filhos de Á., os sacerdotes,"
        },
        {
          "referencia": "Levítico 2.2",
          "texto": "E a trará aos filhos de 4., os sacerdotes, um dos"
        },
        {
          "referencia": "Levítico 2.3",
          "texto": "oferta de manjares será de À, e de seus filhos;"
        },
        {
          "referencia": "Levítico 2.10",
          "texto": "oferta de manjares será de A. e de seus filhos;"
        },
        {
          "referencia": "Levítico 3.2",
          "texto": "congregação; e os filhos de Á., os sacerdotes,"
        },
        {
          "referencia": "Levítico 3.5",
          "texto": "E os filhos de A. queimarão isso sobre o altar, em"
        },
        {
          "referencia": "Levítico 3.8",
          "texto": "congregação; e os filhos de A, espargirão o seu"
        },
        {
          "referencia": "Levítico 3.13",
          "texto": "congregação; e os filhos de A. espargirão o seu"
        },
        {
          "referencia": "Levítico 6.9",
          "texto": "Dá ordem a Á. e a seus filhos, dizendo: Esta é a"
        },
        {
          "referencia": "Levítico 6.14",
          "texto": "manjares: um dos filhos de A. a oferecerá perante"
        },
        {
          "referencia": "Levítico 6.16",
          "texto": "E o restante dela comerão, Á. e seus filhos; asmo"
        },
        {
          "referencia": "Levítico 6.18",
          "texto": "varão entre os filhos de A, comerá da oferta de"
        },
        {
          "referencia": "Levítico 6.20",
          "texto": "Esta é a oferta de 4. e de seus filhos, que"
        },
        {
          "referencia": "Iv 6.25",
          "texto": "Fala a À. e a seus filhos, dizendo: Esta é a lei da"
        },
        {
          "referencia": "Levítico 7.10",
          "texto": "será de todos os filhos de A., assim de um como de"
        },
        {
          "referencia": "Levítico 7.31",
          "texto": "oaltar, porém o peito será de A. e de seus filhos."
        },
        {
          "referencia": "Levítico 7.33",
          "texto": "Aquele dos filhos de A. que oferecer o sangue do"
        },
        {
          "referencia": "Levítico 7.34",
          "texto": "pacíficos, e os dei a A., o sacerdote, ea"
        },
        {
          "referencia": "Levítico 7.35",
          "texto": "Esta é a .porgao de Á. e a porção de seus filhos,"
        },
        {
          "referencia": "Levítico 8.2",
          "texto": "Toma a A., ea seus filhos com ele, e as vestes, e"
        },
        {
          "referencia": "Levítico 8.6",
          "texto": "E Moisés fez chegar a À. e a seus filhos, e os"
        },
        {
          "referencia": "Ly 8.12",
          "texto": "da unção sobre a cabeça de À. e ungiu-o, para santificá-"
        },
        {
          "referencia": "Levítico 8.13",
          "texto": "fez chegar os filhos de A., e vestiu-lhes as"
        },
        {
          "referencia": "Levítico 8.14",
          "texto": "da expiação do pecado; e À. e seus filhos"
        },
        {
          "referencia": "Levítico 8.18",
          "texto": "o carneiro do holocausto; e A. e seus filhos"
        },
        {
          "referencia": "Levítico 8.22",
          "texto": "o carneiro da consagração; e À. e seus filhos"
        },
        {
          "referencia": "Levítico 8.23",
          "texto": "ponta da orelha direita de A., e sobre o polegar"
        },
        {
          "referencia": "Levítico 8.24",
          "texto": "ez chegar os filhos de A.; e Moisés pôs daquele"
        },
        {
          "referencia": "Levítico 8.27",
          "texto": "tudo isso pôs nas mãos de A. e nas mãos de seus"
        },
        {
          "referencia": "Levítico 8.30",
          "texto": "o altar e o espargiu sobre A., e sobre as suas"
        },
        {
          "referencia": "Levítico 8.30",
          "texto": "filhos com ele; e santificoua Á., e as suas"
        },
        {
          "referencia": "Iv 8.31",
          "texto": "E Moisés disse a Á. e a seus filhos: Cozei a carne"
        },
        {
          "referencia": "Levítico 8.31",
          "texto": "como tenho ordenado, dizendo: A. e seus filhos a co-"
        },
        {
          "referencia": "Levítico 8.36",
          "texto": "E À, e seus filhos fizeram todas as coisas que o"
        },
        {
          "referencia": "Levítico 9.1",
          "texto": "oitavo, que Moisés chamou a Á., ea seus filhos, e"
        },
        {
          "referencia": "Levítico 9.2",
          "texto": "e disse a A.: Toma um bezerro, para expiação do"
        },
        {
          "referencia": "Levítico 9.7",
          "texto": "E disse Moisés a A.: Chega-te ao altar e faze a tua"
        },
        {
          "referencia": "Levítico 9.8",
          "texto": "Então, Á. se chegou ao altar e degolou o bezerro da"
        },
        {
          "referencia": "Levítico 9.9",
          "texto": "E os filhos de À. trouxeram-lhe o sangue; e molhou"
        },
        {
          "referencia": "Levítico 9.12",
          "texto": "o holocausto, e os filhos de A. lhe entregaram o"
        },
        {
          "referencia": "Levítico 9.18",
          "texto": "era pelo povo; e os filhos de A, entregaram-lhe o"
        },
        {
          "referencia": "Levítico 9.21",
          "texto": "peito e a espádua direita A. moveu por oferta de"
        },
        {
          "referencia": "Levítico 9.22",
          "texto": "Depois, A. levantou as mãos ao povo e o abençoou; e"
        },
        {
          "referencia": "Levítico 9.23",
          "texto": "Então, entraram Moisés e À. na tenda da"
        },
        {
          "referencia": "Levítico 10.1",
          "texto": "E os filhos de A., Nadabe e Abiú, tomaram cada um o"
        },
        {
          "referencia": "Levítico 10.3",
          "texto": "E disse Moisés a A.: Isto é o que o Senhor falou,"
        },
        {
          "referencia": "Levítico 10.3",
          "texto": "glorificado diante de todo o povo. Porém À. calou-se."
        },
        {
          "referencia": "Levítico 10.4",
          "texto": "filhos de Uziel, tio de A., e disse-lhes:"
        },
        {
          "referencia": "Levítico 10.6",
          "texto": "E Moisés disse a Á. e a seus filhos Eleazar e"
        },
        {
          "referencia": "Levítico 10.8",
          "texto": "E falou o Senhor a A., dizendo:"
        },
        {
          "referencia": "Levítico 10.12",
          "texto": "E disse Moisés a A., e a Eleazar, e a Itamar, seus"
        },
        {
          "referencia": "Levítico 10.16",
          "texto": "contra Itamar, os filhos que de A. ficaram, dizendo:"
        },
        {
          "referencia": "Levítico 10.19",
          "texto": "Então, disse A. a Moisés: Eis que hoje meus filhos"
        },
        {
          "referencia": "Levítico 10.20",
          "texto": "E Moisés, ouvindo isto, A. foi aceito aos seus olhos."
        },
        {
          "referencia": "Levítico 11.1",
          "texto": "E falou o Senhor a Moisés e a A., dizendo-lhes:"
        },
        {
          "referencia": "Levítico 13.1",
          "texto": "Falou mais o Senhor a Moisés e a Á., dizendo:"
        },
        {
          "referencia": "Levítico 13.2",
          "texto": "de lepra, então, será levado a A., o sacerdote,"
        },
        {
          "referencia": "Levítico 14.33",
          "texto": "Falou mais o Senhor a Moisés e A., dizendo:"
        },
        {
          "referencia": "Levítico 15.1",
          "texto": "Falou mais o Senhor a Moisés ea A., dizendo:"
        },
        {
          "referencia": "Levítico 16.1",
          "texto": "morreram os dois filhos de A., quando se chegaram"
        },
        {
          "referencia": "Levítico 16.2",
          "texto": "o Senhor a Moisés: Dize a A., teu irmão, que"
        },
        {
          "referencia": "Levítico 16.3",
          "texto": "Com isto À. entrará no santuário: com um novilho"
        },
        {
          "referencia": "Levítico 16.6",
          "texto": "Depois, Á. oferecerá o novilho da oferta pela"
        },
        {
          "referencia": "Levítico 16.8",
          "texto": "E A. lançará sortes sobre os dois bodes: uma sorte"
        },
        {
          "referencia": "Levítico 16.9",
          "texto": "Então, A. fará chegar o bode sobre o qual cair a"
        },
        {
          "referencia": "Levítico 16.11",
          "texto": "E 4. fará chegar o novilho da oferta pela expiação,"
        },
        {
          "referencia": "Levítico 16.21",
          "texto": "E Á. porá ambas as mãos sobre a cabeça do bode vivo"
        },
        {
          "referencia": "Levítico 16.23",
          "texto": "Depois, A. virá à tenda da congregação, e despirá"
        },
        {
          "referencia": "Levítico 16.34",
          "texto": "pecados, uma vez no ano. E fez A. como o Senhor"
        },
        {
          "referencia": "Levítico 17.2",
          "texto": "Fala a A., e aos seus filhos, e a todos os filhos"
        },
        {
          "referencia": "Levítico 21.1",
          "texto": "aos sacerdotes, filhos de A., e dize-lhes: O"
        },
        {
          "referencia": "Levítico 21.17",
          "texto": "Fala a A., dizendo: Ninguém da tua semente, nas"
        },
        {
          "referencia": "Levítico 21.21",
          "texto": "Nenhum homem da semente de A., o sacerdote, em"
        },
        {
          "referencia": "Levítico 22.2",
          "texto": "Dize a À. e a seus filhos que se apartem das coisas"
        },
        {
          "referencia": "Levítico 22.4",
          "texto": "Ninguém da semente de À. que for leproso ou tiver"
        },
        {
          "referencia": "Levítico 22.18",
          "texto": "Fala a A., ea seus filhos, e a todos os filhos de"
        },
        {
          "referencia": "Levítico 24.9",
          "texto": "E será de 4. e de seus filhos, os quais o comerão"
        },
        {
          "referencia": "Números 1.3",
          "texto": "a estes contareis segundo os seus exércitos, tu e Á.."
        },
        {
          "referencia": "Números 1.17",
          "texto": "Então, tomaram Moisés e À. a estes homens, que"
        },
        {
          "referencia": "Números 1.44",
          "texto": "que contaram Moisés e À. e os príncipes de"
        },
        {
          "referencia": "Números 2.1",
          "texto": "E falou o Senhor a Moisés e a A., dizendo:"
        },
        {
          "referencia": "Números 3.1",
          "texto": "E estas são as gerações de À, e de Moisés, no dia"
        },
        {
          "referencia": "Números 3.2",
          "texto": "são os nomes dos filhos de A.: o primogênito,"
        },
        {
          "referencia": "Números 3.3",
          "texto": "são os nomes dos filhos de A., dos sacerdotes"
        },
        {
          "referencia": "Números 3.4",
          "texto": "administraram o sacerdócio diante de A., seu pai."
        },
        {
          "referencia": "Números 3.6",
          "texto": "de Levi e põe-na diante de A., o sacerdote, para"
        },
        {
          "referencia": "Números 3.9",
          "texto": "Darás, pois, os levitas a A. e a seus filhos;"
        },
        {
          "referencia": "Números 3.10",
          "texto": "Mas a À. e a seus filhos ordenarás que guardem o"
        },
        {
          "referencia": "Números 3.32",
          "texto": "Levi será Eleazar, filho de A., o sacerdote; terá a"
        },
        {
          "referencia": "Números 3.38",
          "texto": "do nascente, serão Moisés e A., com seus filhos,"
        },
        {
          "referencia": "Números 3.39",
          "texto": "que contou Moisés e A., por mandado do"
        },
        {
          "referencia": "Números 3.48",
          "texto": "E a À, ea seus filhos darás o dinheiro dos"
        },
        {
          "referencia": "Números 3.51",
          "texto": "dinheiro dos resgatados a A. e a seus filhos,"
        },
        {
          "referencia": "Números 4.1",
          "texto": "E falou o Senhor a Moisés ea A., dizendo:"
        },
        {
          "referencia": "Números 4.5",
          "texto": "Quando partir o arraial, À, e seus filhos virão, e"
        },
        {
          "referencia": "Números 4.15",
          "texto": "Havendo, pois, 4. e seus filhos, ao partir do"
        },
        {
          "referencia": "Números 4.16",
          "texto": "cargo de Eleazar, filho de A., o sacerdote, será o"
        },
        {
          "referencia": "Números 4.17",
          "texto": "E falou o Senhor a Moisés e a A., dizendo:"
        },
        {
          "referencia": "Números 4.19",
          "texto": "à santidade das santidades: A. e seus filhos"
        },
        {
          "referencia": "Números 4.27",
          "texto": "será segundo o mandado de À, e de seus filhos; e"
        },
        {
          "referencia": "Números 4.28",
          "texto": "debaixo da mão de Itamar, filho de A., o sacerdote."
        },
        {
          "referencia": "Números 4.33",
          "texto": "debaixo da mão de Itamar, filho de A., o sacerdote."
        },
        {
          "referencia": "Números 4.34",
          "texto": "Moisés, pois, e A. e os príncipes da congregação"
        },
        {
          "referencia": "o 4.37",
          "texto": "os quais contaram Moisés e Á., conforme o man-"
        },
        {
          "referencia": "o 441",
          "texto": "os quais contaram Moisés e A., conforme o man-"
        },
        {
          "referencia": "a 445",
          "texto": "os quais contaram Moisés e Á., conforme o man-"
        },
        {
          "referencia": "Números 4.46",
          "texto": "que contaram Moisés e Á., e os príncipes de"
        },
        {
          "referencia": "Números 6.23",
          "texto": "Fala a À. e a seus filhos, dizendo: Assim"
        },
        {
          "referencia": "Números 7.8",
          "texto": "debaixo da mão de Itamar, filho de A., o sacerdote."
        },
        {
          "referencia": "Números 8.2",
          "texto": "Fala a A. e dize-lhe: Quando acenderes as lâmpadas,"
        },
        {
          "referencia": "Números 8.3",
          "texto": "E A. fez assim; defronte da face do candeeiro"
        },
        {
          "referencia": "Números 8.11",
          "texto": "EA., moverá os levitas por oferta de movimento"
        },
        {
          "referencia": "Números 8.13",
          "texto": "E porás os levitas perante Á., e perante os seus"
        },
        {
          "referencia": "Números 8.19",
          "texto": "E os levitas, dados a A. e a seus filhos, do meio"
        },
        {
          "referencia": "Números 8.20",
          "texto": "E assim fez Moisés, e A., e toda a congregação dos"
        },
        {
          "referencia": "Números 8.21",
          "texto": "e lavaram as suas vestes, e Á. os moveu por oferta"
        },
        {
          "referencia": "Números 8.21",
          "texto": "movida perante o Senhor, e À. fez expiação por"
        },
        {
          "referencia": "Números 8.22",
          "texto": "tenda da congregação, perante À. e perante os seus"
        },
        {
          "referencia": "Números 9.6",
          "texto": "perante Moisés e perante A. aquele mesmo dia."
        },
        {
          "referencia": "Números 10.8",
          "texto": "E os filhos de A., sacerdotes, tocarão as"
        },
        {
          "referencia": "Números 12.1",
          "texto": "E falaram Miriã e A. contra Moisés, por causa da"
        },
        {
          "referencia": "Números 12.4",
          "texto": "Senhor disse a Moisés, ea A., e a Miriã: Vós três"
        },
        {
          "referencia": "Números 12.5",
          "texto": "da tenda; depois, chamou a A. e a Miriã, e eles"
        },
        {
          "referencia": "Números 12.10",
          "texto": "leprosa como a neve; e olhou A. para Miriã, e eis"
        },
        {
          "referencia": "Números 12.11",
          "texto": "Pelo que 4. disse a Moisés: Ah! Senhor meu! Ora,"
        },
        {
          "referencia": "Números 13.26",
          "texto": "e vieram a Moisés, ea A., eatodaa"
        },
        {
          "referencia": "Números 14.2",
          "texto": "contra Moisés e contra Á,; e toda a congregação"
        },
        {
          "referencia": "Números 14.5",
          "texto": "Então, Moisés e À. caíram sobre os seus rostos"
        },
        {
          "referencia": "Números 14.26",
          "texto": "Depois, falou o Senhor a Moisés e a A., dizendo:"
        },
        {
          "referencia": "Números 15.33",
          "texto": "o trouxeram a Moisés e a Á., e a toda a congrega-"
        },
        {
          "referencia": "Números 16.3",
          "texto": "contra Moisés e contra A. e lhes disseram:"
        },
        {
          "referencia": "Números 16.11",
          "texto": "estais contra o Senhor; e A., que é ele, que"
        },
        {
          "referencia": "Ra 16.16",
          "texto": "ponde-vos perante o Senhor, tu, e eles, e Á., ama-"
        },
        {
          "referencia": "Números 16.17",
          "texto": "incensários; também tu e A., cada qual o seu in-"
        },
        {
          "referencia": "Números 16.18",
          "texto": "a porta da tenda da congregação com Moisés e A.."
        },
        {
          "referencia": "Números 16.20",
          "texto": "E falou o Senhor a Moisés ea A., dizendo:"
        },
        {
          "referencia": "Números 16.37",
          "texto": "Dize a Eleazar, filho de A., o sacerdote, que tome"
        },
        {
          "referencia": "Números 16.40",
          "texto": "que não for da semente de A., se chegue para"
        },
        {
          "referencia": "Números 16.41",
          "texto": "contra Moisés e contra Á., dizendo: Vós"
        },
        {
          "referencia": "Números 16.42",
          "texto": "congregação contra Moisés e À. e virando-se para a"
        },
        {
          "referencia": "Números 16.43",
          "texto": "Vieram, pois, Moisés e A. perante a tenda da con-"
        },
        {
          "referencia": "m 16.46",
          "texto": "e disse Moisés a A.: Toma o teu incensário, e põe"
        },
        {
          "referencia": "Números 16.47",
          "texto": "E tomou-o A., como Moisés tinha falado, e correu"
        },
        {
          "referencia": "Números 16.50",
          "texto": "E voltou Á. a Moisés à porta da tenda da"
        },
        {
          "referencia": "Números 17.3",
          "texto": "Porém o nome de À. escreverás sobre a vara de Levi;"
        },
        {
          "referencia": "Números 17.6",
          "texto": "seus pais, doze varas; e a vara de À. estava entre"
        },
        {
          "referencia": "Números 17.8",
          "texto": "e eis que a vara de Å., pela casa de"
        },
        {
          "referencia": "Números 17.10",
          "texto": "Torna a pôr a vara de 4, perante o"
        },
        {
          "referencia": "Números 18.1",
          "texto": "Então, disse o Senhor a A.: Tu, e teus filhos, e a"
        },
        {
          "referencia": "Números 18.8",
          "texto": "Disse mais o Senhora Å.: E eu, eis que te tenho"
        },
        {
          "referencia": "Números 18.20",
          "texto": "Disse também o Senhor a A.: Na sua terra posses-"
        },
        {
          "referencia": "Números 18.28",
          "texto": "dareis a oferta alçada do Senhor a A., o sacerdote."
        },
        {
          "referencia": "Números 19.1",
          "texto": "Falou mais o Senhor a Moisés e a A., dizendo:"
        },
        {
          "referencia": "Números 20.2",
          "texto": "então, se congregaram contra Moisés e contra Å.."
        },
        {
          "referencia": "Números 20.6",
          "texto": "Então, Moisés e À. se foram de diante da"
        },
        {
          "referencia": "Números 20.8",
          "texto": "ajunta a congregação, tue A., teu irmão, e falai"
        },
        {
          "referencia": "Números 20.10",
          "texto": "F Moisés e À, reuniram a congregação diante da"
        },
        {
          "referencia": "Números 20.12",
          "texto": "Senhor disse a Moisés ea A.: Porquanto não me"
        },
        {
          "referencia": "Números 20.23",
          "texto": "o Senhor a Moisés e a Á. no monte Hor, nos"
        },
        {
          "referencia": "Números 20.24",
          "texto": "Å. recolhido será a seu povo, porque não entrará na"
        },
        {
          "referencia": "Números 20.25",
          "texto": "Toma a À. e a Eleazar, seu filho, e faze-os subir"
        },
        {
          "referencia": "Números 20.26",
          "texto": "E despe a À. as suas vestes e veste-as a Eleazar,"
        },
        {
          "referencia": "Números 20.26",
          "texto": "a Eleazar, seu filho, porque A. será recolhido e"
        },
        {
          "referencia": "Números 20.28",
          "texto": "E Moisés despiu a A. as vestes e as vestiu a"
        },
        {
          "referencia": "Números 20.28",
          "texto": "Eleazar, seu filho; e morreu Á, ali sobre o cume do"
        },
        {
          "referencia": "Números 20.29",
          "texto": "pois, toda a congregação que Á. era morto, chora-"
        },
        {
          "referencia": "Números 20.29",
          "texto": "Á. era morto, choraram a À. trinta dias, isto"
        },
        {
          "referencia": "Números 25.7",
          "texto": "filho de Eleazar, filho de A,, o sacerdote, se"
        },
        {
          "referencia": "Números 25.11",
          "texto": "filho de Eleazar, filho de A., o sacerdote,"
        },
        {
          "referencia": "o 26.1",
          "texto": "a Moisés e a Eleazar, filho de A., o sacerdote, dizen-"
        },
        {
          "referencia": "Números 26.9",
          "texto": "a contenda contra Moisés e contra À. na congregação"
        },
        {
          "referencia": "Números 26.59",
          "texto": "Egito; e esta, a Anrão gerou A,, e Moisés, e"
        },
        {
          "referencia": "Números 26.60",
          "texto": "E a À. nasceram Nadabe, Abiú, Eleazar e Itamar."
        },
        {
          "referencia": "Números 26.64",
          "texto": "contados por Moisés e À., o sacerdote, quando"
        },
        {
          "referencia": "Números 27.13",
          "texto": "ao teu povo, assim como foi recolhido teu irmão A.;"
        },
        {
          "referencia": "Números 33.1",
          "texto": "segundo os seus exércitos, pela mão de Moisés e Á.."
        },
        {
          "referencia": "Números 33.38",
          "texto": "Então, A., o sacerdote, subiu ao monte Hor,"
        },
        {
          "referencia": "Números 33.39",
          "texto": "E era À, da idade de cento e vinte três anos,"
        },
        {
          "referencia": "Deuteronômio 9.20",
          "texto": "se irou muito contra A. para o destruir; mas"
        },
        {
          "referencia": "Deuteronômio 9.20",
          "texto": "o destruir; mas também orei por Á, ao mesmo tempo."
        },
        {
          "referencia": "Deuteronômio 10.6",
          "texto": "a Mosera. Ali, faleceu A. e ali foi"
        },
        {
          "referencia": "Deuteronômio 32.50",
          "texto": "recolhe-te ao teu povo, como Á., teu irmão, morreu"
        },
        {
          "referencia": "Josué 21.10",
          "texto": "que fossem dos filhos de A., das famílias dos"
        },
        {
          "referencia": "Josué 21.13",
          "texto": "Assim, aos filhos de Á., o sacerdote, deram a"
        },
        {
          "referencia": "Josué 21.19",
          "texto": "dos sacerdotes, filhos de A., foram treze cidades"
        },
        {
          "referencia": "Josué 24.5",
          "texto": "Então, enviei Moisés e À. e feri ao Egito, como o"
        },
        {
          "referencia": "Josué 24.33",
          "texto": "também Eleazar, filho de Á., e o sepultaram no"
        },
        {
          "referencia": "Juízes 20.28",
          "texto": "filho de Eleazar, filho de A., estava perante ele"
        },
        {
          "referencia": "Rute 4.19",
          "texto": "e Esrom geroua 4,, e À, gerou a Aminadabe,"
        },
        {
          "referencia": "1 Samuel 12.6",
          "texto": "o que escolheu a Moisés e a À. e tirou vossos pais"
        },
        {
          "referencia": "1 Samuel 12.8",
          "texto": "e o Senhor enviou a Moisés e A., que tiraram a"
        },
        {
          "referencia": "1 Crônicas 6.3",
          "texto": "E os filhos de Anrão: À., e Moisés, e Miriã; e os"
        },
        {
          "referencia": "1 Crônicas 6.3",
          "texto": "e Miriã; e os filhos de A.: Nadabe, e Abiú,"
        },
        {
          "referencia": "1 Crônicas 6.49",
          "texto": "E A, e seus filhos queimavam perfumes sobre o altar"
        },
        {
          "referencia": "1 Crônicas 6.50",
          "texto": "E estes foram os filhos de A.: seu filho Eleazar,"
        },
        {
          "referencia": "1 Crônicas 6.54",
          "texto": "termo, a saber: dos filhos de A., da família dos"
        },
        {
          "referencia": "1 Crônicas 6.57",
          "texto": "E aos filhos de A, deram as cidades de refúgio:"
        },
        {
          "referencia": "1 Crônicas 12.27",
          "texto": "porém, era o chefe dos de A., e com ele vieram"
        },
        {
          "referencia": "1 Crônicas 15.4",
          "texto": "E Davi ajuntou os filhos de A, e os levitas:"
        },
        {
          "referencia": "1 Crônicas 23.13",
          "texto": "Os filhos de Anrão: Á, e Moisés; e À. foi"
        },
        {
          "referencia": "1 Crônicas 23.13",
          "texto": "de Anrão: À, e Moisés; e Á. foi separado para"
        },
        {
          "referencia": "1 Crônicas 23.28",
          "texto": "ao mandado dos filhos de A. no ministério da Casa"
        },
        {
          "referencia": "1 Crônicas 23.32",
          "texto": "e da guarda dos filhos de A., seus irmãos, no"
        },
        {
          "referencia": "1 Crônicas 24.1",
          "texto": "E, quanto aos filhos de A., estas foram as suas"
        },
        {
          "referencia": "1 Crônicas 24.1",
          "texto": "suas divisões; os filhos de A, foram Nadabe, e"
        },
        {
          "referencia": "1 Crônicas 24.19",
          "texto": "lhes fora ordenado por Á., seu pai, como o"
        },
        {
          "referencia": "1 Crônicas 24.31",
          "texto": "seus irmãos, os filhos de A., perante o rei Davi,"
        },
        {
          "referencia": "2 Crônicas 13.9",
          "texto": "do Senhor, os filhos de A., e os levitas e não"
        },
        {
          "referencia": "2 Crônicas 13.10",
          "texto": "ao Senhor são filhos de A., e os levitas se"
        },
        {
          "referencia": "2 Crônicas 26.18",
          "texto": "mas aos sacerdotes, filhos de Á., que são"
        },
        {
          "referencia": "2 Crônicas 29.21",
          "texto": "e Ezequias disse aos filhos de A., os"
        },
        {
          "referencia": "2 Crônicas 35.14",
          "texto": "os sacerdotes, filhos de A., se ocuparam até à"
        },
        {
          "referencia": "2 Crônicas 35.14",
          "texto": "para si e para os sacerdotes, filhos de A.."
        },
        {
          "referencia": "Esdras 7.5",
          "texto": "filho de Eleazar, filho de A., o sumo sacerdote,"
        },
        {
          "referencia": "Neemias 10.38",
          "texto": "e que o sacerdote, filho de A., estaria com os"
        },
        {
          "referencia": "Neemias 12.47",
          "texto": "eos levitas santificavam para os filhos de A.."
        },
        {
          "referencia": "S177.20",
          "texto": "povo, como a um rebanho, pela mão de Moisés e de"
        },
        {
          "referencia": "SI 105.26",
          "texto": "Enviou Moisés, seu servo, e Á., a quem escolhera."
        },
        {
          "referencia": "SI 106.16",
          "texto": "Moisés, no acampamento, e de A., o santo do Se-"
        },
        {
          "referencia": "S1115.12",
          "texto": "abençoará a casa de Israel; abençoará a casa de Á.."
        },
        {
          "referencia": "SI 118.3",
          "texto": "Diga, agora, a casa de À. que a sua benignidade é"
        },
        {
          "referencia": "S1133.2",
          "texto": "sobre a barba, a barba de A., e que desce à orla"
        },
        {
          "referencia": "Mg 6.4",
          "texto": "te remi; e pus diante de ti a Moisés, A. e Miriã."
        },
        {
          "referencia": "Mateus 1.3",
          "texto": "ea Zerá, e Perez gerou a Esrom, e Esrom gerou a A.."
        },
        {
          "referencia": "Mateus 1.4",
          "texto": "A, gerou a Aminadabe, e Aminadabe gerou a Naassom,"
        },
        {
          "referencia": "Lucas 1.5",
          "texto": "e cuja mulher era das filhas de A.; o nome dela"
        },
        {
          "referencia": "Atos 7.40",
          "texto": "dizendo a Á.: Faze-nos deuses que vão adiante de"
        },
        {
          "referencia": "Hebreus 5.4",
          "texto": "essa honra, senão o que é chamado por Deus, como A.."
        },
        {
          "referencia": "Hebreus 7.11",
          "texto": "e não fosse chamado segundo a ordem de 4.?"
        },
        {
          "referencia": "Hebreus 9.4",
          "texto": "continha o maná, e a vara de Á., que tinha"
        }
      ]
    }
  ]
}