{
  "a": [
    {
      "palavra": "araram",
      "veja tambem": ["arar", "lavrar", "agricultura"],
      "ocorrencias": 1,
      "fonte": "Strongs H2790",
      "concordancias": [
        {
          "referencia": "S1129.3",
          "texto": "Os lavradores À, sobre as minhas costas;"
        }
      ]
    },
    {
      "palavra": "ararate",
      "veja tambem": ["montanha", "monte", "dilúvio"],
      "ocorrencias": 4,
      "fonte": "Strong's H780",
      "concordancias": [
        {
          "referencia": "Gênesis 84",
          "texto": "no dia dezessete do mês, sobre os montes de A.."
        },
        {
          "referencia": "2 Reis 19.37",
          "texto": "eles escaparam para a terra de A.; e"
        },
        {
          "referencia": "Isaías 37.38",
          "texto": "e eles fugiram para a terra de À,; e"
        },
        {
          "referencia": "Jeremias 51.27",
          "texto": "contra Ea os reinos de Á., Minie"
        }
      ]
    },
    {
      "palavra": "ararita",
      "veja tambem": ["ararita", "pessoa"],
      "ocorrencias": 1,
      "fonte": "Strong's H701",
      "concordancias": [
        {
          "referencia": "2 Samuel 23.33",
          "texto": "Sama, h A.; Aião, filho de Sarar, A,;"
        }
      ]
    },
    {
      "palavra": "araúna",
      "veja tambem": ["jebuseu", "eira", "altar"],
      "ocorrencias": 9,
      "fonte": "Strong's H728",
      "concordancias": [
        {
          "referencia": "2 Samuel 24.16",
          "texto": "do Senhor estava junto à eira de A., o jebuseu."
        },
        {
          "referencia": "2 Samuel 24.18",
          "texto": "ao Senhor um altar na eira de A., o jebuseu."
        },
        {
          "referencia": "2 Samuel 24.20",
          "texto": "E olhou À, e viu que vinham para ele o rei e os"
        },
        {
          "referencia": "2 Samuel 24.20",
          "texto": "e os seus servos; saiu, pois, Á., e inclinou-se"
        },
        {
          "referencia": "2 Samuel 24.21",
          "texto": "E disse Á.: Por que vem o rei, meu senhor, ao seu"
        },
        {
          "referencia": "2 Samuel 24.22",
          "texto": "Então, disse Á. a Davi: Tome e ofereça o rei, meu"
        },
        {
          "referencia": "2 Samuel 24.23",
          "texto": "Tudo isso deu À, ao rei; disse mais 4. ao"
        },
        {
          "referencia": "2 Samuel 24.23",
          "texto": "A, ao rei; disse mais À. ao rei: O Senhor,"
        },
        {
          "referencia": "2 Samuel 24.24",
          "texto": "Porém o rei disse a Á.: Não, porém por certo"
        }
      ]
    },
    {
      "palavra": "arauto",
      "veja tambem": ["pregador", "mensageiro", "nunciador"],
      "ocorrencias": 1,
      "fonte": "Strongs H3744",
      "concordancias": [
        {
          "referencia": "Daniel 3.4",
          "texto": "E o 4. apregoava em alta voz: Ordena-se a vós, ó"
        }
      ]
    },
    {
      "palavra": "arba",
      "veja tambem": ["quiriate-arba", "anaque", "hebrom"],
      "ocorrencias": 3,
      "fonte": "Strong's H704",
      "concordancias": [
        {
          "referencia": "Josué 14.15",
          "texto": "Hebrom Quiriate- A., porque Á. foi um grande"
        },
        {
          "referencia": "Josué 15.13",
          "texto": "a Josué, a saber, a cidade de A., pai de Anaque;"
        },
        {
          "referencia": "Josué 21.11",
          "texto": "lhes deram a cidade de Á., do pai de Anaque"
        }
      ]
    },
    {
      "palavra": "arbita",
      "veja tambem": ["pessoa", "carmelita"],
      "ocorrencias": 1,
      "fonte": "Strong's H701",
      "concordancias": [
        {
          "referencia": "2 Samuel 23.35",
          "texto": "Hezrai, carmelita; Paarai, A.;"
        }
      ]
    },
    {
      "palavra": "árbitro",
      "veja tambem": ["juiz", "mediador", "intercessor"],
      "ocorrencias": 1,
      "fonte": "Strongs H3198",
      "concordancias": [
        {
          "referencia": "Jó 9.33",
          "texto": "Não há entre nós Á. que ponha a mão sobre nós ambos."
        }
      ]
    },
    {
      "palavra": "arbustos",
      "veja tambem": ["arbusto", "mato", "vegetação"],
      "ocorrencias": 2,
      "fonte": "Strongs H7880",
      "concordancias": [
        {
          "referencia": "Jó 30.4",
          "texto": "Apanhavam malvas junto aos A., eo seu"
        },
        {
          "referencia": "Jó 30.7",
          "texto": "Bramavam entre os Á. e ajuntavam-se debaixo das ur-"
        }
      ]
    }
  ]
}