{
  "a": [
    {
      "palavra": "arca",
      "veja tambem": ["arca da aliança", "testemunho", "propiciatório", "santíssimo", "tenda"],
      "ocorrencias": 232,
      "fonte": "Strongs H727",
      "concordancias": [
        {
          "referencia": "Gênesis 6.14",
          "texto": "Faze para ti uma A. da madeira de gofer; farás"
        },
        {
          "referencia": "Gênesis 6.14",
          "texto": "farás compartimentos na A. e a betumarás por"
        },
        {
          "referencia": "Gênesis 6.15",
          "texto": "côvados o comprimento da A., e de cinquenta"
        },
        {
          "referencia": "Gênesis 6.16",
          "texto": "Farás na À. uma janela e de um côvado a acabarás em"
        },
        {
          "referencia": "Gênesis 6.16",
          "texto": "em cima; e a porta da À. porás ao seu lado;"
        },
        {
          "referencia": "Gênesis 6.18",
          "texto": "o meu pacto; e entrarás na Á., tu e os teus"
        },
        {
          "referencia": "Gênesis 6.19",
          "texto": "de cada espécie meterás na Á., para os"
        },
        {
          "referencia": "Gênesis 7.1",
          "texto": "tue toda a tua casa na Á., porque te hei"
        },
        {
          "referencia": "Gênesis 7.7",
          "texto": "de seus filhos com ele na Á., por causa das"
        },
        {
          "referencia": "Gênesis 7.9",
          "texto": "dois em dois para Noé na A., macho e fêmea, como"
        },
        {
          "referencia": "Gênesis 7.13",
          "texto": "eastrês PA de seus filhos, com ele na Á.;"
        },
        {
          "referencia": "Gênesis 7.15",
          "texto": "de vida, entraram de dois em dois para Noé na A.."
        },
        {
          "referencia": "Gênesis 7.17",
          "texto": "as águas e levantaram a Á., e ela se elevou"
        },
        {
          "referencia": "Gênesis 7.18",
          "texto": "sobre a terra; e a Á. andava sobre as águas."
        },
        {
          "referencia": "Gênesis 7.23",
          "texto": "e ficou somente Noé e os que com ele estavam na Á.."
        },
        {
          "referencia": "Gênesis 8.1",
          "texto": "rês que com ele estava na A; e Deus fez passar"
        },
        {
          "referencia": "Gênesis 8.4",
          "texto": "E a À. repousou, no sétimo mês, no dia dezessete do"
        },
        {
          "referencia": "Gênesis 8.6",
          "texto": "dias, abriu Noé a janela da Á. que tinha feito."
        },
        {
          "referencia": "Gênesis 8.9",
          "texto": "seu pé e voltou a ele para a A.; porque as águas"
        },
        {
          "referencia": "Gênesis 8.9",
          "texto": "a sua mão, e tomou-a, e meteu-a consigo na A.."
        },
        {
          "referencia": "Gênesis 8.10",
          "texto": "sete dias e tornou a enviar a pomba fora da A.."
        },
        {
          "referencia": "Gênesis 8.13",
          "texto": "Então, Noé tirou a cobertura da À, e olhou, e eis"
        },
        {
          "referencia": "Gênesis 8.16",
          "texto": "Sai da A. tu, e tua mulher, e teus filhos, e as"
        },
        {
          "referencia": "Gênesis 8.19",
          "texto": "conforme as suas famílias, saiu para fora da A.."
        },
        {
          "referencia": "Gênesis 9.10",
          "texto": "desde todos que saíram da A., até todo animal"
        },
        {
          "referencia": "Gênesis 9.18",
          "texto": "E os filhos de Noé, que da A. saíram, foram Sem, e"
        },
        {
          "referencia": "Êxodo 2.3",
          "texto": "mais escondê-lo, tomou uma A. de juncos e a"
        },
        {
          "referencia": "Êxodo 2.5",
          "texto": "borda do rio; e ela viu a A. no meio dos juncos,"
        },
        {
          "referencia": "Êxodo 25.10",
          "texto": "Também farão uma Á. de madeira de cetim; o seu"
        },
        {
          "referencia": "Êxodo 25.14",
          "texto": "aos lados da A., para se levar com elas a A.."
        },
        {
          "referencia": "Êxodo 25.15",
          "texto": "estarão nas argolas da A., e não se tirarão dela."
        },
        {
          "referencia": "Êxodo 25.16",
          "texto": "Depois, porás na Á, o Testemunho, que eu te darei."
        },
        {
          "referencia": "Êxodo 25.21",
          "texto": "o propiciatório em cima da Á., depois que houveres"
        },
        {
          "referencia": "Êxodo 25.21",
          "texto": "que houveres posto na A. o Testemunho, que eu"
        },
        {
          "referencia": "Êxodo 25.22",
          "texto": "querubins (que estão sobre a A. do Testemunho),"
        },
        {
          "referencia": "Êxodo 26.33",
          "texto": "dos colchetes e meterás a A. do Testemunho ali"
        },
        {
          "referencia": "Êxodo 30.6",
          "texto": "do véu que está diante da Á. do Testemunho, diante"
        },
        {
          "referencia": "Êxodo 30.26",
          "texto": "ungirás a tenda da congregação, e a À, do Testemu-"
        },
        {
          "referencia": "Êxodo 31.7",
          "texto": "a tenda da congregação, e a A, do Testemunho, e o"
        },
        {
          "referencia": "Êxodo 35.12",
          "texto": "a A. e os seus varais, e o propiciatório, e o véu"
        },
        {
          "referencia": "Êxodo 37.1",
          "texto": "Fez também Bezalel a A, de madeira de cetim; o seu"
        },
        {
          "referencia": "Êxodo 37.5",
          "texto": "pelas argolas aos lados da A., para levar a A.."
        },
        {
          "referencia": "Êxodo 39.35",
          "texto": "a À. do Testemunho, e os seus varais, e o propiciatório;"
        },
        {
          "referencia": "Êxodo 40.3",
          "texto": "e porás nele a Á. do Testemunho, e cobrirás a 4."
        },
        {
          "referencia": "Êxodo 40.3",
          "texto": "nele a A. do Testemunho, e cobrirás a Á. com o véu."
        },
        {
          "referencia": "Êxodo 40.5",
          "texto": "para o incenso diante da 4, do Testemunho; então,"
        },
        {
          "referencia": "Êxodo 40.20",
          "texto": "o Testemunho, e pô-lo na A., e meteu os varais à"
        },
        {
          "referencia": "Êxodo 40.20",
          "texto": "à A.; e pôs o propiciatório sobre a A., em cima."
        },
        {
          "referencia": "Êxodo 40.21",
          "texto": "E levou a À, ao tabernáculo, e pendurou o véu da"
        },
        {
          "referencia": "Êxodo 40.21",
          "texto": "véu da cobertura, e cobriu a A. do Testemunho, como"
        },
        {
          "referencia": "Levítico 16.2",
          "texto": "do propiciatório que está sobre a Á., para que não"
        },
        {
          "referencia": "Números 3.31",
          "texto": "Ea sua guarda seráa A., ea mesa, e o castiçal, e"
        },
        {
          "referencia": "Números 4.5",
          "texto": "da coberta, e com ele cobrirão a 4. do Testemunho;"
        },
        {
          "referencia": "Números 7.89",
          "texto": "que está sobre a À, do Testemunho"
        },
        {
          "referencia": "Números 10.33",
          "texto": "caminho de três dias; e a Á. do concerto do"
        },
        {
          "referencia": "Números 10.35",
          "texto": "Era, pois, que, partindo a Á., Moisés dizia:"
        },
        {
          "referencia": "Números 14.44",
          "texto": "subir ao cume do monte; mas a A. do concerto do"
        },
        {
          "referencia": "Deuteronômio 10.1",
          "texto": "e sobe a mim a este monte, e faze uma À. de madeira."
        },
        {
          "referencia": "Deuteronômio 10.2",
          "texto": "nas primeiras tábuas que quebraste, e as porás na Á.."
        },
        {
          "referencia": "Deuteronômio 10.3",
          "texto": "Assim, fiz uma Á. de madeira de cetim, e alisei"
        },
        {
          "referencia": "Deuteronômio 10.5",
          "texto": "do monte, e pus as tábuas na À. que fizera; e ali"
        },
        {
          "referencia": "Deuteronômio 10.8",
          "texto": "tribo de Levi para levar a Á, do concerto do"
        },
        {
          "referencia": "Deuteronômio 31.9",
          "texto": "filhos de Levi, que levavam a 4. do concerto do"
        },
        {
          "referencia": "Deuteronômio 31.25",
          "texto": "aos levitas que levavam a Á. do concerto do"
        },
        {
          "referencia": "Deuteronômio 31.26",
          "texto": "Lei e ponde-o ao lado da À, do concerto do"
        },
        {
          "referencia": "Josué 3.3",
          "texto": "dizendo: Quando virdes a 4. do concerto do"
        },
        {
          "referencia": "Josué 3.6",
          "texto": "dizendo: Levantai a Á. do concerto e"
        },
        {
          "referencia": "Josué 3.6",
          "texto": "deste povo. Levantaram, pois, a Á. do concerto e"
        },
        {
          "referencia": "Josué 3.8",
          "texto": "aos sacerdotes que levam a À. do concerto,"
        },
        {
          "referencia": "Josué 3.11",
          "texto": "Eis que a A. do concerto do Senhor de toda a terra"
        },
        {
          "referencia": "Josué 3.13",
          "texto": "dos sacerdotes que levam a 4. do Senhor, o Senhor"
        },
        {
          "referencia": "Josué 3.14",
          "texto": "levavam os sacerdotes a Á. do concerto diante"
        },
        {
          "referencia": "Josué 3.15",
          "texto": "E, quando os que levavam a À, chegaram até ao"
        },
        {
          "referencia": "Josué 3.15",
          "texto": "dos sacerdotes que levavam a A. se molharam na"
        },
        {
          "referencia": "Josué 3.17",
          "texto": "sacerdotes que levavam a Á. do concerto do Senhor"
        },
        {
          "referencia": "Josué 4.5",
          "texto": "Passai diante da 4, do Senhor, vosso"
        },
        {
          "referencia": "Josué 4.7",
          "texto": "se separaram diante da A. do concerto do"
        },
        {
          "referencia": "Josué 4.9",
          "texto": "sacerdotes que levavam a Á. do concerto; e ali"
        },
        {
          "referencia": "Josué 4.10",
          "texto": "os sacerdotes que levavam a À. no meio do Jordão,"
        },
        {
          "referencia": "Josué 4.11",
          "texto": "de passar, então, passou a À. do Senhor, e os"
        },
        {
          "referencia": "Josué 4.16",
          "texto": "aos sacerdotes que levam a Á, do Testemunho que"
        },
        {
          "referencia": "Josué 4.18",
          "texto": "os sacerdotes que levavam a Á. do concerto do"
        },
        {
          "referencia": "Josué 6.4",
          "texto": "de carneiro diante da Á., e no sétimo dia"
        },
        {
          "referencia": "Josué 6.6",
          "texto": "e disse-lhes: Levai a Á. do concerto; e"
        },
        {
          "referencia": "Josué 6.6",
          "texto": "buzinas de chifre de carneiro diante da Á, do Senhor."
        },
        {
          "referencia": "Josué 6.7",
          "texto": "e quem estiver armado passe adiante da A. do Senhor."
        },
        {
          "referencia": "Josué 6.8",
          "texto": "e tocaram as buzinas; e a A. do concerto do"
        },
        {
          "referencia": "Josué 6.9",
          "texto": "a retaguarda seguia após a Á., andando e tocando"
        },
        {
          "referencia": "Josué 6.11",
          "texto": "E fez a À. do Senhor rodear a cidade, rodeando-a"
        },
        {
          "referencia": "Josué 6.12",
          "texto": "de madrugada, e os sacerdotes levaram a Å. do Senhor."
        },
        {
          "referencia": "Josué 6.13",
          "texto": "de carneiro diante da A. do Senhor iam andando"
        },
        {
          "referencia": "Josué 6.13",
          "texto": "a retaguarda seguia atrás da A. do Senhor; os"
        },
        {
          "referencia": "Josué 7.6",
          "texto": "sobre o seu rosto perante a Á. do Senhor até à"
        },
        {
          "referencia": "Josué 8.33",
          "texto": "de uma e outra banda da A., perante os"
        },
        {
          "referencia": "Josué 8.33",
          "texto": "levitas, que levavam a A. do concerto do"
        },
        {
          "referencia": "Juízes 20.27",
          "texto": "ao Senhor (porquanto a À. do concerto de Deus"
        },
        {
          "referencia": "1 Samuel 3.3",
          "texto": "no templo ão Senhor, em que estava a À. de Deus,"
        },
        {
          "referencia": "1 Samuel 4.3",
          "texto": "filisteus? Tragamos de Siló a Á, do concerto do"
        },
        {
          "referencia": "1 Samuel 4.4",
          "texto": "a Siló, e trouxeram de lá a 4. do concerto do"
        },
        {
          "referencia": "1 Samuel 44",
          "texto": "e Fineias, estavam ali com a Á. do concerto de Deus."
        },
        {
          "referencia": "1 Samuel 4.5",
          "texto": "E sucedeu que, vindo a À. do concerto do Senhor ao"
        },
        {
          "referencia": "1 Samuel 4.6",
          "texto": "hebreus? Então, souberam que a A. do Senhor era"
        },
        {
          "referencia": "1 Samuel 4.11",
          "texto": "E foi tomada a A. de Deus; e os dois filhos de Eli,"
        },
        {
          "referencia": "1 Samuel 4.13",
          "texto": "coração estava tremendo pela A. de Deus;"
        },
        {
          "referencia": "1 Samuel 4.17",
          "texto": "Hofni e Fineias, morreram, e a Á. de Deus é tomada."
        },
        {
          "referencia": "1 Samuel 4.18",
          "texto": "que, fazendo ele menção da A. de Deus, Eli caiu da"
        },
        {
          "referencia": "1 Samuel 4.19",
          "texto": "e ouvindo estas novas, de que a À. de Deus era"
        },
        {
          "referencia": "1 Samuel 4.21",
          "texto": "glória de Israel, porquanto a À. de Deus foi levada"
        },
        {
          "referencia": "1 Samuel 4.22",
          "texto": "a glória é levada presa, pois é tomada a Á. de Deus."
        },
        {
          "referencia": "ISm 5.1",
          "texto": "filisteus, pois, tomaram a À. de Deus e a"
        },
        {
          "referencia": "1 Samuel 5.2",
          "texto": "E tomaram os filisteus a A. de Deus, e a meteram na"
        },
        {
          "referencia": "1 Samuel 5.3",
          "texto": "com o rosto em terra, diante da A. do Senhor; e"
        },
        {
          "referencia": "1 Samuel 5.4",
          "texto": "o rosto em terra, diante da 4. do Senhor; e a"
        },
        {
          "referencia": "1 Samuel 5.7",
          "texto": "disseram: Não fique conosco a 4, do Deus de"
        },
        {
          "referencia": "1 Samuel 5.8",
          "texto": "disseram: Que faremos nós da Á. do Deus de Israel?"
        },
        {
          "referencia": "1 Samuel 5.8",
          "texto": "a Gate. Assim, a rodearam com a À. do Deus de Israel."
        },
        {
          "referencia": "1 Samuel 5.10",
          "texto": "Então, enviaram a A. de Deus a Ecrom. Sucedeu,"
        },
        {
          "referencia": "1 Samuel 5.10",
          "texto": "dizendo: Transportaram para nós a À. do Deus de"
        },
        {
          "referencia": "1 Samuel 5.11",
          "texto": "e disseram: Enviai a À. do Deus de Israel,"
        },
        {
          "referencia": "1 Samuel 6.1",
          "texto": "Havendo, pois, estado a A. do Senhor na terra dos"
        },
        {
          "referencia": "1 Samuel 6.2",
          "texto": "dizendo: Que faremos nós da Á. do Senhor?"
        },
        {
          "referencia": "1 Samuel 6.3",
          "texto": "disseram: Se enviardes a A. do Deus de Israel,"
        },
        {
          "referencia": "1 Samuel 6.8",
          "texto": "Então, tomai a A. do Senhor, e ponde-a sobre o"
        },
        {
          "referencia": "omi 6.11",
          "texto": "E puseram a 4. do Senhor sobre o carro, como tam-"
        },
        {
          "referencia": "1 Samuel 6.13",
          "texto": "levantando os olhos, viram a A.; e, vendo-a, se ale-"
        },
        {
          "referencia": "iSm 6.15",
          "texto": "E os levitas desceram a À. do Senhor, como também"
        },
        {
          "referencia": "1 Samuel 6.18",
          "texto": "pedra sobre a qual puseram a 4. do Senhor, que"
        },
        {
          "referencia": "ISm 6.19",
          "texto": "olharam para EGO da À. do Senhor, até ferir"
        },
        {
          "referencia": "1 Samuel 6.21",
          "texto": "Os filisteus remeteram a Á. do Senhor;"
        },
        {
          "referencia": "1 Samuel 7.1",
          "texto": "Quiriate-Jearim, e levaram a Á, do Senhor, e a"
        },
        {
          "referencia": "1 Samuel 7.1",
          "texto": "seu filho, para que guardasse a Á, do Senhor."
        },
        {
          "referencia": "1 Samuel 7.2",
          "texto": "que, desde aquele dia, a A. ficou em"
        },
        {
          "referencia": "1 Samuel 14.18",
          "texto": "disse a Aías: Traze aqui a A. de Deus (porque,"
        },
        {
          "referencia": "1 Samuel 14.18",
          "texto": "(porque, naquele dia, estava a A. de Deus com os"
        },
        {
          "referencia": "2 Samuel 6.2",
          "texto": "levarem dali para cima a 4. de Deus, sobre a"
        },
        {
          "referencia": "2 Samuel 6.3",
          "texto": "E puseram a À. de Deus em um carro novo e a levaram"
        },
        {
          "referencia": "2 Samuel 6.4",
          "texto": "que está em Geba, com a À. de Deus, Aiô ia"
        },
        {
          "referencia": "2 Samuel 6.4",
          "texto": "em Geba, com a À. de Deus, Aiô ia adiante da A.."
        },
        {
          "referencia": "2 Samuel 6.6",
          "texto": "Nacom, estendeu Uzá a mão à À. de Deus e"
        },
        {
          "referencia": "2 Samuel 6.7",
          "texto": "esta imprudência; e morreu ali junto à A. de Deus."
        },
        {
          "referencia": "2 Samuel 6.9",
          "texto": "naquele dia e disse: Como virá a mim a A. do Senhor?"
        },
        {
          "referencia": "2 Samuel 6.10",
          "texto": "Davi retirar para si a A. do Senhor, para a"
        },
        {
          "referencia": "2 Samuel 6.11",
          "texto": "E ficou a À. do Senhor em casa de Óbede-Edom, o"
        },
        {
          "referencia": "2 Samuel 6.12",
          "texto": "e tudo quanto tem, por amor da Á, de Deus; foi,"
        },
        {
          "referencia": "2 Samuel 6.12",
          "texto": "Deus; foi, pois, Davi e trouxe a Á. de Deus para"
        },
        {
          "referencia": "2 Samuel 6.15",
          "texto": "Davi e todo o Israel a Á. do Senhor, com"
        },
        {
          "referencia": "2 Samuel 6.16",
          "texto": "E sucedeu que, entrando a À. do Senhor na Cidade de"
        },
        {
          "referencia": "2 Samuel 6.17",
          "texto": "E, introduzindo a À. do Senhor, a puseram no seu"
        },
        {
          "referencia": "2 Samuel 11.11",
          "texto": "E disse Urias a Davi: A A., e Israel, e Judá ficam"
        },
        {
          "referencia": "2 Samuel 15.24",
          "texto": "os levitas que levavam a Á. do concerto de Deus;"
        },
        {
          "referencia": "2 Samuel 15.24",
          "texto": "de Deus; e puseram ali a A. de Deus; e subiu"
        },
        {
          "referencia": "2 Samuel 15.25",
          "texto": "a Zadoque: Torna a levar a À. de Deus à cidade; se"
        },
        {
          "referencia": "2 Samuel 15.29",
          "texto": "a levar para Jerusalém a Á, de Deus; e ficaram ali."
        },
        {
          "referencia": "1 Reis 2.26",
          "texto": "não matarei, porquanto levaste a A. do Senhor"
        },
        {
          "referencia": "1 Reis 3.15",
          "texto": "Jerusalém, e pôs-se perante a À. do concerto do"
        },
        {
          "referencia": "1 Reis 6.19",
          "texto": "o oráculo, para pôr ali a À. do concerto do Senhor."
        },
        {
          "referencia": "1 Reis 8.1",
          "texto": "Jerusalém, para fazerem subir a Á. do concerto do"
        },
        {
          "referencia": "IRs 8.3",
          "texto": "os anciãos de Israel, e os sacerdotes alçaram a Á.."
        },
        {
          "referencia": "1 Reis 84",
          "texto": "E trouxeram a A. do Senhor para cima e o"
        },
        {
          "referencia": "1 Reis 8.5",
          "texto": "estavam todos diante da Á., sacrificando ovelhas"
        },
        {
          "referencia": "IRs 8.6",
          "texto": "trouxeram os sacerdotes a Á. do concerto do Senhor"
        },
        {
          "referencia": "1 Reis 8.7",
          "texto": "as asas sobre o lugar da Á, e cobriam a A. e os"
        },
        {
          "referencia": "1 Reis 8.7",
          "texto": "lugar da A. e cobriam a À. e os seus varais por cima."
        },
        {
          "referencia": "1 Reis 8.9",
          "texto": "Na A., nada havia, senão só as duas tábuas de pedra"
        },
        {
          "referencia": "1 Reis 8.21",
          "texto": "constituí ali lugar para a A. em que está o"
        },
        {
          "referencia": "2 Reis 12.9",
          "texto": "sacerdote Joiada tomou uma A., e fez um buraco na"
        },
        {
          "referencia": "2 Reis 12.10",
          "texto": "já havia muito dinheiro na Á., o escrivão do rei"
        },
        {
          "referencia": "1 Crônicas 6.31",
          "texto": "na Casa do Senhor, depois que a A. teve repouso."
        },
        {
          "referencia": "1 Crônicas 13.3",
          "texto": "a trazer para nós a Á., do nosso Deus; porque"
        },
        {
          "referencia": "1 Crônicas 13.5",
          "texto": "a Hamate, para trazer a 4, de Deus de Quiriate-Je-"
        },
        {
          "referencia": "1 Crônicas 13.6",
          "texto": "em Judá, para fazer subir dali a À. de Deus, o"
        },
        {
          "referencia": "1 Crônicas 13.7",
          "texto": "E levaram a A. de Deus sobre um carro novo, da casa"
        },
        {
          "referencia": "1 Crônicas 13.9",
          "texto": "Uzá a mão, para segurar a Á., porque os bois tro-"
        },
        {
          "referencia": "1 Crônicas 13.10",
          "texto": "por ter estendido a mão à A.; e morreu ali"
        },
        {
          "referencia": "1 Crônicas 13.12",
          "texto": "ao Senhor, dizendo: Como trarei a mim a Á. de"
        },
        {
          "referencia": "1 Crônicas 13.13",
          "texto": "Pelo que Davi não trouxe a A. a si, à Cidade de"
        },
        {
          "referencia": "1 Crônicas 13.14",
          "texto": "Assim, ficou a A. de Deus com a família de"
        },
        {
          "referencia": "1 Crônicas 15.1",
          "texto": "e preparou um lugar para a 4. de Deus e armou-lhe"
        },
        {
          "referencia": "1 Crônicas 15.2",
          "texto": "Davi: Ninguém pode levar a À. do Senhor, senão os"
        },
        {
          "referencia": "1 Crônicas 15.2",
          "texto": "os elegeu, para levarem a Á. do Senhor e para"
        },
        {
          "referencia": "1 Crônicas 15.3",
          "texto": "para fazerem subir a Á. do Senhor ao seu"
        },
        {
          "referencia": "1 Crônicas 15.12",
          "texto": "para que façais subir a A. do Senhor, Deus"
        },
        {
          "referencia": "1 Crônicas 15.15",
          "texto": "dos levitas trouxeram a A. de Deus aos ombros,"
        },
        {
          "referencia": "1 Crônicas 15.23",
          "texto": "E Berequias e Elcana eram porteiros da Á.."
        },
        {
          "referencia": "1 Crônicas 15.24",
          "texto": "tocavam as trombetas perante a À. de Deus; e"
        },
        {
          "referencia": "Kr 15.24",
          "texto": "de Deus; e Obede-Edom e Jeías eram porteiros da"
        },
        {
          "referencia": "1 Crônicas 15.25",
          "texto": "fazerem subir, com alegria, a Á. do concerto do"
        },
        {
          "referencia": "1 Crônicas 15.26",
          "texto": "os levitas que levavam a Á. do concerto do"
        },
        {
          "referencia": "1 Crônicas 15.27",
          "texto": "os levitas que levavam a Á., eos cantores, e"
        },
        {
          "referencia": "1 Crônicas 15.27",
          "texto": "chefe dos que levavam a Á. e dos cantores;"
        },
        {
          "referencia": "1 Crônicas 15.28",
          "texto": "todo o Israel fez subir a Á. do concerto do"
        },
        {
          "referencia": "1 Crônicas 15.29",
          "texto": "E sucedeu que, chegando a À. do concerto do Senhor"
        },
        {
          "referencia": "1 Crônicas 16.1",
          "texto": "Trazendo, pois, a À. de Deus, a puseram no meio da"
        },
        {
          "referencia": "1 Crônicas 164",
          "texto": "E pôs perante a A. do Senhor alguns dos levitas por"
        },
        {
          "referencia": "1 Crônicas 16.6",
          "texto": "com trombetas, perante a À. do concerto de Deus."
        },
        {
          "referencia": "1 Crônicas 16.37",
          "texto": "Davi deixou ali, diante da Á. do concerto do"
        },
        {
          "referencia": "1 Crônicas 16.37",
          "texto": "continuamente perante a Á., segundo se"
        },
        {
          "referencia": "1 Crônicas 17.1",
          "texto": "moro em casa de cedros, mas a Á. do concerto do"
        },
        {
          "referencia": "1 Crônicas 22.19",
          "texto": "do Senhor Deus, para que a À. do concerto do"
        },
        {
          "referencia": "1 Crônicas 28.2",
          "texto": "uma casa de repouso para a Å, do concerto do"
        },
        {
          "referencia": "1 Crônicas 28.18",
          "texto": "de estender as asas e cobrir a Á. do concerto do Se-"
        },
        {
          "referencia": "2 Crônicas 14",
          "texto": "Davi tinha feito subir a A. de Deus de"
        },
        {
          "referencia": "2 Crônicas 5.2",
          "texto": "Israel, para fazerem subir a Á. do concerto do"
        },
        {
          "referencia": "2 Crônicas 5.4",
          "texto": "os anciãos de Israel, e os levitas levantaram a A."
        },
        {
          "referencia": "2 Crônicas 5.6",
          "texto": "congregado com ele, diante da A., sacrificaram"
        },
        {
          "referencia": "2 Crônicas 5.7",
          "texto": "trouxeram os sacerdotes a À. do concerto do"
        },
        {
          "referencia": "2 Crônicas 5.8",
          "texto": "as asas sobre o lugar da À. e os querubins, por"
        },
        {
          "referencia": "2 Crônicas 5.8",
          "texto": "querubins, por cima, cobriam a Á. e os seus varais."
        },
        {
          "referencia": "2 Crônicas 5.9",
          "texto": "que as pontas dos varais da A. se vissem perante o"
        },
        {
          "referencia": "2 Crônicas 5.10",
          "texto": "Na A., não havia senão somente as duas tábuas que"
        },
        {
          "referencia": "2 Crônicas 6.11",
          "texto": "E pus nela a A. em que está o concerto que o Senhor"
        },
        {
          "referencia": "2 Crônicas 6.41",
          "texto": "para o teu repouso, tu e a À. da tua"
        },
        {
          "referencia": "2 Crônicas 8.11",
          "texto": "são os lugares nos quais entrou a 4. do Senhor."
        },
        {
          "referencia": "2 Crônicas 24.8",
          "texto": "o rei ordem, e fizeram uma Á. e a puseram fora, à"
        },
        {
          "referencia": "2 Crônicas 24.10",
          "texto": "a oferta, e a lançaram na Á., até que acabaram"
        },
        {
          "referencia": "2 Crônicas 24.11",
          "texto": "que, ao tempo que traziam a Á. pelas mãos dos"
        },
        {
          "referencia": "2 Crônicas 24.11",
          "texto": "sumo sacerdote, e esvaziavam a Á., ea tomavam, e"
        },
        {
          "referencia": "2 Crônicas 35.3",
          "texto": "ao Senhor: Ponde a Á. sagrada na casa que"
        },
        {
          "referencia": "Salmos 132.6",
          "texto": "Eis que ouvimos falar da Á. em Efrata e a achamos"
        },
        {
          "referencia": "S1132.8",
          "texto": "Senhor, no teu repouso, tu e a À. da tua força."
        },
        {
          "referencia": "Jeremias 3.16",
          "texto": "o Senhor, nunca mais se dirá: A À. do concerto do"
        },
        {
          "referencia": "Mateus 24.38",
          "texto": "em casamento, até ao dia em que Noé entrou na Á.,"
        },
        {
          "referencia": "Marcos 12.41",
          "texto": "Jesus assentado defronte da Á. do tesouro,"
        },
        {
          "referencia": "Marcos 12.41",
          "texto": "lançava o dinheiro na Á. do tesouro; e"
        },
        {
          "referencia": "Marcos 12.43",
          "texto": "do que todos os que depositaram na A, do tesouro;"
        },
        {
          "referencia": "Lucas 17.27",
          "texto": "ao dia em que Noé entrou na Á., e veio o dilúvio"
        },
        {
          "referencia": "Lucas 21.1",
          "texto": "os ricos lançarem as suas ofertas na A. do tesouro;"
        },
        {
          "referencia": "Hebreus 94",
          "texto": "o incensário de ouro e a Á. do concerto, coberta"
        },
        {
          "referencia": "Hebreus 9.5",
          "texto": "e sobre a Á., os querubins da glória, que faziam"
        },
        {
          "referencia": "Hebreus 11.7",
          "texto": "da sua família, preparou a A., pela qual"
        },
        {
          "referencia": "1 Pedro 3.20",
          "texto": "Noé, enquanto se preparava a A.; na qual poucas"
        },
        {
          "referencia": "Apocalipse 11.19",
          "texto": "céu o templo de Deus, e a 4. do seu concerto foi"
        }
      ]
    }
  ]
}