{
  "a": [
    {
      "palavra": "ardente",
      "veja tambem": ["fogo", "calor", "brasas", "fervor"],
      "ocorrencias": 30,
      "fonte": "Strongs H2734",
      "concordancias": [
        {
          "referencia": "Levítico 26.16",
          "texto": "terror, a tísica e a febre Á., que consumam"
        },
        {
          "referencia": "Números 21.8",
          "texto": "a Moisés: Faze uma serpente À, e põe-na sobre"
        },
        {
          "referencia": "Deuteronômio 5.23",
          "texto": "das trevas e vendo o monte A. em fogo, vos"
        },
        {
          "referencia": "Deuteronômio 32.24",
          "texto": "enviarei dentes de feras, com Á, peçonha de"
        },
        {
          "referencia": "Deuteronômio 32.33",
          "texto": "O seu vinho é 4. veneno de dragões e peçonha"
        },
        {
          "referencia": "Jó 6.4",
          "texto": "estão em mim, e o seu À. veneno, o bebe o"
        },
        {
          "referencia": "Provérbios 16.27",
          "texto": "e nos seus lábios se acha como que um fogo A.."
        },
        {
          "referencia": "Isaías 13.9",
          "texto": "horrendo, com furor eira A., para pôr a"
        },
        {
          "referencia": "Isaías 13.13",
          "texto": "dos Exércitos e por causa do dia da sua À. ira."
        },
        {
          "referencia": "Isaías 14.29",
          "texto": "e o seu fruto será uma serpente A., voadora."
        },
        {
          "referencia": "Isaías 30.6",
          "texto": "o leão, o basilisco e a áspide Á, voadora)"
        },
        {
          "referencia": "Isaías 34.9",
          "texto": "e o seu pó, em enxofre, e a sua terra, em pez Å.."
        },
        {
          "referencia": "Jeremias 20.9",
          "texto": "foi no meu coração como fogo Á., encerrado nos"
        },
        {
          "referencia": "Ezequiel 7.12",
          "texto": "se entristeça; porque a ira Á está sobre"
        },
        {
          "referencia": "Ezequiel 7.14",
          "texto": "sobre toda a sua multidão está a minha A. ira."
        },
        {
          "referencia": "Daniel 3.6",
          "texto": "na mesma hora lançado dentro do forno de fogo A.."
        },
        {
          "referencia": "Daniel 3.11",
          "texto": "adorasse seria lançado dentro do forno de fogo Á.."
        },
        {
          "referencia": "Daniel 3.15",
          "texto": "na mesma hora, dentro do forno de fogo Asse"
        },
        {
          "referencia": "Daniel 3.17",
          "texto": "noslivrará do forno de fogo A. e da tua mão, ó rei."
        },
        {
          "referencia": "Daniel 3.20",
          "texto": "Abede-Nego, para os lançarem no forno de fogo À.."
        },
        {
          "referencia": "Daniel 3.21",
          "texto": "e foram lançados dentro do forno de fogo A.."
        },
        {
          "referencia": "Daniel 3.23",
          "texto": "caíram atados dentro do forno de fogo A.."
        },
        {
          "referencia": "Daniel 3.26",
          "texto": "à porta do forno de fogo A.; falou e disse:"
        },
        {
          "referencia": "Daniel 7.9",
          "texto": "trono, chamas de fogo, e as rodas dele, fogo A.."
        },
        {
          "referencia": "Oséias 4.8",
          "texto": "do meu povo e da maldade dele têm deseio Á.."
        },
        {
          "referencia": "Zacarias 12.6",
          "texto": "de Judá como uma brasa 4, debaixo da lenha"
        },
        {
          "referencia": "Romanos 8.19",
          "texto": "Porque a Å, expectação da criatura espera a"
        },
        {
          "referencia": "1 Pedro 4.8",
          "texto": "Mas, sobretudo, tende A. amor uns para com os"
        },
        {
          "referencia": "1 Pedro 4.12",
          "texto": "Amados, não estranheis a A. prova que vem sobre"
        },
        {
          "referencia": "Apocalipse 19.20",
          "texto": "dois foram lançados vivos no A. lago de fogo"
        }
      ]
    },
    {
      "palavra": "ardentemente",
      "veja tambem": ["ardente", "fervorosamente", "intensamente"],
      "ocorrencias": 1,
      "fonte": "Strongs G1619",
      "concordancias": [
        {
          "referencia": "1 Pedro 1.22",
          "texto": "não fingido, amai-vos 4. uns aos"
        }
      ]
    },
    {
      "palavra": "ardentes",
      "veja tambem": ["ardente", "fogo", "calor", "brasas"],
      "ocorrencias": 4,
      "fonte": "Strongs H2734",
      "concordancias": [
        {
          "referencia": "Números 21.6",
          "texto": "entre o povo serpentes A., que morderam o"
        },
        {
          "referencia": "Deuteronômio 8.15",
          "texto": "deserto de serpentes A., e de escorpiões,"
        },
        {
          "referencia": "Provérbios 26.23",
          "texto": "prata, assim são os lábios Á. e o coração maligno."
        },
        {
          "referencia": "Ezequiel 1.13",
          "texto": "era como brasas de fogo Á., como uma"
        }
      ]
    },
    {
      "palavra": "arder",
      "veja tambem": ["queimar", "fogo", "luz"],
      "ocorrencias": 1,
      "fonte": "Strongs H1197",
      "concordancias": [
        {
          "referencia": "Êxodo 27.20",
          "texto": "para o candeeiro, para fazer A. as lâmpadas conti-"
        }
      ]
    },
    {
      "palavra": "arderá",
      "veja tambem": ["arder", "queimar", "fogo"],
      "ocorrencias": 9,
      "fonte": "Strongs H1197",
      "concordancias": [
        {
          "referencia": "Levítico 6.9",
          "texto": "a noite até pela manhã, e o fogo do altar À. nele."
        },
        {
          "referencia": "Levítico 6.12",
          "texto": "O fogo, pois, sobre o altar 4. nele, não se"
        },
        {
          "referencia": "Levítico 6.130",
          "texto": "E A. continuamente sobre o altar; não se apagará."
        },
        {
          "referencia": "Deuteronômio 32.22",
          "texto": "se acendeu na minha ira, e À. até ao mais"
        },
        {
          "referencia": "S179.5",
          "texto": "Indignar-te-ás para sempre? Á, o teu zelo como fogo?"
        },
        {
          "referencia": "S189.46",
          "texto": "Esconder-te-ás para sempre? Á. a tua ira como fogo?"
        },
        {
          "referencia": "Isaías 43.2",
          "texto": "pelo fogo, não te queimarás, nem a chama 4. em ti."
        },
        {
          "referencia": "Jeremias 15.14",
          "texto": "o fogo se acendeu em minha ira e sobre vós Á.."
        },
        {
          "referencia": "Jeremias 17.4",
          "texto": "o fogo que acendeste na minha ira À. para sempre."
        }
      ]
    },
    {
      "palavra": "ardeu",
      "veja tambem": [],
      "ocorrencias": 4,
      "fonte": "",
      "concordancias": [
        {
          "referencia": "Números 11.1",
          "texto": "se acendeu, e o fogo do Senhor A. entre eles e"
        },
        {
          "referencia": "Neemias 4.1",
          "texto": "que edificávamos o muro, A. em ira, e se"
        },
        {
          "referencia": "Ester 1.12",
          "texto": "que o rei muito se enfureceu, e A. nele a sua ira."
        },
        {
          "referencia": "Lamentações 2.3",
          "texto": "desta de diante do inimigo; e A. contra Jacó,"
        }
      ]
    },
    {
      "palavra": "ardia",
      "veja tambem": [
        "arder"
      ],
      "ocorrencias": 6,
      "fonte": "",
      "concordancias": [
        {
          "referencia": "Êxodo 3.2",
          "texto": "e olhou, e eis que a sarça À, no fogo, e a"
        },
        {
          "referencia": "Deuteronômio 4.11",
          "texto": "ao pé do monte; e o monte A, em fogo até ao"
        },
        {
          "referencia": "Deuteronômio 9.15",
          "texto": "e desci do monte; e o monte À. em fogo, e as duas"
        },
        {
          "referencia": "2 Reis 23.26",
          "texto": "sua grande ira, ira com que À. contra Judá, por"
        },
        {
          "referencia": "Lucas 24.32",
          "texto": "o outro: Porventura, não Á. em nós o nosso"
        },
        {
          "referencia": "Jó 5.35",
          "texto": "Ele era a candeia que À. e alumiava; e vós"
        }
      ]
    },
    {
      "palavra": "ardiam",
      "veja tambem": [
        "arder"
      ],
      "ocorrencias": 1,
      "fonte": "",
      "concordancias": [
        {
          "referencia": "Apocalipse 4.5",
          "texto": "e vozes; e diante do trono À. sete lâmpadas de"
        }
      ]
    },
    {
      "palavra": "ardil",
      "veja tambem": [],
      "ocorrencias": 1,
      "fonte": "",
      "concordancias": [
        {
          "referencia": "S121.11",
          "texto": "contra ti; maquinaram um Á., mas não prevalecerão."
        }
      ]
    },
    {
      "palavra": "ardis",
      "veja tambem": [
        "ardil"
      ],
      "ocorrencias": 1,
      "fonte": "",
      "concordancias": [
        {
          "referencia": "2 Coríntios 2.11",
          "texto": "porque não ignoramos os seus Á.."
        }
      ]
    },
    {
      "palavra": "arditas",
      "veja tambem": [],
      "ocorrencias": 1,
      "fonte": "",
      "concordancias": [
        {
          "referencia": "Números 26.40",
          "texto": "de Arde, a família dos A.; de Naamã, a"
        }
      ]
    },
    {
      "palavra": "ardom",
      "veja tambem": [],
      "ocorrencias": 1,
      "fonte": "",
      "concordancias": [
        {
          "referencia": "1 Crônicas 2.18",
          "texto": "os filhos desta foram estes: Jeser, e Sobabe, e A.."
        }
      ]
    },
    {
      "palavra": "ardor",
      "veja tambem": [],
      "ocorrencias": 31,
      "fonte": "",
      "concordancias": [
        {
          "referencia": "Êxodo 11.8",
          "texto": "e, depois, eu sairei. E saiu de Faraó em 4. de ira."
        },
        {
          "referencia": "Números 25.4",
          "texto": "ao Senhor diante do sol, e o À. da ira do Senhor"
        },
        {
          "referencia": "Números 32.14",
          "texto": "ainda mais acrescentar o À. da ira do Senhor"
        },
        {
          "referencia": "Deuteronômio 13.17",
          "texto": "que o Senhor se aparte do Á. da sua ira, e te"
        },
        {
          "referencia": "Deuteronômio 28.22",
          "texto": "e com a quentura, e com o Æ., e com a secura,"
        },
        {
          "referencia": "Josué 7.26",
          "texto": "assim o Senhor se tornou do Á. da sua ira; pelo"
        },
        {
          "referencia": "2 Reis 23.26",
          "texto": "o Senhor se não demoveu do À. da sua grande ira,"
        },
        {
          "referencia": "2 Crônicas 25.10",
          "texto": "Judá, e voltaram para o seu lugar em A. de ira."
        },
        {
          "referencia": "2 Crônicas 28.11",
          "texto": "de vossos irmãos, porque o À. da ira do Senhor"
        },
        {
          "referencia": "2 Crônicas 28.13",
          "texto": "que já temos tanta culpa, e já o À. da ira está"
        },
        {
          "referencia": "2 Crônicas 29.10",
          "texto": "Israel; para que se desvie de nós o À. na sua ira."
        },
        {
          "referencia": "2 Crônicas 30.8",
          "texto": "ao Senhor, vosso Deus, para que o À. da sua ira"
        },
        {
          "referencia": "Esdras 10.14",
          "texto": "juízes, até que desviemos de nós o Á. da ira do"
        },
        {
          "referencia": "Neemias 3.20",
          "texto": "dile, reparou com grande Á, Baruque, filho de"
        },
        {
          "referencia": "Neemias 13.18",
          "texto": "vós ainda mais acrescentais o A. de sua ira sobre"
        },
        {
          "referencia": "Jó 20.23",
          "texto": "e Deus mandará sobre ele o 4. da suaira e a"
        },
        {
          "referencia": "S138.7",
          "texto": "lombos estão cheios de A., e não há coisa sã"
        },
        {
          "referencia": "SI 85.3",
          "texto": "a tua indignação; desviaste-te do A. da tua ira."
        },
        {
          "referencia": "Isaías 4.4",
          "texto": "com o espírito de justiça e com o espírito de Å.,"
        },
        {
          "referencia": "Isaías 7.4",
          "texto": "fumegantes, por causa do À. da ira de Rezim,"
        },
        {
          "referencia": "Isaías 18.4",
          "texto": "desde a minha morada, como o 4. do sol"
        },
        {
          "referencia": "Jeremias 4.8",
          "texto": "lamentai e uivai; porque o À. da ira do Senhor"
        },
        {
          "referencia": "Jeremias 12.13",
          "texto": "vossas colheitas, por causa do Á. da ira do Senhor."
        },
        {
          "referencia": "Jeremias 51.45",
          "texto": "um a sua alma, por causa do À. da ira do Senhor."
        },
        {
          "referencia": "Lamentações 4.11",
          "texto": "ao seu furor; derramou o À. da sua ira e"
        },
        {
          "referencia": "Ea 5.10",
          "texto": "se enegreceu como um forno, por causa do 4. da"
        },
        {
          "referencia": "Ezequiel 3.14",
          "texto": "e eu me fui mui triste, no 4. do meu espírito;"
        },
        {
          "referencia": "Naum 1.6",
          "texto": "E quem subsistirá diante do A. da sua ira? A sua"
        },
        {
          "referencia": "St3.8",
          "texto": "a minha indignação e todo o A. da minha ira;"
        },
        {
          "referencia": "Hebreus 10.27",
          "texto": "horrível de juízo e À. de fogo, que há de"
        },
        {
          "referencia": "Tiago 1.11",
          "texto": "Porque sai o sol com Á., ea erva seca, e a sua"
        }
      ]
    },
    {
      "palavra": "árduas",
      "veja tambem": [
        "árduo"
      ],
      "ocorrencias": 1,
      "fonte": "",
      "concordancias": [
        {
          "referencia": "1 Samuel 2.3",
          "texto": "altivezas, nem saiam coisas Å. da vossa boca;"
        }
      ]
    },
    {
      "palavra": "árduo",
      "veja tambem": [],
      "ocorrencias": 1,
      "fonte": "",
      "concordancias": [
        {
          "referencia": "Êxodo 18.26",
          "texto": "em todo tempo; o negócio Á. traziam a Moisés, e"
        }
      ]
    }
  ]
}