{
  "a": [
    {
      "palavra": "areia",
      "veja tambem": ["praia", "mar", "pó", "grãos"],
      "ocorrencias": 29,
      "fonte": "Strongs H2344",
      "concordancias": [
        {
          "referencia": "Gênesis 22.17",
          "texto": "estrelas dos céus e como a À. que está na praia do"
        },
        {
          "referencia": "Gênesis 32.12",
          "texto": "farei a tua semente como a Á, do mar, que, pela"
        },
        {
          "referencia": "Gênesis 41.49",
          "texto": "muitíssimo trigo, como a À. do mar, até que"
        },
        {
          "referencia": "Êxodo 2.12",
          "texto": "ali havia, feriu ao egípcio, e escondeu-o na A.."
        },
        {
          "referencia": "Deuteronômio 33.19",
          "texto": "abundância dos mares e os tesouros escondidos na"
        },
        {
          "referencia": "Josué 11.4",
          "texto": "povo, em multidões como a Á. que está na"
        },
        {
          "referencia": "Juízes 7.12",
          "texto": "os seus camelos, como a À. que há na praia"
        },
        {
          "referencia": "1 Samuel 13.5",
          "texto": "e povo em multidão como a À. que está à borda"
        },
        {
          "referencia": "2 Samuel 17.11",
          "texto": "até Berseba, em multidão como a À. do mar, e que"
        },
        {
          "referencia": "1 Reis 4.20",
          "texto": "Judá e Israel muitos, como a À. que está ao pé do"
        },
        {
          "referencia": "IRs 4.29",
          "texto": "e largueza de coração, como a À. que está na praia"
        },
        {
          "referencia": "Jó 6.3",
          "texto": "mais pesada seria do que a Á. dos mares; por"
        },
        {
          "referencia": "Jó 29.18",
          "texto": "expirarei e multiplicarei os meus dias como a A.."
        },
        {
          "referencia": "S178.27",
          "texto": "eles carne como pó, e aves de asas como a A. do mar."
        },
        {
          "referencia": "Provérbios 20.17",
          "texto": "depois, a sua boca se encherá de pedrinhas de A.."
        },
        {
          "referencia": "Provérbios 27.3",
          "texto": "Pesada é a pedra, e a A. também; mas a ira do"
        },
        {
          "referencia": "Isaías 10.22",
          "texto": "povo, ó Israel, seja como a À. do mar, só um"
        },
        {
          "referencia": "Isaías 48.19",
          "texto": "descendência seria como a Á., e os que procedem"
        },
        {
          "referencia": "Isaías 48.19",
          "texto": "tantos como os grãos da À. da praia; o seu"
        },
        {
          "referencia": "Jeremias 5.22",
          "texto": "diante de mim, que pus a À. por limite ao"
        },
        {
          "referencia": "Jeremias 33.22",
          "texto": "dos céus, nem medir-se a A. do mar, assim"
        },
        {
          "referencia": "Lamentações 3.16",
          "texto": "Quebrou com pedrinhas de A. os meus dentes;"
        },
        {
          "referencia": "Oséias 1.10",
          "texto": "de Israel será como a Á. do mar, que não"
        },
        {
          "referencia": "Habacuque 1.9",
          "texto": "o oriente, e eles congregarão os cativos como A.."
        },
        {
          "referencia": "Mateus 7.26",
          "texto": "homem insensato, que edificou a sua casa sobre a A.."
        },
        {
          "referencia": "Romanos 9.27",
          "texto": "de Israel seja como a Á. do mar, o"
        },
        {
          "referencia": "Hebreus 11.12",
          "texto": "as estrelas do céu, e como a Á. inumerável que"
        },
        {
          "referencia": "Apocalipse 13.1",
          "texto": "E eu pus-me sobre a À, do mar e vi subir do mar"
        },
        {
          "referencia": "Apocalipse 20.8",
          "texto": "cujo número é como a Á. do mar, para as"
        }
      ]
    },
    {
      "palavra": "areias",
      "veja tambem": ["areia", "praia", "mar"],
      "ocorrencias": 1,
      "fonte": "Strongs H2344",
      "concordancias": [
        {
          "referencia": "Jeremias 15.8",
          "texto": "se multiplicaram do que as Á, dos mares; trouxe"
        }
      ]
    },
    {
      "palavra": "areli",
      "veja tambem": ["arelitas", "pessoa"],
      "ocorrencias": 2,
      "fonte": "Strongs H691",
      "concordancias": [
        {
          "referencia": "Gênesis 46.16",
          "texto": "e Hagi, e Suni, e Esbom, e Eri, e Arodi, e A.."
        },
        {
          "referencia": "Números 26.17",
          "texto": "a família dos aroditas; de A., a família dos arelitas."
        }
      ]
    },
    {
      "palavra": "arelitas",
      "veja tambem": ["areli", "família"],
      "ocorrencias": 1,
      "fonte": "Strongs H691",
      "concordancias": [
        {
          "referencia": "Números 26.17",
          "texto": "família dos aroditas; de Areli, a família dos A.."
        }
      ]
    },
    {
      "palavra": "areopagita",
      "veja tambem": ["areópago", "atenas", "dionísio"],
      "ocorrencias": 1,
      "fonte": "Strongs G698",
      "concordancias": [
        {
          "referencia": "Atos 17.34",
          "texto": "os quais estava Dionísio, o Á., e uma"
        }
      ]
    },
    {
      "palavra": "areópago",
      "veja tambem": ["areopagita", "atenas", "paulo"],
      "ocorrencias": 2,
      "fonte": "Strongs G697",
      "concordancias": [
        {
          "referencia": "Atos 17.19",
          "texto": "E, tomando-o, o levaram ao A., dizendo:"
        },
        {
          "referencia": "Atos 17.22",
          "texto": "E, estando Paulo no meio do Á., disse: Varões"
        }
      ]
    },
    {
      "palavra": "ares",
      "veja tambem": ["ares", "pessoa"],
      "ocorrencias": 2,
      "fonte": "Strongs H691",
      "concordancias": [
        {
          "referencia": "S177.18",
          "texto": "trovão repercutiu-se nos A,; os relâmpagos"
        },
        {
          "referencia": "1 Tessalonicenses 4.17",
          "texto": "a encontrar o Senhor nos Á., e assim"
        }
      ]
    },
    {
      "palavra": "arestas",
      "veja tambem": [],
      "ocorrencias": 1,
      "fonte": "",
      "concordancias": [
        {
          "referencia": "Jó 41.29",
          "texto": "atiradas são para ele como Á., eri-se do"
        }
      ]
    },
    {
      "palavra": "aretas",
      "veja tambem": [],
      "ocorrencias": 1,
      "fonte": "",
      "concordancias": [
        {
          "referencia": "2 Coríntios 11.32",
          "texto": "o que governava sob o rei À. pôs guardas às"
        }
      ]
    },
    {
      "palavra": "arfaxade",
      "veja tambem": [],
      "ocorrencias": 11,
      "fonte": "",
      "concordancias": [
        {
          "referencia": "Gênesis 10.22",
          "texto": "de Sem são: Elão, e Assur e A., e Lude, e Arã."
        },
        {
          "referencia": "Gênesis 10.24",
          "texto": "E Á. gerou a Salá; e Salá gerou a Éber."
        },
        {
          "referencia": "Gênesis 11.10",
          "texto": "idade de cem anos e gerou a Á., dois anos"
        },
        {
          "referencia": "Gênesis 11.11",
          "texto": "Sem, depois que gerou a Á., quinhentos"
        },
        {
          "referencia": "Gênesis 11.12",
          "texto": "E viveu A trinta e cinco anos e gerou a Salá."
        },
        {
          "referencia": "Gênesis 11.13",
          "texto": "E viveu Á., depois que gerou a Salá,"
        },
        {
          "referencia": "1 Crônicas 1.17",
          "texto": "de Sem: Elão, e Assur, e A., e Lude, e"
        },
        {
          "referencia": "1 Crônicas 1.18",
          "texto": "E Á. gerou a Selá, e Selá gerou a Héber."
        },
        {
          "referencia": "1 Crônicas 1.24",
          "texto": "Sem, A., Selá,"
        },
        {
          "referencia": "Lucas 3.36",
          "texto": "e Salá, de Cainã, e Cainã, de A., e A.,"
        },
        {
          "referencia": "Lucas 3.36",
          "texto": "Cainã, e Cainã, de A., e A., de Sem, e"
        }
      ]
    },
    {
      "palavra": "argilosa",
      "veja tambem": [],
      "ocorrencias": 1,
      "fonte": "",
      "concordancias": [
        {
          "referencia": "2 Crônicas 4.17",
          "texto": "os fundiu o rei na terra A., entre Sucote e Zereda."
        }
      ]
    },
    {
      "palavra": "argobe",
      "veja tambem": [],
      "ocorrencias": 5,
      "fonte": "",
      "concordancias": [
        {
          "referencia": "Deuteronômio 3.4",
          "texto": "toda a borda da terra de A. e o reino de"
        },
        {
          "referencia": "Deuteronômio 3.13",
          "texto": "(Toda aquela borda da terra de A., por todo o"
        },
        {
          "referencia": "Deuteronômio 3.14",
          "texto": "toda a porção da terra de Á., até ao termo dos"
        },
        {
          "referencia": "1 Reis 4.13",
          "texto": "também tinha o termo de Á., o qual está"
        },
        {
          "referencia": "2 Reis 15.25",
          "texto": "da casa do rei, juntamente com À. e com Arié, e"
        }
      ]
    },
    {
      "palavra": "argola",
      "veja tambem": [],
      "ocorrencias": 2,
      "fonte": "",
      "concordancias": [
        {
          "referencia": "Êxodo 26.24",
          "texto": "dele se ajuntarão numa A.. Assim se fará com"
        },
        {
          "referencia": "Êxodo 36.29",
          "texto": "ajuntavam por cima com uma Á.; assim fez com elas"
        }
      ]
    },
    {
      "palavra": "argolas",
      "veja tambem": [],
      "ocorrencias": 29,
      "fonte": "",
      "concordancias": [
        {
          "referencia": "Êxodo 25.12",
          "texto": "e fundirás para ela quatro À. de ouro e as porás"
        },
        {
          "referencia": "Êxodo 25.12",
          "texto": "num lado dela e duas 4. no outro lado dela."
        },
        {
          "referencia": "Êxodo 25.14",
          "texto": "e meterás as varas nas Á., aos lados da arca,"
        },
        {
          "referencia": "Êxodo 25.15",
          "texto": "As varas estarão nas A. da arca, e não se"
        },
        {
          "referencia": "Êxodo 25.26",
          "texto": "Também lhe farás quatro A, de ouro; e porás as"
        },
        {
          "referencia": "Êxodo 25.26",
          "texto": "A. de ouro; e porás as Á. nos quatro"
        },
        {
          "referencia": "Êxodo 25.27",
          "texto": "da moldura estarão as A., como lugares para"
        },
        {
          "referencia": "Êxodo 26.29",
          "texto": "e farás de ouro as suas Á., para meter por"
        },
        {
          "referencia": "Êxodo 274",
          "texto": "e farás a esta rede quatro Á. de metal aos seus"
        },
        {
          "referencia": "Êxodo 27.7",
          "texto": "E os varais se meterão nas A., de maneira que os"
        },
        {
          "referencia": "Êxodo 30.4",
          "texto": "Também lhe farás duas Á. de ouro debaixo da sua"
        },
        {
          "referencia": "Êxodo 36.34",
          "texto": "tábuas de ouro, e as suas Á. (os lugares das"
        },
        {
          "referencia": "Êxodo 37.3",
          "texto": "e fundiu-lhe quatro A. de ouro aos seus quatro"
        },
        {
          "referencia": "Êxodo 37.3",
          "texto": "cantos, num lado, duas, e no outro lado, duas A.;"
        },
        {
          "referencia": "Êxodo 37.5",
          "texto": "e meteu os varais pelas 4. aos lados da arca,"
        },
        {
          "referencia": "Êxodo 37.13",
          "texto": "Fundiu-lhe também quatro A. de ouro; e pôs as"
        },
        {
          "referencia": "Êxodo 37.13",
          "texto": "A. de ouro; e pôs as A. aos quatro cantos"
        },
        {
          "referencia": "Êxodo 37.14",
          "texto": "da moldura estavam as À. para os lugares"
        },
        {
          "referencia": "Êxodo 37.27",
          "texto": "Fez-lhe também duas 4. de ouro debaixo da sua"
        },
        {
          "referencia": "Êxodo 38.5",
          "texto": "E fundiu quatro À. às quatro extremidades do"
        },
        {
          "referencia": "Êxodo 38.7",
          "texto": "E meteu os varais pelas A. aos lados do altar,"
        },
        {
          "referencia": "Êxodo 39.16",
          "texto": "engastes de ouro e duas À, de ouro; e puseram"
        },
        {
          "referencia": "Êxodo 39.16",
          "texto": "de ouro; e puseram as duas A. nas duas"
        },
        {
          "referencia": "Êxodo 39.17",
          "texto": "de trança de ouro nas duas A., nas duas"
        },
        {
          "referencia": "Êxodo 39.19",
          "texto": "Fizeram também duas A. de ouro, que puseram nas"
        },
        {
          "referencia": "Êxodo 39.20",
          "texto": "Fizeram mais duas Á. de ouro, que puseram nas"
        },
        {
          "referencia": "Êxodo 39.21",
          "texto": "o peitoral com as suas A. às À. do"
        },
        {
          "referencia": "Êxodo 39.21",
          "texto": "com as suas À, às À. do éfode com um"
        },
        {
          "referencia": "Ester 1.6",
          "texto": "de linho fino e púrpura, e Á. de prata, e"
        }
      ]
    },
    {
      "palavra": "argui",
      "veja tambem": ["arguir"],
      "ocorrencias": 2,
      "fonte": "",
      "concordancias": [
        {
          "referencia": "Jó 40.2",
          "texto": "é ensinar? Quem assim A. a Deus, que"
        },
        {
          "referencia": "S194.10",
          "texto": "Aquele que A. as nações, não castigará? E o que dá"
        }
      ]
    },
    {
      "palavra": "argui-me",
      "veja tambem": ["arguir"],
      "ocorrencias": 1,
      "fonte": "",
      "concordancias": [
        {
          "referencia": "Isaías 1.18",
          "texto": "Vinde, então, e A., diz o Senhor; ainda que os"
        }
      ]
    },
    {
      "palavra": "arguido",
      "veja tambem": ["arguir"],
      "ocorrencias": 1,
      "fonte": "",
      "concordancias": [
        {
          "referencia": "Habacuque 2.1",
          "texto": "comigo e o que eu responderei, quando eu for A.."
        }
      ]
    },
    {
      "palavra": "arguindo",
      "veja tambem": ["arguir"],
      "ocorrencias": 1,
      "fonte": "",
      "concordancias": [
        {
          "referencia": "Jó 15.3",
          "texto": "A. com palavras que de nada servem e com razões"
        }
      ]
    },
    {
      "palavra": "arguirei",
      "veja tambem": ["arguir"],
      "ocorrencias": 1,
      "fonte": "",
      "concordancias": [
        {
          "referencia": "S150.21",
          "texto": "que era como tu; mas eu te Á., e, em sua"
        }
      ]
    },
    {
      "palavra": "arguires",
      "veja tambem": ["arguir"],
      "ocorrencias": 1,
      "fonte": "",
      "concordancias": [
        {
          "referencia": "2 Samuel 38",
          "texto": "e tu hoje buscas motivo para me À, por causa"
        }
      ]
    },
    {
      "palavra": "arguís",
      "veja tambem": ["arguir"],
      "ocorrencias": 1,
      "fonte": "",
      "concordancias": [
        {
          "referencia": "Jó 19.5",
          "texto": "vos levantais contra mim e me Á, pelo meu opróbrio,"
        }
      ]
    },
    {
      "palavra": "argumenta",
      "veja tambem": [],
      "ocorrencias": 1,
      "fonte": "",
      "concordancias": [
        {
          "referencia": "Hebreus 12.5",
          "texto": "da exortação que Á. convosco como"
        }
      ]
    },
    {
      "palavra": "argumentos",
      "veja tambem": [],
      "ocorrencias": 2,
      "fonte": "",
      "concordancias": [
        {
          "referencia": "Jó 13.6",
          "texto": "a minha defesa e escutai os Á. dos meus lábios."
        },
        {
          "referencia": "Jó 23.4",
          "texto": "a minha causa e a minha boca encheria de A.."
        }
      ]
    },
    {
      "palavra": "ária",
      "veja tambem": [],
      "ocorrencias": 1,
      "fonte": "",
      "concordancias": [
        {
          "referencia": "Isaías 23.16",
          "texto": "toca bem, canta e repete a Å., para que haja"
        }
      ]
    }
  ]
}