{
  "a": [
    {
      "palavra": "aridai",
      "veja tambem": ["pessoa", "ester"],
      "ocorrencias": 1,
      "fonte": "Strongs H743",
      "concordancias": [
        {
          "referencia": "Ester 9.9",
          "texto": "e a Farmasta, ea Arisai; ea Á., ea Vaizata."
        }
      ]
    },
    {
      "palavra": "áridos",
      "veja tambem": ["seco", "deserto", "lugar"],
      "ocorrencias": 1,
      "fonte": "Strongs G3584",
      "concordancias": [
        {
          "referencia": "Mateus 12.43",
          "texto": "do homem, anda por lugares Á., buscando"
        }
      ]
    },
    {
      "palavra": "arié",
      "veja tambem": ["argobe", "pessoa"],
      "ocorrencias": 1,
      "fonte": "Strongs H691",
      "concordancias": [
        {
          "referencia": "2 Reis 15.25",
          "texto": "juntamente com Argobe e com Á.; ecomele"
        }
      ]
    },
    {
      "palavra": "ariel",
      "veja tambem": ["leão", "davi", "jerusalém"],
      "ocorrencias": 7,
      "fonte": "Strongs H740",
      "concordancias": [
        {
          "referencia": "Esdras 8.16",
          "texto": "Enviei, pois, Eliézer, A., Semaías, Elnatá,"
        },
        {
          "referencia": "Isaías 29.1",
          "texto": "Aide A., da cidade de A., em que Davi assentou"
        },
        {
          "referencia": "Isaías 29.2",
          "texto": "Contudo, porei a A. em aperto, e haverá pranto e"
        },
        {
          "referencia": "Isaías 29.2",
          "texto": "pranto e tristeza; e ela será para mim como Á.."
        },
        {
          "referencia": "Isaías 29.7",
          "texto": "que hão de pelejar contra A., como também todos"
        },
        {
          "referencia": "Ezequiel 43.15",
          "texto": "de quatro côvados; e, desde o À. até cima, havia"
        },
        {
          "referencia": "Ezequiel 43.16",
          "texto": "E o À. terá doze côvados de comprimento e doze de"
        }
      ]
    },
    {
      "palavra": "aríetes",
      "veja tambem": ["carneiro", "guerra", "áquina"],
      "ocorrencias": 3,
      "fonte": "Strongs H352",
      "concordancias": [
        {
          "referencia": "Ezequiel 4.2",
          "texto": "e põe contra ela arraiais, e põe-lhe À, em redor."
        },
        {
          "referencia": "Ezequiel 21.22",
          "texto": "Jerusalém, para ordenar os Á., para abrir a"
        },
        {
          "referencia": "Ezequiel 21.22",
          "texto": "a voz com júbilo, para pôr os Á. contra as"
        }
      ]
    },
    {
      "palavra": "arimateia",
      "veja tambem": ["josé", "sepultura", "jesus"],
      "ocorrencias": 4,
      "fonte": "Strongs G707",
      "concordancias": [
        {
          "referencia": "Mateus 27.57",
          "texto": "chegou um homem rico de A., por nome"
        },
        {
          "referencia": "Marcos 15.43",
          "texto": "chegou José de Á., senador honrado, que também"
        },
        {
          "referencia": "Lucas 23.51",
          "texto": "dos outros), natural de A., cidade dos"
        },
        {
          "referencia": "Jó 19.38",
          "texto": "Depois disso, José de A. (o que era discípulo"
        }
      ]
    },
    {
      "palavra": "arioque",
      "veja tambem": ["rei", "elasar", "daniel"],
      "ocorrencias": 7,
      "fonte": "Strongs H746",
      "concordancias": [
        {
          "referencia": "Gênesis 14.1",
          "texto": "de Anrafel, rei de Sinar, A., rei de Elasar,"
        },
        {
          "referencia": "Gênesis 14.9",
          "texto": "Goim, e Anrafel, rei de Sinar, e A., rei de"
        },
        {
          "referencia": "Daniel 2.14",
          "texto": "avisada e prudentemente a Á., capitão da"
        },
        {
          "referencia": "Daniel 2.15",
          "texto": "Respondeu e disse a A., encarregado do rei: Por"
        },
        {
          "referencia": "Daniel 2.15",
          "texto": "da parte do rei? Então, Á, explicou o"
        },
        {
          "referencia": "Daniel 2.24",
          "texto": "isso, Daniel foi ter.com A., ao qual o rei"
        },
        {
          "referencia": "Daniel 2.25",
          "texto": "Então, A. depressa introduziu Daniel na presença"
        }
      ]
    },
    {
      "palavra": "arisai",
      "veja tambem": ["pessoa", "ester"],
      "ocorrencias": 0,
      "fonte": "Strongs H743",
      "concordancias": []
    },
    {
      "palavra": "aristarco",
      "veja tambem": ["macedônio", "tessalônica", "paulo"],
      "ocorrencias": 5,
      "fonte": "Strongs G708",
      "concordancias": [
        {
          "referencia": "Atos 19.29",
          "texto": "arrebatando a Gaio ea Á., macedônios,"
        },
        {
          "referencia": "Atos 20.4",
          "texto": "Bereia, e, dos de Tessalônica, A. e Segundo,"
        },
        {
          "referencia": "Atos 27.2",
          "texto": "da Ásia, estando conosco Á., macedônio de Tessa-"
        },
        {
          "referencia": "Colossenses 4.10",
          "texto": "A., que está preso comigo, vos saúda, e"
        },
        {
          "referencia": "Em 1.24",
          "texto": "Marcos, A., Demas e Lucas, meus cooperadores."
        }
      ]
    },
    {
      "palavra": "aristóbulo",
      "veja tambem": ["pessoa", "família"],
      "ocorrencias": 1,
      "fonte": "Strongs G711",
      "concordancias": [
        {
          "referencia": "Romanos 16.10",
          "texto": "em Cristo. Saudai aos da família de A.."
        }
      ]
    },
    {
      "palavra": "arma",
      "veja tambem": [],
      "ocorrencias": 4,
      "fonte": "",
      "concordancias": [
        {
          "referencia": "Deuteronômio 19.11",
          "texto": "a seu próximo, e lhe A. ciladas, e se"
        },
        {
          "referencia": "S110.9",
          "texto": "À. ciladas em esconderijos, como o leão no seu"
        },
        {
          "referencia": "Provérbios 29.5",
          "texto": "lisonjeia a seu próximo Á. uma rede aos seus passos."
        },
        {
          "referencia": "Jeremias 51.3",
          "texto": "seu arco contra aquele que Á. o seu arco e contra o"
        }
      ]
    },
    {
      "palavra": "arma-lhe",
      "veja tambem": [
        "armar"
      ],
      "ocorrencias": 1,
      "fonte": "",
      "concordancias": [
        {
          "referencia": "Jeremias 9.8",
          "texto": "seu companheiro, mas no seu interior À. ciladas."
        }
      ]
    },
    {
      "palavra": "armadilha",
      "veja tambem": [],
      "ocorrencias": 3,
      "fonte": "",
      "concordancias": [
        {
          "referencia": "Jó 18.10",
          "texto": "debaixo da terra uma corda; e uma A., na vereda."
        },
        {
          "referencia": "Obadias 1.7",
          "texto": "pão puseram debaixo de ti uma A.; não há em"
        },
        {
          "referencia": "Romanos 11.9",
          "texto": "a sua mesa em laço, e em Á., e em tropeço,"
        }
      ]
    },
    {
      "palavra": "armado",
      "veja tambem": [
        "ar-"
      ],
      "ocorrencias": 10,
      "fonte": "",
      "concordancias": [
        {
          "referencia": "Números 32.21",
          "texto": "e cada um de vós Á. passar o Jordão perante o"
        },
        {
          "referencia": "Números 32.27",
          "texto": "servos passarão, cada um 4, para pelejar para"
        },
        {
          "referencia": "Números 32.29",
          "texto": "passarem convosco o Jordão, A. cada um para a"
        },
        {
          "referencia": "Josué 6.7",
          "texto": "a cidade; e quem estiver Á. passe adiante da"
        },
        {
          "referencia": "1 Crônicas 16.1",
          "texto": "da tenda que Davi lhe tinha A.; e ofereceram"
        },
        {
          "referencia": "ST 1.4",
          "texto": "preparado; porque lhe tinha A. uma tenda em Jeru-"
        },
        {
          "referencia": "Provérbios 6.11",
          "texto": "um ladrão, e a tua necessidade, como um homem A.."
        },
        {
          "referencia": "Provérbios 24.34",
          "texto": "um ladrão, e a tua necessidade, como um homem A.."
        },
        {
          "referencia": "Isaías 21.15",
          "texto": "espada nua, e diante do arco Á., e diante do peso"
        },
        {
          "referencia": "Lucas 11.21",
          "texto": "Quando o valente guarda, Á., a sua casa, em"
        }
      ]
    },
    {
      "palavra": "armados",
      "veja tambem": [
        "armar"
      ],
      "ocorrencias": 25,
      "fonte": "",
      "concordancias": [
        {
          "referencia": "Êxodo 13.18",
          "texto": "subiram os filhos de Israel da terra do Egito A.."
        },
        {
          "referencia": "Números 31.5",
          "texto": "mil de cada tribo: doze mil A. para a peleja."
        },
        {
          "referencia": "Números 32.30",
          "texto": "porém, se não passarem À, convosco, então, se"
        },
        {
          "referencia": "Números 32.32",
          "texto": "Nós passaremos, Á., perante o Senhor à terra de"
        },
        {
          "referencia": "Deuteronômio 3.18",
          "texto": "para possuí-la; passai, pois, A. vós,"
        },
        {
          "referencia": "Josué 1.14",
          "texto": "Jordão; porém vós passareis Á. na frente de"
        },
        {
          "referencia": "Josué 4.12",
          "texto": "e a meia tribo de Manassés, Á., na frente dos"
        },
        {
          "referencia": "Josué 4.13",
          "texto": "mil homens de guerra 4. passaram diante do"
        },
        {
          "referencia": "Josué 6.9",
          "texto": "E os Á. iam adiante dos sacerdotes que tocavam"
        },
        {
          "referencia": "Josué 6.13",
          "texto": "e tocavam as buzinas; e os À, iam adiante"
        },
        {
          "referencia": "Juízes 18.11",
          "texto": "e de Estaol, seiscentos homens À. de armas de guerra."
        },
        {
          "referencia": "Juízes 18.16",
          "texto": "que eram dos filhos de Dá, A. de suas armas de"
        },
        {
          "referencia": "Juízes 18.17",
          "texto": "os seiscentos homens que estavam À. com as"
        },
        {
          "referencia": "1 Crônicas 12.2",
          "texto": "A. de arco, usavam da mão direita e esquerda em"
        },
        {
          "referencia": "1 Crônicas 12.8",
          "texto": "homens de guerra para pelejar, A. com rodela e"
        },
        {
          "referencia": "1 Crônicas 12.23",
          "texto": "este é o número dos chefes A. para a peleja,"
        },
        {
          "referencia": "1 Crônicas 12.24",
          "texto": "e lança, seis mil e oitocentos, A. para a peleja;"
        },
        {
          "referencia": "2 Crônicas 17.17",
          "texto": "e, com ele, duzentos mil, A. de arco e"
        },
        {
          "referencia": "2 Crônicas 17.18",
          "texto": "e, com ele, cento e oitenta mil Å. para a guerra."
        },
        {
          "referencia": "2 Crônicas 20.21",
          "texto": "santa, saindo diante dos A. e dizendo:"
        },
        {
          "referencia": "2 Crônicas 28.14",
          "texto": "Então, os homens A. deixaram os presos e O"
        },
        {
          "referencia": "Jó 39.21",
          "texto": "e folga na sua força, e sai ao encontro dos A.."
        },
        {
          "referencia": "SI78.9",
          "texto": "Os filhos de Efraim, A. e trazendo arcos,"
        },
        {
          "referencia": "Cânticos 3.8",
          "texto": "Todos À. de espadas, destros na guerra; cada um"
        },
        {
          "referencia": "Isaías 15.4",
          "texto": "se ouve a sua voz; por isso, os Á. de Moabe"
        }
      ]
    },
    {
      "palavra": "armadura",
      "veja tambem": [],
      "ocorrencias": 4,
      "fonte": "",
      "concordancias": [
        {
          "referencia": "Isaías 9.5",
          "texto": "Porque toda a À, daqueles que pelejavam com"
        },
        {
          "referencia": "Lucas 11.22",
          "texto": "vencendo-o, tira-lhe toda a A. em que confiava"
        },
        {
          "referencia": "Efésios 6.11",
          "texto": "Revesti-vos de toda a À. de Deus, para que"
        },
        {
          "referencia": "Efésios 6.13",
          "texto": "Portanto, tomai toda a À. de Deus, para que"
        }
      ]
    },
    {
      "palavra": "armaduras",
      "veja tambem": [],
      "ocorrencias": 1,
      "fonte": "",
      "concordancias": [
        {
          "referencia": "1 Reis 10.25",
          "texto": "e vasos de ouro, e vestes, e Á., e"
        }
      ]
    },
    {
      "palavra": "armagedom",
      "veja tambem": [],
      "ocorrencias": 1,
      "fonte": "",
      "concordancias": [
        {
          "referencia": "Apocalipse 16.16",
          "texto": "congregaram no lugar que em hebreu se chama A.."
        }
      ]
    },
    {
      "palavra": "armai-vos",
      "veja tambem": [
        "armar"
      ],
      "ocorrencias": 1,
      "fonte": "",
      "concordancias": [
        {
          "referencia": "1 Pedro 4.1",
          "texto": "padeceu por nós na carne, A. também vós"
        }
      ]
    },
    {
      "palavra": "armais",
      "veja tambem": [
        "armar"
      ],
      "ocorrencias": 1,
      "fonte": "",
      "concordancias": [
        {
          "referencia": "Jeremias 50.14",
          "texto": "Babilônia, todos os que Á. arcos; atirai-lhe,"
        }
      ]
    },
    {
      "palavra": "armam",
      "veja tambem": [
        "armar"
      ],
      "ocorrencias": 10,
      "fonte": "",
      "concordancias": [
        {
          "referencia": "Jó 6.4",
          "texto": "meu espírito; os terrores de Deus se 4. contra mim."
        },
        {
          "referencia": "Salmos 11.2",
          "texto": "Porque eis que os ímpios Á. o arco, põem as"
        },
        {
          "referencia": "S138.12",
          "texto": "que buscam a minha vida me Á. laços, e os que"
        },
        {
          "referencia": "S149.5",
          "texto": "quando me cercar a iniquidade dos que me A. ciladas?"
        },
        {
          "referencia": "S159.3",
          "texto": "pois eis que A. ciladas à minha alma; os fortes se"
        },
        {
          "referencia": "Provérbios 1.18",
          "texto": "E estes A. ciladas contra o seu próprio sangue; e"
        },
        {
          "referencia": "Isaías 29.21",
          "texto": "homem em uma causa, os que A. laços ao que"
        },
        {
          "referencia": "Jeremias 5.26",
          "texto": "acaçapam os passarinheiros; A. laços"
        },
        {
          "referencia": "Jeremias 50.29",
          "texto": "os flecheiros, todos os que À. arcos; acampai-vos"
        },
        {
          "referencia": "Miquéias 7.2",
          "texto": "um que seja reto; todos À. ciladas para"
        }
      ]
    },
    {
      "palavra": "armando",
      "veja tambem": [
        "armar"
      ],
      "ocorrencias": 2,
      "fonte": "",
      "concordancias": [
        {
          "referencia": "Atos 23.21",
          "texto": "dentre eles lhe andam 4. ciladas, os quais"
        },
        {
          "referencia": "Atos 25.3",
          "texto": "o fizesse vir a Jerusalém, Á. ciladas para o"
        }
      ]
    },
    {
      "palavra": "armando-lhe",
      "veja tambem": [
        "armar"
      ],
      "ocorrencias": 1,
      "fonte": "",
      "concordancias": [
        {
          "referencia": "Lucas 11.54",
          "texto": "A. ciladas, a fim de apanharem da sua boca"
        }
      ]
    },
    {
      "palavra": "armar",
      "veja tambem": [],
      "ocorrencias": 3,
      "fonte": "",
      "concordancias": [
        {
          "referencia": "ISm 22.8",
          "texto": "sublevado a meu servo, para me Á. ciladas, como se"
        },
        {
          "referencia": "SI 64.5",
          "texto": "em mau intento; falam de À. laços secretamente"
        },
        {
          "referencia": "Atos 23.30",
          "texto": "que os judeus haviam de 4. ciladas a esse"
        }
      ]
    },
    {
      "palavra": "armar-me",
      "veja tambem": [
        "armar"
      ],
      "ocorrencias": 1,
      "fonte": "",
      "concordancias": [
        {
          "referencia": "1 Samuel 22.13",
          "texto": "que se levantasse contra mim a À. ciladas,"
        }
      ]
    },
    {
      "palavra": "armara",
      "veja tambem": [],
      "ocorrencias": 2,
      "fonte": "",
      "concordancias": [
        {
          "referencia": "Gênesis 31.25",
          "texto": "pois, Labão a Jacó. E Á. Jacó a sua tenda"
        },
        {
          "referencia": "2 Samuel 6.17",
          "texto": "lugar, na tenda que Davi lhe A.; e ofereceu Davi"
        }
      ]
    }
  ]
}