{
  "a": [
    {
      "palavra": "armará",
      "veja tambem": [
        "armar"
      ],
      "ocorrencias": 4,
      "fonte": "Strong: H6186, H6187, H3627; Ver também: Dicionário Bíblico, Concordância de Strong",
      "concordancias": [
        {
          "referencia": "2 Samuel 23.7",
          "texto": "qualquer que os tocar se À. de ferro e da haste"
        },
        {
          "referencia": "Provérbios 29.25",
          "texto": "O receio do homem 4. laços, mas o que confia no"
        },
        {
          "referencia": "Isaías 13.20",
          "texto": "em geração; nem o árabe À ali a sua tenda,"
        },
        {
          "referencia": "Daniel 1145",
          "texto": "E À. as tendas do seu palácio entre o mar grande"
        }
      ]
    },
    {
      "palavra": "armaram",
      "veja tambem": [
        "armar"
      ],
      "ocorrencias": 6,
      "fonte": "Strong: H6186, H6187; Concordância de Strong",
      "concordancias": [
        {
          "referencia": "Josué 18.1",
          "texto": "se ajuntou em Siló, e ali A. a tenda da"
        },
        {
          "referencia": "S157.6",
          "texto": "A. uma rede aos meus passos, e a minha alma"
        },
        {
          "referencia": "S164.3",
          "texto": "sua língua como espadas; e A., por suas"
        },
        {
          "referencia": "Salmos 119.110",
          "texto": "Os ímpios me Á. laço; contudo, não me desviei"
        },
        {
          "referencia": "Jeremias 18.22",
          "texto": "uma cova para prender-me e A. laços aos meus pés."
        },
        {
          "referencia": "Lamentações 4.19",
          "texto": "montes nos perseguiram, no deserto nos A. ciladas."
        }
      ]
    },
    {
      "palavra": "armaram-me",
      "veja tambem": [
        "armar"
      ],
      "ocorrencias": 2,
      "fonte": "Strong: H6186; Concordância de Strong",
      "concordancias": [
        {
          "referencia": "Salmos 140.5",
          "texto": "Os soberbos À. laços e cordas; estenderam a"
        },
        {
          "referencia": "S1140.5",
          "texto": "a rede à beira do caminho; Á. laços"
        }
      ]
    },
    {
      "palavra": "armardes",
      "veja tambem": [
        "armar"
      ],
      "ocorrencias": 1,
      "fonte": "Strong: H6186; Concordância de Strong",
      "concordancias": [
        {
          "referencia": "Números 32.20",
          "texto": "isto fizerdes assim, se vos À, para a guerra"
        }
      ]
    },
    {
      "palavra": "armarei",
      "veja tambem": [
        "armar"
      ],
      "ocorrencias": 1,
      "fonte": "Strong: H6186; Concordância de Strong",
      "concordancias": [
        {
          "referencia": "Jeremias 6.21",
          "texto": "assim diz o Senhor: Eis que Á. tropeços a este"
        }
      ]
    },
    {
      "palavra": "armarem",
      "veja tambem": [
        "armar"
      ],
      "ocorrencias": 2,
      "fonte": "Strong: H6186; Concordância de Strong",
      "concordancias": [
        {
          "referencia": "S158.7",
          "texto": "aguas que se escoam; se À, as suas flechas,"
        },
        {
          "referencia": "Provérbios 12.6",
          "texto": "dos ímpios são para Á. ciladas ao sangue,"
        }
      ]
    },
    {
      "palavra": "armaremos",
      "veja tambem": [
        "armar"
      ],
      "ocorrencias": 1,
      "fonte": "Strong: H6186; Concordância de Strong",
      "concordancias": [
        {
          "referencia": "Números 32.17",
          "texto": "porém nós nos Á., apressando-nos diante dos de"
        }
      ]
    },
    {
      "palavra": "armas",
      "veja tambem": [
        "arma"
      ],
      "ocorrencias": 58,
      "fonte": "",
      "concordancias": [
        {
          "referencia": "Gênesis 27.3",
          "texto": "Agora, pois, toma as tuas A., a tua aljava e o teu"
        },
        {
          "referencia": "Deuteronômio 23.13",
          "texto": "E entre as tuas Á, terás uma pá; e será que,"
        },
        {
          "referencia": "Juízes 9.54",
          "texto": "ao moço que levava as suas Å. e disse-lhe:"
        },
        {
          "referencia": "Juízes 18.11",
          "texto": "Estaol, seiscentos homens armados de A. de guerra."
        },
        {
          "referencia": "Juízes 18.16",
          "texto": "de Dă, armados de suas A. de guerra, ficaram"
        },
        {
          "referencia": "Juízes 18.17",
          "texto": "homens que estavam armados com as À. de guerra."
        },
        {
          "referencia": "1 Samuel 8.12",
          "texto": "a sua sega, e façam as suas A. de guerra e os"
        },
        {
          "referencia": "1 Samuel 14.1",
          "texto": "ao moço que lhe levava as A.: Vem, passemos à"
        },
        {
          "referencia": "1 Samuel 14.6",
          "texto": "ao moço que lhe levava as Á.: Vem, passemos à"
        },
        {
          "referencia": "1 Samuel 14.7",
          "texto": "Então, o seu pajem de Á. lhe disse: Faze tudo o"
        },
        {
          "referencia": "1 Samuel 14.12",
          "texto": "Jônatas e ao seu pajem de A, e disseram: Subi a"
        },
        {
          "referencia": "1 Samuel 14.13",
          "texto": "as mãos, e o seu pajem de A. atrás dele; e"
        },
        {
          "referencia": "1 Samuel 14.13",
          "texto": "de Jônatas, e o seu pajem de A. os matava atrás dele."
        },
        {
          "referencia": "1 Samuel 14.14",
          "texto": "Jônatas e o seu pajem de Á. feriram até uns"
        },
        {
          "referencia": "1 Samuel 14.17",
          "texto": "que nem Jônatas nem o seu pajem de A. estavam"
        },
        {
          "referencia": "1 Samuel 16.21",
          "texto": "perante ele, e o amou muito; e foi seu pajem de A.."
        },
        {
          "referencia": "1 Samuel 17.54",
          "texto": "a Jerusalém; porém pôs as Á. dele na sua tenda."
        },
        {
          "referencia": "1 Samuel 20.40",
          "texto": "Então, Jônatas deu as suas À. ao moço que trazia e"
        },
        {
          "referencia": "1 Samuel 21.8",
          "texto": "a minha espada nem as minhas Á., porque o ne-"
        },
        {
          "referencia": "ps 28.9",
          "texto": "encantadores; por que, pois, me 4, um laço à"
        },
        {
          "referencia": "1 Samuel 31.4",
          "texto": "disse Saul ao seu pajem de Á.: Arranca a tua"
        },
        {
          "referencia": "1 Samuel 31.4",
          "texto": "de mim. Porém o seu pajem de Á. não quis,"
        },
        {
          "referencia": "1 Samuel 31.6",
          "texto": "três filhos, e o seu pajem de A., e também todos"
        },
        {
          "referencia": "1 Samuel 31.9",
          "texto": "e o despojaram das suas A., e enviaram pela"
        },
        {
          "referencia": "2 Samuel 1.27",
          "texto": "caíram os valentes, e pereceram as À, de guerra!"
        },
        {
          "referencia": "2 Samuel 18.15",
          "texto": "dez jovens que levavam as Á. de Joabe. É feriram"
        },
        {
          "referencia": "2 Samuel 23.37",
          "texto": "beerotita, o que trazia as Á. de Joabe, filho"
        },
        {
          "referencia": "2 Reis 10.2",
          "texto": "e os cavalos, e a cidade fortalecida, e as A.,"
        },
        {
          "referencia": "2 Reis 11.8",
          "texto": "o rei, cada um com as suas Á. nas mãos, e aquele"
        },
        {
          "referencia": "2 Reis 20.13",
          "texto": "unguentos, e a sua casa de Á., etudo quanto"
        },
        {
          "referencia": "1 Crônicas 10.9",
          "texto": "a sua cabeça e as suas Á., e as enviaram pela"
        },
        {
          "referencia": "1 Crônicas 10.10",
          "texto": "E puseram as suas À. na casa do seu deus e a sua"
        },
        {
          "referencia": "1 Crônicas 12.33",
          "texto": "para a peleja com todas as À, de guerra,"
        },
        {
          "referencia": "2 Crônicas 23.7",
          "texto": "ao rei, cada um com as À, na mão; e qualquer"
        },
        {
          "referencia": "2 Crônicas 23.10",
          "texto": "o povo, e a cada um com as Á. na mão, desde a"
        },
        {
          "referencia": "2 Crônicas 26.11",
          "texto": "de homens destros nas Á., que saíam à guerra,"
        },
        {
          "referencia": "a 32.5",
          "texto": "Milo na Cidade de Davi, e fez A. e escudos em abun-"
        },
        {
          "referencia": "Neemias 3.19",
          "texto": "defronte da subida para a casa das A., à esquina."
        },
        {
          "referencia": "Neemias 4.17",
          "texto": "um com uma mão fazia a obra e na outra tinha as A.."
        },
        {
          "referencia": "Neemias 4.23",
          "texto": "as nossas vestes; cada um ia com suas Á. à água."
        },
        {
          "referencia": "SI7.13",
          "texto": "e já para ele preparou Á. mortais; e porá em ação"
        },
        {
          "referencia": "Eclesiastes 8.8",
          "texto": "sobre o dia da morte: nem há À, nessa peleja; nem"
        },
        {
          "referencia": "Eclesiastes 9.18",
          "texto": "é a sabedoria do que as À. de guerra, mas um só"
        },
        {
          "referencia": "Cânticos 4.4",
          "texto": "edificada para pendurar A.; mil escudos pendem"
        },
        {
          "referencia": "Isaías 22.8",
          "texto": "naquele dia, olharás para as Á. da casa do bosque."
        },
        {
          "referencia": "Isaías 39.2",
          "texto": "unguentos, e toda a sua casa de Á., e tudo quanto"
        },
        {
          "referencia": "Jeremias 21.4",
          "texto": "que virarei contra vós as Á. de guerra que"
        },
        {
          "referencia": "Jeremias 22.7",
          "texto": "cada um com as suas Á.; e cortarão os teus"
        },
        {
          "referencia": "Jeremias 51.20",
          "texto": "Tu és meu martelo e minhas A. de guerra; e contigo"
        },
        {
          "referencia": "Ezequiel 9.1",
          "texto": "da cidade, cada um com as suas Å, destruidoras na mão."
        },
        {
          "referencia": "Ezequiel 9.2",
          "texto": "o norte, cada um com as suas À. destruidoras na"
        },
        {
          "referencia": "Ezequiel 32.27",
          "texto": "ao sepulcro com as suas À. de guerra e puseram"
        },
        {
          "referencia": "Ezequiel 39.9",
          "texto": "e totalmente queimarão as Á., e os escudos, e as"
        },
        {
          "referencia": "Ezequiel 39.10",
          "texto": "des bosques, mas com as Á. acenderão fogo; e"
        },
        {
          "referencia": "Jó 18.3",
          "texto": "veio para ali com lanternas, e archotes, e Á.."
        },
        {
          "referencia": "Romanos 13.12",
          "texto": "as obras das trevas e vistamo-nos das À. da luz."
        },
        {
          "referencia": "2 Coríntios 6.7",
          "texto": "no poder de Deus, pelas A. da justiça, à"
        },
        {
          "referencia": "2 Coríntios 10.4",
          "texto": "Porque as A. da nossa milícia não são carnais,"
        }
      ]
    },
    {
      "palavra": "armasse",
      "veja tambem": [
        "armar"
      ],
      "ocorrencias": 1,
      "fonte": "Strong: H6186; Concordância de Strong",
      "concordancias": [
        {
          "referencia": "Juízes 9.25",
          "texto": "contra ele quem lhe A. emboscadas sobre"
        }
      ]
    },
    {
      "palavra": "armastes-vos",
      "veja tambem": [
        "armar"
      ],
      "ocorrencias": 1,
      "fonte": "Strong: H6186; Concordância de Strong",
      "concordancias": [
        {
          "referencia": "Deuteronômio 1.41",
          "texto": "ordenou o Senhor, nosso Deus; e A., pois,"
        }
      ]
    },
    {
      "palavra": "armavam",
      "veja tambem": [
        "armar"
      ],
      "ocorrencias": 1,
      "fonte": "Strong: H6186; Concordância de Strong",
      "concordancias": [
        {
          "referencia": "Esdras 8.31",
          "texto": "dos inimigos e dos que nos Á. ciladas no caminho."
        }
      ]
    },
    {
      "palavra": "armazenado",
      "veja tambem": [],
      "ocorrencias": 1,
      "fonte": "Strong: H6186; Concordância de Strong",
      "concordancias": [
        {
          "referencia": "Oséias 13.12",
          "texto": "de Efraim está atada, o seu pecado está A.."
        }
      ]
    },
    {
      "palavra": "armazéns",
      "veja tambem": [],
      "ocorrencias": 3,
      "fonte": "",
      "concordancias": [
        {
          "referencia": "2 Crônicas 11.11",
          "texto": "e pôs nelas maiorais, e A. de víveres, e"
        },
        {
          "referencia": "2 Crônicas 32.28",
          "texto": "também A. para a colheita do trigo, e do mosto,"
        },
        {
          "referencia": "J11.17",
          "texto": "celeiros foram assolados, os Á., derribados,"
        }
      ]
    },
    {
      "palavra": "arme",
      "veja tambem": [
        "armar"
      ],
      "ocorrencias": 1,
      "fonte": "Strong: H6186; Concordância de Strong",
      "concordancias": [
        {
          "referencia": "Jeremias 51.3",
          "texto": "O flecheiro A. o seu arco contra aquele que arma o"
        }
      ]
    },
    {
      "palavra": "armei",
      "veja tambem": [
        "armar"
      ],
      "ocorrencias": 1,
      "fonte": "Strong: H6186; Concordância de Strong",
      "concordancias": [
        {
          "referencia": "Jeremias 50.24",
          "texto": "Laços te Á., e também foste presa, ó Babilônia, e"
        }
      ]
    },
    {
      "palavra": "armem-se",
      "veja tambem": [
        "armar"
      ],
      "ocorrencias": 1,
      "fonte": "Strong: H6186; Concordância de Strong",
      "concordancias": [
        {
          "referencia": "Números 31.3",
          "texto": "pois, Moisés ao povo, dizendo: Á. alguns de vós"
        }
      ]
    },
    {
      "palavra": "armoni",
      "veja tambem": [],
      "ocorrencias": 1,
      "fonte": "Strong: H6186; Concordância de Strong",
      "concordancias": [
        {
          "referencia": "2 Samuel 21.8",
          "texto": "tinha tido de Saul, a saber, a 4, e a Mefibosete,"
        }
      ]
    },
    {
      "palavra": "armou",
      "veja tambem": [
        "armar"
      ],
      "ocorrencias": 13,
      "fonte": "",
      "concordancias": [
        {
          "referencia": "Top 395",
          "texto": "posição;"
        },
        {
          "referencia": "Gênesis 12.8",
          "texto": "do oriente de Betel e À. a sua tenda, tendo"
        },
        {
          "referencia": "a 13.12",
          "texto": "nas cidades da campina e Á, as suas tendas até So-"
        },
        {
          "referencia": "Gênesis 13.18",
          "texto": "E Abrão Á, as suas tendas, e veio, e habitou nos"
        },
        {
          "referencia": "Gênesis 14.14",
          "texto": "que o seu irmão estava preso, À. os seus criados,"
        },
        {
          "referencia": "Gênesis 26.25",
          "texto": "e invocou o nome do Senhor, e À. ali a sua tenda;"
        },
        {
          "referencia": "Gênesis 31.25",
          "texto": "a sua tenda naquela montanha; Á. também Labão"
        },
        {
          "referencia": "Êxodo 21.13",
          "texto": "porém, se lhe não Á, ciladas, mas Deus o fez"
        },
        {
          "referencia": "Êxodo 40.18",
          "texto": "e pôs as suas bases, e À. as suas tábuas, e"
        },
        {
          "referencia": "1 Reis 18.33",
          "texto": "Então, A. a lenha, e dividiu o bezerro em pedaços,"
        },
        {
          "referencia": "2 Crônicas 18.33",
          "texto": "homem, na sua simplicidade, A. o arco, e feriu o"
        },
        {
          "referencia": "Lamentações 2.4",
          "texto": "Á. o seu arco come inimigo, firmou a sua destra"
        },
        {
          "referencia": "Lamentações 3.12",
          "texto": "A. o seu arco, e me pôs como alvo à flecha."
        }
      ]
    },
    {
      "palavra": "armou-lhe",
      "veja tambem": [
        "armar"
      ],
      "ocorrencias": 1,
      "fonte": "Strong: H6186; Concordância de Strong",
      "concordancias": [
        {
          "referencia": "1 Crônicas 15.1",
          "texto": "um lugar para a arca de Deus e A. uma tenda."
        }
      ]
    }
  ]
}