{
  "a": [
    {
      "palavra": "arni",
      "veja tambem": ["genealogia", "descendente"],
      "ocorrencias": 2,
      "fonte": "Strong's G722 (Ἀρνί/Arni)",
      "concordancias": [
        {
          "referencia": "Lucas 3.33",
          "texto": "de Admim, e Admim, de A., e A., de"
        },
        {
          "referencia": "Lucas 3.33",
          "texto": "de Admim, e Admim, de A., e A., de Esrom, e"
        }
      ]
    },
    {
      "palavra": "arnom",
      "veja tambem": ["rio", "fronteira", "Moabe"],
      "ocorrencias": 24,
      "fonte": "Strong's H769 (אַרְנוֹן/Arnon)",
      "concordancias": [
        {
          "referencia": "Números 21.13",
          "texto": "e alojaram-se desta banda de A., que está no"
        },
        {
          "referencia": "Números 21.13",
          "texto": "termos dos amorreus; porque À. é o termo de"
        },
        {
          "referencia": "Números 21.14",
          "texto": "Contra Vaebe em Sufa, e contra os ribeiros de A.,"
        },
        {
          "referencia": "Números 21.24",
          "texto": "terra em possessão, desde A. até Jaboque, até"
        },
        {
          "referencia": "Números 21.26",
          "texto": "e tinha tomado da sua mão toda a sua terra até Á.,"
        },
        {
          "referencia": "Números 21.28",
          "texto": "a Ar dos moabitas e aos senhores dos altos de A.."
        },
        {
          "referencia": "Números 22.36",
          "texto": "de Moabe, que está no termo de Á., na extremidade"
        },
        {
          "referencia": "Deuteronômio 2.24",
          "texto": "parti, e passai o ribeiro de A.; eis aqui na tua"
        },
        {
          "referencia": "Deuteronômio 2.36",
          "texto": "está à borda do ribeiro de A., e a cidade que"
        },
        {
          "referencia": "Deuteronômio 3.8",
          "texto": "dalém do Jordão: desde o rio Á. até ao monte Hermom"
        },
        {
          "referencia": "Deuteronômio 3.12",
          "texto": "que está junto ao ribeiro de Á., e a metade da"
        },
        {
          "referencia": "Deuteronômio 3.16",
          "texto": "Gileade até ao ribeiro de A., o meio do ribeiro e"
        },
        {
          "referencia": "Deuteronômio 4.48",
          "texto": "está à borda do ribeiro de Á., até ao monte Siom,"
        },
        {
          "referencia": "Josué 12.1",
          "texto": "do sol, desde o ribeiro de A. até ao monte"
        },
        {
          "referencia": "Josué 12.2",
          "texto": "está à borda do ribeiro de Á., e desde o meio"
        },
        {
          "referencia": "Josué 13.9",
          "texto": "está à borda do ribeiro de A., e a cidade que"
        },
        {
          "referencia": "Josué 13.16",
          "texto": "está à borda do ribeiro de A., ea cidade que"
        },
        {
          "referencia": "Juízes 11.13",
          "texto": "tomou a minha terra, desde À. até Jaboque e"
        },
        {
          "referencia": "Juízes 11.18",
          "texto": "moabitas, e alojou-se dalém de A.; porém não"
        },
        {
          "referencia": "le 11.18",
          "texto": "nos limites dos moabitas, porque À. é limite dos mo-"
        },
        {
          "referencia": "Juízes 11.22",
          "texto": "limites dos amorreus, desde A. até Jaboque e desde"
        },
        {
          "referencia": "2 Reis 10.33",
          "texto": "que está junto ao ribeiro A .„ asaber,"
        },
        {
          "referencia": "Isaías 16.2",
          "texto": "de Moabe junto aos vaus de Á. como o pássaro"
        },
        {
          "referencia": "a 48.20",
          "texto": "uivai e gritai; anunciai em Á, que Moabe está destru-"
        }
      ]
    },
    {
      "palavra": "arodi",
      "veja tambem": ["descendente", "tribo", "Aser"],
      "ocorrencias": 2,
      "fonte": "Strong's H7206 (אֲרוֹדִי/Arodi)",
      "concordancias": [
        {
          "referencia": "Gênesis 46.16",
          "texto": "e Hagi,"
        },
        {
          "referencia": "Números 26.17",
          "texto": "de A,"
        }
      ]
    },
    {
      "palavra": "aroditas",
      "veja tambem": ["arodi", "descendente", "tribo"],
      "ocorrencias": 1,
      "fonte": "Strong's H7222 (אֲרוֹדִי/Arodi)",
      "concordancias": [
        {
          "referencia": "Números 26.17",
          "texto": "de Arodi, a família dos A.; de Areli, a família"
        }
      ]
    },
    {
      "palavra": "aroer",
      "veja tambem": ["cidade", "fronteira", "Moabe"],
      "ocorrencias": 14,
      "fonte": "Strong's H6177 (עֲרוֹעֵר/Aroer)",
      "concordancias": [
        {
          "referencia": "Deuteronômio 2.36",
          "texto": "Desde Á., que está à borda do ribeiro de Arnom, e"
        },
        {
          "referencia": "Deuteronômio 3.12",
          "texto": "naquele tempo; desde A., que está junto"
        },
        {
          "referencia": "Deuteronômio 4.48",
          "texto": "desde Á., que está à borda do ribeiro de Arnom,"
        },
        {
          "referencia": "Josué 12.2",
          "texto": "e que senhoreava desde A., que está à borda"
        },
        {
          "referencia": "Josué 13.9",
          "texto": "desde A., que está à borda do ribeiro de Arnom, e"
        },
        {
          "referencia": "Josué 13.16",
          "texto": "e foi o seu termo desde A., que está à borda do"
        },
        {
          "referencia": "Josué 13.25",
          "texto": "terra dos filhos de Amom, até Á., que está"
        },
        {
          "referencia": "Juízes 11.26",
          "texto": "e nas suas vilas, e em Á. e nas suas vilas, e"
        },
        {
          "referencia": "Juízes 11.33",
          "texto": "grande mortandade, desde A. até chegar a"
        },
        {
          "referencia": "1 Samuel 30.28",
          "texto": "e aos de Á., e aos de Sifmote, e aos de Estemoa,"
        },
        {
          "referencia": "2 Reis 10.33",
          "texto": "e os manassitas, desde A., que está junto"
        },
        {
          "referencia": "1 Crônicas 5.8",
          "texto": "de Joel, que habitaram em A., até Nebo e Baal-Meom;"
        },
        {
          "referencia": "Isaías 17.2",
          "texto": "As cidades de À, serão abandonadas; hão de ser"
        },
        {
          "referencia": "Jeremias 48.19",
          "texto": "e espia, ó moradora do 4.; pergunta ao que"
        }
      ]
    },
    {
      "palavra": "aroerita",
      "veja tambem": ["aroer", "gentílico"],
      "ocorrencias": 1,
      "fonte": "Strong's H6178 (עֲרוֹעֵרִי/Aroerite)",
      "concordancias": [
        {
          "referencia": "1 Crônicas 11.44",
          "texto": "astaratita; Sama e Jeiel, filhos de Hotão, o A.;"
        }
      ]
    },
    {
      "palavra": "aroma",
      "veja tambem": ["perfume", "cheiro"],
      "ocorrencias": 2,
      "fonte": "Strong's H7381 (רֵיחַ/reyach)",
      "concordancias": [
        {
          "referencia": "Cânticos 2.13",
          "texto": "vides em flor exalam o seu A.. Levanta-te, amiga"
        },
        {
          "referencia": "Cânticos 4.10",
          "texto": "amores do que o vinho! E o 4. dos teus"
        }
      ]
    },
    {
      "palavra": "aromas",
      "veja tambem": ["aroma", "perfume", "cheiro"],
      "ocorrencias": 4,
      "fonte": "Strong's H1314 (בֶּשֶׂם/besem)",
      "concordancias": [
        {
          "referencia": "2 Crônicas 21.19",
          "texto": "e o seu povo lhe não queimou A., como queimara"
        },
        {
          "referencia": "Cânticos 4.16",
          "texto": "para que se derramem os seus A.. Ah! Se viesse"
        },
        {
          "referencia": "Cânticos 8.14",
          "texto": "gamo ou ao filho dos corços sobre os montes dos A.."
        },
        {
          "referencia": "aig 16.1",
          "texto": "Maria, mãe de Tiago, compraram Á. para irem ungi-"
        }
      ]
    },
    {
      "palavra": "abrasa",
      "veja tambem": [
        "abra-"
      ],
      "ocorrencias": 1,
      "fonte": "",
      "concordancias": [
        {
          "referencia": "S197.3",
          "texto": "dele vai um fogo que À. os seus inimigos em redor."
        }
      ]
    },
    {
      "palavra": "abrasada",
      "veja tambem": [],
      "ocorrencias": 2,
      "fonte": "",
      "concordancias": [
        {
          "referencia": "Deuteronômio 29.23",
          "texto": "e toda a sua terra Á. com enxofre e sal, de"
        },
        {
          "referencia": "Jeremias 46.19",
          "texto": "tornada em desolação e será Á., até que"
        }
      ]
    },
    {
      "palavra": "abrasadas",
      "veja tambem": [],
      "ocorrencias": 2,
      "fonte": "",
      "concordancias": [
        {
          "referencia": "Isaías 1.7",
          "texto": "e as vossas cidades, A. pelo fogo; a"
        },
        {
          "referencia": "Jeremias 51.58",
          "texto": "suas portas excelsas serão Á, pelo fogo; e"
        }
      ]
    },
    {
      "palavra": "abrasador",
      "veja tambem": [],
      "ocorrencias": 1,
      "fonte": "",
      "concordancias": [
        {
          "referencia": "Salmos 104.4",
          "texto": "mensageiros, dos seus ministros, um fogo A.."
        }
      ]
    },
    {
      "palavra": "abrasados",
      "veja tambem": [
        "abrasar"
      ],
      "ocorrencias": 2,
      "fonte": "",
      "concordancias": [
        {
          "referencia": "Salmos 57.4",
          "texto": "entre aqueles que estão A., filhos dos"
        },
        {
          "referencia": "Apocalipse 16.9",
          "texto": "E os homens foram Á. com grandes calores, e"
        }
      ]
    },
    {
      "palavra": "abrasam",
      "veja tambem": [
        "abrasar"
      ],
      "ocorrencias": 1,
      "fonte": "",
      "concordancias": [
        {
          "referencia": "Provérbios 29.8",
          "texto": "Os homens escarnecedores À. a cidade, mas os"
        }
      ]
    },
    {
      "palavra": "abrasar",
      "veja tambem": [],
      "ocorrencias": 2,
      "fonte": "",
      "concordancias": [
        {
          "referencia": "Top 406",
          "texto": "posição; Palavras Relacionadas: (abrasa-2; abrasada-2;"
        },
        {
          "referencia": "Êxodo 22.6",
          "texto": "e pegar aos espinhos, e A. a meda de trigo,"
        }
      ]
    },
    {
      "palavra": "abrasar-se",
      "veja tambem": [
        "abrasar"
      ],
      "ocorrencias": 1,
      "fonte": "",
      "concordancias": [
        {
          "referencia": "1 Coríntios 7.9",
          "texto": "casem-se. Porque é melhor casar do que A.."
        }
      ]
    },
    {
      "palavra": "abrasará",
      "veja tambem": [],
      "ocorrencias": 2,
      "fonte": "",
      "concordancias": [
        {
          "referencia": "Deuteronômio 32.22",
          "texto": "a terra com a sua novidade, e À. os fundamentos"
        },
        {
          "referencia": "Malaquias 4.1",
          "texto": "eo dia que está para vir os A., diz o Senhor"
        }
      ]
    },
    {
      "palavra": "abrasasse",
      "veja tambem": [
        "abrasar"
      ],
      "ocorrencias": 1,
      "fonte": "",
      "concordancias": [
        {
          "referencia": "Apocalipse 16.8",
          "texto": "e foi-lhe permitido que Á, os homens com fogo."
        }
      ]
    },
    {
      "palavra": "abrase",
      "veja tambem": [],
      "ocorrencias": 1,
      "fonte": "",
      "concordancias": [
        {
          "referencia": "2 Coríntios 11.29",
          "texto": "enfraqueça? Quem se escandaliza, que eu não me"
        }
      ]
    },
    {
      "palavra": "abrasou",
      "veja tambem": [],
      "ocorrencias": 2,
      "fonte": "",
      "concordancias": [
        {
          "referencia": "Juízes 15.5",
          "texto": "seara dos filisteus, e assim Á. os molhos com a"
        },
        {
          "referencia": "Joel 1.19",
          "texto": "pastos do deserto, e a chama Á. todas as"
        }
      ]
    },
    {
      "palavra": "aromática",
      "veja tambem": [
        "aromático"
      ],
      "ocorrencias": 4,
      "fonte": "",
      "concordancias": [
        {
          "referencia": "Êxodo 30.23",
          "texto": "quinhentos siclos; e de canela A., a metade,"
        },
        {
          "referencia": "Isaías 43.24",
          "texto": "por dinheiro cana Á., nem coma"
        },
        {
          "referencia": "Jeremias 6.20",
          "texto": "de Sabá e a melhor cana À. de terras"
        },
        {
          "referencia": "Ezequiel 27.19",
          "texto": "ferro polido, casca e cana À. entravam no"
        }
      ]
    },
    {
      "palavra": "aromáticas",
      "veja tambem": [],
      "ocorrencias": 4,
      "fonte": "",
      "concordancias": [
        {
          "referencia": "Êxodo 30.34",
          "texto": "a Moisés: Toma especiarias A., estoraque, e"
        },
        {
          "referencia": "Êxodo 30.34",
          "texto": "e gálbano; estas especiarias 4. e incenso"
        },
        {
          "referencia": "Êxodo 40.27",
          "texto": "o incenso de especiarias A., como o Senhor"
        },
        {
          "referencia": "Cânticos 5.13",
          "texto": "como colinas de ervas 4.; os seus"
        }
      ]
    },
    {
      "palavra": "aromatico",
      "veja tambem": [],
      "ocorrencias": 13,
      "fonte": "",
      "concordancias": [
        {
          "referencia": "Êxodo 30.23",
          "texto": "e cinquenta siclos; e de cálamo A.,"
        },
        {
          "referencia": "Êxodo 31.11",
          "texto": "da unção e o incenso À. para o"
        },
        {
          "referencia": "Êxodo 35.8",
          "texto": "para o azeite da unção e para o incenso A.,"
        },
        {
          "referencia": "Êxodo 35.15",
          "texto": "azeite da unção, e o incenso Á., ea coberta"
        },
        {
          "referencia": "Êxodo 35.28",
          "texto": "e para o óleo da unção, e para o incenso A.."
        },
        {
          "referencia": "Êxodo 37.29",
          "texto": "santo da unção e o incenso A., puro, de obra"
        },
        {
          "referencia": "Êxodo 39.38",
          "texto": "azeite da unção, e o incenso Á., ea coberta"
        },
        {
          "referencia": "Levítico 4.7",
          "texto": "pontas do altar do incenso A., perante o"
        },
        {
          "referencia": "Levítico 16.12",
          "texto": "punhos cheios de incenso A. moído e o"
        },
        {
          "referencia": "Números 4.16",
          "texto": "da luminária, e o incenso Å., ea"
        },
        {
          "referencia": "2 Crônicas 2.4",
          "texto": "queimar perante ele incenso Á., e pan o pão"
        },
        {
          "referencia": "2 Crônicas 13.11",
          "texto": "tarde holocaustos, incenso Á., ispondo os"
        },
        {
          "referencia": "Cânticos 8.2",
          "texto": "e te daria a beber vinho Á, e do mosto das"
        }
      ]
    },
    {
      "palavra": "aromáticos",
      "veja tambem": [
        "aromá-"
      ],
      "ocorrencias": 1,
      "fonte": "",
      "concordancias": [
        {
          "referencia": "Cânticos 3.6",
          "texto": "mirra, de incenso e de toda a sorte de pós A.?"
        }
      ]
    },
    {
      "palavra": "aronitas",
      "veja tambem": [],
      "ocorrencias": 1,
      "fonte": "",
      "concordancias": [
        {
          "referencia": "1 Crônicas 27.17",
          "texto": "Hasabias, filho de Quemuel; sobre os Á., Zadoque;"
        }
      ]
    },
    {
      "palavra": "arpade",
      "veja tambem": [],
      "ocorrencias": 6,
      "fonte": "",
      "concordancias": [
        {
          "referencia": "2 Reis 18.34",
          "texto": "dos deuses de Hamate e de A.? Que é feito dos"
        },
        {
          "referencia": "2 Reis 19.13",
          "texto": "rei de Hamate, e do rei de A., edo rei da"
        },
        {
          "referencia": "Isaías 10.9",
          "texto": "Não é Hamate como A.? E Samaria, como Damasco?"
        },
        {
          "referencia": "Isaías 36.19",
          "texto": "os deuses de Hamate e de 4.? Onde estão os"
        },
        {
          "referencia": "Isaías 37.13",
          "texto": "o rei de Hamate, e o rei de Á., eo rei das"
        },
        {
          "referencia": "Jeremias 49.23",
          "texto": "Envergonhou-se Hamate e 4. e, porquanto"
        }
      ]
    },
    {
      "palavra": "arpéus",
      "veja tambem": [],
      "ocorrencias": 1,
      "fonte": "",
      "concordancias": [
        {
          "referencia": "Jó 41.7",
          "texto": "de ganchos, ou a sua cabeça de A. de pescadores?"
        }
      ]
    },
    {
      "palavra": "arqueiros",
      "veja tambem": [],
      "ocorrencias": 1,
      "fonte": "",
      "concordancias": [
        {
          "referencia": "Isaías 22.3",
          "texto": "foram ligados pelos A.; todos os que"
        }
      ]
    },
    {
      "palavra": "arquelau",
      "veja tambem": [],
      "ocorrencias": 1,
      "fonte": "",
      "concordancias": [
        {
          "referencia": "Mateus 2.22",
          "texto": "E, ouvindo que A. reinava na Judeia em lugar de"
        }
      ]
    }
  ]
}