{
  "a": [
    {
      "palavra": "arraiais",
      "veja tambem": ["arraial", "acampamento", "acampamentos"],
      "ocorrencias": 12,
      "fonte": "Strong's H4264 (מַחֲנֶה/machaneh)",
      "concordancias": [
        {
          "referencia": "Números 5.3",
          "texto": "que não contaminem os seus A., no meio dos"
        },
        {
          "referencia": "Números 10.2",
          "texto": "da congregação e para a partida dos A.."
        },
        {
          "referencia": "Números 10.5",
          "texto": "tocardes, então, partirão os Á. que alojados"
        },
        {
          "referencia": "Números 10.6",
          "texto": "as tocardes, então, partirão os À, que se"
        },
        {
          "referencia": "Números 10.25",
          "texto": "de Dã, fechando todos os A., segundo os"
        },
        {
          "referencia": "Números 13.19",
          "texto": "cidades em que habita, seem A., se em fortalezas."
        },
        {
          "referencia": "1 Samuel 17.1",
          "texto": "ajuntaram os seus À. para a guerra, e"
        },
        {
          "referencia": "1 Samuel 17.53",
          "texto": "perseguirem os filisteus e despojaram os seus Á.."
        },
        {
          "referencia": "1 Crônicas 9.18",
          "texto": "foram os porteiros entre os À. dos filhos de Levi."
        },
        {
          "referencia": "2 Crônicas 31.2",
          "texto": "louvarem, e cantarem às portas dos À. do Senhor."
        },
        {
          "referencia": "Ezequiel 4.2",
          "texto": "tranqueira, e põe contra ela A., e põe-lhe"
        },
        {
          "referencia": "Joel 2.11",
          "texto": "muitíssimos são os seus Á.; porque poderoso"
        }
      ]
    }
  ]
}