{
  "a": [
    {
      "palavra": "arraial",
      "veja tambem": ["acampamento", "acampamentos"],
      "ocorrencias": 150,
      "fonte": "Strong's H4264 (מַחֲנֶה/machaneh)",
      "concordancias": [
        {
          "referencia": "Gênesis 32.21",
          "texto": "sua face; ele, porém, passou aquela noite no Á.."
        },
        {
          "referencia": "Êxodo 16.13",
          "texto": "codornizes e cobriramo A.:; e, pela manhã,"
        },
        {
          "referencia": "Êxodo 16.13",
          "texto": "e, pela manhã, jazia o orvalho ao redor do Á.."
        },
        {
          "referencia": "Êxodo 19.16",
          "texto": "que estremeceu todo o povo que estava no A.."
        },
        {
          "referencia": "Êxodo 19.17",
          "texto": "levou o povo fora do Á. ao encontro de"
        },
        {
          "referencia": "Êxodo 32.17",
          "texto": "disse a Moisés: Alarido de guerra há no Á.."
        },
        {
          "referencia": "Êxodo 32.19",
          "texto": "que, chegando ele ao Á. e vendo o bezerro"
        },
        {
          "referencia": "Êxodo 32.26",
          "texto": "em pé Moisés na porta do A. e disse: Quem é do"
        },
        {
          "referencia": "Êxodo 32.27",
          "texto": "coxa; e passai e tornai pelo À. de porta em"
        },
        {
          "referencia": "Êxodo 33.7",
          "texto": "a estendeu para si fora do Á., desviada longe"
        },
        {
          "referencia": "Êxodo 33.11",
          "texto": "seu amigo; depois, tornava ao À.; mas o moço"
        },
        {
          "referencia": "Êxodo 36.6",
          "texto": "passar uma voz pelo A., dizendo: Nenhum"
        },
        {
          "referencia": "Levítico 4.12",
          "texto": "novilho, levará fora do A. a um lugar"
        },
        {
          "referencia": "Levítico 4.21",
          "texto": "levará o novilho fora do À. e o queimará como"
        },
        {
          "referencia": "Levítico 6.11",
          "texto": "elevará a cinza fora do Á. para um lugar limpo."
        },
        {
          "referencia": "Levítico 8.17",
          "texto": "queimou com fogo fora do A., como o Senhor"
        },
        {
          "referencia": "Levítico 9.11",
          "texto": "a carne e o couro queimou com fogo fora do A.."
        },
        {
          "referencia": "Levítico 10.4",
          "texto": "irmãos de diante do santuário, para fora do A.."
        },
        {
          "referencia": "Levítico 10.5",
          "texto": "suas túnicas para fora do A., como Moisés"
        },
        {
          "referencia": "Levítico 13.46",
          "texto": "habitará só; a sua habitação será fora do Á.."
        },
        {
          "referencia": "Levítico 14.3",
          "texto": "o sacerdote sairá fora do À. e o sacerdote,"
        },
        {
          "referencia": "Levítico 14.8",
          "texto": "será limpo; e, depois, entrará no Á., porém"
        },
        {
          "referencia": "Levítico 16.26",
          "texto": "a sua carne em água; e, depois, entrará no Á.."
        },
        {
          "referencia": "Levítico 16.27",
          "texto": "serão levados fora do A.; porém as suas"
        },
        {
          "referencia": "Levítico 16.28",
          "texto": "a sua carne em água; e, depois, entrará no Á.."
        },
        {
          "referencia": "Levítico 17.3",
          "texto": "ou cordeiro, ou cabra, no À. ou quem os"
        },
        {
          "referencia": "Levítico 17.3",
          "texto": "cabra, no 4. ou quem os degolar fora do A.,"
        },
        {
          "referencia": "Levítico 24.10",
          "texto": "da israelita e um homem israelita porfiaram no A.."
        },
        {
          "referencia": "Levítico 24.14",
          "texto": "blasfemado para fora do A.; e todos os que o"
        },
        {
          "referencia": "Iv 24.23",
          "texto": "blasfemado para fora do Å, e o apedrejassem"
        },
        {
          "referencia": "Números 1.50",
          "texto": "administrarão e assentarão o seu Á. ao redor do ta-"
        },
        {
          "referencia": "Números 1.51",
          "texto": "o tabernáculo assentar no Á., os levitas o"
        },
        {
          "referencia": "Números 4.5",
          "texto": "Quando partir o Á., Arão e seus filhos virão, e"
        },
        {
          "referencia": "Números 4.15",
          "texto": "e seus filhos, ao partir do Á., acabado de"
        },
        {
          "referencia": "Números 5.2",
          "texto": "Israel que lancem fora do A. a todo leproso, e"
        },
        {
          "referencia": "Números 5.3",
          "texto": "os lançareis; fora do À. os lançareis,"
        },
        {
          "referencia": "Números 5.4",
          "texto": "e os lançaram fora do A.; como o Senhor"
        },
        {
          "referencia": "Números 9.17",
          "texto": "ali os filhos de Israel assentavam o seu A.."
        },
        {
          "referencia": "Números 9.18",
          "texto": "dito do Senhor assentavam o A.; todos os dias em"
        },
        {
          "referencia": "Números 9.18",
          "texto": "nuvem parava sobre o tabernáculo, assentavamo Á.."
        },
        {
          "referencia": "Números 10.14",
          "texto": "partiu a bandeira do A. dos filhos de"
        },
        {
          "referencia": "Números 10.18",
          "texto": "partiu a bandeira do À. de Rúben, segundo"
        },
        {
          "referencia": "Números 10.22",
          "texto": "partiu a bandeira do À. dos filhos de"
        },
        {
          "referencia": "Números 10.25",
          "texto": "Então, partiu a bandeira do 4. dos filhos de Dă,"
        },
        {
          "referencia": "Números 10.34",
          "texto": "Senhor ia sobre eles de dia, quando partiam do A.."
        },
        {
          "referencia": "Números 11.1",
          "texto": "e consumiu os que estavam na última parte do A.."
        },
        {
          "referencia": "Números 11.9",
          "texto": "descia, de noite, sobre o A., o maná descia"
        },
        {
          "referencia": "Números 11.26",
          "texto": "Porém no A. ficaram dois homens; o nome de um"
        },
        {
          "referencia": "Números 11.26",
          "texto": "que não saíram à tenda), e profetizavam no A.."
        },
        {
          "referencia": "Números 11.27",
          "texto": "Moisés, e disse: Eldade e Medade profetizam no A.."
        },
        {
          "referencia": "Números 11.30",
          "texto": "Moisés se recolheu ao A., ele e os anciãos"
        },
        {
          "referencia": "Números 11.31",
          "texto": "do mar, e as espalhou pelo A. quase caminho"
        },
        {
          "referencia": "Números 11.31",
          "texto": "dia da outra banda, à roda do A., e a quase"
        },
        {
          "referencia": "Números 11.32",
          "texto": "ômeres; e as estenderam para si ao redor do A.."
        },
        {
          "referencia": "Números 12.14",
          "texto": "fechada sete dias fora do A.; e, depois, a recolham."
        },
        {
          "referencia": "Números 12.15",
          "texto": "esteve fechada fora do Á. sete dias, e o"
        },
        {
          "referencia": "Números 12.16",
          "texto": "de Hazerote; e assentaram o Á, no deserto de Pará."
        },
        {
          "referencia": "Números 15.35",
          "texto": "a congregação com pedras o apedrejará fora do Á.."
        },
        {
          "referencia": "Números 15.36",
          "texto": "o tirou para fora do Á., e com pedras o"
        },
        {
          "referencia": "Números 19.3",
          "texto": "eatirará fora do Á., e se degolará"
        },
        {
          "referencia": "Números 19.7",
          "texto": "em água, e, depois, entrará no A. eo"
        },
        {
          "referencia": "Números 19.9",
          "texto": "bezerra e a porá fora do A., num lugar limpo,"
        },
        {
          "referencia": "Números 31.12",
          "texto": "ea presa, e o despojo, parao A., nas campinas"
        },
        {
          "referencia": "Números 31.13",
          "texto": "da congregação saíram a recebê-los fora do A.."
        },
        {
          "referencia": "Números 31.19",
          "texto": "alojai-vos sete dias fora do A.; qualquer que"
        },
        {
          "referencia": "Números 31.24",
          "texto": "que fiqueis limpos; e, depois, entrareis no A.."
        },
        {
          "referencia": "Deuteronômio 2.14",
          "texto": "guerra se consumiu do meio do A., como o Senhor"
        },
        {
          "referencia": "Deuteronômio 2.15",
          "texto": "para os destruir do meio do Á. até os haver consumido."
        },
        {
          "referencia": "Deuteronômio 2.16",
          "texto": "os homens de guerra pela morte, do meio do Á.,"
        },
        {
          "referencia": "Deuteronômio 23.11",
          "texto": "água; e, em se pondo o sol, entrará no meio do Á.."
        },
        {
          "referencia": "Deuteronômio 23.12",
          "texto": "terás um lugar fora do A.; e ali sairás fora."
        },
        {
          "referencia": "Deuteronômio 23.14",
          "texto": "Deus, anda no meio do teu A., para te livrar"
        },
        {
          "referencia": "Deuteronômio 23.14",
          "texto": "diante de ti; pelo que o teu A. será santo,"
        },
        {
          "referencia": "Deuteronômio 29.11",
          "texto": "que está no meio do teu 4.; desde o rachador"
        },
        {
          "referencia": "Josué 1.11",
          "texto": "Passai pelo meio do A. e ordenai ao povo,"
        },
        {
          "referencia": "Josué 3.2",
          "texto": "dias, que os príncipes passaram pelo meio do A."
        },
        {
          "referencia": "Josué 5.8",
          "texto": "ficaram no seu lugar no A., até que sararam."
        },
        {
          "referencia": "Josué 6.11",
          "texto": "uma vez; e vieram ao Á. e passaram a"
        },
        {
          "referencia": "Josué 6.11",
          "texto": "vez; e vieram ao À. e passaram a noite no A.."
        },
        {
          "referencia": "Josué 6.14",
          "texto": "dia e tornaram para o À.; e assim fizeram"
        },
        {
          "referencia": "Josué 6.18",
          "texto": "e assim façais maldito o A. de Israel, e o turveis."
        },
        {
          "referencia": "Josué 6.23",
          "texto": "suas famílias e puseram-nos fora do A. de Israel."
        },
        {
          "referencia": "Josué 8.13",
          "texto": "E puseram o povo, todo o À. que estava ao norte"
        },
        {
          "referencia": "Josué 9.6",
          "texto": "E vieram a Josué, ao Á., a Gilgal e lhe"
        },
        {
          "referencia": "Josué 10.6",
          "texto": "homens de Gibeão a Josué ao Á, de Gilgal,"
        },
        {
          "referencia": "Josué 10.15",
          "texto": "Josué, e todo o Israel com ele, ao A., a Gilgal."
        },
        {
          "referencia": "Josué 10.21",
          "texto": "tornou em paz a Josué, ao 4. em Maquedá; não"
        },
        {
          "referencia": "Josué 10.43",
          "texto": "todo o Israel com ele, se tornou ao A. em Gilgal."
        },
        {
          "referencia": "Josué 18.9",
          "texto": "num livro, e voltaram a Josué, ao A. em Siló."
        },
        {
          "referencia": "Juízes 7.1",
          "texto": "Harode; de maneira que tinha o Á. dos"
        },
        {
          "referencia": "Juízes 7.8",
          "texto": "homens reteve; e estava o À. dos midianitas"
        },
        {
          "referencia": "Juízes 7.10",
          "texto": "temes descer, desce tu e teu moço Pura ao A.;"
        },
        {
          "referencia": "Juízes 7.11",
          "texto": "as tuas mãos, e descerás ao Á.. Então, desceu"
        },
        {
          "referencia": "Juízes 7.11",
          "texto": "até ao extremo das sentinelas que estavam no A.."
        },
        {
          "referencia": "Juízes 7.13",
          "texto": "de cevada torrado rodava pelo A. dos"
        },
        {
          "referencia": "Juízes 7.14",
          "texto": "dado na sua mão aos midianitas e a todo este A.."
        },
        {
          "referencia": "Juízes 7.15",
          "texto": "porque o Senhor tem dado o À. dos"
        },
        {
          "referencia": "Juízes 7.17",
          "texto": "chegando eu ao extremo do A., será que, como"
        },
        {
          "referencia": "Juízes 7.19",
          "texto": "com ele iam ao extremo do Á., ao princípio da"
        },
        {
          "referencia": "Juízes 7.21",
          "texto": "no seu lugar ao redor do A.; então, todo o"
        },
        {
          "referencia": "Juízes 21.8",
          "texto": "de Jabes-Gileade viera ao Á., à congregação."
        },
        {
          "referencia": "Juízes 21.12",
          "texto": "com varão; e as trouxeram ao Á., a Sló, que"
        },
        {
          "referencia": "iSm 4.3",
          "texto": "E, tornando o povo ao A., disseram os anciãos de"
        },
        {
          "referencia": "1 Samuel 4.5",
          "texto": "do concerto do Senhor ao A., todo o Israel"
        },
        {
          "referencia": "1 Samuel 4.6",
          "texto": "tão grande júbilo é esta no A. dos hebreus?"
        },
        {
          "referencia": "1 Samuel 4.6",
          "texto": "souberam que a arca do Senhor era vinda ao A.."
        },
        {
          "referencia": "1 Samuel 4.7",
          "texto": "porque diziam: Deus veio ao Á.. E diziam mais:"
        },
        {
          "referencia": "1 Samuel 11.11",
          "texto": "e vieram ao meio do À. pela vigília da"
        },
        {
          "referencia": "1 Samuel 14.15",
          "texto": "E houve tremor no Á., no campo e em todo o povo;"
        },
        {
          "referencia": "1 Samuel 14.19",
          "texto": "o alvoroço que havia no À. dos filisteus ia"
        },
        {
          "referencia": "1 Samuel 14.21",
          "texto": "que subiram com eles ao 4. em redor;e |"
        },
        {
          "referencia": "1 Samuel 14.23",
          "texto": "a Israel naquele dia; e o À. passou a Bete-Áven."
        },
        {
          "referencia": "1 Samuel 17.4",
          "texto": "Então, saiu do Á. dos filisteus um homem"
        },
        {
          "referencia": "1 Samuel 17.17",
          "texto": "dez pães e corre a levá-los ao Á., ateus irmãos."
        },
        {
          "referencia": "1 Samuel 17.20",
          "texto": "ao lugar dos carros, quando já o 4. saía em"
        },
        {
          "referencia": "1 Samuel 17.46",
          "texto": "a cabeça, e os corpos do A. dos filisteus"
        },
        {
          "referencia": "ISm 26.6",
          "texto": "Quem descerá comigo a Saul ao A.? E disse"
        },
        {
          "referencia": "1 Samuel 28.1",
          "texto": "decerto, que comigo sairás ao A., tu eos"
        },
        {
          "referencia": "1 Samuel 28.5",
          "texto": "E, vendo Saul o À. dos filisteus, temeu, e"
        },
        {
          "referencia": "1 Samuel 28.19",
          "texto": "filhos estareis comigo; e o A. de Israel o"
        },
        {
          "referencia": "1 Samuel 29.6",
          "texto": "e a tua saída comigo no À. são boas aos"
        },
        {
          "referencia": "2 Samuel 1.2",
          "texto": "dia, que um homem veio do A. de Saul com as"
        },
        {
          "referencia": "2 Samuel 5.24",
          "texto": "então, diante de ti, a ferir o A. dos filisteus."
        },
        {
          "referencia": "2 Samuel 17.25",
          "texto": "em lugar de Joabe sobre o A.: e era Amasa filho"
        },
        {
          "referencia": "2 Samuel 19.13",
          "texto": "tanto, se não fores chefe do A. diante de mim"
        },
        {
          "referencia": "2 Samuel 23.16",
          "texto": "três valentes romperam pelo Á. dos filisteus, e"
        },
        {
          "referencia": "IRs 16.16",
          "texto": "rei sobre Israel a Onri, chefe do exército no A.."
        },
        {
          "referencia": "2 Reis 3.24",
          "texto": "Porém, chegando eles ao A. de Israel, os"
        },
        {
          "referencia": "2 Reis 7.4",
          "texto": "nós, pois, agora, e demos conosco no A. dos"
        },
        {
          "referencia": "2 Reis 7.5",
          "texto": "ao crepúsculo, para irem ao A. dos siros; e,"
        },
        {
          "referencia": "2 Reis 7.5",
          "texto": "e, chegando à entrada do A. dos siros, eis"
        },
        {
          "referencia": "2 Reis 7.6",
          "texto": "o Senhor fizera ouvir no A. dos siros ruído de"
        },
        {
          "referencia": "2 Reis 7.7",
          "texto": "e os seus jumentos, e o À. como estava;"
        },
        {
          "referencia": "2 Reis 7.8",
          "texto": "estes leprosos à entrada do Á., entraram numa"
        },
        {
          "referencia": "2 Reis 7.10",
          "texto": "anunciaram, dizendo: Fomos ao Á. dos siros, e"
        },
        {
          "referencia": "2 Reis 7.12",
          "texto": "estamos; pelo que saíram do Á., a esconder-se"
        },
        {
          "referencia": "2 Reis 7.16",
          "texto": "saiu o povo e saqueou o Á. dos siros; e"
        },
        {
          "referencia": "2 Reis 19.35",
          "texto": "o anjo do Senhor e feriu no À. dos assírios a"
        },
        {
          "referencia": "1 Crônicas 9.19",
          "texto": "e seus pais foram capitães do A. do Senhor e"
        },
        {
          "referencia": "1 Crônicas 11.15",
          "texto": "na caverna de Aduläo; e o À. dos filisteus"
        },
        {
          "referencia": "1 Crônicas 11.18",
          "texto": "aqueles três romperam pelo À. dos filisteus e"
        },
        {
          "referencia": "2 Crônicas 22.1",
          "texto": "que viera com os arábios ao À. tinha matado a"
        },
        {
          "referencia": "2 Crônicas 32.21",
          "texto": "os príncipes, e os chefes no À. do rei da"
        },
        {
          "referencia": "S178.28",
          "texto": "as fez cair no meio do seu Á., ao redor de suas habi-"
        },
        {
          "referencia": "Isaías 29.1",
          "texto": "em que Davi assentou o seu À.! Acrescentai ano"
        },
        {
          "referencia": "Isaías 29.3",
          "texto": "te cercarei com o meu Å., ete sitiarei com"
        },
        {
          "referencia": "Isaías 37.36",
          "texto": "o Anjo do Senhor e feriu, no À. dos assírios, a"
        },
        {
          "referencia": "Hebreus 13.11",
          "texto": "para o Santuário, são queimados fora do Á.."
        },
        {
          "referencia": "Hebreus 13.13",
          "texto": "Saíiamos, pois, a ele fora do A., levando o seu vitu-"
        },
        {
          "referencia": "Apocalipse 20.9",
          "texto": "da terra e cercaram o À. dos santos e a"
        }
      ]
    }
  ]
}