{
  "a": [
    {
      "palavra": "arraiga",
      "veja tambem": ["arraigar", "enraizar"],
      "ocorrencias": 1,
      "fonte": "Strong's H8327 (שָׁרַשׁ/sharash)",
      "concordancias": [
        {
          "referencia": "Isaías 40.24",
          "texto": "nem se semeiam, nem se Á. na terra o seu"
        }
      ]
    },
    {
      "palavra": "arraigados",
      "veja tambem": ["arraigar", "enraizar"],
      "ocorrencias": 2,
      "fonte": "Strong's G4492 (ῥιζόω/rhizoó)",
      "concordancias": [
        {
          "referencia": "Efésios 3.17",
          "texto": "coração; a fim de, estando A. e fundados"
        },
        {
          "referencia": "C12.7",
          "texto": "A. e edificados nele e confirmados na fé,"
        }
      ]
    },
    {
      "palavra": "arraigaram-se",
      "veja tambem": ["arraigar", "enraizar"],
      "ocorrencias": 1,
      "fonte": "Strong's H8327 (שָׁרַשׁ/sharash)",
      "concordancias": [
        {
          "referencia": "Jeremias 12.2",
          "texto": "Plantaste-os, e eles A.; avançam, dão"
        }
      ]
    },
    {
      "palavra": "arranca",
      "veja tambem": [
        "arrancar"
      ],
      "ocorrencias": 3,
      "fonte": "",
      "concordancias": [
        {
          "referencia": "1 Samuel 31.4",
          "texto": "Saul ao seu pajem de armas: A. a tua espada e"
        },
        {
          "referencia": "1 Crônicas 10.4",
          "texto": "disse Saul ao seu escudeiro: A. a tua espada e"
        },
        {
          "referencia": "S158.6",
          "texto": "os dentes na boca; Á., Senhor, os"
        }
      ]
    },
    {
      "palavra": "arrancá-lo-ei",
      "veja tambem": [
        "arrancar"
      ],
      "ocorrencias": 1,
      "fonte": "",
      "concordancias": [
        {
          "referencia": "Ezequiel 14.8",
          "texto": "um sinal, e um provérbio, e Á, do meio"
        }
      ]
    },
    {
      "palavra": "arranca-o",
      "veja tambem": [
        "ar-"
      ],
      "ocorrencias": 2,
      "fonte": "",
      "concordancias": [
        {
          "referencia": "Mateus 5.29",
          "texto": "direito te escandalizar, A. e atira-o para"
        },
        {
          "referencia": "Mateus 18.9",
          "texto": "o teu olho te escandalizar, A., e atira-o"
        }
      ]
    },
    {
      "palavra": "arrancada",
      "veja tambem": [
        "arrancar"
      ],
      "ocorrencias": 5,
      "fonte": "",
      "concordancias": [
        {
          "referencia": "Gênesis 8.11",
          "texto": "a ele sobre a tarde; e eis, A., uma folha de"
        },
        {
          "referencia": "Jó 31.8",
          "texto": "coma, e seja a minha descendência A. até à raiz."
        },
        {
          "referencia": "Ezequiel 17.9",
          "texto": "grande, nem com muita gente, será À. pelas"
        },
        {
          "referencia": "Ezequiel 19.12",
          "texto": "Mas foi À. com furor, foi abatida até à terra,"
        },
        {
          "referencia": "Mateus 15.13",
          "texto": "que meu Pai celestial não plantou será A.."
        }
      ]
    },
    {
      "palavra": "arrancadas",
      "veja tambem": [
        "arrancar"
      ],
      "ocorrencias": 3,
      "fonte": "",
      "concordancias": [
        {
          "referencia": "Isaías 33.20",
          "texto": "cujas estacas nunca serão Å., edas"
        },
        {
          "referencia": "Daniel 7.4",
          "texto": "eu olhei até que lhe foram A. as asas, e foi"
        },
        {
          "referencia": "Daniel 7.8",
          "texto": "das pontas primeiras foram À.; e eis que"
        }
      ]
    },
    {
      "palavra": "arrancado",
      "veja tambem": [
        "arrancar"
      ],
      "ocorrencias": 5,
      "fonte": "",
      "concordancias": [
        {
          "referencia": "Jó 18.14",
          "texto": "Será À. da sua tenda, onde estava confiado, e"
        },
        {
          "referencia": "Isaías 22.25",
          "texto": "lugar firme será tirado; será À. e cairá, e a"
        },
        {
          "referencia": "Isaías 28.9",
          "texto": "o que se ouviu? Ao desmamado e ao Á. dos seios?"
        },
        {
          "referencia": "Jeremias 12.15",
          "texto": "que, depois de os haver Á., tornarei, e me"
        },
        {
          "referencia": "Daniel 11.4",
          "texto": "reinou, porque o seu reino será A. e passará a outros."
        }
      ]
    },
    {
      "palavra": "arrancados",
      "veja tambem": [
        "arrancar"
      ],
      "ocorrencias": 5,
      "fonte": "",
      "concordancias": [
        {
          "referencia": "Provérbios 2.22",
          "texto": "Mas os ímpios serão A. da terra, e os"
        },
        {
          "referencia": "Isaías 19.7",
          "texto": "ao rio se secarão, e serão A., e não subsistirão."
        },
        {
          "referencia": "Jeremias 6.29",
          "texto": "tão diligentemente, pois os maus não são A.."
        },
        {
          "referencia": "Daniel 11.22",
          "texto": "de uma inundação, serão A. de diante"
        },
        {
          "referencia": "Amós 9.15",
          "texto": "sua terra, e não serão mais Á, da sua terra"
        }
      ]
    },
    {
      "palavra": "arrancai",
      "veja tambem": [
        "arrancar"
      ],
      "ocorrencias": 2,
      "fonte": "",
      "concordancias": [
        {
          "referencia": "Êxodo 32.2",
          "texto": "E Arão lhes disse: A. os pendentes de ouro que"
        },
        {
          "referencia": "Jeremias 50.16",
          "texto": "A. da Babilônia aquele que semeia e aquele que"
        }
      ]
    },
    {
      "palavra": "arrancais",
      "veja tambem": [],
      "ocorrencias": 2,
      "fonte": "",
      "concordancias": [
        {
          "referencia": "Miquéias 3.2",
          "texto": "o bem e amais o mal, que A. a pele de cima"
        },
        {
          "referencia": "Mg 3.3",
          "texto": "a carne do meu povo, e lhes À, a pele, e lhes"
        }
      ]
    },
    {
      "palavra": "arrancam",
      "veja tambem": [
        "arrancar"
      ],
      "ocorrencias": 2,
      "fonte": "",
      "concordancias": [
        {
          "referencia": "Jó 24.9",
          "texto": "Ao orfãozinho A. do peito e aceitam o penhor do pobre."
        },
        {
          "referencia": "Isaías 50.6",
          "texto": "ferem e a face, aos que me 4. os cabelos; não"
        }
      ]
    },
    {
      "palavra": "arrancando",
      "veja tambem": [
        "arrancar"
      ],
      "ocorrencias": 1,
      "fonte": "",
      "concordancias": [
        {
          "referencia": "Lucas 6.1",
          "texto": "e os seus discípulos iam A. espigas e,"
        }
      ]
    },
    {
      "palavra": "arrancar-te-á",
      "veja tambem": [
        "arrancar"
      ],
      "ocorrencias": 1,
      "fonte": "",
      "concordancias": [
        {
          "referencia": "S152.5",
          "texto": "sempre; arrebatar-te-á e À, da tua"
        }
      ]
    },
    {
      "palavra": "arrancará",
      "veja tambem": [
        "arrancar"
      ],
      "ocorrencias": 5,
      "fonte": "",
      "concordancias": [
        {
          "referencia": "1 Reis 14.15",
          "texto": "se move a cana nas águas, e À, a Israel desta"
        },
        {
          "referencia": "Esdras 6.11",
          "texto": "este decreto, um madeiro se A. da sua casa, e,"
        },
        {
          "referencia": "Jó 20.25",
          "texto": "À, o dardo do seu corpo, e resplandecente virá"
        },
        {
          "referencia": "Provérbios 15.25",
          "texto": "O Senhor 4. a casa dos soberbos, mas firmará a"
        },
        {
          "referencia": "Ezequiel 17.9",
          "texto": "Ela prosperará? Não lhe A. ele as suas"
        }
      ]
    },
    {
      "palavra": "arrancaram",
      "veja tambem": [
        "arrancar"
      ],
      "ocorrencias": 2,
      "fonte": "",
      "concordancias": [
        {
          "referencia": "Juízes 16.21",
          "texto": "pegaram nele, e lhe 4, os olhos, e"
        },
        {
          "referencia": "Lamentações 3.53",
          "texto": "Á. a minha vida na cova e lançaram pedras"
        }
      ]
    },
    {
      "palavra": "arrancarás",
      "veja tambem": [
        "arrancar"
      ],
      "ocorrencias": 3,
      "fonte": "",
      "concordancias": [
        {
          "referencia": "Números 16.14",
          "texto": "em herança; porventura, Á. os olhos a"
        },
        {
          "referencia": "Deuteronômio 23.25",
          "texto": "teu próximo, com a tua mão A. as espigas,"
        },
        {
          "referencia": "Ezequiel 23.34",
          "texto": "cacos roerás, e os teus peitos A.; porque eu"
        }
      ]
    },
    {
      "palavra": "arrancarei",
      "veja tambem": [],
      "ocorrencias": 17,
      "fonte": "",
      "concordancias": [
        {
          "referencia": "Êxodo 15.9",
          "texto": "fartar-se-á a minha alma deles, A. a minha"
        },
        {
          "referencia": "IRs 21.21",
          "texto": "que trarei mal sobre ti, e A. a tua"
        },
        {
          "referencia": "1 Reis 21.21",
          "texto": "a tua posteridade, e A. de Acabe a"
        },
        {
          "referencia": "2 Crônicas 7.20",
          "texto": "então, os Á. da minha terra que lhes dei, e"
        },
        {
          "referencia": "Isaías 22.19",
          "texto": "do teu ofício e te À, do teu assento."
        },
        {
          "referencia": "Jeremias 12.14",
          "texto": "povo de Israel: Eis que os Á. da sua terra"
        },
        {
          "referencia": "Jeremias 12.14",
          "texto": "da sua terra e a casa de Judá A. do meio deles."
        },
        {
          "referencia": "Jeremias 12.17",
          "texto": "quiserem ouvir totalmente À, a tal nação e"
        },
        {
          "referencia": "Jeremias 24.6",
          "texto": "os destruirei, e plantá-los-ei e não os A.."
        },
        {
          "referencia": "Jeremias 42.10",
          "texto": "e vos plantarei e não vos Á., porque"
        },
        {
          "referencia": "Ezequiel 13.20",
          "texto": "as almas como aves, cas À, de vossos"
        },
        {
          "referencia": "Ezequiel 14.13",
          "texto": "e enviarei contra ela fome, e À. dela"
        },
        {
          "referencia": "Ezequiel 25.7",
          "texto": "por despojo às nações, e te Á, dentre os"
        },
        {
          "referencia": "Ezequiel 25.13",
          "texto": "a mão contra Edom, e À, dele homens"
        },
        {
          "referencia": "Ezequiel 25.16",
          "texto": "a mão contra os filisteus, e A. os"
        },
        {
          "referencia": "Miquéias 5.14",
          "texto": "E A. os teus bosques do meio de ti; e"
        },
        {
          "referencia": "Naum 2.13",
          "texto": "devorará os teus ledezinhos, e Á. da terra a"
        }
      ]
    },
    {
      "palavra": "arrancarem",
      "veja tambem": [
        "arrancar"
      ],
      "ocorrencias": 1,
      "fonte": "",
      "concordancias": [
        {
          "referencia": "Ly 14.43",
          "texto": "brotar na casa, depois de se Á. as pedras, e"
        }
      ]
    },
    {
      "palavra": "arrancares",
      "veja tambem": [
        "ar-"
      ],
      "ocorrencias": 1,
      "fonte": "",
      "concordancias": [
        {
          "referencia": "Je 1.10",
          "texto": "e sobre os reinos, para Á., e para"
        }
      ]
    },
    {
      "palavra": "arrancaria",
      "veja tambem": [
        "ar-"
      ],
      "ocorrencias": 1,
      "fonte": "",
      "concordancias": [
        {
          "referencia": "Jeremias 22.24",
          "texto": "do anel da minha mão direita, eu dali te A.."
        }
      ]
    },
    {
      "palavra": "arrancaríeis",
      "veja tambem": [
        "arrancar"
      ],
      "ocorrencias": 1,
      "fonte": "",
      "concordancias": [
        {
          "referencia": "Gálatas 4.15",
          "texto": "de que, se possível fora, Á. os"
        }
      ]
    },
    {
      "palavra": "arrancavam",
      "veja tambem": [
        "arrancar"
      ],
      "ocorrencias": 10,
      "fonte": "",
      "concordancias": [
        {
          "referencia": "Juízes 8.10",
          "texto": "cento e vinte mil homens, que A. a espada."
        },
        {
          "referencia": "Juízes 20.2",
          "texto": "quatrocentos mil homens de pé que A. a espada."
        },
        {
          "referencia": "Juízes 20.15",
          "texto": "vinte e seis mil homens que 4, a espada,"
        },
        {
          "referencia": "Juízes 20.17",
          "texto": "quatrocentos mil homens que A. da espada, e"
        },
        {
          "referencia": "Juízes 20.25",
          "texto": "dezoito mil homens, todos dos que Å. a espada."
        },
        {
          "referencia": "Juízes 20.35",
          "texto": "homens de Benjamim, todos dos que À. espada."
        },
        {
          "referencia": "Juízes 20.46",
          "texto": "vinte e cinco mil homens que A. a espada,"
        },
        {
          "referencia": "2 Reis 3.26",
          "texto": "setecentos homens que A espada, para"
        },
        {
          "referencia": "1 Crônicas 21.5",
          "texto": "e cem mil homens, dos aue A, espada; e de"
        },
        {
          "referencia": "1 Crônicas 21.5",
          "texto": "e setenta mil homens, dos que Á. espada."
        }
      ]
    },
    {
      "palavra": "arranco",
      "veja tambem": [
        "arrancar"
      ],
      "ocorrencias": 1,
      "fonte": "",
      "concordancias": [
        {
          "referencia": "Jeremias 45.4",
          "texto": "derribo e o que plantei eu Á., e isso em toda"
        }
      ]
    },
    {
      "palavra": "arrancou",
      "veja tambem": [
        "arrancar"
      ],
      "ocorrencias": 11,
      "fonte": "",
      "concordancias": [
        {
          "referencia": "Êxodo 32.3",
          "texto": "Então, todo o povo A. os pendentes de ouro que"
        },
        {
          "referencia": "Juízes 8.20",
          "texto": "mata-os. Porém o jovem não Á. da sua"
        },
        {
          "referencia": "Juízes 16.14",
          "texto": "Então, despertou do seu sono e A. a estaca das"
        },
        {
          "referencia": "2 Samuel 23.21",
          "texto": "desceu a ele com um cajado, e À. a lança da"
        },
        {
          "referencia": "1 Crônicas 11.23",
          "texto": "contra ele com uma vara, e Å. a lança da"
        },
        {
          "referencia": "Jó 19.10",
          "texto": "os lados, e eu me vou; e À. a minha"
        },
        {
          "referencia": "Jeremias 7.28",
          "texto": "já pereceu a verdade e se 4. da sua boca."
        },
        {
          "referencia": "Jeremias 39.7",
          "texto": "E À, os olhos a Zedequias e o atou com duas"
        },
        {
          "referencia": "Jeremias 52.11",
          "texto": "E A. os olhos a Zedequias e o atou com duas"
        },
        {
          "referencia": "Lamentações 2.6",
          "texto": "E À, a sua cabana com violência, como se fosse"
        },
        {
          "referencia": "Ezequiel 17.4",
          "texto": "EA. a ponta mais alta dos seus ramos e a"
        }
      ]
    },
    {
      "palavra": "arranque",
      "veja tambem": [
        "arrancar"
      ],
      "ocorrencias": 2,
      "fonte": "",
      "concordancias": [
        {
          "referencia": "1 Samuel 11.2",
          "texto": "convosco: que a todos vos 4. o olho"
        },
        {
          "referencia": "Lamentações 5.8",
          "texto": "sobre nós; ninguém há que nos A. da sua mão."
        }
      ]
    },
    {
      "palavra": "arranque-o",
      "veja tambem": [
        "arrancar"
      ],
      "ocorrencias": 1,
      "fonte": "",
      "concordancias": [
        {
          "referencia": "Êxodo 32.24",
          "texto": "eu lhes disse: Quem tem ouro, A.; e deram-mo,"
        }
      ]
    },
    {
      "palavra": "arranqueis",
      "veja tambem": [
        "ar-"
      ],
      "ocorrencias": 1,
      "fonte": "",
      "concordancias": [
        {
          "referencia": "Mateus 13.29",
          "texto": "que, ao colher o joio, não Á, também o"
        }
      ]
    },
    {
      "palavra": "arranquem",
      "veja tambem": [],
      "ocorrencias": 1,
      "fonte": "",
      "concordancias": [
        {
          "referencia": "Levítico 14.40",
          "texto": "o sacerdote ordenará que Á, as pedras em"
        }
      ]
    },
    {
      "palavra": "arrasat-a",
      "veja tambem": [
        "ar-"
      ],
      "ocorrencias": 0,
      "fonte": "",
      "concordancias": []
    },
    {
      "palavra": "arrasaram",
      "veja tambem": [
        "ar-"
      ],
      "ocorrencias": 1,
      "fonte": "",
      "concordancias": [
        {
          "referencia": "2 Reis 3.25",
          "texto": "E À, as cidades, e cada um lançou a sua pedra"
        }
      ]
    },
    {
      "palavra": "arrasaste",
      "veja tambem": [
        "arrasar"
      ],
      "ocorrencias": 1,
      "fonte": "",
      "concordancias": [
        {
          "referencia": "S19.6",
          "texto": "as assolações; — tu Á. as cidades,"
        }
      ]
    }
  ]
}