{
  "a": [
    {
      "palavra": "agulha",
      "veja tambem": [],
      "ocorrencias": 2,
      "fonte": "",
      "concordancias": [
        {
          "referencia": "Marcos 10.25",
          "texto": "camelo pelo fundo de uma A. do que entrar um"
        },
        {
          "referencia": "Lucas 18.25",
          "texto": "camelo pelo fundo de uma A. do que entrar um"
        }
      ]
    },
    {
      "palavra": "agur",
      "veja tambem": [],
      "ocorrencias": 1,
      "fonte": "",
      "concordancias": [
        {
          "referencia": "Provérbios 30.1",
          "texto": "Palavras de A., filho de Jaque, o oráculo. Disse"
        }
      ]
    },
    {
      "palavra": "ah",
      "veja tambem": [],
      "ocorrencias": 78,
      "fonte": "",
      "concordancias": [
        {
          "referencia": "Êxodo 4.10",
          "texto": "disse Moisés ao Senhor: 4.! Senhor! Eu não sou"
        },
        {
          "referencia": "Êxodo 4.13",
          "texto": "Ele, porém, disse: A! Senhor! Envia por mão daquele"
        },
        {
          "referencia": "Números 12.11",
          "texto": "que Arão disse a Moisés: A.! Senhor meu! Ora, não"
        },
        {
          "referencia": "Números 14.2",
          "texto": "a congregação lhe disse: A.! Se morrêramos na"
        },
        {
          "referencia": "Números 14.2",
          "texto": "na terra do Egito! Ou, A.! Se morrêramos"
        },
        {
          "referencia": "Deuteronômio 28.67",
          "texto": "Pela manhã, dirás: A.! Quem me dera ver a noite! E à"
        },
        {
          "referencia": "Deuteronômio 28.67",
          "texto": "ver a noite! E à tarde dirás: A.! Quem me dera ver"
        },
        {
          "referencia": "Josué 7.7",
          "texto": "E disse Josué: A.! Senhor Jeová! Por que, com efeito,"
        },
        {
          "referencia": "Josué 7.8",
          "texto": "A.! Senhor! Que direi, pois Israel virou as costas"
        },
        {
          "referencia": "Juízes 6.22",
          "texto": "do Senhor; e disse Gideão: A.! Senhor Jeová, que"
        },
        {
          "referencia": "Juízes 9.29",
          "texto": "A.! Se este povo estivera na minha mão, eu expeliria"
        },
        {
          "referencia": "Juízes 11.35",
          "texto": "as suas vestes e disse: À.! Filha minha, muito"
        },
        {
          "referencia": "Juízes 13.8",
          "texto": "ao Senhor e disse: 4.! Senhor meu, rogo-te"
        },
        {
          "referencia": "Juízes 21.3",
          "texto": "E disseram: A.! Senhor, Deus de Israel, por que"
        },
        {
          "referencia": "1 Samuel 1.26",
          "texto": "E disse ela: A.! Meu senhor, viva a tua alma, meu"
        },
        {
          "referencia": "1 Samuel 23.11",
          "texto": "como o teu servo tem ouvido? A.! Senhor, Deus de"
        },
        {
          "referencia": "1 Samuel 25.24",
          "texto": "a seus pés e disse: 4,! Senhor meu, minha"
        },
        {
          "referencia": "2 Samuel 119",
          "texto": "A.! Ornamento de Israel! Nos teus altos, fui ferido;"
        },
        {
          "referencia": "2 Samuel 15.4",
          "texto": "Dizia mais Absalão: A.! Quem me dera ser juiz na"
        },
        {
          "referencia": "IRs 3.17",
          "texto": "disse-lhe uma das mulheres: A.! Senhor meu, eu e"
        },
        {
          "referencia": "1 Reis 3.26",
          "texto": "por seu filho) e disse: A.! Senhor meu, dai-lhe"
        },
        {
          "referencia": "IRs 13.30",
          "texto": "sepulcro; e prantearam-no, dizendo: A.! Irmão"
        },
        {
          "referencia": "1 Reis 18.26",
          "texto": "até ao meio-dia, dizendo: A.! Baal,"
        },
        {
          "referencia": "2 Reis 3.10",
          "texto": "disse o rei de Israel: A.! Que o Senhor chamou"
        },
        {
          "referencia": "2 Reis 20.3",
          "texto": "A.! Senhor! Sê servido de te lembrar de que andei"
        },
        {
          "referencia": "1 Crônicas 21.17",
          "texto": "mas estas ovelhas que fizeram? A,! Senhor, meu"
        },
        {
          "referencia": "2 Crônicas 642",
          "texto": "A.! Senhor Deus, não faças virar o rosto do teu"
        },
        {
          "referencia": "2 Crônicas 20.6",
          "texto": "E disse: 4.! Senhor, Deus de nossos pais, porventura,"
        },
        {
          "referencia": "2 Crônicas 20.12",
          "texto": "A.! Deus nosso, porventura, não os julgarás? Porque"
        },
        {
          "referencia": "Esdras 9.15",
          "texto": "A.! Senhor, Deus de Israel, justo és, pois ficamos"
        },
        {
          "referencia": "Neemias 1.5",
          "texto": "E disse: A.! Senhor, Deus dos céus, Deus grande e"
        },
        {
          "referencia": "Neemias 1.11",
          "texto": "A.! Senhor, estejam, pois, atentos os teus ouvidos à"
        },
        {
          "referencia": "J63.7",
          "texto": "A.! Que solitária seja aquela noite e suave música"
        },
        {
          "referencia": "Jó 10.18",
          "texto": "pois, me tiraste da madre? A.! Se, então, dera o"
        },
        {
          "referencia": "Jó 16.18",
          "texto": "A.! terra, não cubras o meu sangue; e não haja lugar"
        },
        {
          "referencia": "Jó 16.21",
          "texto": "A.! Se alguém pudesse contender com Deus pelo ho-"
        },
        {
          "referencia": "Jó 23.3",
          "texto": "A.! Se eu soubesse que o poderia achar! Então me"
        },
        {
          "referencia": "Jó 29.2",
          "texto": "A.! Quem me dera ser como eu fui nos meses passados,"
        },
        {
          "referencia": "Jó 31.31",
          "texto": "da minha tenda não disse: 4.! Quem se não terá"
        },
        {
          "referencia": "Jó 31.35",
          "texto": "A.! Quem me dera um que me ouvisse! Eis que o meu"
        },
        {
          "referencia": "S135.21",
          "texto": "par contra mim e dizem: A.! A.! Os nossos olhos"
        },
        {
          "referencia": "A 40.15",
          "texto": "sejam em troca da sua afronta os que me dizem: Á.!"
        },
        {
          "referencia": "S155.6",
          "texto": "Pelo que disse: A.! Quem me dera asas como de pomba!"
        },
        {
          "referencia": "SI70.3",
          "texto": "as costas cobertos de vergonha os que dizem: A! A!"
        },
        {
          "referencia": "Cânticos 4.16",
          "texto": "que se derramem os seus aromas. À.! Se viesse o meu"
        },
        {
          "referencia": "Cânticos 8.1",
          "texto": "A.! Quem me dera que foras meu irmão e que te"
        },
        {
          "referencia": "Isaías 1.24",
          "texto": "Exércitos, o Forte de Israel: A.! Consolar-me-ei"
        },
        {
          "referencia": "Isaías 3.12",
          "texto": "à testa do seu governo. A.! Povo meu! Os que te"
        },
        {
          "referencia": "Isaías 21.10",
          "texto": "A.! Malhada minha, e trigo da minha eira! O que ouvi"
        },
        {
          "referencia": "Isaías 38.3",
          "texto": "E disse: 4.! Senhor, lembra-te, peço-te, de que andei"
        },
        {
          "referencia": "Isaías 48.18",
          "texto": "A,! Se tivesses dado ouvidos aos meus mandamentos!"
        },
        {
          "referencia": "Jeremias 1.6",
          "texto": "Então, disse eu: À,! Senhor Jeová! Eis que não sei"
        },
        {
          "referencia": "Jeremias 4.10",
          "texto": "Então, disse eu: À.! Senhor Jeová! Verdadeiramente"
        },
        {
          "referencia": "Jt 4.19",
          "texto": "A.! Entranhas minhas, entranhas minhas! Estou ferido"
        },
        {
          "referencia": "Jeremias 5.3",
          "texto": "A.! Senhor, não atentam os teus olhos para a verdade?"
        },
        {
          "referencia": "Jeremias 14.13",
          "texto": "Então, disse eu: 4.! Senhor Jeová, eis que os"
        },
        {
          "referencia": "E 120",
          "texto": "A.! Senhor! Conhecemos a nossa impiedade e a mal-"
        },
        {
          "referencia": "Jeremias 30.7",
          "texto": "A.! Porque aquele dia é tão grande, que não houve"
        },
        {
          "referencia": "Jeremias 32.17",
          "texto": "A.! Senhor Jeová! Eis que tu fizeste os céus e a"
        },
        {
          "referencia": "Jeremias 34.5",
          "texto": "a ti e prantear-te-ão, dizendo: A,! Senhor! Porque"
        },
        {
          "referencia": "Jeremias 476",
          "texto": "A.! Espada do Senhor! Até quando deixarás de"
        },
        {
          "referencia": "Ezequiel 6.11",
          "texto": "mão, e bate com o pé, e dize: À.! Por todas as"
        },
        {
          "referencia": "Ezequiel 9.8",
          "texto": "a minha face, e clamei, e disse: 4.! Senhor Jeová!"
        },
        {
          "referencia": "Ezequiel 11.13",
          "texto": "e clamei com grande voz, e disse: A.! Senhor Jeová!"
        },
        {
          "referencia": "Ezequiel 20.49",
          "texto": "Então, disse eu: A.! Senhor Jeová! Eles dizem de mim:"
        },
        {
          "referencia": "Ezequiel 25.3",
          "texto": "Jeová: Visto que tu disseste: A.! A.!, acerca do meu"
        },
        {
          "referencia": "Ezequiel 25.3",
          "texto": "Visto que tu disseste: A.! A.!, acerca do meu"
        },
        {
          "referencia": "Ezequiel 26.2",
          "texto": "no tocante a Jerusalém: A.! A.! Está quebrada a"
        },
        {
          "referencia": "Ezequiel 30.2",
          "texto": "dize: Assim diz o Senhor Jeová: Gemei: A.! Aquele dia!"
        },
        {
          "referencia": "Ezequiel 36.2",
          "texto": "que diz o inimigo sobre vós: A.! A.! Até as eternas"
        },
        {
          "referencia": "Ezequiel 36.2",
          "texto": "diz o inimigo sobre vós: A.! A.! Até as eternas"
        },
        {
          "referencia": "Daniel 9.4",
          "texto": "Deus, e confessei, e disse: A.! Senhor! Deus"
        },
        {
          "referencia": "Joel 1.15",
          "texto": "A.! Aquele dia! Porque o dia do Senhor está perto e"
        },
        {
          "referencia": "Jonas 4.2",
          "texto": "E orou ao Senhor e disse: A.! Senhor! Não foi isso o"
        },
        {
          "referencia": "Marcos 1.24",
          "texto": "À.! Que temos contigo, Jesus Nazareno? Vieste"
        },
        {
          "referencia": "Marcos 15.29",
          "texto": "meneando a cabeça e dizendo: A.! Tu que derribas o"
        },
        {
          "referencia": "Lucas 4.34",
          "texto": "dizendo: À.! Que temos nós contigo, Jesus Nazareno?"
        },
        {
          "referencia": "Lucas 19.42",
          "texto": "dizendo: A.! Se tu conhecesses também, ao menos"
        }
      ]
    }
  ]
}