{
  "a": [
    {
      "palavra": "arrasta",
      "veja tambem": ["arrastar", "puxar"],
      "ocorrencias": 7,
      "fonte": "Strong's H1633 (גָּרַר/garar)",
      "concordancias": [
        {
          "referencia": "Levítico 11.41",
          "texto": "Também todo réptil que se Á, sobre a terra será"
        },
        {
          "referencia": "Levítico 11.42",
          "texto": "entre todo o réptil que se Á. sobre a terra,"
        },
        {
          "referencia": "Levítico 11.43",
          "texto": "por nenhum réptil que se A., nem neles vos"
        },
        {
          "referencia": "Levítico 11.44",
          "texto": "alma por nenhum réptil que se A. sobre a terra."
        },
        {
          "referencia": "Levítico 11.46",
          "texto": "nas águas, e de toda alma que se Á. sobre a terra,"
        },
        {
          "referencia": "Levítico 20.25",
          "texto": "das aves, ou de tudo o que se Å, sobre a"
        },
        {
          "referencia": "Jó 21.33",
          "texto": "vale lhe são doces, e ele A. após si a todos"
        }
      ]
    },
    {
      "palavra": "arrastá-la-emos",
      "veja tambem": [],
      "ocorrencias": 1,
      "fonte": "",
      "concordancias": [
        {
          "referencia": "2 Samuel 17.13",
          "texto": "trará cordas àquela cidade: e A. até ao"
        }
      ]
    },
    {
      "palavra": "arrastados",
      "veja tambem": ["arrastar", "puxar"],
      "ocorrencias": 2,
      "fonte": "Strong's G1670 (ἕλκω/helkó)",
      "concordancias": [
        {
          "referencia": "Provérbios 21.12",
          "texto": "do ímpio, quando os ímpios são À. para o mal."
        },
        {
          "referencia": "Isaías 8.22",
          "texto": "entenebrecidos com ânsias e À. para a escuridão."
        }
      ]
    },
    {
      "palavra": "arrastaíia",
      "veja tambem": ["arrastar", "puxar"],
      "ocorrencias": 1,
      "fonte": "Strong's H4900 (מָשַׁךְ/mashak)",
      "concordancias": [
        {
          "referencia": "Ezequiel 32.20",
          "texto": "à espada ela está entregue; A. ea toda a"
        }
      ]
    },
    {
      "palavra": "arrastando",
      "veja tambem": [
        "ar-"
      ],
      "ocorrencias": 1,
      "fonte": "",
      "concordancias": [
        {
          "referencia": "Atos 8.3",
          "texto": "entrando pelas casas; e, À, homens e"
        }
      ]
    },
    {
      "palavra": "arrastando-o",
      "veja tambem": [
        "arrastar"
      ],
      "ocorrencias": 1,
      "fonte": "",
      "concordancias": [
        {
          "referencia": "Jeremias 22.19",
          "texto": "de jumento, o sepultarão, 4, e"
        }
      ]
    },
    {
      "palavra": "arrastaram",
      "veja tambem": [
        "arrastar"
      ],
      "ocorrencias": 3,
      "fonte": "",
      "concordancias": [
        {
          "referencia": "Mateus 21.39",
          "texto": "E, lançando mão dele, o À. para fora da vinha"
        },
        {
          "referencia": "Atos 14.19",
          "texto": "apedrejaram a Paulo e o À. para fora"
        },
        {
          "referencia": "Atos 21.30",
          "texto": "povo; e, pegando de Paulo, o À. para fora"
        }
      ]
    },
    {
      "palavra": "arrastarem",
      "veja tambem": [
        "ar-"
      ],
      "ocorrencias": 1,
      "fonte": "",
      "concordancias": [
        {
          "referencia": "Jeremias 15.3",
          "texto": "matar, e com cães, para os Á., e com as"
        }
      ]
    },
    {
      "palavra": "arrastou",
      "veja tambem": [
        "arrastar"
      ],
      "ocorrencias": 1,
      "fonte": "",
      "concordancias": [
        {
          "referencia": "Juízes 5.21",
          "texto": "O ribeiro de Quisom os A., aquele antigo"
        }
      ]
    },
    {
      "palavra": "arráteis",
      "veja tambem": [],
      "ocorrencias": 4,
      "fonte": "",
      "concordancias": [
        {
          "referencia": "1 Reis 10.17",
          "texto": "de ouro batido; três 4. de ouro mandou"
        },
        {
          "referencia": "Esdras 2.69",
          "texto": "daricos, e, em prata, cinco mil A., e cem"
        },
        {
          "referencia": "Neemias 7.71",
          "texto": "mil daricos; e, em prata, dois mil e duzentos A.."
        },
        {
          "referencia": "Neemias 7.72",
          "texto": "daricos; e, em prata, dois mil A.; e sessenta"
        }
      ]
    },
    {
      "palavra": "arrátel",
      "veja tambem": [],
      "ocorrencias": 2,
      "fonte": "",
      "concordancias": [
        {
          "referencia": "Top 406",
          "texto": "posição; Palavras Relacionadas: (arráteis-4); Total de re-"
        },
        {
          "referencia": "Ezequiel 45.12",
          "texto": "siclos, mais quinze siclos vos servirão de um A.."
        }
      ]
    },
    {
      "palavra": "arrazoais",
      "veja tambem": [],
      "ocorrencias": 4,
      "fonte": "",
      "concordancias": [
        {
          "referencia": "Mateus 16.8",
          "texto": "isso, disse: Por que Á. entre vós,"
        },
        {
          "referencia": "Marcos 2.8",
          "texto": "entre si, lhes disse: Por que A. sobre estas"
        },
        {
          "referencia": "Marcos 8.17",
          "texto": "isso, disse-lhes: Para que A., que não"
        },
        {
          "referencia": "Lucas 5.22",
          "texto": "respondeu e disse-lhes: Que A. em vosso coração?"
        }
      ]
    },
    {
      "palavra": "arrazoar",
      "veja tambem": [],
      "ocorrencias": 2,
      "fonte": "",
      "concordancias": [
        {
          "referencia": "Top 406",
          "texto": "posição; Palavras Relacionadas: (arrazoais-4; arrazoa-"
        },
        {
          "referencia": "Lucas 5.21",
          "texto": "e os fariseus começaram a Á., dizendo: Quem é"
        }
      ]
    },
    {
      "palavra": "arrazoaram",
      "veja tambem": [
        "arrazoar"
      ],
      "ocorrencias": 1,
      "fonte": "",
      "concordancias": [
        {
          "referencia": "Lucas 20.14",
          "texto": "Mas, vendo-o os lavradores, A. entre si"
        }
      ]
    },
    {
      "palavra": "arrazoava",
      "veja tambem": [
        "ar-"
      ],
      "ocorrencias": 1,
      "fonte": "",
      "concordancias": [
        {
          "referencia": "Le 12.17",
          "texto": "E Á. ele entre si, dizendo: Que farei? Não"
        }
      ]
    },
    {
      "palavra": "arrazoavam",
      "veja tambem": [
        "arrazoar"
      ],
      "ocorrencias": 6,
      "fonte": "",
      "concordancias": [
        {
          "referencia": "Mateus 16.7",
          "texto": "E eles À, entre si, dizendo: É porque não nos"
        },
        {
          "referencia": "Marcos 2.6",
          "texto": "alguns dos escribas, que À, em seu"
        },
        {
          "referencia": "Marcos 2.8",
          "texto": "em seu espírito que assim 4. entre si, lhes"
        },
        {
          "referencia": "Marcos 8.16",
          "texto": "E À. entre si, dizendo: É porque não temos pão."
        },
        {
          "referencia": "Marcos 11.31",
          "texto": "E eles À, entre si, dizendo: Se dissermos: Do"
        },
        {
          "referencia": "Lucas 20.5",
          "texto": "E eles À. entre si, dizendo: Se dissermos: do"
        }
      ]
    },
    {
      "palavra": "arrebata",
      "veja tambem": [
        "arrebatar"
      ],
      "ocorrencias": 6,
      "fonte": "",
      "concordancias": [
        {
          "referencia": "Jó 9.12",
          "texto": "Eis que A. a presa; quem lha fará restituir?"
        },
        {
          "referencia": "Jó 15.12",
          "texto": "Por que te À, o teu coração e por que piscas os"
        },
        {
          "referencia": "Jó 21.18",
          "texto": "do vento, e como a pragana, que À. o redemoinho."
        },
        {
          "referencia": "Ezequiel 22.25",
          "texto": "como um leão que ruge, que A. a presa; eles"
        },
        {
          "referencia": "Mateus 13.19",
          "texto": "entendendo, vem o maligno e À, o que foi"
        },
        {
          "referencia": "Jó 10.12",
          "texto": "as ovelhas, e foge; e o lobo as Á, e dispersa."
        }
      ]
    },
    {
      "palavra": "arrebatá-las",
      "veja tambem": [
        "arrebatar"
      ],
      "ocorrencias": 1,
      "fonte": "",
      "concordancias": [
        {
          "referencia": "Jó 10.29",
          "texto": "do que todos; e ninguém pode À, das mãos"
        }
      ]
    },
    {
      "palavra": "arrebatá-lo",
      "veja tambem": [
        "arrebatar"
      ],
      "ocorrencias": 1,
      "fonte": "",
      "concordancias": [
        {
          "referencia": "Jó 6.15",
          "texto": "Jesus que haviam de vir A., para o"
        }
      ]
    },
    {
      "palavra": "arrebata-me",
      "veja tambem": [
        "arre-"
      ],
      "ocorrencias": 1,
      "fonte": "",
      "concordancias": [
        {
          "referencia": "S1144.7",
          "texto": "desde o alto; livra-me e 4. das muitas"
        }
      ]
    },
    {
      "palavra": "arrebatada",
      "veja tambem": [
        "arrebatar"
      ],
      "ocorrencias": 3,
      "fonte": "",
      "concordancias": [
        {
          "referencia": "Jó 13.25",
          "texto": "quebrantarás a folha Á. pelo vento? E"
        },
        {
          "referencia": "Isaías 41.2",
          "texto": "como o pó e como pragana 4. do vento, ao"
        },
        {
          "referencia": "Ezequiel 44.31",
          "texto": "morrido ou tenha sido A. de aves e de"
        }
      ]
    },
    {
      "palavra": "arrebatadas",
      "veja tambem": [
        "arre-"
      ],
      "ocorrencias": 1,
      "fonte": "",
      "concordancias": [
        {
          "referencia": "Habacuque 3.17",
          "texto": "as ovelhas da malhada sejam A., e nos"
        }
      ]
    },
    {
      "palavra": "arrebatado",
      "veja tambem": [
        "arrebatar"
      ],
      "ocorrencias": 9,
      "fonte": "",
      "concordancias": [
        {
          "referencia": "Jó 21.30",
          "texto": "para o dia da destruição e 4. no dia do furor?"
        },
        {
          "referencia": "Amós 4.11",
          "texto": "e vós fostes como um tição A, do incêndio;"
        },
        {
          "referencia": "Atos 22.17",
          "texto": "quando orava no templo, fui A. para fora de mim."
        },
        {
          "referencia": "Atos 27.15",
          "texto": "E, sendo o navio À, e não podendo navegar"
        },
        {
          "referencia": "2 Coríntios 12.2",
          "texto": "corpo, não sei; Deus o sabe), foi A. até ao"
        },
        {
          "referencia": "2 Coríntios 124",
          "texto": "foi À. ao paraíso e ouviu palavras inefáveis,"
        },
        {
          "referencia": "Apocalipse 1.10",
          "texto": "Eu fui A. em espírito, no dia do Senhor, e"
        },
        {
          "referencia": "Apocalipse 42",
          "texto": "E logo fui A. em espírito, e eis que um trono"
        },
        {
          "referencia": "Apocalipse 12.5",
          "texto": "de ferro; e o seu filho foi A, para Deus e"
        }
      ]
    },
    {
      "palavra": "arrebatados",
      "veja tambem": [
        "arrebatar"
      ],
      "ocorrencias": 4,
      "fonte": "",
      "concordancias": [
        {
          "referencia": "Jó 22.16",
          "texto": "Eles foram A. antes do seu tempo; sobre o"
        },
        {
          "referencia": "S158.9",
          "texto": "as vossas panelas, serão A., tanto os"
        },
        {
          "referencia": "1 Tessalonicenses 4.17",
          "texto": "que ficarmos vivos, seremos A. juntamente"
        },
        {
          "referencia": "2 Pedro 3.17",
          "texto": "abomináveis, sejais juntamente 4. e"
        }
      ]
    },
    {
      "palavra": "arrebatai",
      "veja tambem": [
        "arrebatar"
      ],
      "ocorrencias": 1,
      "fonte": "",
      "concordancias": [
        {
          "referencia": "Juízes 21.21",
          "texto": "ranchos, saí vós das vinhas, e A. cada um sua"
        }
      ]
    },
    {
      "palavra": "arrebatam",
      "veja tambem": [
        "arrebatar"
      ],
      "ocorrencias": 3,
      "fonte": "",
      "concordancias": [
        {
          "referencia": "Isaías 64.6",
          "texto": "e as nossas culpas, como um vento, nos A.."
        },
        {
          "referencia": "Ezequiel 22.27",
          "texto": "dela são como lobos que A. a presa, para"
        },
        {
          "referencia": "Miquéias 2.2",
          "texto": "E cobiçam campos, e os A., e casas, e€ as"
        }
      ]
    },
    {
      "palavra": "arrebatamento",
      "veja tambem": [
        "arrebatar"
      ],
      "ocorrencias": 2,
      "fonte": "",
      "concordancias": [
        {
          "referencia": "Atos 10.10",
          "texto": "preparavam, sobreveio-lhe um A. de sentidos,"
        },
        {
          "referencia": "Atos 11.5",
          "texto": "na cidade de Jope, tive, num Á. dos"
        }
      ]
    },
    {
      "palavra": "arrebatando",
      "veja tambem": [
        "arre-"
      ],
      "ocorrencias": 1,
      "fonte": "",
      "concordancias": [
        {
          "referencia": "Atos 19.29",
          "texto": "unânimes correram ao teatro, A. a Gaio ea"
        }
      ]
    },
    {
      "palavra": "arrebatando-os",
      "veja tambem": [],
      "ocorrencias": 1,
      "fonte": "",
      "concordancias": [
        {
          "referencia": "Judas 1.23",
          "texto": "e salvai alguns, À. do fogo; tende deles"
        }
      ]
    },
    {
      "palavra": "arrebatar",
      "veja tambem": [],
      "ocorrencias": 4,
      "fonte": "",
      "concordancias": [
        {
          "referencia": "SI 17.12",
          "texto": "com o leão que deseja À, a sua presa e"
        },
        {
          "referencia": "Ezequiel 38.12",
          "texto": "de tomar o despojo, e de À, a presa, e"
        },
        {
          "referencia": "Ezequiel 38.13",
          "texto": "Ajuntaste o teu bando para À, a presa,"
        },
        {
          "referencia": "Apocalipse 12.15",
          "texto": "um rio, para que pela corrente a fizesse A.."
        }
      ]
    },
    {
      "palavra": "arrebatar-te-á",
      "veja tambem": [
        "arrebatar"
      ],
      "ocorrencias": 1,
      "fonte": "",
      "concordancias": [
        {
          "referencia": "SI52.5",
          "texto": "te destruirá para sempre; À. e"
        }
      ]
    },
    {
      "palavra": "arrebatar-te-ei",
      "veja tambem": [],
      "ocorrencias": 1,
      "fonte": "",
      "concordancias": [
        {
          "referencia": "Jeremias 15.21",
          "texto": "E A. da mão dos malignos e livrar-te-ei"
        }
      ]
    },
    {
      "palavra": "arrebatará",
      "veja tambem": [
        "arrebatar"
      ],
      "ocorrencias": 4,
      "fonte": "",
      "concordancias": [
        {
          "referencia": "Jó 27.20",
          "texto": "dele como águas; de noite, o À. a tempestade."
        },
        {
          "referencia": "Isaías 28.19",
          "texto": "que comece a passar, vos Á., porque todas"
        },
        {
          "referencia": "Isaías 57.13",
          "texto": "todos levará, e a vaidade os À.; mas o que"
        },
        {
          "referencia": "Jó 10.28",
          "texto": "hão de perecer, e ninguém as Á, das minhas mãos."
        }
      ]
    },
    {
      "palavra": "arrebataram",
      "veja tambem": [
        "arrebatar"
      ],
      "ocorrencias": 3,
      "fonte": "",
      "concordancias": [
        {
          "referencia": "Gênesis 49.6",
          "texto": "mataram varões e, na sua teima, A. bois."
        },
        {
          "referencia": "Juízes 21.23",
          "texto": "o número deles, das que À, dos ranchos"
        },
        {
          "referencia": "Atos 6.12",
          "texto": "e, investindo com ele, o À. e o"
        }
      ]
    },
    {
      "palavra": "arrebatarei",
      "veja tambem": [],
      "ocorrencias": 3,
      "fonte": "",
      "concordancias": [
        {
          "referencia": "Oséias 2.9",
          "texto": "no seu determinado tempo; e À. a minha"
        },
        {
          "referencia": "Oséias 5.14",
          "texto": "despedaçarei e ir-me-ei embora; Á., e não"
        },
        {
          "referencia": "Sofonias 1.3",
          "texto": "A, os homens e os animais, consumirei as"
        }
      ]
    },
    {
      "palavra": "arrebatarem",
      "veja tambem": [
        "arre-"
      ],
      "ocorrencias": 1,
      "fonte": "",
      "concordancias": [
        {
          "referencia": "Isaías 10.2",
          "texto": "os pobres em juízo, e para Á. o direito dos"
        }
      ]
    },
    {
      "palavra": "arrebatarias",
      "veja tambem": [
        "arrebatar"
      ],
      "ocorrencias": 1,
      "fonte": "",
      "concordancias": [
        {
          "referencia": "Gênesis 31.31",
          "texto": "comigo se porventura me não Á, as tuas filhas."
        }
      ]
    },
    {
      "palavra": "arrebatava",
      "veja tambem": [],
      "ocorrencias": 2,
      "fonte": "",
      "concordancias": [
        {
          "referencia": "Naum 2.12",
          "texto": "O leão À. o que bastava para os seus"
        },
        {
          "referencia": "Lucas 8.29",
          "texto": "já havia muito tempo que o A.."
        }
      ]
    },
    {
      "palavra": "arrebates",
      "veja tambem": [
        "arrebatar"
      ],
      "ocorrencias": 1,
      "fonte": "",
      "concordancias": [
        {
          "referencia": "Jeremias 15.15",
          "texto": "dos meus perseguidores; não me Á., por tua"
        }
      ]
    },
    {
      "palavra": "arrebatou",
      "veja tambem": [
        "arrebatar"
      ],
      "ocorrencias": 2,
      "fonte": "",
      "concordancias": [
        {
          "referencia": "1 Samuel 7.14",
          "texto": "e até os seus termos Israel Á, da mão dos"
        },
        {
          "referencia": "Atos 8.39",
          "texto": "água, o Espírito do Senhor A. a Filipe, e"
        }
      ]
    },
    {
      "palavra": "arrebatou-me",
      "veja tambem": [
        "arrebatar"
      ],
      "ocorrencias": 1,
      "fonte": "",
      "concordancias": [
        {
          "referencia": "2 Samuel 22.20",
          "texto": "E tirou-me para o largo e À. dali, porque"
        }
      ]
    },
    {
      "palavra": "arrebentar",
      "veja tambem": [
        "rebentar"
      ],
      "ocorrencias": 1,
      "fonte": "",
      "concordancias": [
        {
          "referencia": "Jó 32.19",
          "texto": "sem respiradouro, e virá a À. como odres novos."
        }
      ]
    },
    {
      "palavra": "arrebentaram",
      "veja tambem": [
        "arrebentar"
      ],
      "ocorrencias": 1,
      "fonte": "",
      "concordancias": [
        {
          "referencia": "2 Crônicas 25.12",
          "texto": "alto da rocha os lançaram abaixo, e todos A.."
        }
      ]
    },
    {
      "palavra": "arrebentava",
      "veja tambem": [
        "arrebentar"
      ],
      "ocorrencias": 1,
      "fonte": "",
      "concordancias": [
        {
          "referencia": "Êxodo 9.10",
          "texto": "e tornou-se em sarna, que 4. em úlceras"
        }
      ]
    },
    {
      "palavra": "arrebente",
      "veja tambem": [
        "rebentar"
      ],
      "ocorrencias": 1,
      "fonte": "",
      "concordancias": [
        {
          "referencia": "Êxodo 9.9",
          "texto": "e se tornará em sarna, que A. em úlceras nos"
        }
      ]
    }
  ]
}