{
  "a": [
    {
      "palavra": "arrecadador",
      "veja tambem": ["arrecadar", "cobrador"],
      "ocorrencias": 1,
      "fonte": "Strong's H5067 (נָגַשׁ/nagash)",
      "concordancias": [
        {
          "referencia": "Daniel 1120",
          "texto": "quem fará passar um A. pela glória"
        }
      ]
    },
    {
      "palavra": "arrecadas",
      "veja tambem": ["joia", "enfeite"],
      "ocorrencias": 3,
      "fonte": "Strong's H5141 (נֶזֶם/nezem)",
      "concordancias": [
        {
          "referencia": "Gênesis 35.4",
          "texto": "tinham em suas mãos e as Á, que estavam em"
        },
        {
          "referencia": "Números 31.50",
          "texto": "ouro, cadeias, manilhas, anéis, A. e colares,"
        },
        {
          "referencia": "Isaías 3.20",
          "texto": "as cadeias, e as caixinhas de perfumes e as A;"
        }
      ]
    },
    {
      "palavra": "arreceei-me",
      "veja tambem": [],
      "ocorrencias": 1,
      "fonte": "",
      "concordancias": [
        {
          "referencia": "Jó 32.6",
          "texto": "menos idade, e vós sois idosos; Á. e temi"
        }
      ]
    },
    {
      "palavra": "arredará",
      "veja tambem": [],
      "ocorrencias": 1,
      "fonte": "",
      "concordancias": [
        {
          "referencia": "Gênesis 49.10",
          "texto": "O cetro não se A. de Judá, nem o legislador"
        }
      ]
    },
    {
      "palavra": "arredondando",
      "veja tambem": [],
      "ocorrencias": 1,
      "fonte": "",
      "concordancias": [
        {
          "referencia": "Levítico 19.27",
          "texto": "Não cortareis o cabelo, A. os cantos da"
        }
      ]
    },
    {
      "palavra": "arredores",
      "veja tambem": [],
      "ocorrencias": 5,
      "fonte": "",
      "concordancias": [
        {
          "referencia": "2 Crônicas 14.14",
          "texto": "todas as cidades nos A. de Gerar, porque"
        },
        {
          "referencia": "Esdras 1.6",
          "texto": "todos os que habitavam nos A. lhes confortaram"
        },
        {
          "referencia": "Neemias 12.28",
          "texto": "tanto da campina dos Á. de Jerusalém"
        },
        {
          "referencia": "Neemias 12.29",
          "texto": "edificado para si aldeias nos Á. de Jerusalém."
        },
        {
          "referencia": "Romanos 15.19",
          "texto": "que, desde Jerusalém e À. até ao"
        }
      ]
    },
    {
      "palavra": "arremessa",
      "veja tambem": [
        "arremessar"
      ],
      "ocorrencias": 1,
      "fonte": "",
      "concordancias": [
        {
          "referencia": "Isaías 33.15",
          "texto": "e que fala com retidão, que A. para longe de"
        }
      ]
    },
    {
      "palavra": "arremessa-te",
      "veja tambem": [
        "arremessar"
      ],
      "ocorrencias": 1,
      "fonte": "",
      "concordancias": [
        {
          "referencia": "2 Samuel 1.9",
          "texto": "Então, ele me disse: Peço-te, A. sobre mim"
        }
      ]
    },
    {
      "palavra": "arremessados",
      "veja tambem": [
        "arremessar"
      ],
      "ocorrencias": 2,
      "fonte": "",
      "concordancias": [
        {
          "referencia": "Isaías 34.3",
          "texto": "E os mortos serão Á., e do seu corpo subirá"
        },
        {
          "referencia": "Jeremias 22.28",
          "texto": "agrada? Por que razão foram A. fora, ele"
        }
      ]
    },
    {
      "palavra": "arremessaram-se",
      "veja tambem": [],
      "ocorrencias": 1,
      "fonte": "",
      "concordancias": [
        {
          "referencia": "Gênesis 19.9",
          "texto": "mais mala ti do que a eles. E A."
        }
      ]
    },
    {
      "palavra": "arremessaste",
      "veja tambem": [
        "arremessar"
      ],
      "ocorrencias": 0,
      "fonte": "",
      "concordancias": []
    },
    {
      "palavra": "arremessei-me",
      "veja tambem": [],
      "ocorrencias": 1,
      "fonte": "",
      "concordancias": [
        {
          "referencia": "2 Samuel 1.10",
          "texto": "Á., pois, sobre ele, e o matei, porque bem"
        }
      ]
    },
    {
      "palavra": "arremesses",
      "veja tambem": [
        "arremessar"
      ],
      "ocorrencias": 0,
      "fonte": "",
      "concordancias": []
    },
    {
      "palavra": "arremessou",
      "veja tambem": [
        "arremessar"
      ],
      "ocorrencias": 1,
      "fonte": "",
      "concordancias": [
        {
          "referencia": "Êxodo 32.19",
          "texto": "o furor de Moisés, e A. as tábuas"
        }
      ]
    },
    {
      "palavra": "arremete",
      "veja tambem": [
        "arremeter"
      ],
      "ocorrencias": 4,
      "fonte": "",
      "concordancias": [
        {
          "referencia": "1 Samuel 22.18",
          "texto": "o rei a Doegue: Vira-te tu e A. contra os"
        },
        {
          "referencia": "Jó 15.26",
          "texto": "À, contra ele com dura cerviz e com os pontos"
        },
        {
          "referencia": "Jó 16.14",
          "texto": "com golpe sobre golpe; A. contra mim como"
        },
        {
          "referencia": "Jeremias 8.6",
          "texto": "sua carreira como um cavalo que À. com ímpeto"
        }
      ]
    },
    {
      "palavra": "arremeter",
      "veja tambem": [],
      "ocorrencias": 1,
      "fonte": "",
      "concordancias": [
        {
          "referencia": "1 Samuel 22.17",
          "texto": "estender as suas mãos para Á. contra os"
        }
      ]
    },
    {
      "palavra": "arremeteram",
      "veja tambem": [],
      "ocorrencias": 1,
      "fonte": "",
      "concordancias": [
        {
          "referencia": "Atos 7.57",
          "texto": "voz, taparam os ouvidos e Á, unânimes"
        }
      ]
    },
    {
      "palavra": "arremeteu",
      "veja tambem": [],
      "ocorrencias": 2,
      "fonte": "",
      "concordancias": [
        {
          "referencia": "Juízes 20.37",
          "texto": "a Gibeá; e a emboscada A. contra ela e"
        },
        {
          "referencia": "1 Samuel 22.18",
          "texto": "se virou Doegue, o edomita, e À. contra os"
        }
      ]
    },
    {
      "palavra": "arrendará",
      "veja tambem": [],
      "ocorrencias": 1,
      "fonte": "",
      "concordancias": [
        {
          "referencia": "Mateus 21.41",
          "texto": "afrontosa morte aos maus e À, a vinha a"
        }
      ]
    },
    {
      "palavra": "arrendou-a",
      "veja tambem": [],
      "ocorrencias": 3,
      "fonte": "",
      "concordancias": [
        {
          "referencia": "Mateus 21.33",
          "texto": "um lagar, e edificou uma torre, e À. a uns"
        },
        {
          "referencia": "Marcos 12.1",
          "texto": "lagar, e edificou uma torre, e À. a uns"
        },
        {
          "referencia": "Lucas 20.9",
          "texto": "homem plantou uma vinha, e A. a uns"
        }
      ]
    },
    {
      "palavra": "arrependa",
      "veja tambem": [
        "arrepender"
      ],
      "ocorrencias": 5,
      "fonte": "",
      "concordancias": [
        {
          "referencia": "Êxodo 13.17",
          "texto": "que, porventura, o povo não se A., vendo a"
        },
        {
          "referencia": "Números 23.19",
          "texto": "filho de homem, para que se A.; porventura,"
        },
        {
          "referencia": "1 Samuel 15.29",
          "texto": "porquanto não é um homem, para que se Á.."
        },
        {
          "referencia": "Jeremias 8.6",
          "texto": "é reto, ninguém há que se A. dasua"
        },
        {
          "referencia": "Jeremias 26.3",
          "texto": "do seu mau caminho, e eu me À. do mal que"
        }
      ]
    },
    {
      "palavra": "arrependam",
      "veja tambem": [
        "arre-"
      ],
      "ocorrencias": 1,
      "fonte": "",
      "concordancias": [
        {
          "referencia": "Atos 17.30",
          "texto": "a todos os homens, em todo lugar, que se A.,"
        }
      ]
    },
    {
      "palavra": "arrepende",
      "veja tambem": [
        "arrepender"
      ],
      "ocorrencias": 4,
      "fonte": "",
      "concordancias": [
        {
          "referencia": "1 Samuel 15.29",
          "texto": "de Israel não mente nem se A.; porquanto não é"
        },
        {
          "referencia": "Le 15.7",
          "texto": "céu por um pecador que se A., mais do que por"
        },
        {
          "referencia": "Lucas 15.10",
          "texto": "dos anjos de Deus por um pecador que se A.."
        },
        {
          "referencia": "2 Coríntios 7.10",
          "texto": "da qual ninguém se A.; mas a tristeza"
        }
      ]
    },
    {
      "palavra": "arrepende-te",
      "veja tambem": [
        "arrepender"
      ],
      "ocorrencias": 6,
      "fonte": "",
      "concordancias": [
        {
          "referencia": "Êxodo 32.12",
          "texto": "Torna-te da ira do teu furor e À, deste mal"
        },
        {
          "referencia": "Atos 8.22",
          "texto": "A., pois, dessa tua iniquidade e ora a"
        },
        {
          "referencia": "Apocalipse 2.5",
          "texto": "pois, de onde caíste, e A., e pratica"
        },
        {
          "referencia": "Apocalipse 2.16",
          "texto": "Á., pois; quando não, em breve virei a ti e"
        },
        {
          "referencia": "Apocalipse 3.3",
          "texto": "e ouvido, e guarda-o, e A.. E,se"
        },
        {
          "referencia": "Apocalipse 3.19",
          "texto": "a todos quantos amo; sê, pois, zeloso e Á.."
        }
      ]
    },
    {
      "palavra": "arrependei-vos",
      "veja tambem": [
        "arrepender"
      ],
      "ocorrencias": 5,
      "fonte": "",
      "concordancias": [
        {
          "referencia": "Mateus 3.2",
          "texto": "e dizendo: A., porque é chegado o Reino"
        },
        {
          "referencia": "Mateus 4.17",
          "texto": "Jesus a pregar e a dizer: A., porque é"
        },
        {
          "referencia": "Marcos 1.15",
          "texto": "o Reino de Deus está próximo. A. e crede"
        },
        {
          "referencia": "Atos 2.38",
          "texto": "E disse-lhes Pedro: A., e cada um de vós"
        },
        {
          "referencia": "Atos 3.19",
          "texto": "Á., pois, e convertei-vos, para que sejam"
        }
      ]
    },
    {
      "palavra": "arrependendo-se",
      "veja tambem": [
        "arrepender"
      ],
      "ocorrencias": 1,
      "fonte": "",
      "concordancias": [
        {
          "referencia": "Mateus 21.29",
          "texto": "disse: Não quero. Mas, depois, A., foi."
        }
      ]
    },
    {
      "palavra": "arrepender",
      "veja tambem": [],
      "ocorrencias": 2,
      "fonte": "",
      "concordancias": [
        {
          "referencia": "Jeremias 15.6",
          "texto": "ti e te destruirei; estou cansado de me A.."
        },
        {
          "referencia": "Lucas 17.3",
          "texto": "ti, repreende-o; e, se ele se A., perdoa-lhe;"
        }
      ]
    },
    {
      "palavra": "arrepender-se",
      "veja tambem": [
        "arrepender"
      ],
      "ocorrencias": 1,
      "fonte": "",
      "concordancias": [
        {
          "referencia": "2 Pedro 3.9",
          "texto": "se percam, senão que todos venham a A.."
        }
      ]
    },
    {
      "palavra": "arrepender-se-á",
      "veja tambem": [
        "arrepender"
      ],
      "ocorrencias": 1,
      "fonte": "",
      "concordancias": [
        {
          "referencia": "Jeremias 26.13",
          "texto": "a voz do Senhor, vosso Deus, e 4. o"
        }
      ]
    },
    {
      "palavra": "arrepender-se-iam",
      "veja tambem": [
        "arrepender"
      ],
      "ocorrencias": 1,
      "fonte": "",
      "concordancias": [
        {
          "referencia": "Lucas 16.30",
          "texto": "algum dos mortos fosse ter com eles, A.."
        }
      ]
    },
    {
      "palavra": "arrependerá",
      "veja tambem": [
        "arrepender"
      ],
      "ocorrencias": 4,
      "fonte": "",
      "concordancias": [
        {
          "referencia": "Deuteronômio 32.36",
          "texto": "justiça ao seu povo e se 4. pelos seus"
        },
        {
          "referencia": "S1135.14",
          "texto": "julgará o seu povo e se Á. em atenção aos"
        },
        {
          "referencia": "mn 3.9",
          "texto": "se se voltará Deus, ese A., ese"
        },
        {
          "referencia": "Hebreus 7.21",
          "texto": "Jurou o Senhor e não se A.: Tu és"
        }
      ]
    },
    {
      "palavra": "arrependeram",
      "veja tambem": [
        "arrepender"
      ],
      "ocorrencias": 7,
      "fonte": "",
      "concordancias": [
        {
          "referencia": "Jeremias 34.11",
          "texto": "Mas, depois, se Á., efizeram voltar os"
        },
        {
          "referencia": "Mateus 12.41",
          "texto": "ea condenarão, porque se Á, com a"
        },
        {
          "referencia": "2 Coríntios 12.21",
          "texto": "que dantes pecaram e não se À. da"
        },
        {
          "referencia": "Apocalipse 9.20",
          "texto": "por estas pragas, não se A. das obras"
        },
        {
          "referencia": "Apocalipse 9.21",
          "texto": "E não se À. dos seus homicídios, nem das"
        },
        {
          "referencia": "Apocalipse 16.9",
          "texto": "sobre estas pragas; e não se À. para lhe"
        },
        {
          "referencia": "Apocalipse 16.11",
          "texto": "do Deus do céu e não se À, das suas obras."
        }
      ]
    },
    {
      "palavra": "arrependeram-se",
      "veja tambem": [
        "arrepender"
      ],
      "ocorrencias": 1,
      "fonte": "",
      "concordancias": [
        {
          "referencia": "Juízes 21.6",
          "texto": "E A. os filhos de Israel acerca de"
        }
      ]
    },
    {
      "palavra": "arrependerdes",
      "veja tambem": [],
      "ocorrencias": 2,
      "fonte": "",
      "concordancias": [
        {
          "referencia": "Lucas 13.3",
          "texto": "vos digo; antes, se vos não A., todos de"
        },
        {
          "referencia": "Lucas 13.5",
          "texto": "vos digo; antes, se vos não A., todos de"
        }
      ]
    },
    {
      "palavra": "arrependerei",
      "veja tambem": [],
      "ocorrencias": 3,
      "fonte": "",
      "concordancias": [
        {
          "referencia": "Jeremias 18.8",
          "texto": "da sua maldade, também eu me A. do mal que"
        },
        {
          "referencia": "Jeremias 18.10",
          "texto": "à minha voz, então, me A. do bem que"
        },
        {
          "referencia": "Ezequiel 24.14",
          "texto": "atrás e não pouparei, nem me A.;"
        }
      ]
    },
    {
      "palavra": "arrependerem",
      "veja tambem": [
        "arrepender"
      ],
      "ocorrencias": 1,
      "fonte": "",
      "concordancias": [
        {
          "referencia": "Apocalipse 2.22",
          "texto": "grande tribulação, se não se A. das suas obras."
        }
      ]
    },
    {
      "palavra": "arrependeres",
      "veja tambem": [
        "arrepender"
      ],
      "ocorrencias": 1,
      "fonte": "",
      "concordancias": [
        {
          "referencia": "Apocalipse 2.5",
          "texto": "do seu lugar o teu castiçal, se não te A.."
        }
      ]
    },
    {
      "palavra": "arrependes",
      "veja tambem": [
        "ar-"
      ],
      "ocorrencias": 1,
      "fonte": "",
      "concordancias": [
        {
          "referencia": "Jonas 4.2",
          "texto": "e grande em benignidade e que te A. do mal."
        }
      ]
    },
    {
      "palavra": "arrependesse",
      "veja tambem": [
        "arrepender"
      ],
      "ocorrencias": 3,
      "fonte": "",
      "concordancias": [
        {
          "referencia": "Jeremias 20.16",
          "texto": "Senhor destruiu sem que se .; e ouça ele"
        },
        {
          "referencia": "Marcos 6.12",
          "texto": "E, saindo eles, pregavam 20 povo que se Á.."
        },
        {
          "referencia": "Apocalipse 2.21",
          "texto": "dei-lhe tempo para que se 4. da sua"
        }
      ]
    },
    {
      "palavra": "arrependestes",
      "veja tambem": [],
      "ocorrencias": 1,
      "fonte": "",
      "concordancias": [
        {
          "referencia": "Mateus 21.32",
          "texto": "vendo isso, nem depois vos À. para o crer."
        }
      ]
    }
  ]
}