{
  "a": [
    {
      "palavra": "abre",
      "veja tambem": ["abrir", "destrancar"],
      "ocorrencias": 31,
      "fonte": "Strong's H6605 (פָּתַח/pathach)",
      "concordancias": [
        {
          "referencia": "Êxodo 13.15",
          "texto": "Senhor os machos de tudo o que A. a madre; porém,"
        },
        {
          "referencia": "Êxodo 34.19",
          "texto": "Tudo o que A. a madre meu é; até todo o teu gado,"
        },
        {
          "referencia": "Números 3.12",
          "texto": "de todo o primogênito que A. a madre, entre os"
        },
        {
          "referencia": "Números 8.16",
          "texto": "em lugar de todo aquele que À. a madre, do"
        },
        {
          "referencia": "2 Reis 6.20",
          "texto": "disse Eliseu: Ó Senhor, A. a estes os olhos"
        },
        {
          "referencia": "2 Reis 9.3",
          "texto": "Ungi-te rei sobre Israel. Então, A.a porta, e"
        },
        {
          "referencia": "2 Reis 13.17",
          "texto": "E disse: A. a janela para o oriente. E abriu-a."
        },
        {
          "referencia": "2 Reis 19.16",
          "texto": "Senhor, o teu ouvido e ouve; Á., Senhor, os teus"
        },
        {
          "referencia": "Jó 27.19",
          "texto": "e não será recolhido; seus olhos Á. e ele não será."
        },
        {
          "referencia": "Jó 33.16",
          "texto": "então, Á. os ouvidos dos homens, e lhes sela a sua ins-"
        },
        {
          "referencia": "Jó 35.16",
          "texto": "logo, Jó em vão Á. a sua boca e sem ciência"
        },
        {
          "referencia": "Salmos 51.15",
          "texto": "A., Senhor, os meus lábios, e a minha boca entoará"
        },
        {
          "referencia": "S181.10",
          "texto": "te tirei da terra do Egito; A. bem a tua boca, e"
        },
        {
          "referencia": "ry 13.3",
          "texto": "a sua alma, mas o que muito Á. os lábios tem pertur-"
        },
        {
          "referencia": "Provérbios 20.13",
          "texto": "para que não empobreças; À. os teus olhos e te"
        },
        {
          "referencia": "Provérbios 31.8",
          "texto": "À. a tua boca a favor do mudo, pelo direito de"
        },
        {
          "referencia": "Provérbios 31.9",
          "texto": "A, a tua boca, julga retamente e faze justiça aos"
        },
        {
          "referencia": "Provérbios 31.20",
          "texto": "A. a mão ao aflito; e ao necessitado estende as mãos."
        },
        {
          "referencia": "Provérbios 31.26",
          "texto": "À, a boca com sabedoria, e a lei da beneficência"
        },
        {
          "referencia": "Cânticos 7.12",
          "texto": "se florescem as vides, se se A. a flor, se já"
        },
        {
          "referencia": "Isaías 28.24",
          "texto": "o lavrador, para semear? Ou À, e esterroa todo o"
        },
        {
          "referencia": "Isaías 37.17",
          "texto": "ó Senhor, os ouvidos e ouve; Á., Senhor, os olhos"
        },
        {
          "referencia": "Jeremias 22.14",
          "texto": "e aposentos largos, e lhe A. janelas, e está"
        },
        {
          "referencia": "Ezequiel 2.8",
          "texto": "rebelde como a casa rebelde; A. a boca e come o"
        },
        {
          "referencia": "Ezequiel 20.26",
          "texto": "passar pelo fogo tudo o que A. a madre; para os"
        },
        {
          "referencia": "Daniel 9.18",
          "texto": "meu, os teus ouvidos e ouve; À. os teus olhos e"
        },
        {
          "referencia": "Zacarias 11.1",
          "texto": "A., ó Líbano, as tuas portas para que o fogo"
        },
        {
          "referencia": "Mateus 7.8",
          "texto": "e o que busca encontra; e, ao que bate, se A.."
        },
        {
          "referencia": "Jó 10.3",
          "texto": "A este o porteiro Á., e as ovelhas ouvem a sua voz,"
        },
        {
          "referencia": "Apocalipse 3.7",
          "texto": "que tem a chave de Davi, o que Á., e ninguém fecha,"
        },
        {
          "referencia": "Apocalipse 3.7",
          "texto": "oque Á., e ninguém fecha, e fecha, e ninguém Á.:"
        }
      ]
    },
    {
      "palavra": "abre-me",
      "veja tambem": ["abrir"],
      "ocorrencias": 1,
      "fonte": "Strong's H6605 (פָּתַח/pathach)",
      "concordancias": [
        {
          "referencia": "Cânticos 5.2",
          "texto": "meu amado, que estava batendo: Á., irmã minha,"
        }
      ]
    },
    {
      "palavra": "abre-nos",
      "veja tambem": [],
      "ocorrencias": 2,
      "fonte": "",
      "concordancias": [
        {
          "referencia": "Mateus 25.11",
          "texto": "virgens, dizendo: Senhor, senhor, A. a porta!"
        },
        {
          "referencia": "Lucas 13.25",
          "texto": "porta, dizendo: Senhor, Senhor, A.; e,"
        }
      ]
    },
    {
      "palavra": "abre-te",
      "veja tambem": ["abrir"],
      "ocorrencias": 1,
      "fonte": "Strong's H6605 (פָּתַח/pathach)",
      "concordancias": [
        {
          "referencia": "Marcos 7.34",
          "texto": "olhos ao céu, suspirou e disse: Efatá, isto é, Å.."
        }
      ]
    },
    {
      "palavra": "abrem",
      "veja tambem": [],
      "ocorrencias": 3,
      "fonte": "",
      "concordancias": [
        {
          "referencia": "Jó 16.10",
          "texto": "À, a boca contra mim; com desprezo me feriram nos"
        },
        {
          "referencia": "S135.21",
          "texto": "A, a boca de par em par contra mim e dizem: Ah!"
        },
        {
          "referencia": "Lamentações 2.16",
          "texto": "Todos os teus inimigos A. a boca contra ti,"
        }
      ]
    },
    {
      "palavra": "abres",
      "veja tambem": [],
      "ocorrencias": 3,
      "fonte": "",
      "concordancias": [
        {
          "referencia": "Jó 14.3",
          "texto": "E sobre este tal À, os teus olhos, e a mim me"
        },
        {
          "referencia": "SI 104.28",
          "texto": "tu, eles o recolhem; À. a tua mão, e"
        },
        {
          "referencia": "S1145.16",
          "texto": "A. a mão e satisfazes os desejos de todos os viventes."
        }
      ]
    },
    {
      "palavra": "abrevia",
      "veja tambem": [
        "abreviar"
      ],
      "ocorrencias": 1,
      "fonte": "",
      "concordancias": [
        {
          "referencia": "1 Coríntios 7.29",
          "texto": "digo, irmãos: que o tempo se À.; o que resta é"
        }
      ]
    },
    {
      "palavra": "abreviadamente",
      "veja tambem": [],
      "ocorrencias": 2,
      "fonte": "",
      "concordancias": [
        {
          "referencia": "Hebreus 13.22",
          "texto": "desta exortação; porque Á. vos escrevi."
        },
        {
          "referencia": "1 Pedro 5.12",
          "texto": "irmão, como cuido, escrevi Á.,"
        }
      ]
    },
    {
      "palavra": "abreviados",
      "veja tambem": [
        "abreviar"
      ],
      "ocorrencias": 3,
      "fonte": "",
      "concordancias": [
        {
          "referencia": "Provérbios 10.27",
          "texto": "os dias, mas os anos dos ímpios serão Á.."
        },
        {
          "referencia": "Mateus 24.22",
          "texto": "se aqueles dias não fossem A., nenhuma carne"
        },
        {
          "referencia": "Mateus 24.22",
          "texto": "por causa dos escolhidos, serão A. aqueles dias."
        }
      ]
    },
    {
      "palavra": "abreviando-a",
      "veja tambem": [
        "abreviar"
      ],
      "ocorrencias": 1,
      "fonte": "",
      "concordancias": [
        {
          "referencia": "Romanos 9.28",
          "texto": "palavra sobre a terra, completando-a e A.."
        }
      ]
    },
    {
      "palavra": "abreviasse",
      "veja tambem": [
        "abreviar"
      ],
      "ocorrencias": 1,
      "fonte": "",
      "concordancias": [
        {
          "referencia": "Marcos 13.20",
          "texto": "E, se o Senhor não À. aqueles dias, nenhuma"
        }
      ]
    },
    {
      "palavra": "abreviaste",
      "veja tambem": [
        "abreviar"
      ],
      "ocorrencias": 1,
      "fonte": "",
      "concordancias": [
        {
          "referencia": "S189.45",
          "texto": "A. os dias da sua mocidade; cobriste-o de"
        }
      ]
    },
    {
      "palavra": "arrependeu",
      "veja tambem": [
        "arrepender"
      ],
      "ocorrencias": 8,
      "fonte": "",
      "concordancias": [
        {
          "referencia": "Juízes 21.15",
          "texto": "Então, o povo se 4. por causa de Benjamim,"
        },
        {
          "referencia": "1 Samuel 15.35",
          "texto": "dó de Saul. E o Senhor se A, de que pusera"
        },
        {
          "referencia": "2 Samuel 24.16",
          "texto": "para a destruir, o Senhor se A. daquele"
        },
        {
          "referencia": "1 Crônicas 21.15",
          "texto": "ele, o Senhor o viu, e se À. daquele"
        },
        {
          "referencia": "Jeremias 26.19",
          "texto": "o favor do Senhor? E o Senhor se A. do mal"
        },
        {
          "referencia": "Amós 7.3",
          "texto": "Então, o Senhor se À, disso. Não acontecerá,"
        },
        {
          "referencia": "Jonas 3.10",
          "texto": "seu mau caminho; e Deus se À. do mal que"
        },
        {
          "referencia": "Apocalipse 2.21",
          "texto": "arrependesse da sua prostituição; e não se A.."
        }
      ]
    },
    {
      "palavra": "arrependeu-se",
      "veja tambem": [
        "arrepender"
      ],
      "ocorrencias": 2,
      "fonte": "",
      "concordancias": [
        {
          "referencia": "Gênesis 6.6",
          "texto": "Então, Á. o Senhor de haver feito o homem"
        },
        {
          "referencia": "Êxodo 32.14",
          "texto": "Então, o Senhor A. do mal que dissera que"
        }
      ]
    },
    {
      "palavra": "arrependi",
      "veja tambem": [],
      "ocorrencias": 2,
      "fonte": "",
      "concordancias": [
        {
          "referencia": "Jeremias 4.28",
          "texto": "disse, assim o propus e não me A. nem me"
        },
        {
          "referencia": "Zacarias 8.14",
          "texto": "à ira, diz o Senhor dos Exércitos, e não me A.,"
        }
      ]
    },
    {
      "palavra": "arrependia",
      "veja tambem": [
        "arrepender"
      ],
      "ocorrencias": 1,
      "fonte": "",
      "concordancias": [
        {
          "referencia": "Juízes 2.18",
          "texto": "juiz; porquanto o Senhor se Á, pelo seu"
        }
      ]
    },
    {
      "palavra": "arrependido",
      "veja tambem": [
        "arrepender"
      ],
      "ocorrencias": 6,
      "fonte": "",
      "concordancias": [
        {
          "referencia": "Jeremias 42.10",
          "texto": "vos arrancarei, porque estou À. do mal que"
        },
        {
          "referencia": "Mateus 11.20",
          "texto": "seus prodígios o não se haverem A., dizendo:"
        },
        {
          "referencia": "Mateus 11.21",
          "texto": "fizeram, há muito que se teriam Á. com pano"
        },
        {
          "referencia": "Mateus 27.3",
          "texto": "que fora condenado, trouxe, Á., as"
        },
        {
          "referencia": "Lucas 10.13",
          "texto": "saco de pano grosseiro e cinza, se teriam Á.,"
        },
        {
          "referencia": "2 Coríntios 7.8",
          "texto": "embora já me tivesse À. por ver que"
        }
      ]
    },
    {
      "palavra": "arrependimento",
      "veja tambem": [],
      "ocorrencias": 23,
      "fonte": "",
      "concordancias": [
        {
          "referencia": "Jeremias 31.19",
          "texto": "depois que me converti, tive A, e,"
        },
        {
          "referencia": "Oséias 13.14",
          "texto": "ó inferno, a tua perdição? O 4. será"
        },
        {
          "referencia": "Mateus 3.8",
          "texto": "Produzi, pois, frutos dignos de A,"
        },
        {
          "referencia": "Mateus 3.11",
          "texto": "vos batizo com água, para o A.; mas"
        },
        {
          "referencia": "Mateus 9.13",
          "texto": "chamar os justos, mas os pecadores, ao A.."
        },
        {
          "referencia": "Marcos 1.4",
          "texto": "e pregando o batismo de A., para"
        },
        {
          "referencia": "Lucas 3.3",
          "texto": "pregando o batismo de Á., para o"
        },
        {
          "referencia": "Lucas 3.8",
          "texto": "pois, frutos dignos de A. e não"
        },
        {
          "referencia": "Lucas 5.32",
          "texto": "os justos, mas sim os pecadores, ao Á.."
        },
        {
          "referencia": "Lucas 15.7",
          "texto": "e nove justos que não necessitam de Á.."
        },
        {
          "referencia": "Lucas 24.47",
          "texto": "em seu nome, se pregasseo À. ea"
        },
        {
          "referencia": "Atos 5.31",
          "texto": "Salvador, para dar a Israel o À. e"
        },
        {
          "referencia": "Atos 13.24",
          "texto": "a todo o povo de Israel o batismo do A.."
        },
        {
          "referencia": "Atos 19.4",
          "texto": "batizou com o batismo do A., dizendo"
        },
        {
          "referencia": "Atos 26.20",
          "texto": "a Deus, fazendo obras dignas de A.."
        },
        {
          "referencia": "Romanos 2.4",
          "texto": "que a benignidade de Deus te leva ao A.?"
        },
        {
          "referencia": "Romanos 11.29",
          "texto": "os dons e a vocação de Deus são sem A.."
        },
        {
          "referencia": "2 Coríntios 7.9",
          "texto": "fostes contristados para o À.; pois"
        },
        {
          "referencia": "2 Coríntios 7.10",
          "texto": "segundo Deus opera À. para a"
        },
        {
          "referencia": "2 Timóteo 2.25",
          "texto": "porventura, Deus lhes dará 4. para"
        },
        {
          "referencia": "Hebreus 6.1",
          "texto": "de novo o fundamento do À, de obras"
        },
        {
          "referencia": "Hebreus 6.6",
          "texto": "outra vez renovados para À.; pois"
        },
        {
          "referencia": "Hebreus 12.17",
          "texto": "porque não achou lugar de A., ainda"
        }
      ]
    },
    {
      "palavra": "arrependo",
      "veja tambem": [
        "arrepender"
      ],
      "ocorrencias": 3,
      "fonte": "",
      "concordancias": [
        {
          "referencia": "Gênesis 6.7",
          "texto": "e até à ave dos céus; porque me Á. de os"
        },
        {
          "referencia": "Jó 42.6",
          "texto": "Por isso, me abomino e me A. no pó e na cinza."
        },
        {
          "referencia": "2 Coríntios 7.8",
          "texto": "com a minha carta, não me Á., embora já me"
        }
      ]
    },
    {
      "palavra": "arrependo-me",
      "veja tambem": [
        "arrepender"
      ],
      "ocorrencias": 2,
      "fonte": "",
      "concordancias": [
        {
          "referencia": "1 Samuel 15.11",
          "texto": "A. de haver posto a Saul como rei;"
        },
        {
          "referencia": "Lucas 17.4",
          "texto": "vier ter contigo, dizendo: Á., perdoa-lhe."
        }
      ]
    },
    {
      "palavra": "arrepiar",
      "veja tambem": [],
      "ocorrencias": 2,
      "fonte": "",
      "concordancias": [
        {
          "referencia": "Top 406",
          "texto": "posição; Palavras Relacionadas: (arrepiou-1); Total de"
        },
        {
          "referencia": "Jó 4.15",
          "texto": "por diante de mim; fez-me A, os cabelos da"
        }
      ]
    },
    {
      "palavra": "arrepiou",
      "veja tambem": [
        "arrepiar"
      ],
      "ocorrencias": 1,
      "fonte": "",
      "concordancias": [
        {
          "referencia": "SI 119.120",
          "texto": "O meu corpo se À. com temor de ti, e temi os"
        }
      ]
    }
  ]
}