{
  "a": [
    {
      "palavra": "arrimou-se",
      "veja tambem": ["arrimar", "apoiar"],
      "ocorrencias": 1,
      "fonte": "Strong's H8172 (שָׁעַן/sha'an)",
      "concordancias": [
        {
          "referencia": "Juízes 16.29",
          "texto": "em que se sustinha a casa, e Á. sobre elas,"
        }
      ]
    },
    {
      "palavra": "arrisca-se",
      "veja tambem": ["arriscar", "atrever-se"],
      "ocorrencias": 1,
      "fonte": "Strong's H6148 (עָרַב/arab)",
      "concordancias": [
        {
          "referencia": "Isaías 59.15",
          "texto": "e quem se desvia do mal Á. a ser"
        }
      ]
    },
    {
      "palavra": "arriscareis",
      "veja tambem": [],
      "ocorrencias": 1,
      "fonte": "",
      "concordancias": [
        {
          "referencia": "Daniel 1.10",
          "texto": "que são vossos iguais? Assim, Á. a minha"
        }
      ]
    },
    {
      "palavra": "arrogante",
      "veja tambem": [],
      "ocorrencias": 1,
      "fonte": "",
      "concordancias": [
        {
          "referencia": "Isaías 10.12",
          "texto": "então, visitarei o fruto do A. coração do"
        }
      ]
    },
    {
      "palavra": "arrogantemente",
      "veja tambem": [],
      "ocorrencias": 2,
      "fonte": "",
      "concordancias": [
        {
          "referencia": "S173.8",
          "texto": "maliciosamente de opressão; falam A.."
        },
        {
          "referencia": "Jeremias 50.29",
          "texto": "fez, fazei-lhe; porque se houve Å."
        }
      ]
    },
    {
      "palavra": "arrogantes",
      "veja tambem": [
        "arrogante"
      ],
      "ocorrencias": 2,
      "fonte": "",
      "concordancias": [
        {
          "referencia": "2 Pedro 2.18",
          "texto": "porque, falando coisas mui A. de vaidades,"
        },
        {
          "referencia": "Judas 1.16",
          "texto": "e cuja boca diz coisas mui A., admirando"
        }
      ]
    },
    {
      "palavra": "arroja",
      "veja tambem": [
        "arrojar"
      ],
      "ocorrencias": 1,
      "fonte": "",
      "concordancias": [
        {
          "referencia": "Zacarias 11.13",
          "texto": "O Senhor, pois, me disse: A. isso ao oleiro, esse"
        }
      ]
    },
    {
      "palavra": "arrojada",
      "veja tambem": [
        "arrojado"
      ],
      "ocorrencias": 3,
      "fonte": "",
      "concordancias": [
        {
          "referencia": "Isaías 54.11",
          "texto": "Ó oprimida, A, com a tormenta e desconsolada!"
        },
        {
          "referencia": "Amós 8.8",
          "texto": "toda como o grande rio, e será Á., ese"
        },
        {
          "referencia": "Miquéias 4.7",
          "texto": "e da que tinha sido A. para longe, uma"
        }
      ]
    },
    {
      "palavra": "arrojado",
      "veja tambem": [],
      "ocorrencias": 2,
      "fonte": "",
      "concordancias": [
        {
          "referencia": "2 Samuel 1.21",
          "texto": "pois aí desprezivelmente foi A, o escudo dos"
        },
        {
          "referencia": "Jeremias 23.8",
          "texto": "terras para onde os tinha A.. E habitarão na"
        }
      ]
    },
    {
      "palavra": "arrojados",
      "veja tambem": [
        "arrojado"
      ],
      "ocorrencias": 1,
      "fonte": "",
      "concordancias": [
        {
          "referencia": "Jeremias 22.28",
          "texto": "fora, ele e a sua geração, e À. para uma"
        }
      ]
    },
    {
      "palavra": "arrojai",
      "veja tambem": [
        "arrojar"
      ],
      "ocorrencias": 1,
      "fonte": "",
      "concordancias": [
        {
          "referencia": "Josué 10.18",
          "texto": "Disse, pois, Josué: A. grandes pedras à boca da"
        }
      ]
    },
    {
      "palavra": "arrojando",
      "veja tambem": [
        "arrojar"
      ],
      "ocorrencias": 1,
      "fonte": "",
      "concordancias": [
        {
          "referencia": "Atos 22.23",
          "texto": "E, clamando eles, e A. de si as vestes, e"
        }
      ]
    },
    {
      "palavra": "arrojará",
      "veja tambem": [],
      "ocorrencias": 2,
      "fonte": "",
      "concordancias": [
        {
          "referencia": "1 Samuel 25.29",
          "texto": "a vida de teus inimigos se Á. ao longe,"
        },
        {
          "referencia": "Isaías 22.17",
          "texto": "Eis que o Senhor te Å. violentamente como um"
        }
      ]
    },
    {
      "palavra": "arrojarei",
      "veja tambem": [
        "ar-"
      ],
      "ocorrencias": 2,
      "fonte": "",
      "concordancias": [
        {
          "referencia": "Jeremias 7.15",
          "texto": "E vos À, da minha presença, como arrojei a"
        },
        {
          "referencia": "Jeremias 10.18",
          "texto": "o Senhor: Eis que desta vez A., como se fora"
        }
      ]
    },
    {
      "palavra": "arrojavam",
      "veja tambem": [
        "arrojar"
      ],
      "ocorrencias": 1,
      "fonte": "",
      "concordancias": [
        {
          "referencia": "Marcos 3.10",
          "texto": "quantos tinham algum mal se 4. sobre ele, para"
        }
      ]
    },
    {
      "palavra": "arrojei",
      "veja tambem": [],
      "ocorrencias": 4,
      "fonte": "",
      "concordancias": [
        {
          "referencia": "Deuteronômio 9.17",
          "texto": "peguei das duas tábuas, e as 4. de ambas as"
        },
        {
          "referencia": "Jeremias 7.15",
          "texto": "da minha presença, como A. a todos os vossos"
        },
        {
          "referencia": "Jeremias 24.9",
          "texto": "uma maldição em todos os lugares para onde os Á.."
        },
        {
          "referencia": "Zacarias 11.13",
          "texto": "as trinta moedas de prata e as À. ao oleiro, na"
        }
      ]
    },
    {
      "palavra": "arrolados",
      "veja tambem": [],
      "ocorrencias": 2,
      "fonte": "",
      "concordancias": [
        {
          "referencia": "Êxodo 38.25",
          "texto": "e a prata dos À. da congregação foram cem"
        },
        {
          "referencia": "Êxodo 38.26",
          "texto": "de qualquer que passava aos A., da idade de"
        }
      ]
    },
    {
      "palavra": "arrolamento",
      "veja tambem": [],
      "ocorrencias": 3,
      "fonte": "",
      "concordancias": [
        {
          "referencia": "Êxodo 30.13",
          "texto": "todo aquele que passar ao Á.: a metade de"
        },
        {
          "referencia": "Êxodo 30.14",
          "texto": "Qualquer que entrar no A., de vinte anos"
        },
        {
          "referencia": "2 Reis 12.4",
          "texto": "dinheiro daquele que passa o A., o dinheiro"
        }
      ]
    },
    {
      "palavra": "arrombada",
      "veja tambem": [
        "arrombar"
      ],
      "ocorrencias": 2,
      "fonte": "",
      "concordancias": [
        {
          "referencia": "2 Reis 25.4",
          "texto": "então, a cidade foi A., e todos os homens de"
        },
        {
          "referencia": "Mateus 24.43",
          "texto": "vigiaria e não deixaria que fosse A. a sua casa."
        }
      ]
    },
    {
      "palavra": "arrombar",
      "veja tambem": [],
      "ocorrencias": 1,
      "fonte": "",
      "concordancias": [
        {
          "referencia": "Gênesis 19.9",
          "texto": "sobre Ló, e aproximaram-se para A. a porta."
        }
      ]
    },
    {
      "palavra": "arroteador",
      "veja tambem": [],
      "ocorrencias": 1,
      "fonte": "",
      "concordancias": [
        {
          "referencia": "Mg 2.13",
          "texto": "Subirá diante deles o A.; eles romperão, e"
        }
      ]
    },
    {
      "palavra": "arruda",
      "veja tambem": [],
      "ocorrencias": 1,
      "fonte": "",
      "concordancias": [
        {
          "referencia": "Lucas 1142",
          "texto": "que dizimais a hortelã, ea A., etoda"
        }
      ]
    },
    {
      "palavra": "arruinada",
      "veja tambem": [],
      "ocorrencias": 2,
      "fonte": "",
      "concordancias": [
        {
          "referencia": "Isaías 23.13",
          "texto": "os seus Es mas já está Á. de todo."
        },
        {
          "referencia": "Jeremias 51.8",
          "texto": "caiu a Babilônia e ficou A; gemei sobre"
        }
      ]
    },
    {
      "palavra": "arruinado",
      "veja tambem": [
        "arruinar"
      ],
      "ocorrencias": 1,
      "fonte": "",
      "concordancias": [
        {
          "referencia": "Sofonias 1.11",
          "texto": "todo o povo de Canaã está A., todos os"
        }
      ]
    },
    {
      "palavra": "arruinados",
      "veja tambem": [
        "ar-"
      ],
      "ocorrencias": 1,
      "fonte": "",
      "concordancias": [
        {
          "referencia": "Jeremias 9.19",
          "texto": "ouviu de Sião: Como estamos A.! Estamos mui"
        }
      ]
    },
    {
      "palavra": "arruinaram",
      "veja tambem": [
        "ar-"
      ],
      "ocorrencias": 1,
      "fonte": "",
      "concordancias": [
        {
          "referencia": "2 Crônicas 24.7",
          "texto": "Atalia fmpia, seus filhos À. a Casa de"
        }
      ]
    },
    {
      "palavra": "arruinares",
      "veja tambem": [
        "arruinar"
      ],
      "ocorrencias": 1,
      "fonte": "",
      "concordancias": [
        {
          "referencia": "Jeremias 1.10",
          "texto": "e para destruíres, e para Á,; e também"
        }
      ]
    },
    {
      "palavra": "arruinaste",
      "veja tambem": [
        "arruinar"
      ],
      "ocorrencias": 0,
      "fonte": "",
      "concordancias": []
    },
    {
      "palavra": "arruíne",
      "veja tambem": [
        "arruinar"
      ],
      "ocorrencias": 1,
      "fonte": "",
      "concordancias": [
        {
          "referencia": "2 Samuel 20.20",
          "texto": "longe de mim que eu tal faça, que eu devore ou À.!"
        }
      ]
    },
    {
      "palavra": "arsa",
      "veja tambem": [],
      "ocorrencias": 1,
      "fonte": "",
      "concordancias": [
        {
          "referencia": "1 Reis 16.9",
          "texto": "e embriagando-se em casa de Á., mordomo em Tir-"
        }
      ]
    },
    {
      "palavra": "artaxerxes",
      "veja tambem": [],
      "ocorrencias": 15,
      "fonte": "",
      "concordancias": [
        {
          "referencia": "Esdras 4.7",
          "texto": "E, nos dias de Á., escreveu Bislão"
        },
        {
          "referencia": "Esdras 4.7",
          "texto": "e os outros da sua companhia a Å., reida"
        },
        {
          "referencia": "Esdras 4.8",
          "texto": "carta contra Jerusalém, ao rei Á., nesta maneira."
        },
        {
          "referencia": "Esdras 4.11",
          "texto": "éo teor da carta que ao rei A. lhe mandaram:"
        },
        {
          "referencia": "Esdras 4.23",
          "texto": "que a cópia da carta do rei A. se leu perante"
        },
        {
          "referencia": "Esdras 6.14",
          "texto": "de Ciro, e de Dario, e de A., rei da Pérsia."
        },
        {
          "referencia": "Esdras 7.1",
          "texto": "essas coisas, no reinado de Á., rei da"
        },
        {
          "referencia": "Esdras 7.7",
          "texto": "e dos netineus, no ano sétimo do rei Á.."
        },
        {
          "referencia": "Esdras 7.11",
          "texto": "a cópia da carta que o rei A. deu ao"
        },
        {
          "referencia": "Esdras 7.12",
          "texto": "Á., rei dos reis, ao sacerdote Esdras,"
        },
        {
          "referencia": "Esdras 7.21",
          "texto": "E por mim mesmo, o rei A., se decreta a todos"
        },
        {
          "referencia": "Esdras 8.1",
          "texto": "comigo de Babilônia no reinado do rei A.:"
        },
        {
          "referencia": "Neemias 2.1",
          "texto": "nisã, no ano vigésimo do rei Á., que estava"
        },
        {
          "referencia": "Neemias 5.14",
          "texto": "ao ano trinta e dois do rei A., doze anos,"
        },
        {
          "referencia": "Neemias 13.6",
          "texto": "no ano trinta e dois de Á., rei de"
        }
      ]
    },
    {
      "palavra": "artelhos",
      "veja tambem": [],
      "ocorrencias": 3,
      "fonte": "",
      "concordancias": [
        {
          "referencia": "2 Samuel 22.37",
          "texto": "debaixo de mim, e não vacilaram os meus A.."
        },
        {
          "referencia": "Daniel 241",
          "texto": "ao que viste dos pés e dos Á., em parte de"
        },
        {
          "referencia": "Daniel 2.42",
          "texto": "E, como os A. eram em parte de ferro e em parte"
        }
      ]
    },
    {
      "palavra": "ártemas",
      "veja tambem": [],
      "ocorrencias": 1,
      "fonte": "",
      "concordancias": [
        {
          "referencia": "Tito 3.12",
          "texto": "Quando te enviar Á. ou Tíquico, procura vir ter"
        }
      ]
    },
    {
      "palavra": "artes",
      "veja tambem": [
        "arte"
      ],
      "ocorrencias": 2,
      "fonte": "",
      "concordancias": [
        {
          "referencia": "Atos 8.11",
          "texto": "desde muito tempo os havia iludido com A. mágicas."
        },
        {
          "referencia": "Atos 19.19",
          "texto": "muitos dos que seguiam A. mágicas trouxeram os"
        }
      ]
    },
    {
      "palavra": "artifice",
      "veja tambem": [],
      "ocorrencias": 15,
      "fonte": "",
      "concordancias": [
        {
          "referencia": "Êxodo 29.5",
          "texto": "e o cingirás com o cinto de obra de A. do éfode."
        },
        {
          "referencia": "Êxodo 38.23",
          "texto": "um mestre de obra, e engenhoso A., e bordador"
        },
        {
          "referencia": "Êxodo 29.8",
          "texto": "o peitoral de obra de A., como a obra do"
        },
        {
          "referencia": "Deuteronômio 27.15",
          "texto": "ao Senhor, obra da mão do Á., e a puser em"
        },
        {
          "referencia": "Isaías 29.16",
          "texto": "e a obra dissesse do seu 4.: Não me fez; e"
        },
        {
          "referencia": "Isaías 40.19",
          "texto": "O A, grava a imagem, e o ourives a cobre de"
        },
        {
          "referencia": "Isaías 40.20",
          "texto": "madeira que não se corrompe; A. sábio busca,"
        },
        {
          "referencia": "Isaías 41.7",
          "texto": "E o À. animou o ourives, e o que alisa com o"
        },
        {
          "referencia": "Jeremias 10.3",
          "texto": "um madeiro, obra das mãos do A., com machado."
        },
        {
          "referencia": "Jeremias 10.9",
          "texto": "e ouro de Ufaz, trabalho do A. e das mãos do"
        },
        {
          "referencia": "Oséias 8.6",
          "texto": "isso é mesmo de Israel; um Á. o fez, e não é"
        },
        {
          "referencia": "Habacuque 2.18",
          "texto": "que esculpiu o seu A,? E a imagem de"
        },
        {
          "referencia": "Habacuque 2.18",
          "texto": "ensina a mentira, para que o À, confie na"
        },
        {
          "referencia": "Hebreus 11.10",
          "texto": "tem fundamentos, da qual o À. e construtor é Deus."
        },
        {
          "referencia": "Apocalipse 18.22",
          "texto": "e de trombeteiros, e nenhum 4. de arte"
        }
      ]
    },
    {
      "palavra": "artifices",
      "veja tambem": [],
      "ocorrencias": 12,
      "fonte": "",
      "concordancias": [
        {
          "referencia": "1 Crônicas 4.14",
          "texto": "a Joabe, pai dos do vale dos Á., porque foram A.."
        },
        {
          "referencia": "1 Crônicas 4.14",
          "texto": "pai dos do vale dos A., porque foram A.."
        },
        {
          "referencia": "1 Crônicas 22.15",
          "texto": "em multidão, e cortadores, e A. em obra de"
        },
        {
          "referencia": "1 Crônicas 29.5",
          "texto": "e para toda obra de mãos Á.. Quem, pois,"
        },
        {
          "referencia": "Esdras 3.7",
          "texto": "o dinheiro aos cortadores e A., como também"
        },
        {
          "referencia": "Neemias 11.35",
          "texto": "em Lode e em Ono, no vale dos A.."
        },
        {
          "referencia": "Isaías 3.3",
          "texto": "eo sábio entre os A., eo eloquente;"
        },
        {
          "referencia": "Isaías 44.9",
          "texto": "Todos os À. de imagens de escultura são"
        },
        {
          "referencia": "Isaías 44.11",
          "texto": "confundidos, pois os mesmos Á. são dentre os"
        },
        {
          "referencia": "Oséias 13.2",
          "texto": "entendimento, todos obra de Á., dos quais"
        },
        {
          "referencia": "Atos 19.24",
          "texto": "nichos de Diana, dava não pouco lucro aos A.,"
        },
        {
          "referencia": "Atos 19.38",
          "texto": "Mas, se Demétrio e os À, que estão com ele têm"
        }
      ]
    },
    {
      "palavra": "artificial",
      "veja tambem": [],
      "ocorrencias": 1,
      "fonte": "",
      "concordancias": [
        {
          "referencia": "Neemias 3.16",
          "texto": "de Davi, e até ao viveiro Å., eatéà"
        }
      ]
    },
    {
      "palavra": "artificialmente",
      "veja tambem": [
        "artificial"
      ],
      "ocorrencias": 1,
      "fonte": "",
      "concordancias": [
        {
          "referencia": "2 Pedro 1.16",
          "texto": "Cristo, seguindo fábulas Á."
        }
      ]
    }
  ]
}