{
  "a": [
    {
      "palavra": "artificio",
      "veja tambem": ["arte", "técnica"],
      "ocorrencias": 9,
      "fonte": "Strong's H4284 (מְזִמָּה/mezimmah)",
      "concordancias": [
        {
          "referencia": "Êxodo 31.3",
          "texto": "e de entendimento, e de ciência em todo Á.,"
        },
        {
          "referencia": "Êxodo 31.5",
          "texto": "pedras para engastar, e em À, de madeira,"
        },
        {
          "referencia": "Êxodo 35.31",
          "texto": "de sabedoria, entendimento e ciência em todo A.,"
        },
        {
          "referencia": "Êxodo 35.33",
          "texto": "e em À, de pedras para engastar, e em"
        },
        {
          "referencia": "Êxodo 35.33",
          "texto": "pedras para engastar, e em A. de madeira,"
        },
        {
          "referencia": "Êxodo 39.5",
          "texto": "E o cinto de À, do éfode, que estava sobre"
        },
        {
          "referencia": "Êxodo 39.20",
          "texto": "da sua juntura, sobre o cinto de A. do éfode."
        },
        {
          "referencia": "Êxodo 39.21",
          "texto": "estivesse sobre o cinto de Á, do éfode, e o"
        },
        {
          "referencia": "Atos 17.29",
          "texto": "prata, ou à pedra esculpida por A. e"
        }
      ]
    },
    {
      "palavra": "artifícios",
      "veja tambem": [
        "artifício"
      ],
      "ocorrencias": 1,
      "fonte": "",
      "concordancias": [
        {
          "referencia": "Jó 18.2",
          "texto": "Até quando usareis A. em vez de palavras?"
        }
      ]
    },
    {
      "palavra": "artista",
      "veja tambem": ["artífice", "artesanato"],
      "ocorrencias": 0,
      "fonte": "Strong's H2796 (חָרָשׁ/charash)",
      "concordancias": []
    },
    {
      "palavra": "arubote",
      "veja tambem": [],
      "ocorrencias": 1,
      "fonte": "",
      "concordancias": [
        {
          "referencia": "1 Reis 4.10",
          "texto": "Ben-Hesede, em A.; também este tinha a Socó e a"
        }
      ]
    },
    {
      "palavra": "arumá",
      "veja tambem": [],
      "ocorrencias": 1,
      "fonte": "",
      "concordancias": [
        {
          "referencia": "Juízes 9.41",
          "texto": "E Abimeleque ficou em Á.. E Zebul expeliu a Gaal e"
        }
      ]
    },
    {
      "palavra": "arvade",
      "veja tambem": [],
      "ocorrencias": 2,
      "fonte": "",
      "concordancias": [
        {
          "referencia": "Ezequiel 27.8",
          "texto": "Os moradores de Sidom e de 4, foram os teus"
        },
        {
          "referencia": "Ezequiel 27.11",
          "texto": "Os filhos de Á, e o teu exército estavam sobre os"
        }
      ]
    },
    {
      "palavra": "arvadeu",
      "veja tambem": [],
      "ocorrencias": 0,
      "fonte": "",
      "concordancias": []
    },
    {
      "palavra": "arvadeus",
      "veja tambem": [],
      "ocorrencias": 0,
      "fonte": "",
      "concordancias": []
    },
    {
      "palavra": "arvorai",
      "veja tambem": [],
      "ocorrencias": 5,
      "fonte": "",
      "concordancias": [
        {
          "referencia": "Isaías 62.10",
          "texto": "a estrada, limpai-a das pedras; A. a bandeira"
        },
        {
          "referencia": "Jeremias 4.6",
          "texto": "A. a bandeira para Sião, fugi para salvação"
        },
        {
          "referencia": "Jeremias 50.2",
          "texto": "as nações, e fazei ouvir, eÀ. um estandarte, e"
        },
        {
          "referencia": "Jeremias 51.12",
          "texto": "À, um estandarte sobre os muros de Babilônia,"
        },
        {
          "referencia": "Jeremias 51.27",
          "texto": "A. um estandarte na terra, tocai a buzina entre"
        }
      ]
    },
    {
      "palavra": "arvorar",
      "veja tambem": [],
      "ocorrencias": 1,
      "fonte": "",
      "concordancias": [
        {
          "referencia": "Isaías 18.3",
          "texto": "moradores da terra, quando se À, a bandeira nos"
        }
      ]
    },
    {
      "palavra": "arvorará",
      "veja tambem": [
        "ar-"
      ],
      "ocorrencias": 2,
      "fonte": "",
      "concordancias": [
        {
          "referencia": "Isaías 5.26",
          "texto": "E ele À, o estandarte ante as nações de longe e"
        },
        {
          "referencia": "Isaías 59.19",
          "texto": "de águas, o Espírito do Senhor A. contra ele a"
        }
      ]
    },
    {
      "palavra": "arvorarei",
      "veja tambem": [
        "arvorar"
      ],
      "ocorrencias": 1,
      "fonte": "",
      "concordancias": [
        {
          "referencia": "Isaías 49.22",
          "texto": "as nações e, ante os povos, A. a minha"
        }
      ]
    },
    {
      "palavra": "arvorarem",
      "veja tambem": [
        "arvorar"
      ],
      "ocorrencias": 1,
      "fonte": "",
      "concordancias": [
        {
          "referencia": "S160.4",
          "texto": "aos que te temem, para o 4. no alto pela"
        }
      ]
    },
    {
      "palavra": "arvoraremos",
      "veja tambem": [
        "arvorar"
      ],
      "ocorrencias": 1,
      "fonte": "",
      "concordancias": [
        {
          "referencia": "SI 20.5",
          "texto": "e, em nome do nosso Deus, A. pendões;"
        }
      ]
    }
  ]
}