{
  "a": [
    {
      "palavra": "arvore",
      "veja tambem": ["árvore", "planta", "vegetal"],
      "ocorrencias": 85,
      "fonte": "Strong's H6086 (עֵץ/etz)",
      "concordancias": [
        {
          "referencia": "Gênesis 1.11",
          "texto": "verde, erva que dê semente, À. frutífera que dê"
        },
        {
          "referencia": "Gênesis 1.29",
          "texto": "face de toda a terra e toda A. em que há fruto de"
        },
        {
          "referencia": "Gênesis 1.29",
          "texto": "Á, em que há fruto de À. que dá semente;"
        },
        {
          "referencia": "Gênesis 2.9",
          "texto": "fez brotar da terra toda À. agradável à vista e"
        },
        {
          "referencia": "Gênesis 2.9",
          "texto": "vida no meio do jardim, e a À. da ciência do bem"
        },
        {
          "referencia": "Gênesis 2.16",
          "texto": "ao homem, dizendo: De toda Á. do jardim comerás"
        },
        {
          "referencia": "Gênesis 2.17",
          "texto": "mas da Á. da ciência do bem e do mal, dela não"
        },
        {
          "referencia": "Gênesis 3.1",
          "texto": "que Deus disse: Não comereis de toda À. do jardim?"
        },
        {
          "referencia": "Gênesis 3.3",
          "texto": "mas, do fruto da À. que está no meio do jardim,"
        },
        {
          "referencia": "Gênesis 3.6",
          "texto": "vendo a mulher que aquela Á. era boa para se"
        },
        {
          "referencia": "Gênesis 3.6",
          "texto": "e agradável aos olhos, e Á. desejável para"
        },
        {
          "referencia": "Gênesis 3.11",
          "texto": "estavas nu? Comeste tu da À. de que te ordenei"
        },
        {
          "referencia": "Gênesis 3.12",
          "texto": "me deste por companheira, ela me deu da A., e comi."
        },
        {
          "referencia": "Gênesis 3.17",
          "texto": "de tua mulher e comeste da À. de que te ordenei,"
        },
        {
          "referencia": "Gênesis 3.22",
          "texto": "a sua mão, e tome também da Á. da vida, e"
        },
        {
          "referencia": "Gênesis 3.24",
          "texto": "ao redor, para guardar o caminho da À, da vida."
        },
        {
          "referencia": "Gênesis 18.4",
          "texto": "os vossos pés € recostai-vos debaixo desta Á.;"
        },
        {
          "referencia": "Gênesis 18.8",
          "texto": "estava em pé junto a eles debaixo da À.; e comeram."
        },
        {
          "referencia": "Êxodo 10.5",
          "texto": "saraiva; também comerão toda Á. que vos cresce"
        },
        {
          "referencia": "Levítico 19.23",
          "texto": "na terra e plantardes toda À. de comer,"
        },
        {
          "referencia": "Levítico 26.4",
          "texto": "dará a sua novidade, e a A. do campo dará o"
        },
        {
          "referencia": "Deuteronômio 12.2",
          "texto": "e sobre os outeiros, e debaixo de toda À. verde;"
        },
        {
          "referencia": "Deuteronômio 19.5",
          "texto": "com o machado para cortar a A., o ferro saltar"
        },
        {
          "referencia": "Deuteronômio 22.6",
          "texto": "ave no caminho, em alguma Á. ou no chão, com"
        },
        {
          "referencia": "1 Reis 14.23",
          "texto": "sobre todo alto outeiro e debaixo de toda A. verde."
        },
        {
          "referencia": "2 Crônicas 28.4",
          "texto": "nos outeiros, como também debaixo de toda À. ver-"
        },
        {
          "referencia": "Neemias 10.37",
          "texto": "alçadas, e o fruto de toda 4., eo mosto, e o"
        },
        {
          "referencia": "Jó 14.7",
          "texto": "Porque há esperança para a Á., que, se for"
        },
        {
          "referencia": "Jó 19.10",
          "texto": "vou; e arrancou a minha esperança, como a uma"
        },
        {
          "referencia": "Jó 24.20",
          "texto": "deles, e a iniquidade se quebrará como a Á.."
        },
        {
          "referencia": "SI 1.3",
          "texto": "Pois será como a À. plantada junto a ribeiros de"
        },
        {
          "referencia": "S137.35",
          "texto": "poder espalhar-se como a À, verde na terra natal."
        },
        {
          "referencia": "Provérbios 3.18",
          "texto": "É À. da vida para os gue a seguram, e"
        },
        {
          "referencia": "Provérbios 11.30",
          "texto": "O fruto do justo é À. de vida, e o que ganha"
        },
        {
          "referencia": "Provérbios 13.12",
          "texto": "o coração, mas o desejo chegado é A. de vida."
        },
        {
          "referencia": "Provérbios 15.4",
          "texto": "Uma língua saudável é A. de vida, mas a"
        },
        {
          "referencia": "Eclesiastes 11.3",
          "texto": "sobre a terra, e, caindo a À, para o sul ou"
        },
        {
          "referencia": "Eclesiastes 11.3",
          "texto": "o norte, no lugar em que a Á. cair, ali ficará."
        },
        {
          "referencia": "Isaías 17.6",
          "texto": "ramos mais exteriores de uma Á. frutífera, diz o"
        },
        {
          "referencia": "Isaías 41.19",
          "texto": "no deserto o cedro, e a 4. de sita, e a"
        },
        {
          "referencia": "Isaías 44.19",
          "texto": "Ajoelhar-me-ia eu ao que saiu de uma A.?"
        },
        {
          "referencia": "Isaías 56.3",
          "texto": "tampouco diga o eunuco: Ejs que eu sou uma À. seca."
        },
        {
          "referencia": "Isaías 57.5",
          "texto": "os ídolos debaixo de toda A. verde e sacrificais"
        },
        {
          "referencia": "Isaías 65.22",
          "texto": "povo serão como os dias da Æ, eos meus"
        },
        {
          "referencia": "Jeremias 2.20",
          "texto": "outeiro alto e debaixo de toda À. verde te andas"
        },
        {
          "referencia": "Jeremias 3.6",
          "texto": "monte alto e debaixo de toda A. verde e ali andou pros-"
        },
        {
          "referencia": "Jeremias 3.13",
          "texto": "aos estranhos, debaixo de toda Á, verde e não"
        },
        {
          "referencia": "Jeremias 11.19",
          "texto": "mim, dizendo: Destruamos a Á. com o seu fruto"
        },
        {
          "referencia": "Jeremias 17.8",
          "texto": "Porque ele será como a À. plantada junto às"
        },
        {
          "referencia": "Ezequiel 6.13",
          "texto": "dos montes, e debaixo de toda Á. verde, e"
        },
        {
          "referencia": "Ezequiel 17.24",
          "texto": "que eu, o Senhor, abati a Á. alta, elevei a"
        },
        {
          "referencia": "Ezequiel 17.24",
          "texto": "a À, baixa, sequei a Á. verde e fiz"
        },
        {
          "referencia": "Ezequiel 17.24",
          "texto": "verde e fiz reverdecer a À. seca; eu, o"
        },
        {
          "referencia": "Ezequiel 20.28",
          "texto": "todo outeiro alto e para toda À. frondosa, e"
        },
        {
          "referencia": "Ezequiel 20.47",
          "texto": "fogo que em ti consumirá toda Á. verde e toda"
        },
        {
          "referencia": "Ezequiel 20.47",
          "texto": "toda À, verde e toda Á. seca; não.se"
        },
        {
          "referencia": "Ezequiel 31.8",
          "texto": "como os seus renovos; nenhuma Á. no jardim de"
        },
        {
          "referencia": "Ezequiel 47.12",
          "texto": "banda, subirá toda sorte de 4. que dá fruto"
        },
        {
          "referencia": "Daniel 4.10",
          "texto": "eu estava olhando e vi uma Á. no meio da terra,"
        },
        {
          "referencia": "Daniel 4.11",
          "texto": "crescia essa A. e se fazia forte, de maneira que"
        },
        {
          "referencia": "Daniel 4.14",
          "texto": "e dizendo assim: Derribaia A., e cortai-lhe os"
        },
        {
          "referencia": "Daniel 4.20",
          "texto": "A Á. que viste, que cresceu e se fez forte, cuja"
        },
        {
          "referencia": "Daniel 4.23",
          "texto": "do céu e que dizia: Cortai a À. e destruí-a,"
        },
        {
          "referencia": "Daniel 4.26",
          "texto": "o tronco com as raízes da A., o teu reino"
        },
        {
          "referencia": "Mateus 3.10",
          "texto": "à raiz das árvores; toda Á., pois, que não"
        },
        {
          "referencia": "Mateus 7.17",
          "texto": "Assim, toda A. boa produz hons frutos, e toda"
        },
        {
          "referencia": "Mateus 7.17",
          "texto": "produz bons frutos, e toda A. má produz frutos maus."
        },
        {
          "referencia": "Mateus 7.18",
          "texto": "Não pode a À. boa dar maus frutos, nem a À."
        },
        {
          "referencia": "Mateus 7.18",
          "texto": "boa dar maus frutos, nem a Á. má dar frutos bons."
        },
        {
          "referencia": "Mateus 7.19",
          "texto": "Toda À. que não dá bom fruto corta-se e lança-se"
        },
        {
          "referencia": "Mateus 12.33",
          "texto": "Ou dizeis que a Á. é boa e o seu fruto, bom, ou |"
        },
        {
          "referencia": "Mateus 12.33",
          "texto": "seu fruto, mau; porque pelo fruto se conhece a A.."
        },
        {
          "referencia": "Mateus 13.32",
          "texto": "das plantas e faz-se uma A., de sorte que"
        },
        {
          "referencia": "Lucas 3.9",
          "texto": "à raiz das árvores; toda Á., pois, que não dá"
        },
        {
          "referencia": "Lucas 6.43",
          "texto": "Porque não há boa À. que dê mau fruto, nem má"
        },
        {
          "referencia": "Lucas 6.43",
          "texto": "que dê mau fruto, nem má À. que dê bom fruto."
        },
        {
          "referencia": "Lucas 6.44",
          "texto": "Porque cada À. se conhece pelo seu próprio fruto;"
        },
        {
          "referencia": "Lucas 13.19",
          "texto": "e cresceu e fez-se grande Á., e em seus ramos"
        },
        {
          "referencia": "Apocalipse 2.7",
          "texto": "dar-lhe-ei a comer da Á. da vida que está"
        },
        {
          "referencia": "Apocalipse 7.1",
          "texto": "a terra, nem sobre o mar, nem contra À. alguma."
        },
        {
          "referencia": "Apocalipse 94",
          "texto": "nem a verdura alguma, nem a Å. alguma, mas"
        },
        {
          "referencia": "Apocalipse 22.2",
          "texto": "banda do rio, estava a À. da vida, que"
        },
        {
          "referencia": "Apocalipse 22.2",
          "texto": "de mês em mês, e as folhas da À. são para a"
        },
        {
          "referencia": "Apocalipse 22.14",
          "texto": "para que tenham direito à 4. da vida e possam"
        },
        {
          "referencia": "Apocalipse 22.19",
          "texto": "Deus tirará a sua parte da Á. da vida e da"
        }
      ]
    },
    {
      "palavra": "arvoredo",
      "veja tambem": ["árvore", "planta", "vegetal"],
      "ocorrencias": 9,
      "fonte": "Strong's H6086 (עֵץ/etz)",
      "concordancias": [
        {
          "referencia": "Top 398",
          "texto": "posição;"
        },
        {
          "referencia": "Gênesis 23.17",
          "texto": "cova que nele estava, e todo o À. que no campo"
        },
        {
          "referencia": "Deuteronômio 20.19",
          "texto": "tomar, não destruirás o seu Á., metendo nele o"
        },
        {
          "referencia": "Deuteronômio 20.19",
          "texto": "pelo que o não cortarás (pois o Á, do campo é"
        },
        {
          "referencia": "Deuteronômio 28.42",
          "texto": "Todo o teu 4. e o fruto da tua terra consumirá"
        },
        {
          "referencia": "1 Samuel 22.6",
          "texto": "Saul em Gibeá, debaixo de um Á., em Ramá, e"
        },
        {
          "referencia": "1 Samuel 31.13",
          "texto": "os sepultaram debaixo de um A., em Jabes, e"
        },
        {
          "referencia": "2 Reis 16.4",
          "texto": "e nos outeiros, como também debaixo de todo Á.."
        },
        {
          "referencia": "S174.5",
          "texto": "com o seu machado através da espessura do A.."
        }
      ]
    }
  ]
}