{
  "a": [
    {
      "palavra": "arvores",
      "veja tambem": ["árvore", "planta", "vegetal"],
      "ocorrencias": 74,
      "fonte": "Strong's H6086 (עֵץ/etz)",
      "concordancias": [
        {
          "referencia": "Gênesis 3.2",
          "texto": "à serpente: Do fruto das Á, do jardim comeremos,"
        },
        {
          "referencia": "Gênesis 3.8",
          "texto": "da presença do Senhor Deus, entre as Á. do jardim,"
        },
        {
          "referencia": "Gênesis 21.15",
          "texto": "do odre, lançou o menino debaixo de uma das A.."
        },
        {
          "referencia": "Êxodo 9.25",
          "texto": "a erva do campo e quebrou todas as Á. do campo."
        },
        {
          "referencia": "Êxodo 10.15",
          "texto": "da terra e todo o fruto das A., que deixara a"
        },
        {
          "referencia": "Êxodo 10.15",
          "texto": "e não ficou verdura alguma nas A., nem erva do"
        },
        {
          "referencia": "Levítico 23.40",
          "texto": "para vós ramos de formosas Á., ramos de"
        },
        {
          "referencia": "Levítico 23.40",
          "texto": "ramos de palmas, ramos de À. espessas e"
        },
        {
          "referencia": "Levítico 26.20",
          "texto": "dará a sua novidade, e as À, da terra não"
        },
        {
          "referencia": "Levítico 27.30",
          "texto": "do campo, do fruto das À. são do Senhor;"
        },
        {
          "referencia": "Números 13.20",
          "texto": "grossa ou magra; se nela há À. ou não; e"
        },
        {
          "referencia": "Números 24.6",
          "texto": "jardins ao pé dos rios; como Á, de sândalo o"
        },
        {
          "referencia": "Deuteronômio 16.21",
          "texto": "plantarás nenhum bosque de Á. junto ao altar do"
        },
        {
          "referencia": "Deuteronômio 20.20",
          "texto": "Mas as À. que souberes que não são À. de"
        },
        {
          "referencia": "Juízes 9.8",
          "texto": "Foram uma vez as Á. a ungir para si um reie"
        },
        {
          "referencia": "Juízes 9.9",
          "texto": "em mim prezam, e iria a labutar sobre as A.?"
        },
        {
          "referencia": "Juízes 9.10",
          "texto": "Então, disseram as Á. à figueira: Vem tu e reina"
        },
        {
          "referencia": "Juízes 9.11",
          "texto": "o meu bom fruto e iria labutar sobre as Á.?"
        },
        {
          "referencia": "Juízes 9.12",
          "texto": "Então, disseram as Á. à videira: Vem tu e reina"
        },
        {
          "referencia": "Juízes 9.13",
          "texto": "a Deus e aos homens, e iria labutar sobre as Á.?"
        },
        {
          "referencia": "Juízes 9.14",
          "texto": "Então, todas as À, disseram ao espinheiro: Vem"
        },
        {
          "referencia": "Juízes 9.15",
          "texto": "E disse o espinheiro às A.: Se, na verdade, me"
        },
        {
          "referencia": "Juízes 9.48",
          "texto": "machados, e cortou um ramo das Á., eo"
        },
        {
          "referencia": "IRs 4.33",
          "texto": "Também falou das Á., desde o cedro que está no"
        },
        {
          "referencia": "2 Reis 3.19",
          "texto": "escolhidas, e todas as boa Å. cortareis, e"
        },
        {
          "referencia": "2 Reis 3.25",
          "texto": "e cortaram todas as boas Á., até que só em"
        },
        {
          "referencia": "2 Reis 17.10",
          "texto": "os altos outeiros e debaixo de todas as Á. verdes."
        },
        {
          "referencia": "1 Crônicas 16.33",
          "texto": "Então, jubilarão as Á. dos bosques perante o"
        },
        {
          "referencia": "Neemias 8.15",
          "texto": "e ramos de palmeiras, e ramos de A. espessas,"
        },
        {
          "referencia": "Neemias 9.25",
          "texto": "cavadas, vinhas, e olivais, e À. de mantimento,"
        },
        {
          "referencia": "Neemias 10.35",
          "texto": "frutos de todas as Á., de ano em ano, à"
        },
        {
          "referencia": "Jó 40.21",
          "texto": "Deita-se debaixo das A. sombrias, no esconderijo"
        },
        {
          "referencia": "Jó 40.22",
          "texto": "As À, sombrias o cobrem com a sua sombra; os"
        },
        {
          "referencia": "S196.12",
          "texto": "nele; então, se regozijarão todas as Á. do bosque,"
        },
        {
          "referencia": "SI 104.16",
          "texto": "Satisfazem-se as Á. do Senhor, os cedros do"
        },
        {
          "referencia": "Salmos 105.33",
          "texto": "seus figueirais e quebrou as À. dos seus termos."
        },
        {
          "referencia": "SI 148.9",
          "texto": "montes e todos os outeiros, Á, frutíferas e"
        },
        {
          "referencia": "Eclesiastes 2.5",
          "texto": "e jardins e plantei neles À, de toda espécie de fruto."
        },
        {
          "referencia": "Eclesiastes 2.6",
          "texto": "regar com eles o bosque em que reverdeciam as Á.."
        },
        {
          "referencia": "Cânticos 2.3",
          "texto": "Qual a macieira entre as À. do bosque, tal é o"
        },
        {
          "referencia": "Cânticos 4.14",
          "texto": "canela, com toda a sorte de Á. de incenso, a"
        },
        {
          "referencia": "Isaías 7.2",
          "texto": "do seu povo, como se movem as À. do bosque"
        },
        {
          "referencia": "Isaías 10.19",
          "texto": "E o resto das Á. da sua floresta será tão pouco,"
        },
        {
          "referencia": "Isaías 44.14",
          "texto": "e esforça-se contra as À. do bosque;"
        },
        {
          "referencia": "Isaías 44.23",
          "texto": "também vós, bosques e todas as A. em vós;"
        },
        {
          "referencia": "Isaías 55.12",
          "texto": "perante a vossa face, e todas as À. do campo"
        },
        {
          "referencia": "Isaías 61.3",
          "texto": "a fim de que se chamem À. de justiça,"
        },
        {
          "referencia": "Tr 6.6",
          "texto": "dos Exércitos: Cortai À. e levantai"
        },
        {
          "referencia": "Jeremias 7.20",
          "texto": "e sobre os animais, e sobre as À. do campo, e"
        },
        {
          "referencia": "Ezequiel 15.2",
          "texto": "outro, o sarmento que está entre as À. do bosque?"
        },
        {
          "referencia": "Ezequiel 15.6",
          "texto": "Como a videira entre as À. do bosque, que"
        },
        {
          "referencia": "Ezequiel 17.24",
          "texto": "Assim saberão todas as Á. do campo que eu, o"
        },
        {
          "referencia": "Ezequiel 31.4",
          "texto": "e ela enviava os regatos a todas as Á. do campo."
        },
        {
          "referencia": "Ezequiel 31.5",
          "texto": "sua estatura sobre todas as À. do campo, e se"
        },
        {
          "referencia": "Ezequiel 31.9",
          "texto": "dos seus ramos; e todas as À. do Éden, que"
        },
        {
          "referencia": "Ezequiel 31.14",
          "texto": "para que todas as À. junto às águas não se"
        },
        {
          "referencia": "Ezequiel 31.15",
          "texto": "preto por causa dele, e todas as À. do campo"
        },
        {
          "referencia": "Ezequiel 31.16",
          "texto": "que descem à cova; e todas as À. do Éden, a flor"
        },
        {
          "referencia": "Ezequiel 31.18",
          "texto": "e em grandeza entre as Á. do Éden?"
        },
        {
          "referencia": "Ezequiel 31.18",
          "texto": "Éden? Todavia, descerás com as Á. do Éden à"
        },
        {
          "referencia": "Ezequiel 34.27",
          "texto": "E as À. do campo darão o seu fruto, e a terra"
        },
        {
          "referencia": "Ezequiel 36.30",
          "texto": "multiplicarei o fruto das Á. e a novidade do"
        },
        {
          "referencia": "Ezequiel 47.7",
          "texto": "uma grande abundância de 4., de uma e de"
        },
        {
          "referencia": "Joel 1.12",
          "texto": "e a macieira; todas as Á. do campo se,"
        },
        {
          "referencia": "J11.19",
          "texto": "deserto, e a chama abrasou todas as À. do campo."
        },
        {
          "referencia": "Mateus 3.10",
          "texto": "posto o machado à raiz das À,; toda árvore,"
        },
        {
          "referencia": "Mateus 21.8",
          "texto": "e outros cortavam ramos de Á, e os espalhavam"
        },
        {
          "referencia": "Marcos 8.24",
          "texto": "Vejo os homens, pois os vejo como Á, que andam."
        },
        {
          "referencia": "Marcos 11.8",
          "texto": "e outros cortavam ramos das A, e os espalhavam"
        },
        {
          "referencia": "Lucas 3.9",
          "texto": "posto o machado à raiz das À.; toda árvore,"
        },
        {
          "referencia": "Lucas 21.29",
          "texto": "Olhai para a figueira e para todas as A.."
        },
        {
          "referencia": "Judas 1.12",
          "texto": "uma para outra parte; são como A. murchas,"
        },
        {
          "referencia": "Apocalipse 7.3",
          "texto": "aterra, nem o mar, nem as Á., até que"
        },
        {
          "referencia": "Apocalipse 8.7",
          "texto": "queimou-se a terça parte das Á., etoda a erva"
        }
      ]
    },
    {
      "palavra": "asael",
      "veja tambem": ["Asahel", "Asael", "Asahel", "Asahel"],
      "ocorrencias": 18,
      "fonte": "Strong's H6086 (עֵץ/etz)",
      "concordancias": [
        {
          "referencia": "2 Samuel 2.18",
          "texto": "de Zeruia, Joabe, Abisai e A.; e Á. era"
        },
        {
          "referencia": "2 Samuel 2.18",
          "texto": "Joabe, Abisai e A.; e À. era ligeiro de"
        },
        {
          "referencia": "2 Samuel 2.19",
          "texto": "E Á. seguiu após Abner e não declinou de detrás de"
        },
        {
          "referencia": "2 Samuel 2.20",
          "texto": "para trás, disse: És tu Á.? E disse ele: Eu sou."
        },
        {
          "referencia": "2 Samuel 2.21",
          "texto": "e toma os seus despojos. Porém A. não quis"
        },
        {
          "referencia": "2 Samuel 2.22",
          "texto": "Abner tornou a dizer a A.: Desvia-te de"
        },
        {
          "referencia": "2 Samuel 2.23",
          "texto": "os que chegavam ao lugar onde À, caiu e morreu"
        },
        {
          "referencia": "2 Samuel 2.30",
          "texto": "servos de Davi faltaram dezenove homens além de"
        },
        {
          "referencia": "2 Samuel 2.32",
          "texto": "E levantaram a A. e sepultaram-no na sepultura de"
        },
        {
          "referencia": "2 Samuel 3.27",
          "texto": "e morreu por causa do sangue de A., seu irmão."
        },
        {
          "referencia": "2 Samuel 3.30",
          "texto": "a Abner, por ter morto a Å., seu irmão, na"
        },
        {
          "referencia": "2 Samuel 23.24",
          "texto": "A., irmão de Joabe, estava entre os trinta, que"
        },
        {
          "referencia": "1 Crônicas 2.16",
          "texto": "de Zeruia: Abisai, e Joabe, e 4,; ao todo três."
        },
        {
          "referencia": "1 Crônicas 11.26",
          "texto": "os heróis dos exércitos: A., irmão de Joabe,"
        },
        {
          "referencia": "1 Crônicas 27.7",
          "texto": "O quarto, para o quarto mês, Á., irmão de Joabe,"
        },
        {
          "referencia": "2 Crônicas 17.8",
          "texto": "e Netanias, e Zebadias, e Á., e Semiramote,"
        },
        {
          "referencia": "2 Crônicas 31.13",
          "texto": "Jeiel, e Azarias, e Naate, e Á., e Jerimote, e"
        },
        {
          "referencia": "Esdras 10.15",
          "texto": "somente Jônatas, filho de A., e Jazeías, filho"
        }
      ]
    }
  ]
}