{
  "a": [
    {
      "palavra": "asafe",
      "veja tambem": ["levita", "músico", "salmos"],
      "ocorrencias": 33,
      "fonte": "Strong's H623 (אָסָף/Asaf)",
      "concordancias": [
        {
          "referencia": "2 Reis 18.18",
          "texto": "Sebna, o escrivão, e Joá, filho de A., o chanceler."
        },
        {
          "referencia": "2 Reis 18.37",
          "texto": "o escrivão, e Joá, filho de A., o chanceler,"
        },
        {
          "referencia": "1 Crônicas 6.39",
          "texto": "E seu irmão A, estava à sua direita; e era À."
        },
        {
          "referencia": "1 Crônicas 6.39",
          "texto": "estava à sua direita; e era À. filho de Berequias,"
        },
        {
          "referencia": "1 Crônicas 9.15",
          "texto": "filho de Mica, filho de Zicri, filho de A.:"
        },
        {
          "referencia": "1 Crônicas 15.17",
          "texto": "de Joel; e dos seus irmãos a A., filho de"
        },
        {
          "referencia": "1 Crônicas 15.19",
          "texto": "E os cantores, Hemã, A. e Etã se faziam ouvir com"
        },
        {
          "referencia": "1 Crônicas 16.5",
          "texto": "Era A. o chefe, e Zacarias, o segundo, e depois"
        },
        {
          "referencia": "1 Crônicas 16.5",
          "texto": "e Jeiel, com alaúdes e com harpas; e À. se fazia"
        },
        {
          "referencia": "1 Crônicas 16.7",
          "texto": "ao Senhor, pelo ministério de Á. e de seus irmãos:"
        },
        {
          "referencia": "1 Crônicas 16.37",
          "texto": "arca do concerto do Senhor, a À. e a seus irmãos,"
        },
        {
          "referencia": "1 Crônicas 25.1",
          "texto": "o ministério os filhos de A., e de Hemã, e de"
        },
        {
          "referencia": "1 Crônicas 25.2",
          "texto": "dos filhos de A., Zacur, e José, e Netanias, e"
        },
        {
          "referencia": "1 Crônicas 25.2",
          "texto": "filhos de A., a cargo de Á., que"
        },
        {
          "referencia": "1 Crônicas 25.6",
          "texto": "Casa de Deus; e, ao lado do rei, A., e Jedutum, e"
        },
        {
          "referencia": "1 Crônicas 25.9",
          "texto": "pois, a primeira sorte a Á., a saber: a José;"
        },
        {
          "referencia": "1 Crônicas 26.1",
          "texto": "foi Meselemias, filho de Coré, dos filhos de A.."
        },
        {
          "referencia": "2 Crônicas 5.12",
          "texto": "de todos eles, isto é A., Hemã, Jedutum,"
        },
        {
          "referencia": "2 Crônicas 20.14",
          "texto": "Jeiel, filho de Matanias, levita, dos filhos de A.,"
        },
        {
          "referencia": "2 Crônicas 29.13",
          "texto": "Jeiel; e, dentre os filhos de A., Zacarias e Matanias;"
        },
        {
          "referencia": "2 Crônicas 29.30",
          "texto": "as palavras de Davi e de A., o vidente. E o"
        },
        {
          "referencia": "2 Crônicas 35.15",
          "texto": "E os cantores, filhos de A., estavam no seu posto,"
        },
        {
          "referencia": "2 Crônicas 35.15",
          "texto": "o mandado de Davi, e de A., e de Hemã, e de"
        },
        {
          "referencia": "Esdras 2.41",
          "texto": "Os cantores: os filhos de A., cento e vinte e oito."
        },
        {
          "referencia": "Esdras 3.10",
          "texto": "e os levitas, filhos de A., com"
        },
        {
          "referencia": "Neemias 2.8",
          "texto": "como também uma carta para Á., guarda do jardim do"
        },
        {
          "referencia": "Neemias 7.44",
          "texto": "Os cantores: os filhos de A., cento e quarenta e oito."
        },
        {
          "referencia": "Neemias 11.17",
          "texto": "filho de Zabdi, filho de A., o chefe, que era"
        },
        {
          "referencia": "Neemias 11.22",
          "texto": "filho de Mica, dos filhos de A., os cantores,"
        },
        {
          "referencia": "Neemias 12.35",
          "texto": "filho de Micaías, filho de Zacur, filho de A.,"
        },
        {
          "referencia": "Neemias 12.46",
          "texto": "já nos dias de Davi e de A., desde a"
        },
        {
          "referencia": "Isaías 36.3",
          "texto": "Sebna, o escrivão, e Joá, filho de A., o chanceler."
        },
        {
          "referencia": "Isaías 36.22",
          "texto": "o escrivão, e Joá, filho de A., o chanceler,"
        }
      ]
    },
    {
      "palavra": "asaías",
      "veja tambem": ["sacerdote", "levita"],
      "ocorrencias": 8,
      "fonte": "Strong's H6222 (עֲשַׂיָּה/Asaiah)",
      "concordancias": [
        {
          "referencia": "2 Reis 22.12",
          "texto": "Micaías, e a Safã, o escrivão, ea Á., o servo do"
        },
        {
          "referencia": "2 Reis 22.14",
          "texto": "e Aicão, e Acbor, e Safã, e À. foram à"
        },
        {
          "referencia": "1 Crônicas 4.36",
          "texto": "e Jaacobá, e Jesoaías, e Á., e Adiel, e"
        },
        {
          "referencia": "1 Crônicas 6.30",
          "texto": "seu filho Simeia, seu filho Hagias, seu filho A.."
        },
        {
          "referencia": "1 Crônicas 9.5",
          "texto": "e dos silonitas: Á., o primogênito, e seus filhos;"
        },
        {
          "referencia": "1 Crônicas 15.6",
          "texto": "dos filhos de Merari: Á., o príncipe, e seus"
        },
        {
          "referencia": "1 Crônicas 15.11",
          "texto": "Abiatar e os levitas Uriel, Á., Joel, Semaías,"
        },
        {
          "referencia": "2 Crônicas 34.20",
          "texto": "Mica, e a Safã, o escrivão, e a Á., ministro do"
        }
      ]
    },
    {
      "palavra": "asareel",
      "veja tambem": [],
      "ocorrencias": 1,
      "fonte": "",
      "concordancias": [
        {
          "referencia": "1 Crônicas 4.16",
          "texto": "os filhos de Jealelel: Zife, e Zifa, e Tiria e A.."
        }
      ]
    },
    {
      "palavra": "asarela",
      "veja tambem": [],
      "ocorrencias": 1,
      "fonte": "",
      "concordancias": [
        {
          "referencia": "1 Crônicas 25.2",
          "texto": "Zacur, e José, e Netanias, e A., filhos de"
        }
      ]
    }
  ]
}