{
  "a": [
    {
      "palavra": "asas",
      "veja tambem": ["asa", "pássaro", "voar"],
      "ocorrencias": 78,
      "fonte": "Strong's H3671 (כָּנָף/kanaph)",
      "concordancias": [
        {
          "referencia": "Top 325",
          "texto": "posição;"
        },
        {
          "referencia": "Gênesis 1.21",
          "texto": "suas espécies, e toda ave de Á. conforme a sua"
        },
        {
          "referencia": "Êxodo 19.4",
          "texto": "como vos levei sobre A. de águias, € vos"
        },
        {
          "referencia": "Êxodo 25.20",
          "texto": "estenderão as suas A. por cima, cobrindo"
        },
        {
          "referencia": "Êxodo 25.20",
          "texto": "cima, cobrindo com as suas Á. o propiciatório; as"
        },
        {
          "referencia": "Êxodo 37.9",
          "texto": "os querubins estendiam as A. por cima, cobrindo"
        },
        {
          "referencia": "Êxodo 37.9",
          "texto": "por cima, cobrindo com as À. o propiciatório; e"
        },
        {
          "referencia": "Levítico 1.17",
          "texto": "e fendê-la-á com as suas Á., porém não a partirá; e"
        },
        {
          "referencia": "Deuteronômio 32.11",
          "texto": "seus filhos, estende as suas A., toma-os e os leva"
        },
        {
          "referencia": "Deuteronômio 32.11",
          "texto": "assuas Á., toma-os e os leva sobre as suas Á.,"
        },
        {
          "referencia": "Rute 2.12",
          "texto": "Deus de Israel, sob cujas A. te vieste abrigar."
        },
        {
          "referencia": "2 Samuel 22.11",
          "texto": "querubim, e voou; e foi visto sobre as À. do vento."
        },
        {
          "referencia": "IRs 6.24",
          "texto": "a extremidade de uma das suas A. até à extremidade"
        },
        {
          "referencia": "IRs 6.24",
          "texto": "das suas Á. até à extremidade da outra das suas A.."
        },
        {
          "referencia": "1 Reis 6.27",
          "texto": "e os querubins estendiam as A., de maneira que a"
        },
        {
          "referencia": "1 Reis 6.27",
          "texto": "na outra parede, e as suas A. no meio da casa"
        },
        {
          "referencia": "1 Reis 7.35",
          "texto": "o alto de cada base havia A. e cintas que saíam delas."
        },
        {
          "referencia": "1 Reis 7.36",
          "texto": "E, nas pranchas das suas Á. e nas suas cintas,"
        },
        {
          "referencia": "IRs 8.6",
          "texto": "Lugar Santíssimo, até debaixo das A. dos querubins."
        },
        {
          "referencia": "1 Reis 8.7",
          "texto": "estendiam ambas as Á. sobre o lugar da arca"
        },
        {
          "referencia": "1 Crônicas 28.18",
          "texto": "que haviam de estender as 4. e cobrir a arca"
        },
        {
          "referencia": "2 Crônicas 3.11",
          "texto": "E, quanto às Á. dos querubins, o seu comprimento"
        },
        {
          "referencia": "2 Crônicas 3.13",
          "texto": "E as À. desses querubins se estendiam vinte"
        },
        {
          "referencia": "2 Crônicas 5.7",
          "texto": "das Santidades, até debaixo das A. dos querubins."
        },
        {
          "referencia": "2 Crônicas 5.8",
          "texto": "estendiam ambas as A. sobre o lugar da arca"
        },
        {
          "referencia": "Jó 39.26",
          "texto": "tua inteligência, estendendo as suas À. para o sul?"
        },
        {
          "referencia": "Si17.8",
          "texto": "à menina do olho, esconde-me à sombra das tuas A.,"
        },
        {
          "referencia": "S118.10",
          "texto": "num querubim e voou; sim, voou sobre as A. do vento."
        },
        {
          "referencia": "S136.7",
          "texto": "os filhos dos homens se abrigam à sombra das tuas A.."
        },
        {
          "referencia": "S155.6",
          "texto": "que disse: Ah! Quem me dera A. como de pomba!"
        },
        {
          "referencia": "S157.1",
          "texto": "em ti; e à sombra das tuas A. me abrigo, até"
        },
        {
          "referencia": "S163.7",
          "texto": "jubiloso cantarei refugiado à sombra das tuas A.."
        },
        {
          "referencia": "S168.13",
          "texto": "entre redis, sereis como as A. de uma pomba,"
        },
        {
          "referencia": "S178.27",
          "texto": "eles carne como pó, e aves de À, como a areia do mar."
        },
        {
          "referencia": "S191.4",
          "texto": "penas, e debaixo das suas À. estarás seguro; a"
        },
        {
          "referencia": "S1104.3",
          "texto": "das nuvens o seu carro e anda sobre as Á. do vento."
        },
        {
          "referencia": "Provérbios 23.5",
          "texto": "certamente, isso se fará Á. e voará ao céu"
        },
        {
          "referencia": "Eclesiastes 10.20",
          "texto": "levariam a voz e o que tem À, daria notícia da palavra."
        },
        {
          "referencia": "Isaías 6.2",
          "texto": "dele; cada um tinha seis Á.: com duas cobriam o"
        },
        {
          "referencia": "Isaías 8.8",
          "texto": "pescoço; e a extensão de suas A. encherá a largura"
        },
        {
          "referencia": "Isaías 18.1",
          "texto": "que ensombra com as suas Á., que está além dos"
        },
        {
          "referencia": "Isaías 30.20",
          "texto": "de ti, como voando com A.; antes, os teus"
        },
        {
          "referencia": "Isaías 40.31",
          "texto": "suas forças e subirão com A. como águias; correrão"
        },
        {
          "referencia": "Jeremias 48.9",
          "texto": "Dai A. a Moabe, porque, voando, sairá, e as suas"
        },
        {
          "referencia": "Jeremias 48.40",
          "texto": "que voará como a águia e estenderá as A. sobre Moabe."
        },
        {
          "referencia": "Jeremias 49.22",
          "texto": "e voará, e estenderá as A. sobre Bozra; e o"
        },
        {
          "referencia": "Ezequiel 1.6",
          "texto": "quatro rostos, como também cada um deles, quatro A.."
        },
        {
          "referencia": "Ezequiel 1.8",
          "texto": "de homem debaixo das suas Á., aos quatro lados; e"
        },
        {
          "referencia": "Ezequiel 1.8",
          "texto": "e assim todos quatro tinham seus rostos e suas A.."
        },
        {
          "referencia": "Ezequiel 1.9",
          "texto": "Uniam-se as suas Á. uma à outra; não se viravam"
        },
        {
          "referencia": "Ezequiel 1.11",
          "texto": "E o seu rosto e as suas Á. eram separados em cima;"
        },
        {
          "referencia": "Ezequiel 1.11",
          "texto": "cima; cada qual tinha duas Á. juntas uma à outra,"
        },
        {
          "referencia": "Ezequiel 1.23",
          "texto": "firmamento, estavam as suas Á. direitas, uma em"
        },
        {
          "referencia": "Ezequiel 1.24",
          "texto": "eles, ouvi o ruído das suas A., como o ruído de"
        },
        {
          "referencia": "Ezequiel 1.24",
          "texto": "de um exército; parando eles, abaixavam as suas A."
        },
        {
          "referencia": "Ezequiel 1.25",
          "texto": "da sua cabeça; parando eles, abaixavam as suas A.."
        },
        {
          "referencia": "Ezequiel 3.13",
          "texto": "E ouvi o barulho das A. dos animais, que tocavam"
        },
        {
          "referencia": "Ezequiel 10.5",
          "texto": "E o estrondo das A. dos querubins se ouviu até ao"
        },
        {
          "referencia": "Ezequiel 10.8",
          "texto": "uma semelhança de mão de homem debaixo das suas"
        },
        {
          "referencia": "Ezequiel 10.12",
          "texto": "e as suas mãos, e as suas Á., e as rodas, as"
        },
        {
          "referencia": "Ezequiel 10.16",
          "texto": "os querubins as suas Á., para se elevarem"
        },
        {
          "referencia": "Ezequiel 10.19",
          "texto": "querubins alçaram as suas À. e se elevaram da"
        },
        {
          "referencia": "Ezequiel 10.21",
          "texto": "quatro rostos e quatro A. e a semelhança de"
        },
        {
          "referencia": "Ezequiel 10.21",
          "texto": "e a semelhança de mãos de homem debaixo das suas"
        },
        {
          "referencia": "Ezequiel 11.22",
          "texto": "querubins elevaram as suas Á., e as rodas as"
        },
        {
          "referencia": "Ezequiel 17.3",
          "texto": "Uma grande águia, de grandes Á., de farta"
        },
        {
          "referencia": "Ezequiel 17.7",
          "texto": "grande águia, de grandes Á., e cheia de penas; e"
        },
        {
          "referencia": "Ezequiel 17.23",
          "texto": "todas as aves de toda sorte de A. e à sombra dos"
        },
        {
          "referencia": "Daniel 7.4",
          "texto": "era como leão e tinha A. de águia; eu olhei"
        },
        {
          "referencia": "Daniel 74",
          "texto": "que lhe foram arrancadas as Á., e foi levantado da"
        },
        {
          "referencia": "Daniel 7.6",
          "texto": "a um leopardo, e tinha quatro Á. de ave nas suas"
        },
        {
          "referencia": "Oséias 4.19",
          "texto": "vento os envolveu nas suas Á., e envergonhar-se-ão"
        },
        {
          "referencia": "Zacarias 5.9",
          "texto": "com as suas Á., pois tinham A. como as da"
        },
        {
          "referencia": "MI 4.2",
          "texto": "trará debaixo das suas Á.; e saireis e"
        },
        {
          "referencia": "Mateus 23.37",
          "texto": "os seus pintos debaixo das A., e tu não quiseste!"
        },
        {
          "referencia": "Lucas 13.34",
          "texto": "ajunta os seus pintos debaixo das A., e não quiseste?"
        },
        {
          "referencia": "Apocalipse 9.9",
          "texto": "ferro; e o ruído das suas Á, era como o ruído de"
        },
        {
          "referencia": "Apocalipse 12.14",
          "texto": "foram dadas à mulher duas A. de grande águia, para"
        }
      ]
    },
    {
      "palavra": "abreviou",
      "veja tambem": ["abreviar"],
      "ocorrencias": 1,
      "fonte": "Strong's H3671 (כָּנָף/kanaph)",
      "concordancias": [
        {
          "referencia": "Marcos 13.20",
          "texto": "dos escolhidos que escolheu, A. aqueles dias."
        }
      ]
    },
    {
      "palavra": "abri",
      "veja tambem": ["abrir"],
      "ocorrencias": 9,
      "fonte": "Strong's H3671 (כָּנָף/kanaph)",
      "concordancias": [
        {
          "referencia": "Top 397",
          "texto": "posição;"
        },
        {
          "referencia": "Josué 10.22",
          "texto": "Depois, disse Josué: A. a boca da cova e trazei-me"
        },
        {
          "referencia": "Juízes 11.35",
          "texto": "os que me turbam! Porque eu Á, a minha boca ao"
        },
        {
          "referencia": "Jó 33.2",
          "texto": "Eis que já A. a minha boca; já falou a minha língua"
        },
        {
          "referencia": "Cânticos 5.6",
          "texto": "Eu Á. ao meu amado, mas já o meu amado se tinha"
        },
        {
          "referencia": "Isaías 26.2",
          "texto": "Á. as portas, para que entre nela a nação justa,"
        },
        {
          "referencia": "Jeremias 50.26",
          "texto": "ela dos confins da terra, Á. os seus celeiros,"
        },
        {
          "referencia": "Ezequiel 3.2",
          "texto": "Então, A. a minha boca, e me deu a comer o rolo."
        },
        {
          "referencia": "Daniel 10.16",
          "texto": "me tocou os lábios; então, A. a minha boca, e"
        }
      ]
    },
    {
      "palavra": "abri-me",
      "veja tambem": ["abrir"],
      "ocorrencias": 0,
      "fonte": "Strong's H3671 (כָּנָף/kanaph)",
      "concordancias": []
    },
    {
      "palavra": "abria",
      "veja tambem": [],
      "ocorrencias": 2,
      "fonte": "Strong's H3671 (כָּנָף/kanaph)",
      "concordancias": [
        {
          "referencia": "Jó 31.32",
          "texto": "a noite na rua; as minhas portas À. ao viandante."
        },
        {
          "referencia": "Lucas 24.32",
          "texto": "caminho, nos falava e quando nos A. as Escrituras?"
        }
      ]
    },
    {
      "palavra": "abria-se",
      "veja tambem": ["abrir"],
      "ocorrencias": 1,
      "fonte": "Strong's H3671 (כָּנָף/kanaph)",
      "concordancias": [
        {
          "referencia": "Atos 2741",
          "texto": "a proa, ficou imóvel, mas a popa À. com a"
        }
      ]
    },
    {
      "palavra": "abriam",
      "veja tambem": ["abrir"],
      "ocorrencias": 1,
      "fonte": "Strong's H3671 (כָּנָף/kanaph)",
      "concordancias": [
        {
          "referencia": "Jó 29.23",
          "texto": "esperavam como à chuva; e À, a boca como à"
        }
      ]
    },
    {
      "palavra": "abriga-se",
      "veja tambem": ["abrigar"],
      "ocorrencias": 1,
      "fonte": "Strong's H3671 (כָּנָף/kanaph)",
      "concordancias": [
        {
          "referencia": "Eclesiastes 7.9",
          "texto": "airar-te, porque a ira Á, no seio dos tolos."
        }
      ]
    },
    {
      "palavra": "abrigado",
      "veja tambem": ["abrigar"],
      "ocorrencias": 1,
      "fonte": "Strong's H3671 (כָּנָף/kanaph)",
      "concordancias": [
        {
          "referencia": "Jó 5.21",
          "texto": "açoite da língua estarás Á.; e não temerás a"
        }
      ]
    },
    {
      "palavra": "abrigam",
      "veja tambem": ["abrigar"],
      "ocorrencias": 0,
      "fonte": "Strong's H3671 (כָּנָף/kanaph)",
      "concordancias": []
    },
    {
      "palavra": "abrigar",
      "veja tambem": ["abrigar"],
      "ocorrencias": 2,
      "fonte": "Strong's H3671 (כָּנָף/kanaph)",
      "concordancias": [
        {
          "referencia": "Top 406",
          "texto": "posição; Palavras Relacionadas: (abrigado-1; abrigam-1;"
        },
        {
          "referencia": "Rute 2.12",
          "texto": "Deus de Israel, sob cujas asas te vieste Á.."
        }
      ]
    },
    {
      "palavra": "abrigar-me-ei",
      "veja tambem": ["abrigar"],
      "ocorrencias": 1,
      "fonte": "Strong's H3671 (כָּנָף/kanaph)",
      "concordancias": [
        {
          "referencia": "S161.4",
          "texto": "tabernáculo para sempre; Á. no oculto"
        }
      ]
    },
    {
      "palavra": "abrigo",
      "veja tambem": [],
      "ocorrencias": 3,
      "fonte": "Strong's H3671 (כָּנָף/kanaph)",
      "concordancias": [
        {
          "referencia": "S157.1",
          "texto": "e à sombra das tuas asas me A., até que passem"
        },
        {
          "referencia": "Isaías 14.32",
          "texto": "para que os E NES) do seu povo nela encontrem A.."
        },
        {
          "referencia": "Apocalipse 18.2",
          "texto": "tornou morada de demônios, e À. de todo"
        }
      ]
    }
  ]
}