{
  "a": [
    {
      "palavra": "abrimento",
      "veja tambem": ["abrir", "abertura"],
      "ocorrencias": 1,
      "fonte": "Strong's H6605 (פָּתַח/pathach)",
      "concordancias": [
        {
          "referencia": "Ezequiel 29.21",
          "texto": "casa de Israel e te darei 4. da boca no meio"
        }
      ]
    },
    {
      "palavra": "abrimos",
      "veja tambem": ["abrir"],
      "ocorrencias": 1,
      "fonte": "Strong's H6605 (פָּתַח/pathach)",
      "concordancias": [
        {
          "referencia": "Atos 5.23",
          "texto": "diante das portas; mas, quando Á., ninguém"
        }
      ]
    },
    {
      "palavra": "abrindo",
      "veja tambem": [
        "abrir"
      ],
      "ocorrencias": 8,
      "fonte": "",
      "concordancias": [
        {
          "referencia": "Gênesis 42.27",
          "texto": "E, À. um deles o seu saco, para dar pasto ao seu"
        },
        {
          "referencia": "Gênesis 43.21",
          "texto": "que, chegando nós à venda e À. os nossos sacos,"
        },
        {
          "referencia": "Êxodo 34.19",
          "texto": "oteu gado, que seja macho, Á. a madre de"
        },
        {
          "referencia": "Juízes 19.27",
          "texto": "seu senhor pela manhã, e À. as portas da"
        },
        {
          "referencia": "Mateus 2.11",
          "texto": "e, prostrando-se, o adoraram; e, Á. os seus"
        },
        {
          "referencia": "Atos 8.35",
          "texto": "Então, Filipe, A. a boca e começando nesta"
        },
        {
          "referencia": "Atos 9.8",
          "texto": "levantou-se da terra e, Á. os olhos, não via"
        },
        {
          "referencia": "Atos 10.34",
          "texto": "E, A. Pedro a boca, disse: Reconheço, por"
        }
      ]
    },
    {
      "palavra": "abrindo-a",
      "veja tambem": [
        "abrir"
      ],
      "ocorrencias": 0,
      "fonte": "",
      "concordancias": []
    },
    {
      "palavra": "abrindo-lhe",
      "veja tambem": [
        "abrir"
      ],
      "ocorrencias": 1,
      "fonte": "",
      "concordancias": [
        {
          "referencia": "Mateus 17.27",
          "texto": "o primeiro peixe que subir e, A. a boca,"
        }
      ]
    },
    {
      "palavra": "abrindo-se-me",
      "veja tambem": [
        "abrir"
      ],
      "ocorrencias": 1,
      "fonte": "",
      "concordancias": [
        {
          "referencia": "2 Coríntios 2.12",
          "texto": "o evangelho de Cristo e À, uma porta"
        }
      ]
    },
    {
      "palavra": "asbel",
      "veja tambem": [],
      "ocorrencias": 3,
      "fonte": "",
      "concordancias": [
        {
          "referencia": "Gênesis 46.21",
          "texto": "Benjamim: Belá, e Bequer, e Á., e Gera, e Naamã,"
        },
        {
          "referencia": "Números 26.38",
          "texto": "a família dos belaítas; de A., a família dos"
        },
        {
          "referencia": "1 Crônicas 8.1",
          "texto": "a Belá, seu primogênito, a A., o segundo e a"
        }
      ]
    },
    {
      "palavra": "asbelitas",
      "veja tambem": [],
      "ocorrencias": 1,
      "fonte": "",
      "concordancias": [
        {
          "referencia": "Números 26.38",
          "texto": "de Asbel, a família dos Á.; de Airão,"
        }
      ]
    },
    {
      "palavra": "asdode",
      "veja tambem": [],
      "ocorrencias": 20,
      "fonte": "",
      "concordancias": [
        {
          "referencia": "Josué 11.22",
          "texto": "somente ficaram de resto em Gaza, em Gate e em A.."
        },
        {
          "referencia": "Josué 13.3",
          "texto": "dos filisteus: o de Gaza, o de A., o de"
        },
        {
          "referencia": "Josué 15.46",
          "texto": "as que estão da banda de A. e as suas aldeias."
        },
        {
          "referencia": "Josué 15.47",
          "texto": "A., e os lugares da sua jurisdição, e as suas"
        },
        {
          "referencia": "1 Samuel 5.1",
          "texto": "a arca de Deus e a trouxeram de Ebenézer a Á.."
        },
        {
          "referencia": "1 Samuel 5.3",
          "texto": "porém, de madrugada os de A., no dia seguinte,"
        },
        {
          "referencia": "1 Samuel 5.5",
          "texto": "pisam o limiar de Dagom em A., até ao dia de hoje."
        },
        {
          "referencia": "1 Samuel 5.6",
          "texto": "se agravou sobre os de Å., eos assolou, e os"
        },
        {
          "referencia": "1 Samuel 5.6",
          "texto": "e os feriu com hemorroidas, a À. e aos seus termos."
        },
        {
          "referencia": "1 Samuel 5.7",
          "texto": "Vendo, então, os homens de A. que assim era,"
        },
        {
          "referencia": "1 Samuel 6.17",
          "texto": "em expiação da culpa: por À. uma, por Gaza"
        },
        {
          "referencia": "2 Crônicas 26.6",
          "texto": "e o muro de Jabné, e o muro de A., e edificou"
        },
        {
          "referencia": "2 Crônicas 26.6",
          "texto": "Á., e edificou cidades em A. e entre os filisteus."
        },
        {
          "referencia": "Isaías 20.1",
          "texto": "No ano em que veio Tartãa A., enviando-o Sargão,"
        },
        {
          "referencia": "Isaías 20.1",
          "texto": "rei da Assíria, e guerreou contra A., eatomou,"
        },
        {
          "referencia": "Jeremias 25.20",
          "texto": "a Asquelom, e a Gaza, e a Ecrom, e ao resto de A."
        },
        {
          "referencia": "Amós 1.8",
          "texto": "exterminarei o morador de À. e o que tem o cetro"
        },
        {
          "referencia": "Amós 3.9",
          "texto": "ouvir isto nos palácios de A. e nos palácios da"
        },
        {
          "referencia": "Sofonias 2.4",
          "texto": "e Asquelom, assolada; A. ao meio-dia será"
        },
        {
          "referencia": "Zacarias 9.6",
          "texto": "E um bastardo habitará em Á., e exterminarei a"
        }
      ]
    },
    {
      "palavra": "asdodita",
      "veja tambem": [],
      "ocorrencias": 1,
      "fonte": "",
      "concordancias": [
        {
          "referencia": "Neemias 13.24",
          "texto": "E seus filhos falavam meio A. e não podiam"
        }
      ]
    },
    {
      "palavra": "asdoditas",
      "veja tambem": [
        "asdo-"
      ],
      "ocorrencias": 2,
      "fonte": "",
      "concordancias": [
        {
          "referencia": "Neemias 4.7",
          "texto": "os arábios, e os amonitas, e os Á. que tanto"
        },
        {
          "referencia": "Neemias 13.23",
          "texto": "tinham casado com mulheres AÁ., amonitas e mo-"
        }
      ]
    },
    {
      "palavra": "asdote-pisga",
      "veja tambem": [],
      "ocorrencias": 4,
      "fonte": "",
      "concordancias": [
        {
          "referencia": "Deuteronômio 3.17",
          "texto": "o mar Salgado, abaixo de A. para o oriente."
        },
        {
          "referencia": "Deuteronômio 4.49",
          "texto": "oriente, até ao mar da campina, abaixo de A.."
        },
        {
          "referencia": "Josué 12.3",
          "texto": "de Bete-Jesimote; e desde o sul abaixo de A.."
        },
        {
          "referencia": "Josué 13.20",
          "texto": "e Bete-Peor, e A., e Bete-Jesimote;"
        }
      ]
    },
    {
      "palavra": "asenate",
      "veja tambem": [],
      "ocorrencias": 3,
      "fonte": "",
      "concordancias": [
        {
          "referencia": "Gênesis 41.45",
          "texto": "e deu-lhe por mulher a A., filha de"
        },
        {
          "referencia": "Gênesis 41.50",
          "texto": "o ano de fome), que lhe deu A,, filha de"
        },
        {
          "referencia": "Gênesis 46.20",
          "texto": "e Efraim, que lhe deu A,, filha de"
        }
      ]
    },
    {
      "palavra": "aser",
      "veja tambem": [],
      "ocorrencias": 43,
      "fonte": "",
      "concordancias": [
        {
          "referencia": "Gênesis 30.13",
          "texto": "me terão por bem-aventurada; e chamou o seu nome"
        },
        {
          "referencia": "Gênesis 35.26",
          "texto": "Zilpa, serva de Leia: Gade e A.. Estes são os"
        },
        {
          "referencia": "Gênesis 46.17",
          "texto": "E os filhos de A.: Imna, e Isvá, e Isvi, e Berias,"
        },
        {
          "referencia": "Gênesis 49.20",
          "texto": "De A., o seu pão será abundante e ele dará delícias"
        },
        {
          "referencia": "Êxodo 1.4",
          "texto": "Dã, Naftali, Gade e A.."
        },
        {
          "referencia": "Números 1.13",
          "texto": "de A., Pagiel, filho de Ocrã;"
        },
        {
          "referencia": "Números 1.40",
          "texto": "Dos filhos de A., as suas gerações, pelas suas"
        },
        {
          "referencia": "Números 1.41",
          "texto": "contados deles, da tribo de A., quarenta e um mil e"
        },
        {
          "referencia": "Números 2.27",
          "texto": "as suas tendas a tribo de 4.; e Pagiel, filho de"
        },
        {
          "referencia": "Números 2.27",
          "texto": "filho de Ocrã, será príncipe dos filhos de A.."
        },
        {
          "referencia": "Números 7.72",
          "texto": "o príncipe dos filhos de A., Pagiel, filho de Ocrã."
        },
        {
          "referencia": "Números 10.26",
          "texto": "da tribo dos filhos de A., Pagiel, filho de Ocrã."
        },
        {
          "referencia": "Números 13.13",
          "texto": "da tribo de A., Setur, filho de Micael;"
        },
        {
          "referencia": "Números 26.44",
          "texto": "Os filhos de A., segundo as suas famílias, foram:"
        },
        {
          "referencia": "Números 26.46",
          "texto": "E o nome da filha de 4. foi Sera."
        },
        {
          "referencia": "Números 26.47",
          "texto": "as famílias dos filhos de A., segundo os que foram"
        },
        {
          "referencia": "Números 34.27",
          "texto": "e, da tribo dos filhos de A., o príncipe Aiude,"
        },
        {
          "referencia": "Deuteronômio 27.13",
          "texto": "o monte Ebal: Rúben, e Gade, e A., e Zebulom, e"
        },
        {
          "referencia": "Deuteronômio 33.24",
          "texto": "E de A. disse: Bendito seja A. com seus filhos,"
        },
        {
          "referencia": "Deuteronômio 33.24",
          "texto": "de À, disse: Bendito seja Á. com seus filhos,"
        },
        {
          "referencia": "Josué 17.7",
          "texto": "de Manassés foi desde A. até Micmetate, que"
        },
        {
          "referencia": "Josué 17.10",
          "texto": "termo; pelo norte tocavam em Á. e, pelo oriente,"
        },
        {
          "referencia": "Josué 17.11",
          "texto": "Porque em Issacar e em À. tinha Manassés a Bete-Seã"
        },
        {
          "referencia": "Josué 19.24",
          "texto": "à tribo dos filhos de A., segundo as suas famílias."
        },
        {
          "referencia": "Josué 19.31",
          "texto": "da tribo dos filhos de A., segundo as suas"
        },
        {
          "referencia": "Josué 19.34",
          "texto": "para o sul, e chegava a À. para o ocidente, e"
        },
        {
          "referencia": "Josué 21.6",
          "texto": "de Issacar, e da tribo de Å., e da tribo de"
        },
        {
          "referencia": "Josué 21.30",
          "texto": "E da tribo de A., Misal e os seus arrabaldes, Abdom"
        },
        {
          "referencia": "Juízes 1.31",
          "texto": "Tampouco Á, expeliu os moradores de Aco, nem os"
        },
        {
          "referencia": "Juízes 5.17",
          "texto": "por que se deteve em navios? 4. se assentou nos"
        },
        {
          "referencia": "Juízes 6.35",
          "texto": "também enviou mensageiros a A., ea Zebulom, e a"
        },
        {
          "referencia": "Juízes 7.23",
          "texto": "de Israel, e de Naftali, e de A., e de todo o"
        },
        {
          "referencia": "1 Reis 4.16",
          "texto": "Baaná, filho de Husai, em 4. e em Bealote;"
        },
        {
          "referencia": "1 Crônicas 2.2",
          "texto": "Dã, José, Benjamim, Naftali, Gade e A.."
        },
        {
          "referencia": "1 Crônicas 6.62",
          "texto": "de Issacar, e da tribo de A., e da tribo de"
        },
        {
          "referencia": "1 Crônicas 7.30",
          "texto": "Os filhos de A, foram: Imna, e Isvá, e Isvi, e"
        },
        {
          "referencia": "1 Crônicas 7.40",
          "texto": "estes foram filhos de A., chefes das casas"
        },
        {
          "referencia": "1 Crônicas 12.36",
          "texto": "de A., dos que saíam para o exército, para"
        },
        {
          "referencia": "2 Crônicas 30.11",
          "texto": "Todavia, alguns de A., e de Manassés, e de Zebulom"
        },
        {
          "referencia": "Ezequiel 48.2",
          "texto": "do oriente até à banda do ocidente, A., uma porção."
        },
        {
          "referencia": "Ezequiel 48.3",
          "texto": "E, junto ao termo de Á., desde a banda do oriente"
        },
        {
          "referencia": "Ezequiel 48.34",
          "texto": "porta de Gade, uma, a porta de Á., outra, a porta"
        },
        {
          "referencia": "Lucas 2.36",
          "texto": "filha de Fanuel, da tribo de A.. Esta era já"
        }
      ]
    },
    {
      "palavra": "aserá",
      "veja tambem": [],
      "ocorrencias": 3,
      "fonte": "",
      "concordancias": [
        {
          "referencia": "1 Reis 15.13",
          "texto": "feito um horrível ídolo a A.; também Asa"
        },
        {
          "referencia": "1 Reis 18.19",
          "texto": "e os quatrocentos profetas de A., que comem da"
        },
        {
          "referencia": "2 Crônicas 15.16",
          "texto": "rainha, porquanto fizera a A. um horrível"
        }
      ]
    },
    {
      "palavra": "aseritas",
      "veja tambem": [],
      "ocorrencias": 1,
      "fonte": "",
      "concordancias": [
        {
          "referencia": "Juízes 1.32",
          "texto": "porém os A. habitaram no meio dos cananeus que"
        }
      ]
    }
  ]
}