{
  "a": [
    {
      "palavra": "ásia",
      "veja tambem": ["região", "província", "igrejas"],
      "ocorrencias": 22,
      "fonte": "Strong's G773 (Ἀσία/Asia)",
      "concordancias": [
        {
          "referencia": "Atos 2.9",
          "texto": "na Mesopotâmia, e Judeia, e Capadócia, e Ponto, e A"
        },
        {
          "referencia": "Atos 6.9",
          "texto": "dos que eram da Cilícia e da Á., e disputavam com"
        },
        {
          "referencia": "Atos 16.6",
          "texto": "pelo Espírito Santo de anunciar a palavra na A.."
        },
        {
          "referencia": "Atos 19.10",
          "texto": "todos os que habitavam na A. ouviram a palavra do"
        },
        {
          "referencia": "Atos 19.22",
          "texto": "Timóteo e Erasto, ficou ele por algum tempo na A.."
        },
        {
          "referencia": "Atos 19.26",
          "texto": "mas até quase em toda a A., este Paulo tem"
        },
        {
          "referencia": "Atos 19.27",
          "texto": "majestade daquela que toda a À, e o mundo veneram"
        },
        {
          "referencia": "Atos 19.31",
          "texto": "alguns dos principais da A., que eram seus"
        },
        {
          "referencia": "Atos 20.4",
          "texto": "E acompanhou-o, até à A., Sópatro, de Bereia, e,"
        },
        {
          "referencia": "Atos 204",
          "texto": "Gaio, de Derbe, e Timóteo, e, dos da Á., Tíquico e"
        },
        {
          "referencia": "Atos 20.16",
          "texto": "para não gastar tempo na Á.. Apressava-se, pois,"
        },
        {
          "referencia": "Atos 20.18",
          "texto": "primeiro dia em que entrei na A., como em todo"
        },
        {
          "referencia": "Atos 21.27",
          "texto": "a terminar, os judeus da A., vendo-o no templo,"
        },
        {
          "referencia": "Atos 24.18",
          "texto": "nem com alvoroços, uns certos judeus da A.,"
        },
        {
          "referencia": "Atos 27.2",
          "texto": "pelos lugares da costa da AÁ., estando conosco"
        },
        {
          "referencia": "Romanos 16.5",
          "texto": "meu amado, que é as primícias da À. em Cristo."
        },
        {
          "referencia": "1 Coríntios 16.19",
          "texto": "As igrejas da À. vos saúdam. Saúdam-vos"
        },
        {
          "referencia": "2 Coríntios 1.8",
          "texto": "que nos sobreveio na A., pois que fomos"
        },
        {
          "referencia": "2 Timóteo 1.15",
          "texto": "isto: que os que estão na À. todos se apartaram"
        },
        {
          "referencia": "1 Pedro 1.1",
          "texto": "dispersos no Ponto, Galácia, Capadócia, A. e Bitínia,"
        },
        {
          "referencia": "Apocalipse 14",
          "texto": "sete igrejas que estão na Á.: Graça e paz seja"
        },
        {
          "referencia": "Apocalipse 1.11",
          "texto": "às sete igrejas que estão na Á.: a Éfeso, e a"
        }
      ]
    },
    {
      "palavra": "asiel",
      "veja tambem": [],
      "ocorrencias": 1,
      "fonte": "",
      "concordancias": [
        {
          "referencia": "1 Crônicas 4.35",
          "texto": "filho de Josibias, filho de Seraías, filho de A.,"
        }
      ]
    },
    {
      "palavra": "asima",
      "veja tambem": [],
      "ocorrencias": 1,
      "fonte": "",
      "concordancias": [
        {
          "referencia": "2 Reis 17.30",
          "texto": "de Cuta fizeram Nergal; e os de Hamate fizeram A.;"
        }
      ]
    },
    {
      "palavra": "asíncrito",
      "veja tambem": [],
      "ocorrencias": 1,
      "fonte": "",
      "concordancias": [
        {
          "referencia": "Romanos 16.14",
          "texto": "Saudaia Á., a Flegonte, a Hermas, a Pátrobas,"
        }
      ]
    },
    {
      "palavra": "asmo",
      "veja tambem": [],
      "ocorrencias": 6,
      "fonte": "",
      "concordancias": [
        {
          "referencia": "Êxodo 29.2",
          "texto": "e pão A., e bolos asmos amassados com azeite, e"
        },
        {
          "referencia": "Levítico 6.16",
          "texto": "comerão, Arão e seus filhos; A. se comerá no lugar"
        },
        {
          "referencia": "Levítico 8.26",
          "texto": "do Senhor, tomou um bolo A., e um bolo de pão"
        },
        {
          "referencia": "Números 6.19",
          "texto": "do carneiro, e um bolo À. do cesto, e um"
        },
        {
          "referencia": "Números 6.19",
          "texto": "A. do cesto, e um coscorão À. e os porá nas mãos"
        },
        {
          "referencia": "Ezequiel 45.21",
          "texto": "a Páscoa, uma festa de sete dias; pão 4. se comerá."
        }
      ]
    },
    {
      "palavra": "asmos",
      "veja tambem": [
        "asmo"
      ],
      "ocorrencias": 52,
      "fonte": "",
      "concordancias": [
        {
          "referencia": "Êxodo 12.8",
          "texto": "assada no fogo, com pães À.; com ervas"
        },
        {
          "referencia": "Êxodo 12.15",
          "texto": "Sete dias comereis pães A,; ao primeiro dia,"
        },
        {
          "referencia": "Êxodo 12.17",
          "texto": "pois, a Festa dos Pães A., porque naquele"
        },
        {
          "referencia": "Êxodo 12.18",
          "texto": "mês, à tarde, comereis pães A. até vinte e um do"
        },
        {
          "referencia": "Êxodo 12.20",
          "texto": "em todas as vossas habitações comereis pães Á.."
        },
        {
          "referencia": "Êxodo 12.39",
          "texto": "E cozeram bolos A. da massa que levaram do Egito,"
        },
        {
          "referencia": "Êxodo 13.6",
          "texto": "Sete dias comerás pães A.; e ao sétimo dia haverá"
        },
        {
          "referencia": "Êxodo 13.7",
          "texto": "Sete dias se comerão pães A., e o levedado não se"
        },
        {
          "referencia": "Êxodo 23.15",
          "texto": "A Festa dos Pães A. guardarás; sete dias comerás"
        },
        {
          "referencia": "Êxodo 23.15",
          "texto": "sete dias comerás pães Á., como te tenho"
        },
        {
          "referencia": "Êxodo 29.2",
          "texto": "e pão asmo, e bolos Á, amassados com azeite, e"
        },
        {
          "referencia": "Êxodo 29.2",
          "texto": "com azeite, e coscorões À. untados com"
        },
        {
          "referencia": "Êxodo 29.23",
          "texto": "coscorão do cesto dos pães À. que estiverem"
        },
        {
          "referencia": "Êxodo 34.18",
          "texto": "A Festa dos Pães À. guardarás; sete dias comerás"
        },
        {
          "referencia": "Êxodo 34.18",
          "texto": "sete dias comerás pães A., como te tenho"
        },
        {
          "referencia": "Levítico 24",
          "texto": "no forno, será de bolos A. de flor de"
        },
        {
          "referencia": "Levítico 24",
          "texto": "com azeite, e coscorões A. untados com azeite."
        },
        {
          "referencia": "Levítico 7.12",
          "texto": "de louvores, oferecerá bolos A. amassados com"
        },
        {
          "referencia": "Levítico 7.12",
          "texto": "com azeite e coscorões Á. amassados com"
        },
        {
          "referencia": "Levítico 8.2",
          "texto": "pecado, e os dois carneiros, e o cesto dos pães A."
        },
        {
          "referencia": "Levítico 8.26",
          "texto": "Também do cesto dos pães A., que estava diante do"
        },
        {
          "referencia": "Levítico 23.6",
          "texto": "deste mês é a Festa dos Á. do Senhor: sete dias"
        },
        {
          "referencia": "Levítico 23.6",
          "texto": "a Festa dos À. do Senhor: sete dias comereis A.;"
        },
        {
          "referencia": "Números 6.15",
          "texto": "e um cesto de bolos A., bolos de flor de farinha"
        },
        {
          "referencia": "Números 6.15",
          "texto": "amassados, e coscorões A. untados com"
        },
        {
          "referencia": "Números 6.17",
          "texto": "com o cesto dos bolos A.; e o sacerdote"
        },
        {
          "referencia": "Números 9.11",
          "texto": "tarde, a celebrarão: Com pães A. e ervas amargas"
        },
        {
          "referencia": "Números 28.17",
          "texto": "mês, haverá festa; sete dias se comerão pães A.,"
        },
        {
          "referencia": "Deuteronômio 16.3",
          "texto": "sete dias nela comerás pães A., pão de aflição"
        },
        {
          "referencia": "Deuteronômio 16.8",
          "texto": "Seis dias comerás pães A., e no sétimo dia é"
        },
        {
          "referencia": "Deuteronômio 16.16",
          "texto": "escolher, na Festa dos Pães Á., e na Festa das"
        },
        {
          "referencia": "Josué 5.11",
          "texto": "dia depois da Páscoa; pães À. e espigas"
        },
        {
          "referencia": "Juízes 6.19",
          "texto": "um cabrito e bolos À, de um efa de"
        },
        {
          "referencia": "Juízes 6.20",
          "texto": "Toma a carne e os bolos Á., e põe-nos sobre"
        },
        {
          "referencia": "Juízes 6.21",
          "texto": "e tocou a carne e os bolos À.; então, subiu fogo"
        },
        {
          "referencia": "Juízes 6.21",
          "texto": "consumiu a carne e os bolos 4.; eo Anjo do"
        },
        {
          "referencia": "1 Samuel 28.24",
          "texto": "e tomou farinha, e a amassou, e a cozeu em bolos"
        },
        {
          "referencia": "2 Reis 23.9",
          "texto": "porém comiam pães Á, no meio de seus irmãos."
        },
        {
          "referencia": "1 Crônicas 23.29",
          "texto": "manjares, e para os coscorões Á., e para as"
        },
        {
          "referencia": "2 Crônicas 8.13",
          "texto": "vezes no ano: na Festa dos Pães A., e na Festa"
        },
        {
          "referencia": "2 Crônicas 30.13",
          "texto": "celebrar a Festa dos Pães A., no segundo mês; uma"
        },
        {
          "referencia": "2 Crônicas 30.21",
          "texto": "a Festa dos Pães Á. sete dias, com"
        },
        {
          "referencia": "2 Crônicas 35.17",
          "texto": "tempo e a Festa dos Pães A., durante sete dias."
        },
        {
          "referencia": "Esdras 6.22",
          "texto": "a Festa dos Pães À. os sete dias com"
        },
        {
          "referencia": "Mateus 26.17",
          "texto": "dia da Festa dos Pães A., chegaram os"
        },
        {
          "referencia": "Marcos 14.1",
          "texto": "a Páscoa e a Festa dos Pães A.; e os principais"
        },
        {
          "referencia": "Marcos 14.12",
          "texto": "dia da Festa dos Pães A., quando"
        },
        {
          "referencia": "Lucas 22.1",
          "texto": "pois, perto a Festa dos Pães A., chamada de Páscoa."
        },
        {
          "referencia": "Lucas 22.7",
          "texto": "o dia da Festa dos Pães A., em que importava"
        },
        {
          "referencia": "Atos 12.3",
          "texto": "prender também a Pedro. E eram os dias dos A.."
        },
        {
          "referencia": "Atos 20.6",
          "texto": "É, depois dos dias dos pães AÁ., navegamos de"
        },
        {
          "referencia": "1 Coríntios 5.8",
          "texto": "e da malícia, mas com os À. da sinceridade e"
        }
      ]
    },
    {
      "palavra": "asná",
      "veja tambem": [],
      "ocorrencias": 3,
      "fonte": "",
      "concordancias": [
        {
          "referencia": "Josué 15.33",
          "texto": "Nas planícies: Estaol, e Zorá, e A."
        },
        {
          "referencia": "Josué 1543",
          "texto": "e Iftå, e A., e Nezibe,"
        },
        {
          "referencia": "Esdras 2.50",
          "texto": "os filhos de A., os filhos dos meunitas, os filhos"
        }
      ]
    },
    {
      "palavra": "asninho",
      "veja tambem": [],
      "ocorrencias": 1,
      "fonte": "",
      "concordancias": [
        {
          "referencia": "Zacarias 9.9",
          "texto": "sobre um jumento, sobre um Á., filho de jumenta."
        }
      ]
    },
    {
      "palavra": "aspata",
      "veja tambem": [],
      "ocorrencias": 1,
      "fonte": "",
      "concordancias": [
        {
          "referencia": "Ester 9.7",
          "texto": "como também a Parsandata, e a Dalfom, ea A.,"
        }
      ]
    }
  ]
}