{
  "a": [
    {
      "palavra": "aspecto",
      "veja tambem": ["aparência", "forma", "semblante"],
      "ocorrencias": 21,
      "fonte": "Strong's H4758 (מַרְאֶה/mar'eh)",
      "concordancias": [
        {
          "referencia": "Gênesis 41.21",
          "texto": "suas entranhas, porque o seu Á. era feio como no"
        },
        {
          "referencia": "Êxodo 24.17",
          "texto": "E o A. da glória do Senhor era como um fogo"
        },
        {
          "referencia": "1 Samuel 1742",
          "texto": "porquanto era jovem ruivo e de gentil A.."
        },
        {
          "referencia": "Ezequiel 1.160",
          "texto": "4. das rodas e a obra delas eram como cor de"
        },
        {
          "referencia": "Ezequiel 1.16",
          "texto": "mesma semelhança; e o seu À. e a sua obra"
        },
        {
          "referencia": "Ezequiel 1.22",
          "texto": "de firmamentos, como um Á, de cristal"
        },
        {
          "referencia": "Ezequiel 1.27",
          "texto": "como a cor de âmbar, como o À. do fogo pelo"
        },
        {
          "referencia": "Ezequiel 1.28",
          "texto": "Como o À. do arco que aparece na nuvem no dia da"
        },
        {
          "referencia": "Ezequiel 1.28",
          "texto": "em redor. Este era o A. da semelhança da"
        },
        {
          "referencia": "Ezequiel 8.2",
          "texto": "dos seus lombos para cima, como À. de um"
        },
        {
          "referencia": "Ezequiel 10.1",
          "texto": "uma pedra de safira, como o A. da semelhança"
        },
        {
          "referencia": "Ezequiel 10.9",
          "texto": "junto a cada querubim; e o A. das rodas era"
        },
        {
          "referencia": "Ezequiel 10.10",
          "texto": "E, quanto ao seu Á., as quatro tinham uma mesma"
        },
        {
          "referencia": "Ezequiel 10.22",
          "texto": "rio Quebar; tinham o mesmo AÁ., eram os"
        },
        {
          "referencia": "Ezequiel 43.3",
          "texto": "E o À. da visão que vi era como o da visão que"
        },
        {
          "referencia": "Daniel 3.19",
          "texto": "de furor, e se mudou o À. do seu semblante"
        },
        {
          "referencia": "Daniel 3.25",
          "texto": "e nada há de lesão neles; e o Á, do quarto é"
        },
        {
          "referencia": "Mateus 28.3",
          "texto": "E o seu À. era como um relâmpago, e a sua veste"
        },
        {
          "referencia": "Lucas 9.53",
          "texto": "o receberam, porque o seu À. era como de quem"
        },
        {
          "referencia": "Tiago 1.11",
          "texto": "ea formosa aparência do seu À. perece; assim"
        },
        {
          "referencia": "Apocalipse 9.7",
          "texto": "E o À, dos gafanhotos era semelhante ao de"
        }
      ]
    },
    {
      "palavra": "aspenaz",
      "veja tambem": ["eunuco", "chefe"],
      "ocorrencias": 1,
      "fonte": "Strong's H561 (אַסְפְּנַז/Ashpenaz)",
      "concordancias": [
        {
          "referencia": "Daniel 1.3",
          "texto": "E disse o rei a A., chefe dos seus eunucos, que"
        }
      ]
    },
    {
      "palavra": "asperamente",
      "veja tambem": [
        "áspero"
      ],
      "ocorrencias": 6,
      "fonte": "",
      "concordancias": [
        {
          "referencia": "Gênesis 42.7",
          "texto": "com eles, e falou com eles A., e"
        },
        {
          "referencia": "Gênesis 42.30",
          "texto": "da terra, falou conosco À. e tratou-nos"
        },
        {
          "referencia": "1 Samuel 20.10",
          "texto": "saber, se, por acaso, teu pai te responder A.?"
        },
        {
          "referencia": "2 Crônicas 10.13",
          "texto": "E o rei lhes respondeu A., porque o rei"
        },
        {
          "referencia": "Salmos 119.21",
          "texto": "Tu repreendeste A, os soberbos,"
        },
        {
          "referencia": "1 Timóteo 5.1",
          "texto": "Não repreendas Á. os anciãos, mas"
        }
      ]
    },
    {
      "palavra": "aspergiam",
      "veja tambem": ["aspergir", "borrifar"],
      "ocorrencias": 2,
      "fonte": "Strong's H5137 (נָזָה/nazah)",
      "concordancias": [
        {
          "referencia": "2 Crônicas 30.16",
          "texto": "homem de Deus; e os sacerdotes A. o sangue,"
        },
        {
          "referencia": "2 Crônicas 35.11",
          "texto": "a Páscoa; e os sacerdotes A. o sangue"
        }
      ]
    },
    {
      "palavra": "aspergiram",
      "veja tambem": ["aspergir", "borrifar"],
      "ocorrencias": 5,
      "fonte": "Strong's H5137 (נָזָה/nazah)",
      "concordancias": [
        {
          "referencia": "2 Crônicas 29.22",
          "texto": "tomaram o sangue e o À. sobre o altar;"
        },
        {
          "referencia": "2 Crônicas 29.22",
          "texto": "mataram os cordeiros e A. o sangue"
        },
        {
          "referencia": "2 Crônicas 34.4",
          "texto": "quebrou, e reduziu a pó, e o À. sobre as"
        },
        {
          "referencia": "Hebreus 9.19",
          "texto": "água, lá purpúrea e hissopo, e À. tanto o"
        },
        {
          "referencia": "Hebreus 9.21",
          "texto": "E semelhantemente A. com sangue o tabernáculo e"
        }
      ]
    },
    {
      "palavra": "áspero",
      "veja tambem": ["dureza", "rude", "rigoroso"],
      "ocorrencias": 2,
      "fonte": "Strong's H7186 (קָשֶׁה/qasheh)",
      "concordancias": [
        {
          "referencia": "Provérbios 13.15",
          "texto": "dá gesa mas o caminho dos prevaricadores é Á.."
        },
        {
          "referencia": "Isaías 40.4",
          "texto": "torcido se endireitará, e o que é À, se aplainará."
        }
      ]
    },
    {
      "palavra": "áspide",
      "veja tambem": ["cobra", "serpente", "víbora"],
      "ocorrencias": 2,
      "fonte": "Strong's H6620 (פֶּתֶן/peten)",
      "concordancias": [
        {
          "referencia": "Isaías 11.8",
          "texto": "de peito sobre a toca da À., e o já desmamado"
        },
        {
          "referencia": "Isaías 30.6",
          "texto": "leoa, o leão, o basilisco e a À, ardente"
        }
      ]
    },
    {
      "palavra": "áspides",
      "veja tambem": ["áspide", "cobra", "serpente"],
      "ocorrencias": 3,
      "fonte": "Strong's H6620 (פֶּתֶן/peten)",
      "concordancias": [
        {
          "referencia": "Jó 20.14",
          "texto": "nas suas entranhas; fel de À. será interiormente."
        },
        {
          "referencia": "Jó 20.16",
          "texto": "Veneno de 4. sorverá; língua de víbora o matará."
        },
        {
          "referencia": "Romanos 3.13",
          "texto": "enganosamente; peçonha de À. está debaixo de"
        }
      ]
    },
    {
      "palavra": "asquelom",
      "veja tambem": ["cidade", "filisteus"],
      "ocorrencias": 12,
      "fonte": "Strong's H8315 (אַשְׁקְלוֹן/Ashkelon)",
      "concordancias": [
        {
          "referencia": "Josué 13.3",
          "texto": "o de Gaza, o de Asdode, o de A., o de"
        },
        {
          "referencia": "Juízes 1.18",
          "texto": "a Gaza com o seu termo, e a Á, com o seu termo,"
        },
        {
          "referencia": "ISm 6.17",
          "texto": "Asdode uma, por Gaza outra, por À. outra, por"
        },
        {
          "referencia": "2 Samuel 1.20",
          "texto": "o publiqueis nas ruas de Á., para que não se"
        },
        {
          "referencia": "Jeremias 25.20",
          "texto": "da terra dos filisteus, ea A., e a Gaza, ea"
        },
        {
          "referencia": "Jeremias 47.5",
          "texto": "Gaza, e foi desarraigada A., com o resto do"
        },
        {
          "referencia": "Jeremias 47.7",
          "texto": "te deu uma ordem contra À, e contra as"
        },
        {
          "referencia": "Amós 1.8",
          "texto": "eo que tem o cetro de A. e tornarei a"
        },
        {
          "referencia": "Sofonias 2.4",
          "texto": "Gaza será desamparada, e A., assolada;"
        },
        {
          "referencia": "Sofonias 2.7",
          "texto": "se assentarão nas casas de Á., porque o"
        },
        {
          "referencia": "Zacarias 9.5",
          "texto": "A, o verá e temerá, também Gaza e terá grande"
        },
        {
          "referencia": "Zacarias 9.5",
          "texto": "eo rei de Gaza perecerá, e À. não será habitada."
        }
      ]
    },
    {
      "palavra": "asquelonitas",
      "veja tambem": [],
      "ocorrencias": 1,
      "fonte": "",
      "concordancias": [
        {
          "referencia": "Juízes 14.19",
          "texto": "apossou dele, que desceu aos A., e matou"
        }
      ]
    },
    {
      "palavra": "asriel",
      "veja tambem": [],
      "ocorrencias": 3,
      "fonte": "",
      "concordancias": [
        {
          "referencia": "Números 26.31",
          "texto": "e de Á., a família dos asrielitas; e de Siquém, a"
        },
        {
          "referencia": "Josué 17.2",
          "texto": "de Heleque, e os filhos de Á., e os filhos"
        },
        {
          "referencia": "1 Crônicas 7.14",
          "texto": "Os filhos de Manassés: A., que a mulher de"
        }
      ]
    },
    {
      "palavra": "asrielitas",
      "veja tambem": [],
      "ocorrencias": 1,
      "fonte": "",
      "concordancias": [
        {
          "referencia": "Números 26.31",
          "texto": "e de Asriel, a família dos A.; e de Siquém, a"
        }
      ]
    },
    {
      "palavra": "assa-a",
      "veja tambem": [
        "assar"
      ],
      "ocorrencias": 1,
      "fonte": "",
      "concordancias": [
        {
          "referencia": "Isaías 44.16",
          "texto": "a outra metade come carne; À, e farta-se;"
        }
      ]
    },
    {
      "palavra": "assada",
      "veja tambem": [
        "assado"
      ],
      "ocorrencias": 1,
      "fonte": "",
      "concordancias": [
        {
          "referencia": "Êxodo 12.8",
          "texto": "noite comerão a carne À, no fogo, com pães"
        }
      ]
    },
    {
      "palavra": "assadeira",
      "veja tambem": [],
      "ocorrencias": 2,
      "fonte": "",
      "concordancias": [
        {
          "referencia": "2 Samuel 13.9",
          "texto": "E tomou a À. e os tirou diante dele; porém ele"
        },
        {
          "referencia": "Ezequiel 4.3",
          "texto": "E tu toma uma A. de ferro, e põe-na por muro"
        }
      ]
    },
    {
      "palavra": "assadeiras",
      "veja tambem": [],
      "ocorrencias": 2,
      "fonte": "",
      "concordancias": [
        {
          "referencia": "1 Crônicas 9.31",
          "texto": "tinha cargo da obra que se fazia em A.."
        },
        {
          "referencia": "1 Crônicas 23.29",
          "texto": "os coscorões asmos, e para as A. e para o"
        }
      ]
    },
    {
      "palavra": "assado",
      "veja tambem": [
        "assar"
      ],
      "ocorrencias": 2,
      "fonte": "",
      "concordancias": [
        {
          "referencia": "Êxodo 12.9",
          "texto": "nem cozido em água, senão A. ao fogo; a cabeça"
        },
        {
          "referencia": "Lucas 24.42",
          "texto": "parte de um peixe À. e um favo de mel,"
        }
      ]
    },
    {
      "palavra": "assalaria",
      "veja tambem": [
        "assalariar"
      ],
      "ocorrencias": 1,
      "fonte": "",
      "concordancias": [
        {
          "referencia": "Provérbios 26.10",
          "texto": "espanta, assim é o que Á. os tolos e os transgressores."
        }
      ]
    },
    {
      "palavra": "assalariado",
      "veja tambem": [],
      "ocorrencias": 2,
      "fonte": "",
      "concordancias": [
        {
          "referencia": "Êxodo 12.45",
          "texto": "O estrangeiro e o Á. não comerão dela."
        },
        {
          "referencia": "Juízes 18.4",
          "texto": "tem feito Mica; pois me tem Á., eeu lhe"
        }
      ]
    },
    {
      "palavra": "assalariados",
      "veja tambem": [],
      "ocorrencias": 3,
      "fonte": "",
      "concordancias": [
        {
          "referencia": "Esdras 4.14",
          "texto": "Agora, pois, como somos Á. do paço, e não"
        },
        {
          "referencia": "Isaías 16.14",
          "texto": "anos, tais quais os anos de Á., será"
        },
        {
          "referencia": "Isaías 21.16",
          "texto": "um ano, tal como os anos de Á., toda a"
        }
      ]
    },
    {
      "palavra": "assalariam",
      "veja tambem": [
        "as-"
      ],
      "ocorrencias": 1,
      "fonte": "",
      "concordancias": [
        {
          "referencia": "Isaías 46.6",
          "texto": "pesam a prata nas balanças; Á. o ourives, e"
        }
      ]
    },
    {
      "palavra": "assalariar",
      "veja tambem": [],
      "ocorrencias": 1,
      "fonte": "",
      "concordancias": [
        {
          "referencia": "Mateus 20.1",
          "texto": "que saiu de madrugada a A. trabalhadores"
        }
      ]
    },
    {
      "palavra": "assalariaram",
      "veja tambem": [],
      "ocorrencias": 1,
      "fonte": "",
      "concordancias": [
        {
          "referencia": "Neemias 13.2",
          "texto": "com pão e água; antes, Á. contra eles"
        }
      ]
    },
    {
      "palavra": "assalariou",
      "veja tambem": [
        "assalariar"
      ],
      "ocorrencias": 1,
      "fonte": "",
      "concordancias": [
        {
          "referencia": "Mateus 20.7",
          "texto": "eles: Porque ninguém nos A.. Diz-lhes ele:"
        }
      ]
    },
    {
      "palavra": "assaltando",
      "veja tambem": [],
      "ocorrencias": 1,
      "fonte": "",
      "concordancias": [
        {
          "referencia": "Atos 17.5",
          "texto": "o povo, alvoroçaram a cidade, e, À. a casa"
        }
      ]
    },
    {
      "palavra": "assaltavam",
      "veja tambem": [],
      "ocorrencias": 1,
      "fonte": "",
      "concordancias": [
        {
          "referencia": "Juízes 9.25",
          "texto": "pelo caminho junto a eles o A.; e contou-se a Abime-"
        }
      ]
    },
    {
      "palavra": "assalte",
      "veja tambem": [],
      "ocorrencias": 1,
      "fonte": "",
      "concordancias": [
        {
          "referencia": "S155.15",
          "texto": "A morte os A., e vivos os engula a terra; porque"
        }
      ]
    },
    {
      "palavra": "assaltos",
      "veja tambem": [],
      "ocorrencias": 0,
      "fonte": "",
      "concordancias": []
    },
    {
      "palavra": "assar",
      "veja tambem": [],
      "ocorrencias": 1,
      "fonte": "",
      "concordancias": [
        {
          "referencia": "1 Samuel 2.15",
          "texto": "Dá essa carne para Á. ao sacerdote,"
        }
      ]
    },
    {
      "palavra": "assará",
      "veja tambem": [
        "assar"
      ],
      "ocorrencias": 1,
      "fonte": "",
      "concordancias": [
        {
          "referencia": "Provérbios 12.27",
          "texto": "O preguiçoso não Á. a sua caça, mas o bem"
        }
      ]
    },
    {
      "palavra": "assaram",
      "veja tambem": [
        "assar"
      ],
      "ocorrencias": 0,
      "fonte": "",
      "concordancias": []
    },
    {
      "palavra": "assassinos",
      "veja tambem": [],
      "ocorrencias": 1,
      "fonte": "",
      "concordancias": [
        {
          "referencia": "Jeremias 4.31",
          "texto": "Porque a minha alma desmaia diante dos A.."
        }
      ]
    },
    {
      "palavra": "assaz",
      "veja tambem": [],
      "ocorrencias": 3,
      "fonte": "",
      "concordancias": [
        {
          "referencia": "Levítico 12.8",
          "texto": "se a sua mão não alcançar Á. paia um cordeiro,"
        },
        {
          "referencia": "Ester 1.18",
          "texto": "da rainha; e, assim, haverá 4, desprezo e indignação."
        },
        {
          "referencia": "Salmos 123.3",
          "texto": "piedade de nós, pois estamos À. fartos de desprezo."
        }
      ]
    },
    {
      "palavra": "asseguraremos",
      "veja tambem": [],
      "ocorrencias": 1,
      "fonte": "",
      "concordancias": [
        {
          "referencia": "1 João 3.19",
          "texto": "da verdade e diante dele A. nosso coração;"
        }
      ]
    },
    {
      "palavra": "assei",
      "veja tambem": [
        "assar"
      ],
      "ocorrencias": 1,
      "fonte": "",
      "concordancias": [
        {
          "referencia": "Isaías 44.19",
          "texto": "pão sobre as suas brasas, e A. sobre elas"
        }
      ]
    },
    {
      "palavra": "assembleia",
      "veja tambem": [],
      "ocorrencias": 5,
      "fonte": "",
      "concordancias": [
        {
          "referencia": "2 Reis 10.20",
          "texto": "Jeú: Consagrai a Baal uma A. solene. E a apregoaram."
        },
        {
          "referencia": "SI 89.5",
          "texto": "e a tua fidelidade também na A. dos santos."
        },
        {
          "referencia": "SI89.7",
          "texto": "ser em extremo tremendo na Á. dos santos e"
        },
        {
          "referencia": "S1111.1",
          "texto": "Senhor de todo o coração, na À. dos justos e"
        },
        {
          "referencia": "Hebreus 12.23",
          "texto": "à universal À. e igreja dos primogênitos, que"
        }
      ]
    },
    {
      "palavra": "assembleias",
      "veja tambem": [
        "assembleia"
      ],
      "ocorrencias": 2,
      "fonte": "",
      "concordancias": [
        {
          "referencia": "SI 86.14",
          "texto": "levantaram contra mim, e as À, dos tiranos"
        },
        {
          "referencia": "Amós 5.21",
          "texto": "vossas festas, e as vossas Á. solenes não"
        }
      ]
    },
    {
      "palavra": "assemelhá-lo-ei",
      "veja tambem": [
        "assemelhar"
      ],
      "ocorrencias": 1,
      "fonte": "",
      "concordancias": [
        {
          "referencia": "Mateus 7.24",
          "texto": "minhas palavras e as pratica, A. ao"
        }
      ]
    },
    {
      "palavra": "assemelharei",
      "veja tambem": [
        "as-"
      ],
      "ocorrencias": 2,
      "fonte": "",
      "concordancias": [
        {
          "referencia": "Lamentações 2.13",
          "texto": "filha de Jerusalém? A quem te A., para te"
        },
        {
          "referencia": "Mateus 11.16",
          "texto": "Mas a quem Á. esta geração? É semelhante"
        }
      ]
    },
    {
      "palavra": "assemelharemos",
      "veja tambem": [],
      "ocorrencias": 1,
      "fonte": "",
      "concordancias": [
        {
          "referencia": "Marcos 4.30",
          "texto": "E dizia: A que À. o Reino de Deus? Ou com"
        }
      ]
    },
    {
      "palavra": "assemelhava",
      "veja tambem": [
        "asse-"
      ],
      "ocorrencias": 1,
      "fonte": "",
      "concordancias": [
        {
          "referencia": "Ezequiel 31.8",
          "texto": "árvore no jardim de Deus se A. a ele na"
        }
      ]
    }
  ]
}