{
  "a": [
    {
      "palavra": "assemelheis",
      "veja tambem": ["assemelhar", "comparar"],
      "ocorrencias": 1,
      "fonte": "Strong's G3666 (ὁμοιόω/homoioo)",
      "concordancias": [
        {
          "referencia": "Mateus 6.8",
          "texto": "Não vos Å., pois, a eles, porque vosso Pai"
        }
      ]
    },
    {
      "palavra": "assenhoreando-se",
      "veja tambem": ["assenhorear", "dominar"],
      "ocorrencias": 1,
      "fonte": "Strong's G2634 (κατακυριεύω/katakurieuo)",
      "concordancias": [
        {
          "referencia": "Atos 19.16",
          "texto": "tinha o espírito maligno e Å. de dois,"
        }
      ]
    },
    {
      "palavra": "assenhorear-nos",
      "veja tambem": ["assenhorear", "dominar"],
      "ocorrencias": 1,
      "fonte": "Strong's G2634 (κατακυριεύω/katakurieuo)",
      "concordancias": [
        {
          "referencia": "Juízes 16.5",
          "texto": "força e com que poderíamos A. dele e"
        }
      ]
    },
    {
      "palavra": "assenhorear-se",
      "veja tambem": ["assenhorear", "dominar"],
      "ocorrencias": 1,
      "fonte": "Strong's G2634 (κατακυριεύω/katakurieuo)",
      "concordancias": [
        {
          "referencia": "Ester 9.1",
          "texto": "inimigos dos judeus esperavam A. deles,"
        }
      ]
    },
    {
      "palavra": "assenhoreará",
      "veja tambem": ["assenhorear", "dominar"],
      "ocorrencias": 2,
      "fonte": "Strong's G2634 (κατακυριεύω/katakurieuo)",
      "concordancias": [
        {
          "referencia": "Levítico 25.53",
          "texto": "ano, estará com ele; não se À. sobre ele"
        },
        {
          "referencia": "Eclesiastes 2.19",
          "texto": "ou tolo? Contudo, ele se 4. de todo o"
        }
      ]
    },
    {
      "palavra": "assenhorearás",
      "veja tambem": ["assenhorear", "dominar"],
      "ocorrencias": 1,
      "fonte": "Strong's G2634 (κατακυριεύω/katakurieuo)",
      "concordancias": [
        {
          "referencia": "Levítico 25.43",
          "texto": "Não te À, dele com rigor, mas do teu Deus"
        }
      ]
    },
    {
      "palavra": "assenhoreareis",
      "veja tambem": ["assenhorear", "dominar"],
      "ocorrencias": 1,
      "fonte": "Strong's G2634 (κατακυριεύω/katakurieuo)",
      "concordancias": [
        {
          "referencia": "Levítico 25.46",
          "texto": "um sobre o seu irmão, não vos Á. dele"
        }
      ]
    },
    {
      "palavra": "assenhoreiam",
      "veja tambem": ["assenhorear", "dominar"],
      "ocorrencias": 1,
      "fonte": "Strong's G2634 (κατακυριεύω/katakurieuo)",
      "concordancias": [
        {
          "referencia": "Marcos 10.42",
          "texto": "príncipes das gentes delas se A., e os seus"
        }
      ]
    },
    {
      "palavra": "assenhoreias",
      "veja tambem": ["assenhorear", "dominar"],
      "ocorrencias": 1,
      "fonte": "Strong's G2634 (κατακυριεύω/katakurieuo)",
      "concordancias": [
        {
          "referencia": "Números 16.13",
          "texto": "senão que também totalmente te A. de nós?"
        }
      ]
    },
    {
      "palavra": "assenhoreie",
      "veja tambem": ["assenhorear", "dominar"],
      "ocorrencias": 1,
      "fonte": "Strong's G2634 (κατακυριεύω/katakurieuo)",
      "concordancias": [
        {
          "referencia": "S119.13",
          "texto": "teu servo, para que se não À. de mim;"
        }
      ]
    },
    {
      "palavra": "assenhoreou",
      "veja tambem": ["assenhorear", "dominar"],
      "ocorrencias": 1,
      "fonte": "Strong's G2634 (κατακυριεύω/katakurieuo)",
      "concordancias": [
        {
          "referencia": "Lamentações 1.13",
          "texto": "a meus ossos, o qual se Å. deles;"
        }
      ]
    },
    {
      "palavra": "assenta",
      "veja tambem": ["assentar", "sentar"],
      "ocorrencias": 12,
      "fonte": "Strong's H3427 (יָשַׁב/yashav)",
      "concordancias": [
        {
          "referencia": "Êxodo 11.5",
          "texto": "primogênito de Faraó, que se À. com ele sobre o"
        },
        {
          "referencia": "2 Samuel 6.2",
          "texto": "Senhor dos Exércitos, que se A. entre os querubins."
        },
        {
          "referencia": "Jó 36.7",
          "texto": "com os reis no trono os À. para sempre, e"
        },
        {
          "referencia": "S11.1",
          "texto": "dos pecadores, nem se Å, na roda dos escarnecedores."
        },
        {
          "referencia": "S147.8",
          "texto": "sobre as nações; Deus se Á, sobre o trono da"
        },
        {
          "referencia": "SI 107.10",
          "texto": "tal como a que se A. nas trevas e sombra da"
        },
        {
          "referencia": "Provérbios 31.23",
          "texto": "nas portas, quando se À. com os anciãos da terra."
        },
        {
          "referencia": "Isaías 28.6",
          "texto": "de juízo para o que se À. a julgar e por"
        },
        {
          "referencia": "Jeremias 29.16",
          "texto": "a respeito do rei que se À. no trono de Davi e"
        },
        {
          "referencia": "Lucas 14.28",
          "texto": "edificar uma torre, não se Á, primeiro a fazer"
        },
        {
          "referencia": "Lucas 14.31",
          "texto": "contra outro rei, não se À, primeiro a tomar"
        },
        {
          "referencia": "Apocalipse 17.15",
          "texto": "As águas que viste, onde se Á. a prostituta,"
        }
      ]
    },
    {
      "palavra": "assenta-se",
      "veja tambem": ["assentar", "sentar"],
      "ocorrencias": 1,
      "fonte": "Strong's H3427 (יָשַׁב/yashav)",
      "concordancias": [
        {
          "referencia": "Provérbios 9.14",
          "texto": "E Á. à porta da sua casa ou numa cadeira, nas"
        }
      ]
    },
    {
      "palavra": "assenta-te",
      "veja tambem": ["assentar", "sentar"],
      "ocorrencias": 18,
      "fonte": "Strong's H3427 (יָשַׁב/yashav)",
      "concordancias": [
        {
          "referencia": "Gênesis 27.19",
          "texto": "me disseste. Levanta-te agora, À. e come da"
        },
        {
          "referencia": "S1110.1",
          "texto": "o Senhor ao meu Senhor: A. à minha mão"
        },
        {
          "referencia": "Isaías 47.1",
          "texto": "Desce, e À. no pó, ó virgem filha de"
        },
        {
          "referencia": "Isaías 47.1",
          "texto": "ó virgem filha de Babilônia; A. no chão; já"
        },
        {
          "referencia": "Isaías 47.5",
          "texto": "A. silenciosa e entra nas trevas, ó filha dos"
        },
        {
          "referencia": "Isaías 52.2",
          "texto": "Sacode o pó, levanta-te e A., ó Jerusalém;"
        },
        {
          "referencia": "Jeremias 36.15",
          "texto": "E disseram-lhe: 4., agora, e lê-o aos nossos"
        },
        {
          "referencia": "Jeremias 48.18",
          "texto": "Desce da tua glória e À. em seco, ó moradora,"
        },
        {
          "referencia": "Mateus 22.44",
          "texto": "o Senhor ao meu Senhor: À. à minha"
        },
        {
          "referencia": "Marcos 12.36",
          "texto": "Senhor disse ao meu Senhor: À. à minha"
        },
        {
          "referencia": "Lucas 14.10",
          "texto": "fores convidado, vai e À. no derradeiro"
        },
        {
          "referencia": "Lucas 14.10",
          "texto": "que te convidou, te diga: Amigo, Á. mais"
        },
        {
          "referencia": "Lucas 17.7",
          "texto": "ele do campo, diga: Chega-te e A. à mesa?"
        },
        {
          "referencia": "Lucas 20.42",
          "texto": "o Senhor ao meu Senhor: A. à minha direita,"
        },
        {
          "referencia": "Atos 2.34",
          "texto": "Disse o Senhor ao meu Senhor: A. à minha direita,"
        },
        {
          "referencia": "Hebreus 1.13",
          "texto": "dos anjos disse jamais: Á. à minha"
        },
        {
          "referencia": "Tiago 2.3",
          "texto": "preciosa e lhe disserdes: Å. tu aqui, num"
        },
        {
          "referencia": "Tiago 2.3",
          "texto": "ao pobre: Tu, fica aí em pé ou 4. abaixo do"
        }
      ]
    },
    {
      "palavra": "assentada",
      "veja tambem": [
        "assentar"
      ],
      "ocorrencias": 8,
      "fonte": "",
      "concordancias": [
        {
          "referencia": "Neemias 2.6",
          "texto": "me disse, estando a rainha A. junto a ele:"
        },
        {
          "referencia": "Zacarias 5.7",
          "texto": "chumbo, e uma mulher estava A. no meio do efa."
        },
        {
          "referencia": "Marcos 3.32",
          "texto": "E a multidão estava 4. ao redor dele, e"
        },
        {
          "referencia": "Jó 11.20",
          "texto": "ao encontro; Maria, porém, ficou À. em casa."
        },
        {
          "referencia": "Apocalipse 17.1",
          "texto": "da grande prostituta que está Á. sobre muitas águas,"
        },
        {
          "referencia": "Apocalipse 17.3",
          "texto": "um deserto, e vi uma mulher A. sobre uma besta"
        },
        {
          "referencia": "Apocalipse 17.9",
          "texto": "sete montes, sobre os quais a mulher está A.."
        },
        {
          "referencia": "Apocalipse 18.7",
          "texto": "diz em seu coração: Estou Á. como rainha,"
        }
      ]
    },
    {
      "palavra": "assentadas",
      "veja tambem": [
        "assentar"
      ],
      "ocorrencias": 3,
      "fonte": "",
      "concordancias": [
        {
          "referencia": "Ezequiel 8.14",
          "texto": "eis que estavam ali mulheres A, chorando por Tamuz."
        },
        {
          "referencia": "Mateus 27.61",
          "texto": "Madalena e a outra Maria, Á. defronte do sepulcro."
        },
        {
          "referencia": "Lucas 10.13",
          "texto": "em vós foram feitas, já há muito, Á, em saco"
        }
      ]
    }
  ]
}