{
  "a": [
    {
      "palavra": "assentado",
      "veja tambem": ["assentar", "sentar", "posto"],
      "ocorrencias": 88,
      "fonte": "Strong's H3427 (יָשַׁב/yashav)",
      "concordancias": [
        {
          "referencia": "Gênesis 18.1",
          "texto": "de Manre, estando ele A. à porta da"
        },
        {
          "referencia": "Gênesis 19.1",
          "texto": "Sodoma à tarde, e estava Ló Á. à porta de"
        },
        {
          "referencia": "Levítico 15.22",
          "texto": "sobre o que ela se tiver A. lavará as suas"
        },
        {
          "referencia": "Deuteronômio 6.7",
          "texto": "filhos e delas falarás A. em tua casa, e"
        },
        {
          "referencia": "Deuteronômio 11.19",
          "texto": "filhos, falando delas Á. em tua casa, e"
        },
        {
          "referencia": "Deuteronômio 23.13",
          "texto": "e será que, quando estiveres A. fora, então,"
        },
        {
          "referencia": "Juízes 3.20",
          "texto": "para si só, onde estava A., e disse Eúde:"
        },
        {
          "referencia": "1 Samuel 1.9",
          "texto": "e Eli, o sacerdote, estava Á. numa"
        },
        {
          "referencia": "1 Samuel 4.13",
          "texto": "ele, eis que Eli estava A. sobre uma"
        },
        {
          "referencia": "1 Samuel 19.9",
          "texto": "sobre Saul, estando ele A, em sua casa e"
        },
        {
          "referencia": "2 Samuel 18.24",
          "texto": "E Davi estava À. entre as duas portas; e a"
        },
        {
          "referencia": "2 Samuel 19.8",
          "texto": "dizendo: Eis que o rei está A, à porta."
        },
        {
          "referencia": "1 Reis 1.46",
          "texto": "E também Salomão está A. no trono do reino."
        },
        {
          "referencia": "1 Reis 13.14",
          "texto": "o homem de Deus, e o achou À. debaixo de um"
        },
        {
          "referencia": "1 Reis 16.11",
          "texto": "que, reinando ele e estando A. no seu trono"
        },
        {
          "referencia": "1 Reis 22.19",
          "texto": "palavra do Senhor: Vi o Senhor A. sobre o seu"
        },
        {
          "referencia": "2 Reis 1.9",
          "texto": "a ele (porque eis que estava Á. no cume do"
        },
        {
          "referencia": "2 Reis 6.32",
          "texto": "Estava, então, Eliseu À. em sua casa, e também"
        },
        {
          "referencia": "2 Crônicas 18.18",
          "texto": "do Senhor: Vi o Senhor À. no seu trono,"
        },
        {
          "referencia": "Esdras 9.4",
          "texto": "cativeiro; porém eu me fiquei Á, atônito até"
        },
        {
          "referencia": "Ester 2.19",
          "texto": "as virgens, Mardoqueu estava À. à porta do rei."
        },
        {
          "referencia": "Ester 5.1",
          "texto": "aposento do rei; e o rei estava 4, sobre o"
        },
        {
          "referencia": "Ester 5.13",
          "texto": "vir o judeu Mardoqueu Á. à porta do rei."
        },
        {
          "referencia": "Ester 6.10",
          "texto": "com o judeu Mardoqueu, que está Á. à porta do"
        },
        {
          "referencia": "S19.7",
          "texto": "Mas o Senhor está A. perpetuamente; já"
        },
        {
          "referencia": "SI 26.4",
          "texto": "Não me tenho A. com homens vãos, nem converso"
        },
        {
          "referencia": "Cânticos 1.12",
          "texto": "Enquanto o rei está A. à sua mesa, dá o meu"
        },
        {
          "referencia": "Isaías 6.1",
          "texto": "rei Uzias, eu vi ao Senhor À. sobre um alto e"
        },
        {
          "referencia": "Isaías 40.22",
          "texto": "Ele é o que está Á. sobre o globo da terra,"
        },
        {
          "referencia": "Jeremias 36.22",
          "texto": "(Estava, então, o rei Á. na casa de inverno,"
        },
        {
          "referencia": "Jeremias 38.7",
          "texto": "no calabouço. Estava, porém, o rei A. à"
        },
        {
          "referencia": "Ezequiel 8.1",
          "texto": "quinto dia do mês, estando eu À. na minha"
        },
        {
          "referencia": "Mateus 4.16",
          "texto": "o povo que estava À, em trevas viu uma grande"
        },
        {
          "referencia": "Mateus 9.9",
          "texto": "passando adiante dali, viu A. na alfândega"
        },
        {
          "referencia": "Mateus 13.1",
          "texto": "de casa naquele dia, estava A. junto ao mar."
        },
        {
          "referencia": "Mateus 21.5",
          "texto": "teu Rei aí te vem, humilde e A. sobre uma"
        },
        {
          "referencia": "Mateus 23.22",
          "texto": "trono de Deus e por aquele que está À. nele."
        },
        {
          "referencia": "Mateus 24.3",
          "texto": "E, estando 4. no monte das Oliveiras,"
        },
        {
          "referencia": "Mateus 26.7",
          "texto": "sobre a cabeça, quando ele estava Á, à mesa."
        },
        {
          "referencia": "Mateus 26.64",
          "texto": "em breve o Filho do Homem A. à direita do"
        },
        {
          "referencia": "Mateus 26.69",
          "texto": "Ora, Pedro estava Á. fora, no pátio; e,"
        },
        {
          "referencia": "Mateus 27.19",
          "texto": "E, estando ele A. no tribunal, sua mulher"
        },
        {
          "referencia": "Marcos 5.15",
          "texto": "o que tivera a legião, A., vestido e em"
        },
        {
          "referencia": "Marcos 10.46",
          "texto": "o cego, filho de Timeu, estava À. junto ao"
        },
        {
          "referencia": "Marcos 12.41",
          "texto": "E, estando Jesus A. defronte da arca do"
        },
        {
          "referencia": "Marcos 14.3",
          "texto": "E, estando ele em Betânia A. à mesa, em casa"
        },
        {
          "referencia": "Marcos 14.54",
          "texto": "do sumo sacerdote e estava À, com os"
        },
        {
          "referencia": "Marcos 14.62",
          "texto": "e vereis o Filho do Homem A, à direita do"
        },
        {
          "referencia": "Marcos 16.5",
          "texto": "no sepulcro, viram um jovem A. à direita,"
        },
        {
          "referencia": "Lucas 2.46",
          "texto": "dias, o acharam no templo, Á. no meio dos"
        },
        {
          "referencia": "Lucas 5.27",
          "texto": "viu um publicano, chamado Levi, A. na"
        },
        {
          "referencia": "Lucas 8.35",
          "texto": "vestido e em seu juízo, À. aos pés de"
        },
        {
          "referencia": "Lucas 18.35",
          "texto": "de Jericó, estava um cego À. junto do"
        },
        {
          "referencia": "Lucas 22.56",
          "texto": "certa criada, vendo-o estar A. ao fogo,"
        },
        {
          "referencia": "Jó 9.8",
          "texto": "Não é este aquele que estava A, e mendigava?"
        },
        {
          "referencia": "Jó 12.15",
          "texto": "Sião! Eis que o teu Rei vem Á. sobre o filho"
        },
        {
          "referencia": "Atos 8.28",
          "texto": "regressava e, Á. no seu carro, lia o profeta Isaías."
        },
        {
          "referencia": "Atos 12.21",
          "texto": "as vestes reais, estava À. no tribunal e"
        },
        {
          "referencia": "Atos 14.8",
          "texto": "E estava À. em Listra certo varão leso dos"
        },
        {
          "referencia": "Atos 20.9",
          "texto": "certo jovem, por nome Êutico, Á, numa janela,"
        },
        {
          "referencia": "Atos 23.3",
          "texto": "branqueada! Tu estás aqui À. para"
        },
        {
          "referencia": "Atos 25.17",
          "texto": "sem fazer dilação alguma, A. no tribunal,"
        },
        {
          "referencia": "1 Coríntios 14.30",
          "texto": "Mas, se a outro, que estiver A., for revelada"
        },
        {
          "referencia": "Colossenses 3.1",
          "texto": "são de cima, onde Cristo está A, à destra de Deus."
        },
        {
          "referencia": "Hebreus 8.1",
          "texto": "sumo sacerdote tal, que está Á. nos céus à"
        },
        {
          "referencia": "Hebreus 10.12",
          "texto": "pelos pecados, está A. para sempre à"
        },
        {
          "referencia": "Apocalipse 4.2",
          "texto": "estava posto no céu, e um A. sobre o trono."
        },
        {
          "referencia": "Apocalipse 4.3",
          "texto": "E o que estava À. era, na aparência,"
        },
        {
          "referencia": "Apocalipse 4.9",
          "texto": "ações de graças ao que estava À. sobre o"
        },
        {
          "referencia": "Apocalipse 410",
          "texto": "diante do que estava À. sobre o trono,"
        },
        {
          "referencia": "Apocalipse 5.1",
          "texto": "vi na destra do que estava Á. sobre o trono um"
        },
        {
          "referencia": "Apocalipse 5.7",
          "texto": "o livro da destra do que estava À, no trono."
        },
        {
          "referencia": "Apocalipse 5.13",
          "texto": "que neles há, dizer: Ao que está Á. sobre o"
        },
        {
          "referencia": "Apocalipse 6.2",
          "texto": "branco; e o que estava 4. sobre ele"
        },
        {
          "referencia": "Apocalipse 6.4",
          "texto": "vermelho; e ao que estava 4. sobre ele foi"
        },
        {
          "referencia": "Apocalipse 6.5",
          "texto": "preto; e o que sobre ele estava A. tinha uma"
        },
        {
          "referencia": "Apocalipse 6.8",
          "texto": "amarelo; e o que estava A. sobre ele"
        },
        {
          "referencia": "Apocalipse 6.16",
          "texto": "do rosto daquele que está A. sobre o trono e"
        },
        {
          "referencia": "Apocalipse 7.10",
          "texto": "ao nosso Deus, que está À. no trono, e"
        },
        {
          "referencia": "Apocalipse 7.15",
          "texto": "templo; e aquele que está Á. sobre o trono"
        },
        {
          "referencia": "Apocalipse 14.14",
          "texto": "e eis uma nuvem branca e, À. sobre a nuvem,"
        },
        {
          "referencia": "Apocalipse 14.15",
          "texto": "grande voz ao que estava À. sobre a nuvem:"
        },
        {
          "referencia": "Apocalipse 14.16",
          "texto": "É aquele que estava À. sobre a nuvem meteu a"
        },
        {
          "referencia": "Apocalipse 19.4",
          "texto": "e adoraram a Deus, A. no trono,"
        },
        {
          "referencia": "Apocalipse 19.11",
          "texto": "cavalo branco. O que estava 4. sobre ele"
        },
        {
          "referencia": "Apocalipse 19.19",
          "texto": "guerra àquele que estava À. sobre o"
        },
        {
          "referencia": "Apocalipse 19.21",
          "texto": "saía da boca do que estava À. sobre o cavalo,"
        },
        {
          "referencia": "Apocalipse 20.11",
          "texto": "branco e o que estava À. sobre ele, de"
        }
      ]
    }
  ]
}