{
  "a": [
    {
      "palavra": "assentados",
      "veja tambem": ["assentar", "sentar", "postos"],
      "ocorrencias": 36,
      "fonte": "Strong's H3427 (יָשַׁב/yashav)",
      "concordancias": [
        {
          "referencia": "Juízes 16.9",
          "texto": "E os espias estavam Á. com ela numa câmara."
        },
        {
          "referencia": "Juízes 16.12",
          "texto": "ti, Sansão. E os espias estavam A. numa"
        },
        {
          "referencia": "1 Reis 22.10",
          "texto": "Josafá, rei de Judá, estavam Á. cada um no"
        },
        {
          "referencia": "2 Reis 4.38",
          "texto": "filhos dos profetas estavam 4, na sua"
        },
        {
          "referencia": "2 Reis 6.32",
          "texto": "e também os anciãos estavam Á, com ele. E"
        },
        {
          "referencia": "2 Reis 9.5",
          "texto": "capitães do exército estavam Á. ali; e disse:"
        },
        {
          "referencia": "2 Crônicas 18.9",
          "texto": "Josafá, rei de Judá, estavam A. cada um no"
        },
        {
          "referencia": "2 Crônicas 18.9",
          "texto": "as suas vestiduras, e estavam A. na praça à"
        },
        {
          "referencia": "Eclesiastes 10.6",
          "texto": "alturas, mas os ricos estão Á. em lugar baixo."
        },
        {
          "referencia": "Isaías 36.12",
          "texto": "não, antes, aos homens que estão A. sobre os"
        },
        {
          "referencia": "Jeremias 13.13",
          "texto": "da estirpe de Davi, que estão Á. sobre o seu"
        },
        {
          "referencia": "Jeremias 17.25",
          "texto": "cidade reis e príncipes, A. sobre o trono"
        },
        {
          "referencia": "Jeremias 36.12",
          "texto": "os príncipes estavam ali A.: Elisama, o"
        },
        {
          "referencia": "Ezequiel 8.1",
          "texto": "minha casa, e os anciãos de Judá, Á. diante"
        },
        {
          "referencia": "Ezequiel 31.17",
          "texto": "foram seu braço e que estavam A. à sombra no"
        },
        {
          "referencia": "Sofonias 1.12",
          "texto": "os homens que estão A. sobre as suas"
        },
        {
          "referencia": "Mateus 4.16",
          "texto": "luz; e aos que estavam Á. na região e"
        },
        {
          "referencia": "Mateus 20.30",
          "texto": "E eis que dois cegos, A. junto do caminho,"
        },
        {
          "referencia": "Mateus 23.2",
          "texto": "Na pp de Moisés, estão À. os escribas e fariseus."
        },
        {
          "referencia": "Mateus 27.36",
          "texto": "E, Á., o guardavam ali."
        },
        {
          "referencia": "Marcos 2.6",
          "texto": "E estavam ali 4. alguns dos escribas, que"
        },
        {
          "referencia": "Marcos 3.34",
          "texto": "redor para os que estavam À. junto dele"
        },
        {
          "referencia": "Marcos 14.18",
          "texto": "E, quando estavam 4. a comer, disse Jesus: Em"
        },
        {
          "referencia": "Marcos 16.14",
          "texto": "aos onze, estando eles Á. juntamente, e"
        },
        {
          "referencia": "Lucas 1.79",
          "texto": "para alumiar os que estão À. em trevas e"
        },
        {
          "referencia": "Lucas 5.17",
          "texto": "ensinando, e estavam ali Å. fariseus e"
        },
        {
          "referencia": "Lucas 7.32",
          "texto": "aos meninos que, À. nas praças,"
        },
        {
          "referencia": "Jó 2.14",
          "texto": "bois, e ovelhas, e pombos, e os cambiadores A.."
        },
        {
          "referencia": "Jó 6.11",
          "texto": "discípulos, pelos que estavam A.; e"
        },
        {
          "referencia": "Jó 13.28",
          "texto": "E nenhum dos que estavam À, à mesa"
        },
        {
          "referencia": "Jó 20.12",
          "texto": "anjos vestidos de branco, A. onde jazera o"
        },
        {
          "referencia": "Atos 2.2",
          "texto": "e encheu toda a casa em que estavam A.."
        },
        {
          "referencia": "Atos 6.15",
          "texto": "Então, todos os que estavam Á. no conselho,"
        },
        {
          "referencia": "Atos 26.30",
          "texto": "e Berenice, e os que com eles estavam A.."
        },
        {
          "referencia": "Apocalipse 44",
          "texto": "vinte e quatro tronos; e vi Á. sobre os"
        },
        {
          "referencia": "Apocalipse 11.16",
          "texto": "e quatro anciãos, que estão Á, em seu trono,"
        }
      ]
    },
    {
      "palavra": "assentaií-vos",
      "veja tambem": ["assentar", "sentar", "postos"],
      "ocorrencias": 3,
      "fonte": "Strong's H3427 (יָשַׁב/yashav)",
      "concordancias": [
        {
          "referencia": "Rute 4.2",
          "texto": "anciãos da cidade e disse: Á. aqui. E assentaram-se."
        },
        {
          "referencia": "Jeremias 13.18",
          "texto": "e à rainha: Humilhai-vos e A. no chão;"
        },
        {
          "referencia": "Mateus 26.36",
          "texto": "e disse a seus discípulos: A. aqui,"
        }
      ]
    },
    {
      "palavra": "assentais",
      "veja tambem": ["assentar", "sentar", "postos"],
      "ocorrencias": 1,
      "fonte": "Strong's H3427 (יָשַׁב/yashav)",
      "concordancias": [
        {
          "referencia": "Juízes 5.10",
          "texto": "jumentas brancas, que vos À. em juízo e que"
        }
      ]
    },
    {
      "palavra": "assentam",
      "veja tambem": ["assentar", "sentar", "postos"],
      "ocorrencias": 7,
      "fonte": "Strong's H3427 (יָשַׁב/yashav)",
      "concordancias": [
        {
          "referencia": "S169.12",
          "texto": "Aqueles que se À. à porta falam contra mim; sou"
        },
        {
          "referencia": "Isaías 60.13",
          "texto": "e glorificarei o lugar em que A. os meus pés."
        },
        {
          "referencia": "Ezequiel 33.31",
          "texto": "o povo costuma vir e se Á, diante de ti"
        },
        {
          "referencia": "Ageu 2.22",
          "texto": "o carro e os que nele se À.; e os cavalos e"
        },
        {
          "referencia": "Zacarias 3.8",
          "texto": "e os teus companheiros que se À. diante de ti,"
        },
        {
          "referencia": "Mateus 11.16",
          "texto": "aos meninos que se A. nas praças, e"
        },
        {
          "referencia": "Apocalipse 19.18",
          "texto": "e dos que sobre eles se A., ea carne de"
        }
      ]
    },
    {
      "palavra": "assentam-no",
      "veja tambem": ["assentar", "sentar", "postos"],
      "ocorrencias": 1,
      "fonte": "Strong's H3427 (יָשַׁב/yashav)",
      "concordancias": [
        {
          "referencia": "Eclesiastes 10.6",
          "texto": "o tolo, A. em grandes alturas, mas os ricos"
        }
      ]
    },
    {
      "palavra": "abrir",
      "veja tambem": ["abrir", "abrir-se", "abrir-lhe", "abrir-se-lhe", "abrir-se-vos", "abrir-se-á", "abrira", "abrirá"],
      "ocorrencias": 25,
      "fonte": "Strong's H3303 (אָפַר/aphar)",
      "concordancias": [
        {
          "referencia": "Êxodo 13.2",
          "texto": "todo primogênito, o que A. toda madre entre os"
        },
        {
          "referencia": "Êxodo 13.12",
          "texto": "para o Senhor tudo o que A. a madre e tudo o que"
        },
        {
          "referencia": "Êxodo 13.12",
          "texto": "A. a madre e tudo o que 4. a madre do fruto dos"
        },
        {
          "referencia": "Êxodo 13.13",
          "texto": "Porém tudo o que Á. a madre da jumenta resgatarás"
        },
        {
          "referencia": "Êxodo 21.33",
          "texto": "Se alguém Á. uma cova ou se alguém cavar uma cova"
        },
        {
          "referencia": "Êxodo 34.20",
          "texto": "o burro, porém, que A. a madre, resgatarás com um"
        },
        {
          "referencia": "Números 16.30",
          "texto": "alguma coisa nova, e a terra 4. a sua boca e os"
        },
        {
          "referencia": "Números 18.15",
          "texto": "Tudo o que A. a madre, de toda a carne que"
        },
        {
          "referencia": "Deuteronômio 20.11",
          "texto": "sete responder em paz e te A., todo o povo que se"
        },
        {
          "referencia": "Ier 9.27",
          "texto": "encarregada, e tinham cargo de Á., e isso cada ma-"
        },
        {
          "referencia": "Cânticos 5.5",
          "texto": "Eu me levantei para Á. ao meu amado, e as minhas"
        },
        {
          "referencia": "Isaías 42.7",
          "texto": "para A. os olhos dos cegos, para tirar da prisão"
        },
        {
          "referencia": "Isaías 45.1",
          "texto": "os lombos dos reis, para A. diante dele as"
        },
        {
          "referencia": "Ezequiel 21.22",
          "texto": "ordenar os aríetes, para À, a boca à matança,"
        },
        {
          "referencia": "Ezequiel 37.13",
          "texto": "eu sou o Senhor, quando eu A. as vossas"
        },
        {
          "referencia": "Jó 10.21",
          "texto": "pode, porventura, um demônio A. os olhos aos cegos?"
        },
        {
          "referencia": "Atos 18.14",
          "texto": "E, querendo Paulo 4. a boca, disse Gálio aos"
        },
        {
          "referencia": "1 Coríntios 15.52",
          "texto": "num momento, num Á. e fechar de olhos, ante a"
        },
        {
          "referencia": "Efésios 6.19",
          "texto": "para que me seja dada, no 4. da minha boca, a"
        },
        {
          "referencia": "Apocalipse 3.20",
          "texto": "alguém ouvir a minha voz e Á, a porta, entrarei"
        },
        {
          "referencia": "Apocalipse 5.2",
          "texto": "grande voz: Quem é digno de A. o livro e de"
        },
        {
          "referencia": "Apocalipse 5.3",
          "texto": "nem debaixo da terra, podia A. o livro, nem"
        },
        {
          "referencia": "Apocalipse 5.4",
          "texto": "fora achado digno de À. o livro, nem de o"
        },
        {
          "referencia": "Apocalipse 5.5",
          "texto": "Raiz de Davi, que venceu para À. o livro e"
        },
        {
          "referencia": "Apocalipse 5.9",
          "texto": "és de tomar o livro e de A. os seus selos,"
        }
      ]
    },
    {
      "palavra": "abrir-lhe",
      "veja tambem": ["abrir", "abrir-se", "abrir-lhe", "abrir-se-lhe", "abrir-se-vos", "abrir-se-á", "abrira", "abrirá"],
      "ocorrencias": 1,
      "fonte": "Strong's H3303 (אָפַר/aphar)",
      "concordancias": [
        {
          "referencia": "Lucas 12.36",
          "texto": "para que, quando vier e bater, logo possam Á.."
        }
      ]
    },
    {
      "palavra": "abrir-se-á",
      "veja tambem": ["abrir", "abrir-se", "abrir-lhe", "abrir-se-lhe", "abrir-se-vos", "abrir-se-á", "abrira", "abrirá"],
      "ocorrencias": 1,
      "fonte": "Strong's H3303 (אָפַר/aphar)",
      "concordancias": [
        {
          "referencia": "Ezequiel 24.27",
          "texto": "Nesse dia, À. a tua boca para com aquele que"
        }
      ]
    },
    {
      "palavra": "abrir-se-lhe-á",
      "veja tambem": ["abrir", "abrir-se", "abrir-lhe", "abrir-se-lhe", "abrir-se-vos", "abrir-se-á", "abrira", "abrirá"],
      "ocorrencias": 1,
      "fonte": "Strong's H3303 (אָפַר/aphar)",
      "concordancias": [
        {
          "referencia": "Lucas 11.10",
          "texto": "e quem busca acha; e a quem bate, Á.."
        }
      ]
    },
    {
      "palavra": "abrir-se-vos-á",
      "veja tambem": ["abrir", "abrir-se", "abrir-lhe", "abrir-se-lhe", "abrir-se-vos", "abrir-se-á", "abrira", "abrirá"],
      "ocorrencias": 2,
      "fonte": "Strong's H3303 (אָפַר/aphar)",
      "concordancias": [
        {
          "referencia": "Mateus 7.7",
          "texto": "buscai e encontrareis; batei, e Å.."
        },
        {
          "referencia": "Lucas 11.9",
          "texto": "buscai, e achareis; batei, e A.;"
        }
      ]
    },
    {
      "palavra": "abrira",
      "veja tambem": ["abrir", "abrir-se", "abrir-lhe", "abrir-se-lhe", "abrir-se-vos", "abrir-se-á", "abrira", "abrirá"],
      "ocorrencias": 2,
      "fonte": "Strong's H3303 (אָפַר/aphar)",
      "concordancias": [
        {
          "referencia": "2 Samuel 6.8",
          "texto": "contristou, porque o Senhor À. rotura em Uzá; e"
        },
        {
          "referencia": "Atos 14.27",
          "texto": "Deus fizera por eles e como Á. aos gentios a"
        }
      ]
    },
    {
      "palavra": "abrirá",
      "veja tambem": ["abrir", "abrir-se", "abrir-lhe", "abrir-se-lhe", "abrir-se-vos", "abrir-se-á", "abrira", "abrirá"],
      "ocorrencias": 8,
      "fonte": "Strong's H3303 (אָפַר/aphar)",
      "concordancias": [
        {
          "referencia": "Deuteronômio 28.12",
          "texto": "O Senhor te 4. o seu bom tesouro, o céu, para dar"
        },
        {
          "referencia": "Jó 12.14",
          "texto": "não se reedificará; e a quem ele encerra não se Á.."
        },
        {
          "referencia": "Provérbios 24.7",
          "texto": "o tolo toda a sabedoria; na porta não Á, a boca."
        },
        {
          "referencia": "Isaías 22.22",
          "texto": "Davi sobre o seu ombro, e Á., e ninguém"
        },
        {
          "referencia": "Isaías 22.22",
          "texto": "Á., e ninguém fechará, e fechará, e ninguém A.."
        },
        {
          "referencia": "Ezequiel 44.2",
          "texto": "porta estará fechada, não se À.; ninguém entrará"
        },
        {
          "referencia": "Ezequiel 46.1",
          "texto": "mas, no dia de sábado, ela se A.:; também no"
        },
        {
          "referencia": "Ezequiel 46.1",
          "texto": "ela se Á.; também no dia da lua nova se Á.."
        }
      ]
    },
    {
      "palavra": "assentamos",
      "veja tambem": ["assentar", "sentar", "postos"],
      "ocorrencias": 2,
      "fonte": "Strong's H3427 (יָשַׁב/yashav)",
      "concordancias": [
        {
          "referencia": "S1137.1",
          "texto": "aos rios da Babilônia nos A. e choramos,"
        },
        {
          "referencia": "Jeremias 8.14",
          "texto": "Por que nos À. ainda? Juntai-vos, e entremos"
        }
      ]
    },
    {
      "palavra": "assentando-nos",
      "veja tambem": ["assentar", "sentar", "postos"],
      "ocorrencias": 1,
      "fonte": "Strong's H3427 (יָשַׁב/yashav)",
      "concordancias": [
        {
          "referencia": "Atos 16.13",
          "texto": "haver um lugar para oração; e, A.,"
        }
      ]
    }
  ]
}