{
  "a": [
    {
      "palavra": "assentando-se",
      "veja tambem": ["assentar", "sentar", "posto"],
      "ocorrencias": 13,
      "fonte": "Strong's H3427 (יָשַׁב/yashav)",
      "concordancias": [
        {
          "referencia": "1 Samuel 20.25",
          "texto": "E, À. o rei no seu assento, como as outras"
        },
        {
          "referencia": "Ester 1.2",
          "texto": "naqueles dias, À. o rei Assuero sobre o"
        },
        {
          "referencia": "Ester 2.21",
          "texto": "Naqueles dias, A, Mardoqueu à porta do"
        },
        {
          "referencia": "Provérbios 20.8",
          "texto": "Á. o rei no trono do juízo, com os seus"
        },
        {
          "referencia": "Isaías 65.4",
          "texto": "A, junto às sepulturas, e passando as"
        },
        {
          "referencia": "Mateus 5.1",
          "texto": "multidão, subiu a um monte, e, A.,"
        },
        {
          "referencia": "Mateus 13.48",
          "texto": "a puxam para a praia e, Á., apanham"
        },
        {
          "referencia": "Marcos 9.35",
          "texto": "E ele, A., chamou os doze e disse-lhes: Se"
        },
        {
          "referencia": "Marcos 13.3",
          "texto": "E, A. ele no monte das Oliveiras, defronte"
        },
        {
          "referencia": "Lucas 5.3",
          "texto": "afastasse um pouco da terra; e, Å.,"
        },
        {
          "referencia": "Lucas 10.39",
          "texto": "irmã, chamada Maria, a qual, A. também"
        },
        {
          "referencia": "Jó 8.2",
          "texto": "o povo vinha ter com ele, e, A., os ensinava."
        },
        {
          "referencia": "Atos 25.6",
          "texto": "a Cesareia; e, no dia seguinte, Á. no"
        }
      ]
    },
    {
      "palavra": "assentando-te",
      "veja tambem": [
        "assentar"
      ],
      "ocorrencias": 1,
      "fonte": "",
      "concordancias": [
        {
          "referencia": "Lucas 16.6",
          "texto": "disse-lhe: Toma a tua conta e, À. já,"
        }
      ]
    },
    {
      "palavra": "assentar",
      "veja tambem": [],
      "ocorrencias": 25,
      "fonte": "",
      "concordancias": [
        {
          "referencia": "Levítico 154",
          "texto": "e toda coisa sobre o que se À. será imunda."
        },
        {
          "referencia": "Levítico 15.6",
          "texto": "E aquele que se A. sobre aquilo em que se"
        },
        {
          "referencia": "Levítico 15.20",
          "texto": "imundo; e tudo sobre o que se A. será imundo."
        },
        {
          "referencia": "Levítico 15.26",
          "texto": "e toda coisa sobre que se A. será imunda,"
        },
        {
          "referencia": "Números 1.51",
          "texto": "e, quando o tabernáculo A. no arraial,"
        },
        {
          "referencia": "Deuteronômio 17.18",
          "texto": "Será também que, quando se Á. sobre o trono do"
        },
        {
          "referencia": "1 Samuel 2.8",
          "texto": "o necessitado, para o fazer À. entre os"
        },
        {
          "referencia": "1 Reis 2.24",
          "texto": "que me confirmou, e me fez A. no trono de"
        },
        {
          "referencia": "1 Reis 10.5",
          "texto": "e a comida da sua mesa, e o À. de seus servos,"
        },
        {
          "referencia": "2 Reis 19.27",
          "texto": "Porém o teu Á., eo teu sair, e o teu entrar, e"
        },
        {
          "referencia": "1 Crônicas 28.5",
          "texto": "o meu filho Salomão para se A, no trono do"
        },
        {
          "referencia": "Salmos 113.8",
          "texto": "para o fazer A. com os príncipes, sim, com os"
        },
        {
          "referencia": "SI 139.2",
          "texto": "Tu conheces o meu Á. e o meu levantar; de longe"
        },
        {
          "referencia": "Isaías 37.28",
          "texto": "Mas eu conheço o teu Á., e o teu sair, e o teu"
        },
        {
          "referencia": "Jeremias 22.30",
          "texto": "algum da sua geração, para se À. no trono de"
        },
        {
          "referencia": "Ezequiel 32.14",
          "texto": "Então, farei Á. as suas águas e farei correr os"
        },
        {
          "referencia": "Mateus 19.28",
          "texto": "o Filho do Homem se A. no trono da"
        },
        {
          "referencia": "Mateus 21.7",
          "texto": "puseram as suas vestes, e fizeram-no 4. em cima."
        },
        {
          "referencia": "Marcos 6.39",
          "texto": "ordenou-lhes que fizessem A. a todos, em"
        },
        {
          "referencia": "Lucas 9.14",
          "texto": "aos seus discípulos: Fazei-os Á., em grupos de"
        },
        {
          "referencia": "Lucas 9.15",
          "texto": "E assim o fizeram, fazendo-os A. a todos."
        },
        {
          "referencia": "Lucas 12.37",
          "texto": "digo que se cingirá, e os fará À, à mesa, e,"
        },
        {
          "referencia": "Jó 6.10",
          "texto": "E disse Jesus: Mandai A. os homens. E havia"
        },
        {
          "referencia": "Atos 2.30",
          "texto": "levantaria o Cristo, para o A. sobre o seu trono,"
        },
        {
          "referencia": "Efésios 2.6",
          "texto": "com ele, e nos fez A. nos lugares"
        }
      ]
    },
    {
      "palavra": "assentar-me",
      "veja tambem": [
        "as-"
      ],
      "ocorrencias": 1,
      "fonte": "",
      "concordancias": [
        {
          "referencia": "1 Samuel 20.5",
          "texto": "é a lua nova, em que costumo À. comorei"
        }
      ]
    },
    {
      "palavra": "assentar-se",
      "veja tambem": [
        "assentar"
      ],
      "ocorrencias": 4,
      "fonte": "",
      "concordancias": [
        {
          "referencia": "Êxodo 17.12",
          "texto": "a puseram debaixo dele, para Á. sobre ela;"
        },
        {
          "referencia": "Lamentações 3.28",
          "texto": "A. solitário e ficar em silêncio; porquanto"
        },
        {
          "referencia": "Mateus 20.23",
          "texto": "bebereis o meu cálice, mas o À. à minha"
        },
        {
          "referencia": "Marcos 10.40",
          "texto": "mas o À. à minha direita ou à minha esquerda"
        }
      ]
    },
    {
      "palavra": "assentar-se-á",
      "veja tambem": [
        "assentar"
      ],
      "ocorrencias": 2,
      "fonte": "",
      "concordancias": [
        {
          "referencia": "Miquéias 4.4",
          "texto": "Mas À. cada um debaixo da sua videira e"
        },
        {
          "referencia": "Zacarias 6.13",
          "texto": "Senhor, e levará a glória, e A., e"
        }
      ]
    },
    {
      "palavra": "assentará",
      "veja tambem": [
        "assentar"
      ],
      "ocorrencias": 16,
      "fonte": "",
      "concordancias": [
        {
          "referencia": "Números 2.5",
          "texto": "E junto a ele A. as suas tendas a tribo de"
        },
        {
          "referencia": "Números 2.12",
          "texto": "É junto a ele À. as suas tendas a tribo de"
        },
        {
          "referencia": "Números 2.27",
          "texto": "E junto a ele A. as suas tendas a tribo de"
        },
        {
          "referencia": "Deuteronômio 21.13",
          "texto": "do seu cativeiro, e se À. na tua casa, e"
        },
        {
          "referencia": "1 Reis 1.13",
          "texto": "reinará depois de mim, e ele se A. no meu"
        },
        {
          "referencia": "1 Reis 1.17",
          "texto": "reinará depois de mim e ele se À, no meu trono."
        },
        {
          "referencia": "1 Reis 1.20",
          "texto": "para que lhe declara quem se À. sobre o"
        },
        {
          "referencia": "IRs 1.24",
          "texto": "reinará depois de mim e ele se 4. sobre o meu trono?"
        },
        {
          "referencia": "1 Reis 1.30",
          "texto": "reinará depois de mim e ele se À. no meu"
        },
        {
          "referencia": "1 Reis 1.35",
          "texto": "após ele, e virá, e se À, no meu trono,"
        },
        {
          "referencia": "Isaías 3.26",
          "texto": "e se carpirão, e ela se Á. no chão, desolada."
        },
        {
          "referencia": "Isaías 16.5",
          "texto": "no tabernáculo de Davi se 4. em verdade um"
        },
        {
          "referencia": "Ezequiel 44.3",
          "texto": "ao príncipe, ele ali se A, como príncipe,"
        },
        {
          "referencia": "Mateus 25.31",
          "texto": "anjos, com ele, então, se À. no trono da"
        },
        {
          "referencia": "Lucas 22.69",
          "texto": "agora, o Filho do Homem se À, à direita do"
        },
        {
          "referencia": "2 Tessalonicenses 2.4",
          "texto": "se adora; de sorte que se A., como Deus, no"
        }
      ]
    },
    {
      "palavra": "assentara-se",
      "veja tambem": [
        "assentar"
      ],
      "ocorrencias": 1,
      "fonte": "",
      "concordancias": [
        {
          "referencia": "Gênesis 31.34",
          "texto": "na albarda de um camelo, e 4. sobre eles;"
        }
      ]
    },
    {
      "palavra": "assentaram",
      "veja tambem": [
        "assentar"
      ],
      "ocorrencias": 8,
      "fonte": "",
      "concordancias": [
        {
          "referencia": "Números 2.17",
          "texto": "no meio dos exércitos; como Á, as suas"
        },
        {
          "referencia": "Números 2.34",
          "texto": "ordenara a Moisés; assim, À. o arraial"
        },
        {
          "referencia": "Números 12.16",
          "texto": "o povo partiu de Hazerote; e Á, o arraial no"
        },
        {
          "referencia": "2 Crônicas 23.20",
          "texto": "casa do rei pela porta maior, e Á. o reino"
        },
        {
          "referencia": "Ester 3.15",
          "texto": "de Susã; e o rei e Hamã se A. a beber;"
        },
        {
          "referencia": "Jó 2.13",
          "texto": "E se 4. juntamente com ele na terra, sete"
        },
        {
          "referencia": "Jeremias 26.10",
          "texto": "do rei à Casa do Senhor e se À. à entrada da"
        },
        {
          "referencia": "Ezequiel 14.1",
          "texto": "dos anciãos de Israel e se A, diante de mim."
        }
      ]
    },
    {
      "palavra": "assentaram-se",
      "veja tambem": [],
      "ocorrencias": 11,
      "fonte": "",
      "concordancias": [
        {
          "referencia": "Gênesis 37.25",
          "texto": "Depois, A. a comer pão, e levantaram os"
        },
        {
          "referencia": "Gênesis 43.33",
          "texto": "E A. diante dele, o primogênito segundo a"
        },
        {
          "referencia": "Êxodo 10.14",
          "texto": "toda a terra do Egito e A. sobre todos"
        },
        {
          "referencia": "Juízes 19.6",
          "texto": "Á., pois, e comeram ambos juntos, e"
        },
        {
          "referencia": "Rute 4.2",
          "texto": "da cidade e disse: Assentai-vos aqui. E A.."
        },
        {
          "referencia": "Esdras 10.16",
          "texto": "e todos pelos seus nomes; e À. no"
        },
        {
          "referencia": "Ezequiel 20.1",
          "texto": "para consultarem o Senhor; e A. diante"
        },
        {
          "referencia": "Marcos 640",
          "texto": "À. repartidos de cem em cem e de"
        },
        {
          "referencia": "Jó 6.10",
          "texto": "muita relva naquele lugar. A., pois, os"
        },
        {
          "referencia": "Atos 13.14",
          "texto": "entrando na sinagoga, num dia de sábado, A.."
        },
        {
          "referencia": "Apocalipse 20.4",
          "texto": "E vi tronos; e À, sobre eles aqueles a"
        }
      ]
    },
    {
      "palavra": "assentarei",
      "veja tambem": [],
      "ocorrencias": 2,
      "fonte": "",
      "concordancias": [
        {
          "referencia": "Isaías 14.13",
          "texto": "e, no monte da congregação, me A., da"
        },
        {
          "referencia": "J13.12",
          "texto": "de Josafá; porque ali me Á., para julgar"
        }
      ]
    },
    {
      "palavra": "assentareis",
      "veja tambem": [
        "assentar"
      ],
      "ocorrencias": 2,
      "fonte": "",
      "concordancias": [
        {
          "referencia": "Êxodo 14.2",
          "texto": "de Baal-Zefom; em frente dele A. o campo"
        },
        {
          "referencia": "Mateus 19.28",
          "texto": "trono da sua glória, também vos Á. sobre"
        }
      ]
    },
    {
      "palavra": "assentarem",
      "veja tambem": [
        "as-"
      ],
      "ocorrencias": 4,
      "fonte": "",
      "concordancias": [
        {
          "referencia": "Números 2.3",
          "texto": "Os que A. as suas tendas da banda do oriente,"
        },
        {
          "referencia": "Isaías 47.14",
          "texto": "se aquentarem, nem fogo, para se A. junto dele."
        },
        {
          "referencia": "Lamentações 3.63",
          "texto": "Observa-os ao se À, e ao se levantarem; eu"
        },
        {
          "referencia": "Oséias 14.7",
          "texto": "Voltarão os que se À. à sua sombra; serão"
        }
      ]
    },
    {
      "palavra": "assentaremos",
      "veja tambem": [],
      "ocorrencias": 1,
      "fonte": "",
      "concordancias": [
        {
          "referencia": "1 Samuel 16.11",
          "texto": "e manda-o chamar, porquanto não nos 4. em"
        }
      ]
    },
    {
      "palavra": "assentares",
      "veja tambem": [],
      "ocorrencias": 2,
      "fonte": "",
      "concordancias": [
        {
          "referencia": "Provérbios 23.1",
          "texto": "Quando te Á. a comer com um governador,"
        },
        {
          "referencia": "Jeremias 16.8",
          "texto": "casa do banquete, para te Á, com eles a"
        }
      ]
    },
    {
      "palavra": "assentaria",
      "veja tambem": [
        "as-"
      ],
      "ocorrencias": 1,
      "fonte": "",
      "concordancias": [
        {
          "referencia": "1 Reis 1.27",
          "texto": "saber a teu servo quem se Á. no trono do"
        }
      ]
    },
    {
      "palavra": "assentas",
      "veja tambem": [],
      "ocorrencias": 3,
      "fonte": "",
      "concordancias": [
        {
          "referencia": "Êxodo 18.14",
          "texto": "tu fazes ao povo? Por que te À, só, e todo o"
        },
        {
          "referencia": "S180.1",
          "texto": "José como a um rebanho, que te À. entre os"
        },
        {
          "referencia": "Jeremias 22.2",
          "texto": "Senhor, ó rei de Judá, que te A. no trono de"
        }
      ]
    },
    {
      "palavra": "assentas-te",
      "veja tambem": [
        "assentar"
      ],
      "ocorrencias": 1,
      "fonte": "",
      "concordancias": [
        {
          "referencia": "S150.20",
          "texto": "A, a falar contra teu irmão; falas mal"
        }
      ]
    }
  ]
}