{
  "a": [
    {
      "palavra": "assentasse",
      "veja tambem": ["assentar", "sentar", "posto"],
      "ocorrencias": 5,
      "fonte": "Strong's H3427 (יָשַׁב/yashav)",
      "concordancias": [
        {
          "referencia": "1 Reis 3.6",
          "texto": "e lhe deste um filho que se A. no seu"
        },
        {
          "referencia": "Mateus 14.19",
          "texto": "mandado que a multidão se A. sobre a erva,"
        },
        {
          "referencia": "Mateus 15.35",
          "texto": "Então, mandou à multidão que se Á. no chão."
        },
        {
          "referencia": "Marcos 8.6",
          "texto": "ordenou à multidão que se 4. no chão. E,"
        },
        {
          "referencia": "Atos 8.31",
          "texto": "E rogou a Filipe que subisse e com ele se A.."
        }
      ]
    },
    {
      "palavra": "assentaste",
      "veja tambem": [],
      "ocorrencias": 2,
      "fonte": "",
      "concordancias": [
        {
          "referencia": "S19.4",
          "texto": "e a minha causa; tu te Á. no tribunal,"
        },
        {
          "referencia": "Ezequiel 23.41",
          "texto": "E te À. sobre um leito de honra, diante do"
        }
      ]
    },
    {
      "palavra": "assentava",
      "veja tambem": [],
      "ocorrencias": 2,
      "fonte": "",
      "concordancias": [
        {
          "referencia": "Mateus 26.55",
          "texto": "me prender? Todos os dias me A. junto de"
        },
        {
          "referencia": "Atos 3.10",
          "texto": "pois era ele o que se À. a pedir esmola"
        }
      ]
    },
    {
      "palavra": "assentava-me",
      "veja tambem": [
        "as-"
      ],
      "ocorrencias": 1,
      "fonte": "",
      "concordancias": [
        {
          "referencia": "Jó 29.25",
          "texto": "eu escolhia o seu caminho, Á, como chefe;"
        }
      ]
    },
    {
      "palavra": "assentavam",
      "veja tambem": [
        "assentar"
      ],
      "ocorrencias": 6,
      "fonte": "",
      "concordancias": [
        {
          "referencia": "Números 9.17",
          "texto": "parava, ali os filhos de Israel À, o seu arraial."
        },
        {
          "referencia": "Números 9.18",
          "texto": "e segundo o dito do Senhor 4. o arraial;"
        },
        {
          "referencia": "Números 9.18",
          "texto": "nuvem parava sobre o tabernáculo, A. o arraial."
        },
        {
          "referencia": "Ester 1.14",
          "texto": "medos, que viam a face do rei e se A, os"
        },
        {
          "referencia": "Jeremias 32.12",
          "texto": "olhos de todos os judeus que se À, no pátio"
        },
        {
          "referencia": "Ezequiel 31.6",
          "texto": "e todos os grandes povos se A. à sua sombra."
        }
      ]
    },
    {
      "palavra": "assentavas",
      "veja tambem": [
        "assentar"
      ],
      "ocorrencias": 1,
      "fonte": "",
      "concordancias": [
        {
          "referencia": "Jeremias 3.2",
          "texto": "Nos caminhos te A. para eles,"
        }
      ]
    },
    {
      "palavra": "assente",
      "veja tambem": [
        "assentar"
      ],
      "ocorrencias": 6,
      "fonte": "",
      "concordancias": [
        {
          "referencia": "1 Reis 1.48",
          "texto": "que hoje tem dado quem se À, no meu trono e"
        },
        {
          "referencia": "1 Reis 8.25",
          "texto": "sucessor diante de mim, que se À. no trono"
        },
        {
          "referencia": "2 Crônicas 6.16",
          "texto": "ti varão de diante de mim, que se À, sobre o"
        },
        {
          "referencia": "Jeremias 33.17",
          "texto": "faltará a Davi varão que se Á. sobre o trono da"
        },
        {
          "referencia": "Jeremias 36.30",
          "texto": "rei de Judá: Não terá quem se Á. sobre o trono"
        },
        {
          "referencia": "Apocalipse 3.21",
          "texto": "lhe concederei que se Á. comigo no meu"
        }
      ]
    },
    {
      "palavra": "assentei",
      "veja tambem": [
        "assentar"
      ],
      "ocorrencias": 7,
      "fonte": "",
      "concordancias": [
        {
          "referencia": "1 Reis 8.20",
          "texto": "lugar de Davi, meu pai, e me 4. no trono de"
        },
        {
          "referencia": "2 Crônicas 6.10",
          "texto": "lugar de Davi, meu pai, e me Å. sobre o trono"
        },
        {
          "referencia": "Esdras 9.3",
          "texto": "minha cabeça e da minha barba, e me À, atônito."
        },
        {
          "referencia": "Isaías 28.16",
          "texto": "o Senhor Jeová: Eis que eu A, em Sião uma"
        },
        {
          "referencia": "Jeremias 15.17",
          "texto": "Nunca me Á. no congresso dos zombadores, nem me"
        },
        {
          "referencia": "Jeremias 15.17",
          "texto": "por causa da tua mão, me A. solitário,"
        },
        {
          "referencia": "Apocalipse 3.21",
          "texto": "assim como eu venci e me À, com meu Pai no"
        }
      ]
    },
    {
      "palavra": "assentei-me",
      "veja tambem": [
        "as-"
      ],
      "ocorrencias": 1,
      "fonte": "",
      "concordancias": [
        {
          "referencia": "Neemias 1.4",
          "texto": "ouvindo eu essas palavras, A., e chorei, e"
        }
      ]
    },
    {
      "palavra": "assenteis",
      "veja tambem": [
        "assentar"
      ],
      "ocorrencias": 1,
      "fonte": "",
      "concordancias": [
        {
          "referencia": "Lucas 22.30",
          "texto": "mesa no meu Reino e vos À. sobre tronos,"
        }
      ]
    },
    {
      "palavra": "assentem",
      "veja tambem": [
        "assentir"
      ],
      "ocorrencias": 1,
      "fonte": "",
      "concordancias": [
        {
          "referencia": "Mateus 20.21",
          "texto": "que estes meus dois filhos se 4. um à tua"
        }
      ]
    },
    {
      "palavra": "assentemos",
      "veja tambem": [
        "as-"
      ],
      "ocorrencias": 1,
      "fonte": "",
      "concordancias": [
        {
          "referencia": "Marcos 10.37",
          "texto": "que, na tua glória, nos Á., um à tua"
        }
      ]
    },
    {
      "palavra": "assentes",
      "veja tambem": [
        "assentir"
      ],
      "ocorrencias": 1,
      "fonte": "",
      "concordancias": [
        {
          "referencia": "Lucas 148",
          "texto": "convidado às bodas, não te Á. no primeiro"
        }
      ]
    },
    {
      "palavra": "assento",
      "veja tambem": [
        "assentar"
      ],
      "ocorrencias": 22,
      "fonte": "",
      "concordancias": [
        {
          "referencia": "Gênesis 25.18",
          "texto": "Assur; e Ismael fez o seu A. diante da face"
        },
        {
          "referencia": "Gênesis 26.17",
          "texto": "foi-se dali, e fez o seu A. no vale de"
        },
        {
          "referencia": "Gênesis 33.18",
          "texto": "de Padã-Ará; e fez o seu À. diante da cidade."
        },
        {
          "referencia": "Josué 43",
          "texto": "do meio do Jordão, do lugar do A. dos pés dos"
        },
        {
          "referencia": "Josué 4.9",
          "texto": "meio do Jordão, no lugar do Á. dos pés dos"
        },
        {
          "referencia": "1 Samuel 20.18",
          "texto": "no teu lugar, pois o teu A. se achará vazio."
        },
        {
          "referencia": "ISm 20.25",
          "texto": "assentando-se o rei no seu Á., como as outras"
        },
        {
          "referencia": "1 Reis 8.13",
          "texto": "uma casa para morada, Á, para a tua"
        },
        {
          "referencia": "1 Reis 8.39",
          "texto": "ouve tu, então, nos céus, A. da tua habitação, e"
        },
        {
          "referencia": "1 Reis 843",
          "texto": "Ouve tu nos céus, À. da tua habitação, e faze"
        },
        {
          "referencia": "1 Reis 8.49",
          "texto": "ouve, então, nos céus, Á. da tua habitação, a"
        },
        {
          "referencia": "1 Reis 10.19",
          "texto": "bandas tinha encostos até ao A.; e dois leões"
        },
        {
          "referencia": "2 Crônicas 6.30",
          "texto": "ouve tu desde os céus, do À. da tua"
        },
        {
          "referencia": "2 Crônicas 6.33",
          "texto": "ouve tu desde os céus, do À. da tua"
        },
        {
          "referencia": "2 Crônicas 6.39",
          "texto": "então, desde os céus, do À. da tua"
        },
        {
          "referencia": "2 Crônicas 9.18",
          "texto": "ambas as bandas no lugar do A.; e dois leões"
        },
        {
          "referencia": "Jó 29.19",
          "texto": "às águas, e o orvalho fazia A. sobre os meus ramos;"
        },
        {
          "referencia": "Cânticos 2.3",
          "texto": "sua sombra e debaixo dela me A.; eo seu fruto é"
        },
        {
          "referencia": "Cânticos 3.10",
          "texto": "prata, o estrado de ouro, o À, de púrpura, o"
        },
        {
          "referencia": "Isaías 22.19",
          "texto": "do teu ofício e te arrancarei do teu A.."
        },
        {
          "referencia": "Lamentações 5.14",
          "texto": "Os velhos já não têm À. à porta, os jovens já"
        },
        {
          "referencia": "Ezequiel 28.2",
          "texto": "e sobre a cadeira de Deus me Á. no meio dos"
        }
      ]
    },
    {
      "palavra": "assentos",
      "veja tambem": [
        "assento"
      ],
      "ocorrencias": 4,
      "fonte": "",
      "concordancias": [
        {
          "referencia": "Êxodo 1.16",
          "texto": "easvirdes sobre os A., se for filho,"
        },
        {
          "referencia": "Marcos 12.39",
          "texto": "nas sinagogas, e dos primeiros A. nas ceias;"
        },
        {
          "referencia": "Lucas 11.43",
          "texto": "que amais os primeiros A. nas sinagogas e"
        },
        {
          "referencia": "Lucas 14.7",
          "texto": "como escolhiam os primeiros A., dizendo-lhes:"
        }
      ]
    },
    {
      "palavra": "assentou",
      "veja tambem": [
        "assentar"
      ],
      "ocorrencias": 23,
      "fonte": "",
      "concordancias": [
        {
          "referencia": "Levítico 15.6",
          "texto": "sobre aquilo em que se 4. o que tem o fluxo"
        },
        {
          "referencia": "Levítico 15.23",
          "texto": "sobre aquilo em que ela se A., se alguém a"
        },
        {
          "referencia": "Juízes 5.17",
          "texto": "se deteve em navios? Aser se À, nos portos do"
        },
        {
          "referencia": "Rute 2.14",
          "texto": "teu bocado no vinagre. E ela se À. ao lado dos"
        },
        {
          "referencia": "1 Samuel 2.8",
          "texto": "são os alicerces da terra, e À, sobre eles"
        },
        {
          "referencia": "1 Samuel 28.23",
          "texto": "E levantou-se do chão e se A. sobre uma cama."
        },
        {
          "referencia": "2 Samuel 19.8",
          "texto": "o rei se levantou e se À. à porta, e"
        },
        {
          "referencia": "1 Reis 2.12",
          "texto": "E Salomão se À. no trono de Davi, seu pai eo"
        },
        {
          "referencia": "1 Reis 2.19",
          "texto": "inclinou diante dela; então, se A. no seu trono"
        },
        {
          "referencia": "1 Reis 2.19",
          "texto": "para a mãe do rei, e ela se A. à sua mão direita."
        },
        {
          "referencia": "1 Reis 19.4",
          "texto": "de um dia, e veio, e se 4. debaixo de um"
        },
        {
          "referencia": "2 Reis 11.19",
          "texto": "guarda, à casa do rei, e ele se À. no trono"
        },
        {
          "referencia": "2 Reis 13.13",
          "texto": "seus pais, e Jeroboão se À, no seu trono; e"
        },
        {
          "referencia": "1 Crônicas 29.23",
          "texto": "Assim, Salomão se À. no trono do Senhor, rei,"
        },
        {
          "referencia": "Esdras 10.9",
          "texto": "vinte do mês; e todo o povo se À. na praça da"
        },
        {
          "referencia": "Jó 38.6",
          "texto": "as suas bases, ou quem À. a sua pedra de esquina,"
        },
        {
          "referencia": "S129.10",
          "texto": "O Senhor se A. sobre o dilúvio; o Senhor se"
        },
        {
          "referencia": "Isaías 29.1",
          "texto": "cidade de Ariel, em que Davi À. o seu arraial!"
        },
        {
          "referencia": "Daniel 1.8",
          "texto": "E Daniel 4. no seu coração não se contaminar"
        },
        {
          "referencia": "Daniel 7.9",
          "texto": "e um ancião de dias se À.; a sua veste"
        },
        {
          "referencia": "Jonas 4.5",
          "texto": "e ali fez uma cabana, e se Á. debaixo dela,"
        },
        {
          "referencia": "Mateus 13.2",
          "texto": "que, entrando num barco, se 4.; e toda a"
        },
        {
          "referencia": "Jó 13.12",
          "texto": "e tomou as suas vestes, e se À. outra vez à"
        }
      ]
    },
    {
      "palavra": "assentou-me",
      "veja tambem": [
        "assentar"
      ],
      "ocorrencias": 1,
      "fonte": "",
      "concordancias": [
        {
          "referencia": "Lamentações 3.6",
          "texto": "A. em lugares tenebrosos, como os que"
        }
      ]
    },
    {
      "palavra": "asseteado",
      "veja tambem": [],
      "ocorrencias": 1,
      "fonte": "",
      "concordancias": [
        {
          "referencia": "Êxodo 19.13",
          "texto": "será apedrejado ou A.; quer seja"
        }
      ]
    }
  ]
}