{
  "a": [
    {
      "palavra": "assina",
      "veja tambem": ["assinar", "firmar", "rubricar"],
      "ocorrencias": 1,
      "fonte": "Dicionário Bíblico Strong, variantes contextuais.",
      "concordancias": [
        {
          "referencia": "Daniel 6.8",
          "texto": "ó rei, confirma o edito e À. a escritura,"
        }
      ]
    },
    {
      "palavra": "assinalado",
      "veja tambem": [],
      "ocorrencias": 4,
      "fonte": "",
      "concordancias": [
        {
          "referencia": "Josué 8.14",
          "texto": "ele e todo o seu povo, ao tempo Á., perante"
        },
        {
          "referencia": "Jeremias 46.17",
          "texto": "é apenas um som; deixou passar o tempo Á.."
        },
        {
          "referencia": "Atos 28.23",
          "texto": "E, havendo-lhe eles Á, um dia, muitos foram"
        },
        {
          "referencia": "Apocalipse 7.3",
          "texto": "as árvores, até que hajamos Á. na testa os"
        }
      ]
    },
    {
      "palavra": "assinalados",
      "veja tambem": [
        "assinalar"
      ],
      "ocorrencias": 3,
      "fonte": "",
      "concordancias": [
        {
          "referencia": "Apocalipse 7.4",
          "texto": "E ouvi o número dos Á., e eram cento e"
        },
        {
          "referencia": "Apocalipse 7.4",
          "texto": "e quarenta e quatro mil Á., de todas as"
        },
        {
          "referencia": "Apocalipse 7.5",
          "texto": "de Judá, havia doze mil A.; da tribo de"
        }
      ]
    },
    {
      "palavra": "assinalaram",
      "veja tambem": [
        "assinalar"
      ],
      "ocorrencias": 1,
      "fonte": "",
      "concordancias": [
        {
          "referencia": "Jó 24.16",
          "texto": "minam as casas que de dia A.; não conhecem"
        }
      ]
    },
    {
      "palavra": "assinalou",
      "veja tambem": [
        "assinalar"
      ],
      "ocorrencias": 1,
      "fonte": "",
      "concordancias": [
        {
          "referencia": "Êxodo 9.5",
          "texto": "E o Senhor 4. certo tempo, dizendo: Amanhã"
        }
      ]
    },
    {
      "palavra": "assinaste",
      "veja tambem": [
        "assi-"
      ],
      "ocorrencias": 2,
      "fonte": "",
      "concordancias": [
        {
          "referencia": "Daniel 6.12",
          "texto": "real, porventura não A. o edito pelo"
        },
        {
          "referencia": "Daniel 6.13",
          "texto": "de ti, ó rei, nem do edito que A.; antes,"
        }
      ]
    },
    {
      "palavra": "assinou",
      "veja tambem": [
        "assinar"
      ],
      "ocorrencias": 1,
      "fonte": "",
      "concordancias": [
        {
          "referencia": "Daniel 6.9",
          "texto": "Por esta causa, o rei Dario À, esta escritura e edito."
        }
      ]
    },
    {
      "palavra": "assir",
      "veja tambem": [],
      "ocorrencias": 5,
      "fonte": "",
      "concordancias": [
        {
          "referencia": "Êxodo 6.24",
          "texto": "E os filhos de Corá: A., e Elcana, e Abiasafe;"
        },
        {
          "referencia": "1 Crônicas 3.17",
          "texto": "E os filhos de Jeconias: À. e seu filho Sealtiel."
        },
        {
          "referencia": "1 Crônicas 6.22",
          "texto": "seu filho, Corá, seu filho, A., seu filho,"
        },
        {
          "referencia": "1 Crônicas 6.23",
          "texto": "seu filho, Ebiasafe, seu filho, A., seu filho,"
        },
        {
          "referencia": "1 Crônicas 6.37",
          "texto": "filho de Taate, filho de A., filho de Ebiasafe,"
        }
      ]
    }
  ]
}