{
  "a": [
    {
      "palavra": "assiria",
      "veja tambem": ["assírio", "assíria", "império assírio"],
      "ocorrencias": 133,
      "fonte": "Strong's H804 (אַשּׁוּר/Assur)",
      "concordancias": [
        {
          "referencia": "Gênesis 2.14",
          "texto": "para a banda do oriente da A.; e o quarto rio"
        },
        {
          "referencia": "Gênesis 10.11",
          "texto": "mesma terra saiu ele à À. e edificou a"
        },
        {
          "referencia": "2 Reis 15.19",
          "texto": "Então, veio Pul, rei da Á., contra a terra; e"
        },
        {
          "referencia": "2 Reis 15.20",
          "texto": "ricos, para o dar ao rei da Á., para cada homem"
        },
        {
          "referencia": "2 Reis 15.20",
          "texto": "prata; assim, voltou o rei da À. e não ficou"
        },
        {
          "referencia": "2 Reis 15.29",
          "texto": "veio Tiglate-Pileser, rei da A., etomoua"
        },
        {
          "referencia": "2 Reis 15.29",
          "texto": "e à toda a terra de Naftali, e os levou para a Å.."
        },
        {
          "referencia": "2 Reis 16.7",
          "texto": "a Tiglate-Pileser, rei da A., dizendo: Eu sou"
        },
        {
          "referencia": "2 Reis 16.8",
          "texto": "da casa do rei e mandou um presente ao rei da A.."
        },
        {
          "referencia": "2 Reis 16.9",
          "texto": "E o rei da À. lhe deu ouvidos; pois o rei da"
        },
        {
          "referencia": "2 Reis 16.9",
          "texto": "deu ouvidos; pois o rei da À. subiu contra"
        },
        {
          "referencia": "2 Reis 16.10",
          "texto": "com Tiglate-Pileser, rei da A.; e, vendo um"
        },
        {
          "referencia": "2 Reis 16.18",
          "texto": "retirou da Casa do Senhor, por causa do rei da Á.."
        },
        {
          "referencia": "2 Reis 17.3",
          "texto": "subiu Salmaneser, rei da 4.; e Oseias ficou"
        },
        {
          "referencia": "2 Reis 17.4",
          "texto": "Porém o rei da À. achou em Oseias conspiração,"
        },
        {
          "referencia": "2 Reis 17.4",
          "texto": "como dantes; então, o rei da À. o encerrou e"
        },
        {
          "referencia": "2 Reis 17.5",
          "texto": "Porque o rei da 4. subiu por toda a terra, e"
        },
        {
          "referencia": "2 Reis 17.6",
          "texto": "nono de Oseias, o rei da Á. tomou a Samaria,"
        },
        {
          "referencia": "2 Reis 17.6",
          "texto": "transportou a Israel para a A., e fê-los"
        },
        {
          "referencia": "2 Reis 17.23",
          "texto": "transportado da sua terra à A., onde"
        },
        {
          "referencia": "2 Reis 17.24",
          "texto": "E o rei da À, trouxe gente de Babel, e de Cuta,"
        },
        {
          "referencia": "2 Reis 17.26",
          "texto": "Pelo que falaram ao rei da A., dizendo: A gente"
        },
        {
          "referencia": "2 Reis 17.27",
          "texto": "Então, o rei da A, mandou dizer: Levai ali um"
        },
        {
          "referencia": "2 Reis 18.7",
          "texto": "e se revoltou contra o rei da À. e não o serviu."
        },
        {
          "referencia": "2 Reis 18.9",
          "texto": "Israel), que Salmaneser, rei da Á., subiu"
        },
        {
          "referencia": "2 Reis 18.11",
          "texto": "E o rei da 4. transportou a Israel para a"
        },
        {
          "referencia": "2 Reis 18.11",
          "texto": "a Israel para a À.; e os fez levar"
        },
        {
          "referencia": "2 Reis 18.13",
          "texto": "subiu Senaqueribe, rei da A., contra todas as"
        },
        {
          "referencia": "2 Reis 18.14",
          "texto": "rei de Judá, enviou ao rei da Á., a Laquis,"
        },
        {
          "referencia": "2 Reis 18.14",
          "texto": "impuseres levarei. Então, o rei da 4. impôs a"
        },
        {
          "referencia": "2 Reis 18.16",
          "texto": "rei de Judá, as cobrira, e o deu ao rei da A.."
        },
        {
          "referencia": "2 Reis 18.17",
          "texto": "Contudo, enviou o rei da A. a Tartã e a"
        },
        {
          "referencia": "2 Reis 18.19",
          "texto": "diz o grande rei, o rei da A.: Que confiança"
        },
        {
          "referencia": "2 Reis 18.23",
          "texto": "ao meu senhor, o rei da Á., e dar-te-ei"
        },
        {
          "referencia": "2 Reis 18.28",
          "texto": "disse: Ouvi a palavra do grande rei, do rei da A.."
        },
        {
          "referencia": "2 Reis 18.30",
          "texto": "esta cidade não será entregue na mão do rei da Á.."
        },
        {
          "referencia": "2 Reis 18.31",
          "texto": "porque assim diz o rei da A.: Contratai comigo"
        },
        {
          "referencia": "2 Reis 18.33",
          "texto": "cada um a sua terra, das mãos do rei da A.?"
        },
        {
          "referencia": "2 Reis 19.4",
          "texto": "enviou o seu senhor, o rei da A., para afrontar"
        },
        {
          "referencia": "2 Reis 19.6",
          "texto": "as quais os servos do rei da Å. me blasfemaram."
        },
        {
          "referencia": "2 Reis 19.8",
          "texto": "Rabsaqué e achou o rei da À. pelejando contra"
        },
        {
          "referencia": "2 Reis 19.10",
          "texto": "Jerusalém não será entregue na mão do rei da A.."
        },
        {
          "referencia": "2 Reis 19.11",
          "texto": "o que fizeram os reis da À. a todas as terras,"
        },
        {
          "referencia": "2 Reis 19.17",
          "texto": "é, ó Senhor, que os reis da A. assolaram as"
        },
        {
          "referencia": "2 Reis 19.20",
          "texto": "acerca de Senaqueribe, rei da A., eu o ouvi."
        },
        {
          "referencia": "2 Reis 19.32",
          "texto": "o Senhor acerca do rei da A.: Não entrará"
        },
        {
          "referencia": "2 Reis 19.36",
          "texto": "Então, Senaqueribe, rei da A., partiu, e foi; e"
        },
        {
          "referencia": "2 Reis 20.6",
          "texto": "anos e das mãos do rei da A. te livrarei, a ti"
        },
        {
          "referencia": "2 Reis 23.29",
          "texto": "rei do Egito, contra o rei da A., aorio"
        },
        {
          "referencia": "1 Crônicas 5.6",
          "texto": "qual Tiglate-Pileser, rei da A., levou preso;"
        },
        {
          "referencia": "1 Crônicas 5.26",
          "texto": "o espírito de Pul, rei da A., eo espírito de"
        },
        {
          "referencia": "1 Crônicas 5.26",
          "texto": "de Tiglate-Pileser, rei da A., que os levaram"
        },
        {
          "referencia": "2 Crônicas 28.16",
          "texto": "Acaz mandou pedir aos reis da A., que o ajudassem."
        },
        {
          "referencia": "2 Crônicas 28.20",
          "texto": "ele Tiglate-Pileser, rei da Á.; porém o pôs em"
        },
        {
          "referencia": "2 Crônicas 28.21",
          "texto": "príncipes e a deu ao rei da À.; porém não o ajudou."
        },
        {
          "referencia": "2 Crônicas 30.6",
          "texto": "que escaparam e escaparam das mãos dos reis da Á.."
        },
        {
          "referencia": "2 Crônicas 32.1",
          "texto": "veio Senaqueribe, rei da A., e entrou em"
        },
        {
          "referencia": "2 Crônicas 32.4",
          "texto": "Por que viriam os reis da Á. e achariam"
        },
        {
          "referencia": "2 Crônicas 32.7",
          "texto": "por causa do rei da Á., nem por causa"
        },
        {
          "referencia": "2 Crônicas 32.9",
          "texto": "disso, Senaqueribe, rei da A,, enviou os seus"
        },
        {
          "referencia": "2 Crônicas 32.10",
          "texto": "diz Senaqueribe, rei da A.: Em que confiais"
        },
        {
          "referencia": "2 Crônicas 32.11",
          "texto": "nosso Deus, nos livrará das mãos do rei da A,?"
        },
        {
          "referencia": "2 Crônicas 32.21",
          "texto": "chefes no arraial do rei da A.; e este tornou"
        },
        {
          "referencia": "2 Crônicas 32.22",
          "texto": "mãos de Senaqueribe, rei da A., e das mãos de"
        },
        {
          "referencia": "2 Crônicas 33.11",
          "texto": "do exército do rei da A., os quais"
        },
        {
          "referencia": "Esdras 4.2",
          "texto": "os dias de Esar-Hadom, rei da A., que nos"
        },
        {
          "referencia": "Esdras 6.22",
          "texto": "mudado o coração do rei da A. a favor deles,"
        },
        {
          "referencia": "Neemias 9.32",
          "texto": "o teu povo, desde os dias dos reis da A. até"
        },
        {
          "referencia": "Isaías 7.17",
          "texto": "casa de teu pai, pelo rei da Á., dias tais,"
        },
        {
          "referencia": "Isaías 7.18",
          "texto": "do Egito e às abelhas que andam na terra da A.;"
        },
        {
          "referencia": "Isaías 7.20",
          "texto": "do rio, isto é, como rei da A., a cabeça e os"
        },
        {
          "referencia": "Isaías 84",
          "texto": "e os despojos de Samaria, diante do rei da Á.."
        },
        {
          "referencia": "Isaías 8.7",
          "texto": "impetuosas, isto é, o rei da A., com toda a sua"
        },
        {
          "referencia": "Isaías 10.5",
          "texto": "Aida Á., a vara da minha ira! Porque a minha"
        },
        {
          "referencia": "Isaías 10.12",
          "texto": "do arrogante coração do rei da A. e a pompa da"
        },
        {
          "referencia": "Isaías 10.24",
          "texto": "meu, que habitas em Sião, a A., quando te"
        },
        {
          "referencia": "Isaías 11.11",
          "texto": "do seu povo que restarem da A., e do Egito, e"
        },
        {
          "referencia": "Isaías 11.16",
          "texto": "seu povo que restarem da A., como sucedeu a"
        },
        {
          "referencia": "Isaías 14.25",
          "texto": "Quebrantarei a Á. na minha terra e, nas minhas"
        },
        {
          "referencia": "Isaías 19.23",
          "texto": "estrada do Egito até à Á., e os assírios"
        },
        {
          "referencia": "Isaías 19.23",
          "texto": "Egito, e os egípcios irão à À.; e os egípcios"
        },
        {
          "referencia": "Isaías 19.25",
          "texto": "seja o Egito, meu povo, ea Á., obra de"
        },
        {
          "referencia": "Isaías 20.1",
          "texto": "enviando-o Sargão, rei da Ae guerreou"
        },
        {
          "referencia": "Isaías 20.4",
          "texto": "assim o rei da À. levará em cativeiro os presos"
        },
        {
          "referencia": "Isaías 20.6",
          "texto": "nos livrarmos da face do rei da À.! Como, pois,"
        },
        {
          "referencia": "Isaías 23.13",
          "texto": "que ainda não era povo; a À. a fundou para os"
        },
        {
          "referencia": "Isaías 27.13",
          "texto": "perdidos pela terra da À. e os que foram"
        },
        {
          "referencia": "Isaías 30.31",
          "texto": "será desfeita em pedaços a Á., que feriu com a vara."
        },
        {
          "referencia": "Isaías 31.8",
          "texto": "E a À. cairá pela espada e não por varão; e a"
        },
        {
          "referencia": "Isaías 36.1",
          "texto": "que Senagueribe, rei da Á., subiu contra"
        },
        {
          "referencia": "Isaías 36.2",
          "texto": "Então, o rei da Á. enviou Rabsaqué, desde Laquis"
        },
        {
          "referencia": "Isaías 36.4",
          "texto": "diz o grande rei, o rei da Á.: Que confiança"
        },
        {
          "referencia": "Isaías 36.8",
          "texto": "reféns ao meu senhor, o rei da A., e dar-te-ei"
        },
        {
          "referencia": "Isaías 36.13",
          "texto": "Ouvi as palavras do grande rei, do rei da A.."
        },
        {
          "referencia": "Isaías 36.15",
          "texto": "cidade não será entregue nas mãos do rei da Á.."
        },
        {
          "referencia": "Isaías 36.16",
          "texto": "porque assim diz o rei da A.: Aliai-vos comigo"
        },
        {
          "referencia": "Isaías 36.18",
          "texto": "cada um a sua terra das mãos do rei da 4.?"
        },
        {
          "referencia": "Isaías 37.4",
          "texto": "a quem enviou o rei da A., seu amo, para"
        },
        {
          "referencia": "Isaías 37.6",
          "texto": "as quais os servos do rei da A. de mim blasfemaram."
        },
        {
          "referencia": "Isaías 37.8",
          "texto": "Rabsaqué e achou o rei da 4. pelejando contra"
        },
        {
          "referencia": "Isaías 37.10",
          "texto": "Jerusalém não será una nas mãos do rei da Å.."
        },
        {
          "referencia": "Isaías 37.11",
          "texto": "o que fizeram os reis da À, a todas as terras,"
        },
        {
          "referencia": "Isaías 37.18",
          "texto": "é, Senhor, que os reis da Á. assolaram todos"
        },
        {
          "referencia": "Isaías 37.21",
          "texto": "que me pediste acerca de Senaqueribe, rei da A.,"
        },
        {
          "referencia": "Isaías 37.33",
          "texto": "o Senhor acerca do rei da A.: Não entrará nesta"
        },
        {
          "referencia": "Isaías 37.37",
          "texto": "Assim, Senaqueribe, rei da A., se retirou, e se"
        },
        {
          "referencia": "Isaías 38.6",
          "texto": "das mãos do rei da Å., a ti, e a esta"
        },
        {
          "referencia": "Isaías 52.4",
          "texto": "Egito, para peregrinar lá, ea Á. sem razão o oprimiu."
        },
        {
          "referencia": "Jeremias 2.18",
          "texto": "teimporta a tio caminho da Á., para beberes"
        },
        {
          "referencia": "Jeremias 2.36",
          "texto": "serás envergonhada, como foste envergonhada da A.."
        },
        {
          "referencia": "Jeremias 50.17",
          "texto": "a devorá-lo foi o rei da A.; e, por último,"
        },
        {
          "referencia": "Jeremias 50.18",
          "texto": "Babilônia e a sua terra, como visitei o rei da A.."
        },
        {
          "referencia": "Ezequiel 16.28",
          "texto": "com os filhos da A., porquanto eras"
        },
        {
          "referencia": "Ezequiel 23.7",
          "texto": "todos a flor dos filhos da A., e com todos"
        },
        {
          "referencia": "Ezequiel 23.9",
          "texto": "na mão dos filhos da A., de quem se enamorara."
        },
        {
          "referencia": "Ezequiel 23.12",
          "texto": "Enamorou-se dos filhos da Æ., dos prefeitos e"
        },
        {
          "referencia": "Ezequiel 23.23",
          "texto": "e de Coa, e todos os filhos da A. com eles,"
        },
        {
          "referencia": "Ezequiel 31.3",
          "texto": "Eis que a À. era um cedro no Líbano, de ramos"
        },
        {
          "referencia": "Oséias 5.13",
          "texto": "a sua chaga, subiu Efraim à Á. e enviou ao rei"
        },
        {
          "referencia": "Oséias 8.9",
          "texto": "Porque subiram à Á., como um jumento montês, por"
        },
        {
          "referencia": "Oséias 9.3",
          "texto": "Efraim tornará ao Egito, e na Á. comerão comida imun-"
        },
        {
          "referencia": "Oséias 10.6",
          "texto": "Também a Á. será levada como um presente ao rei"
        },
        {
          "referencia": "Oséias 11.5",
          "texto": "a terra do Egito, mas a À. será seu rei,"
        },
        {
          "referencia": "Oséias 12.1",
          "texto": "e fazem aliança coma A., eo azeite se"
        },
        {
          "referencia": "Oséias 14.3",
          "texto": "Não nos salvará a A., não iremos montados em"
        },
        {
          "referencia": "Mg 5.5",
          "texto": "será a nossa paz. Quando a Á. vier à nossa"
        },
        {
          "referencia": "Mg 5.6",
          "texto": "consumirão a terra da Á. à espada e a terra"
        },
        {
          "referencia": "Miquéias 5.6",
          "texto": "Assim, nos livrará da Á., quando vier à"
        },
        {
          "referencia": "Miquéias 7.12",
          "texto": "dia, virão a ti, desde a Á. até às cidades"
        },
        {
          "referencia": "Naum 3.18",
          "texto": "dormitarão, ó rei da Á.; os teus ilustres"
        },
        {
          "referencia": "Sofonias 2.13",
          "texto": "o Norte e destruirá a A,; e fará de Nínive"
        },
        {
          "referencia": "Zacarias 10.10",
          "texto": "Egito e os congregarei da Á.; etrá-los-ei à"
        },
        {
          "referencia": "Zacarias 10.11",
          "texto": "será derribada a soberba da A., e o cetro do"
        }
      ]
    }
  ]
}