{
  "a": [
    {
      "palavra": "assírios",
      "veja tambem": ["assíria", "assírio", "império assírio"],
      "ocorrencias": 8,
      "fonte": "Strong's H804 (אַשּׁוּר/Assur)",
      "concordancias": [
        {
          "referencia": "2 Reis 19.35",
          "texto": "Senhor e feriu no arraial dos A. a cento e"
        },
        {
          "referencia": "Isaías 19.23",
          "texto": "Egito até à Assíria, e os À, virão ao Egito,"
        },
        {
          "referencia": "Isaías 19.23",
          "texto": "e os egípcios adorarão com os À. ao Senhor."
        },
        {
          "referencia": "Isaías 19.24",
          "texto": "com os egípcios e os Á., uma bênção no"
        },
        {
          "referencia": "Isaías 37.36",
          "texto": "e feriu, no arraial dos A., a cento e"
        },
        {
          "referencia": "Lamentações 5.6",
          "texto": "estendemos as mãos, e aos Á., para nos"
        },
        {
          "referencia": "Ezequiel 23.5",
          "texto": "dos seus amantes, dos A., seus vizinhos,"
        },
        {
          "referencia": "Ezequiel 27.6",
          "texto": "de Basã; a companhia dos À. fez os teus"
        }
      ]
    },
    {
      "palavra": "assista",
      "veja tambem": [
        "assistir"
      ],
      "ocorrencias": 2,
      "fonte": "",
      "concordancias": [
        {
          "referencia": "Deuteronômio 18.5",
          "texto": "as tuas tribos, para que Á. a servir no"
        },
        {
          "referencia": "Jeremias 35.19",
          "texto": "Jonadabe, filho de Recabe, que A. perante a"
        }
      ]
    },
    {
      "palavra": "assiste",
      "veja tambem": [
        "assistir"
      ],
      "ocorrencias": 1,
      "fonte": "",
      "concordancias": [
        {
          "referencia": "Jó 3.29",
          "texto": "o amigo do esposo, que lhe A. e o ouve,"
        }
      ]
    },
    {
      "palavra": "assistem",
      "veja tambem": [
        "assistir"
      ],
      "ocorrencias": 1,
      "fonte": "",
      "concordancias": [
        {
          "referencia": "Deuteronômio 18.7",
          "texto": "seus irmãos, os levitas, que A. ali perante o Senhor,"
        }
      ]
    },
    {
      "palavra": "assistia",
      "veja tambem": [
        "assistir"
      ],
      "ocorrencias": 1,
      "fonte": "",
      "concordancias": [
        {
          "referencia": "Jeremias 52.12",
          "texto": "capitão da guarda, que 4. na"
        }
      ]
    },
    {
      "palavra": "assistiam",
      "veja tambem": [],
      "ocorrencias": 2,
      "fonte": "",
      "concordancias": [
        {
          "referencia": "Juízes 3.19",
          "texto": "disse: Cala-te. E todos os"
        },
        {
          "referencia": "Neemias 12.44",
          "texto": "causa dos sacerdotes e"
        }
      ]
    },
    {
      "palavra": "assistirem",
      "veja tambem": [
        "assistir"
      ],
      "ocorrencias": 1,
      "fonte": "",
      "concordancias": [
        {
          "referencia": "Neemias 7.3",
          "texto": "que o sol aqueça; e, enquanto A. ali, fechem"
        }
      ]
    },
    {
      "palavra": "assistis",
      "veja tambem": [
        "assistir"
      ],
      "ocorrencias": 1,
      "fonte": "",
      "concordancias": [
        {
          "referencia": "SI 135.2",
          "texto": "Vós que A. na Casa do Senhor, nos átrios da"
        }
      ]
    },
    {
      "palavra": "assistiu",
      "veja tambem": [
        "assistir"
      ],
      "ocorrencias": 1,
      "fonte": "",
      "concordancias": [
        {
          "referencia": "2 Timóteo 4.16",
          "texto": "Ninguém me A. na minha primeira defesa; antes,"
        }
      ]
    },
    {
      "palavra": "assistiu-me",
      "veja tambem": [
        "assistir"
      ],
      "ocorrencias": 1,
      "fonte": "",
      "concordancias": [
        {
          "referencia": "2 Timóteo 4.17",
          "texto": "Mas o Senhor A. e fortaleceu-me, para que,"
        }
      ]
    },
    {
      "palavra": "assisto",
      "veja tambem": [
        "assistir"
      ],
      "ocorrencias": 1,
      "fonte": "",
      "concordancias": [
        {
          "referencia": "Lucas 1.19",
          "texto": "disse-lhe: Eu sou Gabriel, que À. diante de"
        }
      ]
    },
    {
      "palavra": "assobiam",
      "veja tambem": [
        "asso-"
      ],
      "ocorrencias": 2,
      "fonte": "",
      "concordancias": [
        {
          "referencia": "Lamentações 2.15",
          "texto": "pelo caminho batem palmas, A. e meneiam a"
        },
        {
          "referencia": "Lamentações 2.16",
          "texto": "abrem a boca contra ti, A. e rangem os"
        }
      ]
    },
    {
      "palavra": "assobiará",
      "veja tambem": [
        "assobiar"
      ],
      "ocorrencias": 9,
      "fonte": "",
      "concordancias": [
        {
          "referencia": "1 Reis 9.8",
          "texto": "que por ela passar pasmará, e Á., e dirá: Por"
        },
        {
          "referencia": "Jó 27.23",
          "texto": "ele as palmas das mãos e do seu lugar o Á.."
        },
        {
          "referencia": "Isaías 5.26",
          "texto": "as nações de longe e lhes À. desde a"
        },
        {
          "referencia": "Isaías 7.18",
          "texto": "acontecer que, naquele dia, A. o Senhor às"
        },
        {
          "referencia": "Isaías 294",
          "texto": "a de um feiticeiro, e a tua fala A. desde o pó."
        },
        {
          "referencia": "Jeremias 19.8",
          "texto": "por ela se espantará e A., por causa de"
        },
        {
          "referencia": "Jeremias 49.17",
          "texto": "por ele se espantará e A. por causa de"
        },
        {
          "referencia": "Jeremias 50.13",
          "texto": "por Babilônia se espantará e A., vendo todas"
        },
        {
          "referencia": "Sofonias 2.15",
          "texto": "Qualquer que passar por ela À. e meneará"
        }
      ]
    },
    {
      "palavra": "assobiaram",
      "veja tambem": [
        "assobiar"
      ],
      "ocorrencias": 1,
      "fonte": "",
      "concordancias": [
        {
          "referencia": "Ezequiel 27.36",
          "texto": "mercadores dentre os povos A. sobre ti; tu te"
        }
      ]
    },
    {
      "palavra": "assobiarei",
      "veja tambem": [
        "assobiar"
      ],
      "ocorrencias": 1,
      "fonte": "",
      "concordancias": [
        {
          "referencia": "Zacarias 10.8",
          "texto": "Eu lhes À, e os ajuntarei, porque os tenho"
        }
      ]
    },
    {
      "palavra": "assoóbio",
      "veja tambem": [],
      "ocorrencias": 6,
      "fonte": "",
      "concordancias": [
        {
          "referencia": "2 Crônicas 29.8",
          "texto": "à assolação, e ao Á., como vós o"
        },
        {
          "referencia": "Jeremias 25.9",
          "texto": "e pô-los-ei em espanto, e em A., cem"
        },
        {
          "referencia": "Jeremias 25.18",
          "texto": "deles um deserto, um espanto, um Å. e uma"
        },
        {
          "referencia": "Jeremias 29.18",
          "texto": "maldição, e um espanto, e um AÁ., eum"
        },
        {
          "referencia": "Jeremias 51.37",
          "texto": "morada de dragões, espanto e Á., sem um só habi-"
        },
        {
          "referencia": "Miquéias 6.16",
          "texto": "e dos seus habitantes um A.; assim, trareis"
        }
      ]
    },
    {
      "palavra": "assóbios",
      "veja tambem": [
        "assobio"
      ],
      "ocorrencias": 1,
      "fonte": "",
      "concordancias": [
        {
          "referencia": "Je 19.8",
          "texto": "espanto e por objeto de A.; todo aquele que"
        }
      ]
    },
    {
      "palavra": "associam",
      "veja tambem": [
        "associar"
      ],
      "ocorrencias": 1,
      "fonte": "",
      "concordancias": [
        {
          "referencia": "Isaías 2.6",
          "texto": "como os filisteus, e se 4. com os filhos"
        }
      ]
    },
    {
      "palavra": "associar-se",
      "veja tambem": [
        "as-"
      ],
      "ocorrencias": 0,
      "fonte": "",
      "concordancias": []
    },
    {
      "palavra": "associaríamos",
      "veja tambem": [
        "associar"
      ],
      "ocorrencias": 1,
      "fonte": "",
      "concordancias": [
        {
          "referencia": "Mateus 23.30",
          "texto": "de nossos pais, nunca nos Á. com eles"
        }
      ]
    },
    {
      "palavra": "associeis",
      "veja tambem": [
        "asso-"
      ],
      "ocorrencias": 2,
      "fonte": "",
      "concordancias": [
        {
          "referencia": "1 Coríntios 5.9",
          "texto": "tenho escrito que não vos Á. com os que se prosti-"
        },
        {
          "referencia": "1 Coríntios 5.11",
          "texto": "agora, escrevi que não vos Á, com aquele"
        }
      ]
    },
    {
      "palavra": "assola",
      "veja tambem": [
        "assolar"
      ],
      "ocorrencias": 1,
      "fonte": "",
      "concordancias": [
        {
          "referencia": "Jeremias 50.21",
          "texto": "os moradores de Pecode; A. e inteiramente"
        }
      ]
    },
    {
      "palavra": "abriram",
      "veja tambem": [
        "abrir"
      ],
      "ocorrencias": 13,
      "fonte": "",
      "concordancias": [
        {
          "referencia": "Gênesis 7.11",
          "texto": "do grande abismo, e as janelas dos céus se Á.,"
        },
        {
          "referencia": "Juízes 3.25",
          "texto": "então, tomaram a chave e Á., eeisseu"
        },
        {
          "referencia": "S19.15",
          "texto": "na cova que A.; na rede que"
        },
        {
          "referencia": "S122.13",
          "texto": "Á. contra mim suas bocas, como um leão que"
        },
        {
          "referencia": "Isaías 24.18",
          "texto": "porque as janelas do alto se Á., eos"
        },
        {
          "referencia": "Lamentações 3.46",
          "texto": "Todos os nossos inimigos A. contra nós a sua boca."
        },
        {
          "referencia": "Ezequiel 1.1",
          "texto": "cativos, junto ao rio Quebar, se Å. os céus, e"
        },
        {
          "referencia": "Mateus 3.16",
          "texto": "da água, e eis que se lhe Á, os céus, e viu"
        },
        {
          "referencia": "Mateus 9.30",
          "texto": "E os olhos se lhes A.. E Jesus ameaçou-os,"
        },
        {
          "referencia": "Marcos 7.35",
          "texto": "E logo se lhe A. os ouvidos, e a prisão da"
        },
        {
          "referencia": "Jó 9.10",
          "texto": "Diziam-lhe, pois: Como se te A. os olhos?"
        },
        {
          "referencia": "Atos 12.16",
          "texto": "em bater, e, quando Á., viram-no e se espantararm."
        },
        {
          "referencia": "Atos 16.26",
          "texto": "cárcere se moveram, e logo se À. todas as"
        }
      ]
    },
    {
      "palavra": "abriram-se",
      "veja tambem": [
        "abrir"
      ],
      "ocorrencias": 3,
      "fonte": "",
      "concordancias": [
        {
          "referencia": "Daniel 7.10",
          "texto": "dele; assentou-se o juízo, e À. oslivros."
        },
        {
          "referencia": "Mateus 27.52",
          "texto": "E À. os sepulcros, e muitos corpos de santos"
        },
        {
          "referencia": "Apocalipse 20.12",
          "texto": "estavam diante do trono, e À. os livros."
        }
      ]
    },
    {
      "palavra": "abrirás",
      "veja tambem": [
        "abrir"
      ],
      "ocorrencias": 2,
      "fonte": "",
      "concordancias": [
        {
          "referencia": "Deuteronômio 15.8",
          "texto": "antes, lhe A. de todo a tua mão e livremente lhe"
        },
        {
          "referencia": "Deuteronômio 15.11",
          "texto": "ordeno, dizendo: Livremente Å. a tua mão para"
        }
      ]
    },
    {
      "palavra": "abrirei",
      "veja tambem": [
        "abrir"
      ],
      "ocorrencias": 8,
      "fonte": "",
      "concordancias": [
        {
          "referencia": "Jó 32.20",
          "texto": "Falarei e respirarei; A. os meus lábios e responderei."
        },
        {
          "referencia": "S178.2",
          "texto": "A, a boca numa parábola; proporei enigmas da anti-"
        },
        {
          "referencia": "Isaías 41.18",
          "texto": "A. rios em lugares altos e fontes, no meio dos"
        },
        {
          "referencia": "Ezequiel 3.27",
          "texto": "quando eu falar contigo, A. a tua boca, e"
        },
        {
          "referencia": "Ezequiel 25.9",
          "texto": "portanto, eis que eu À. o lado de Moabe desde as"
        },
        {
          "referencia": "Ezequiel 37.12",
          "texto": "o Senhor Jeová: Eis que eu À. as vossas"
        },
        {
          "referencia": "Zacarias 12.4",
          "texto": "neles; e sobre a casa de Judá Å. os meus olhos e"
        },
        {
          "referencia": "Mateus 13.35",
          "texto": "pelo profeta, que disse: A. em parábolas a"
        }
      ]
    },
    {
      "palavra": "abrires",
      "veja tambem": [],
      "ocorrencias": 2,
      "fonte": "",
      "concordancias": [
        {
          "referencia": "Isaías 58.10",
          "texto": "e, se À, a tua alma ao faminto e fartares a alma"
        },
        {
          "referencia": "Atos 26.18",
          "texto": "para lhes Á. os olhos e das trevas os"
        }
      ]
    },
    {
      "palavra": "abriria",
      "veja tambem": [
        "abrir"
      ],
      "ocorrencias": 2,
      "fonte": "",
      "concordancias": [
        {
          "referencia": "Jó 41.14",
          "texto": "Quem Á. as portas do seu rosto? Pois em roda dos"
        },
        {
          "referencia": "Isaías 66.9",
          "texto": "A, eu a madre e não geraria, diz o Senhor;"
        }
      ]
    },
    {
      "palavra": "abrirmos",
      "veja tambem": [
        "abrir"
      ],
      "ocorrencias": 1,
      "fonte": "",
      "concordancias": [
        {
          "referencia": "Amós 8.5",
          "texto": "o grão? E o sábado, para À. os celeiros"
        }
      ]
    },
    {
      "palavra": "abrisse",
      "veja tambem": [
        "abrir"
      ],
      "ocorrencias": 4,
      "fonte": "",
      "concordancias": [
        {
          "referencia": "Jó 11.5",
          "texto": "Deus que ele falasse e À, os seus lábios"
        },
        {
          "referencia": "Isaías 10.14",
          "texto": "houve quem movesse a asa, ou Á. a boca, ou mur-"
        },
        {
          "referencia": "Jó 9.30",
          "texto": "vós não saibais de onde ele é e me A. os olhos."
        },
        {
          "referencia": "Jó 9.32",
          "texto": "nunca se ouviu que alguém Á, os olhos a um"
        }
      ]
    },
    {
      "palavra": "abrissem",
      "veja tambem": [
        "abrir"
      ],
      "ocorrencias": 1,
      "fonte": "",
      "concordancias": [
        {
          "referencia": "Neemias 13.19",
          "texto": "se fecharam; e mandei que não as À. até passado"
        }
      ]
    },
    {
      "palavra": "abriste",
      "veja tambem": [],
      "ocorrencias": 3,
      "fonte": "",
      "concordancias": [
        {
          "referencia": "Juízes 11.36",
          "texto": "E ela lhe disse: Pai meu, A. tu a tua boca ao"
        },
        {
          "referencia": "S140.6",
          "texto": "quiseste; os meus ouvidos A.; holocausto e"
        },
        {
          "referencia": "Habacuque 3.14",
          "texto": "Tu À. com os seus próprios cajados a cabeça dos"
        }
      ]
    },
    {
      "palavra": "assoladas",
      "veja tambem": [
        "assolar"
      ],
      "ocorrencias": 14,
      "fonte": "",
      "concordancias": [
        {
          "referencia": "Jó 15.28",
          "texto": "E habitou em cidades A., em casas em que"
        },
        {
          "referencia": "Isaías 49.8",
          "texto": "a terra e lhe dares em herança as herdades A.;"
        },
        {
          "referencia": "Isaías 54.3",
          "texto": "nações e fará que sejam habitadas as cidades A.."
        },
        {
          "referencia": "Isaías 60.12",
          "texto": "perecerão; sim, essas nações de todo serão Á.."
        },
        {
          "referencia": "Isaías 61.4",
          "texto": "e renovarão as cidades Á., destruídas de"
        },
        {
          "referencia": "Jeremias 33.10",
          "texto": "ruas de Jerusalém, que estão A., sem"
        },
        {
          "referencia": "Ezequiel 29.10",
          "texto": "terra do Egito em dessas e À, solidões,"
        },
        {
          "referencia": "Ezequiel 29.12",
          "texto": "no meio das terras A.; eas suas"
        },
        {
          "referencia": "Ezequiel 30.7",
          "texto": "no meio das terras A.; eas suas"
        },
        {
          "referencia": "Ezequiel 36.35",
          "texto": "e as cidades solitárias, e Á., e destruídas"
        },
        {
          "referencia": "Amós 9.14",
          "texto": "e reedificarão as cidades A., e nelas"
        },
        {
          "referencia": "Sofonias 1.13",
          "texto": "saqueada a sua fazenda, e A. as suas casas;"
        },
        {
          "referencia": "Sofonias 3.6",
          "texto": "as suas torres estão A.; fiz desertas"
        },
        {
          "referencia": "Apocalipse 18.16",
          "texto": "e pérolas! Porque numa hora foram A. tantas rique-"
        }
      ]
    }
  ]
}