{
  "a": [
    {
      "palavra": "assolado",
      "veja tambem": ["assolar", "devastado", "desolado"],
      "ocorrencias": 6,
      "fonte": "Strong's H8074 (שָׁמֵם/shamem)",
      "concordancias": [
        {
          "referencia": "Lamentações 3.11",
          "texto": "meus caminhos e fez-me em pedaços; deixou-me Á.."
        },
        {
          "referencia": "Lamentações 5.18",
          "texto": "monte de Sião, que está A., andam as raposas."
        },
        {
          "referencia": "Ezequiel 35.15",
          "texto": "assim te farei a ti; Å, serás, ó monte"
        },
        {
          "referencia": "Daniel 9.17",
          "texto": "esobre o teu santuário Á, faze"
        },
        {
          "referencia": "Ji 1.10",
          "texto": "O campo está Á., ea terra, triste; orque o"
        },
        {
          "referencia": "Lucas 11.17",
          "texto": "dividido contra si mesmo será À.; ea casa"
        }
      ]
    },
    {
      "palavra": "assoladora",
      "veja tambem": [
        "asso-"
      ],
      "ocorrencias": 1,
      "fonte": "",
      "concordancias": [
        {
          "referencia": "Daniel 8.13",
          "texto": "sacrifício e da transgressão Á., para que"
        }
      ]
    },
    {
      "palavra": "assoladores",
      "veja tambem": [],
      "ocorrencias": 2,
      "fonte": "",
      "concordancias": [
        {
          "referencia": "Jó 12.6",
          "texto": "As tendas dos A. têm descanso, e os que"
        },
        {
          "referencia": "Isaías 49.17",
          "texto": "teus destruidores e os teus À. sairão para"
        }
      ]
    },
    {
      "palavra": "assolados",
      "veja tambem": [],
      "ocorrencias": 17,
      "fonte": "",
      "concordancias": [
        {
          "referencia": "2 Crônicas 34.6",
          "texto": "ainda até Naftali, em seus lugares Á., ao redor."
        },
        {
          "referencia": "Jó 3.14",
          "texto": "que para si edificavam casas nos lugares Á.,"
        },
        {
          "referencia": "Jó 30.3",
          "texto": "os lugares secos, tenebrosos, À. e desertos."
        },
        {
          "referencia": "Isaías 37.26",
          "texto": "as cidades fortes e as reduzisses a montões Á.."
        },
        {
          "referencia": "Isaías 51.3",
          "texto": "a todos os seus lugares Á., e fará o seu"
        },
        {
          "referencia": "Isaías 58.12",
          "texto": "os lugares antigamente A.; elevantarás os"
        },
        {
          "referencia": "Isaías 61.4",
          "texto": "os lugares antigamente Á., e restaurarão"
        },
        {
          "referencia": "Jeremias 413",
          "texto": "do que as águias. Ai de nós, que somos Á.!"
        },
        {
          "referencia": "Ezequiel 6.4",
          "texto": "E serão À. os vossos altares, e quebradas as"
        },
        {
          "referencia": "Ezequiel 6.6",
          "texto": "serão destruídas, e os altos, A.; para que os"
        },
        {
          "referencia": "Ezequiel 6.6",
          "texto": "altares sejam destruídos e Á., e os vossos"
        },
        {
          "referencia": "Ezequiel 30.7",
          "texto": "E serão Á. no meio das terras assoladas; e as"
        },
        {
          "referencia": "Ezequiel 33.28",
          "texto": "montes de Israel ficarão tão A., que ninguém"
        },
        {
          "referencia": "Ezequiel 35.12",
          "texto": "de Israel, dizendo: Já estão Á., a nós nos"
        },
        {
          "referencia": "Ezequiel 36.4",
          "texto": "e aos vales, aos lugares À. e"
        },
        {
          "referencia": "Joel 1.17",
          "texto": "torrões, os celeiros foram Á., os armazéns,"
        },
        {
          "referencia": "Amós 7.9",
          "texto": "os altos de Isaque serão A., e destruídos os"
        }
      ]
    },
    {
      "palavra": "assolam",
      "veja tambem": [
        "assolar"
      ],
      "ocorrencias": 1,
      "fonte": "",
      "concordancias": [
        {
          "referencia": "Isaías 21.1",
          "texto": "de vento do Sul, que tudo A., ele virá do"
        }
      ]
    },
    {
      "palavra": "assolamento",
      "veja tambem": [
        "asso-"
      ],
      "ocorrencias": 2,
      "fonte": "",
      "concordancias": [
        {
          "referencia": "Josué 8.28",
          "texto": "num montão perpétuo, em A., até ao dia"
        },
        {
          "referencia": "Marcos 13.14",
          "texto": "vós virdes a abominação do Á., que foi"
        }
      ]
    },
    {
      "palavra": "assolamos",
      "veja tambem": [
        "as-"
      ],
      "ocorrencias": 1,
      "fonte": "",
      "concordancias": [
        {
          "referencia": "Números 21.30",
          "texto": "perdida é até Dibom, e os 4. até Nofa, que"
        }
      ]
    },
    {
      "palavra": "assolando-te",
      "veja tambem": [
        "assolar"
      ],
      "ocorrencias": 1,
      "fonte": "",
      "concordancias": [
        {
          "referencia": "Miquéias 6.13",
          "texto": "enfraquecerei, ferindo-te e A. por causa"
        }
      ]
    },
    {
      "palavra": "assolar",
      "veja tambem": [],
      "ocorrencias": 1,
      "fonte": "",
      "concordancias": [
        {
          "referencia": "Ezequiel 20.26",
          "texto": "o que abre a madre; para os Á., para que"
        }
      ]
    },
    {
      "palavra": "assolará",
      "veja tambem": [
        "as-"
      ],
      "ocorrencias": 2,
      "fonte": "",
      "concordancias": [
        {
          "referencia": "Jeremias 5.6",
          "texto": "um lobo dos desertos os A., um leopardo"
        },
        {
          "referencia": "Jeremias 49.20",
          "texto": "rebanho os arrastarão; certamente, Á, as suas"
        }
      ]
    },
    {
      "palavra": "assolaram",
      "veja tambem": [
        "assolar"
      ],
      "ocorrencias": 5,
      "fonte": "",
      "concordancias": [
        {
          "referencia": "2 Reis 19.17",
          "texto": "que os reis da Assíria A. as nações e as"
        },
        {
          "referencia": "S179.7",
          "texto": "Porque devoraram a Jacó e À, as suas moradas."
        },
        {
          "referencia": "Isaías 37.18",
          "texto": "que os reis da Assíria A. todos os"
        },
        {
          "referencia": "Jeremias 10.25",
          "texto": "e consumiram-no, e À, a sua morada."
        },
        {
          "referencia": "Ezequiel 36.3",
          "texto": "o Senhor Jeová: Visto que vos À. e devoraram"
        }
      ]
    },
    {
      "palavra": "assolarei",
      "veja tambem": [],
      "ocorrencias": 5,
      "fonte": "",
      "concordancias": [
        {
          "referencia": "Levítico 26.31",
          "texto": "cidades por deserto, e Á. os vossos"
        },
        {
          "referencia": "Levítico 26.32",
          "texto": "E A, a terra, ese espantarão disso os vossos"
        },
        {
          "referencia": "Isaías 42.14",
          "texto": "a que está de parto, e a todos A., e"
        },
        {
          "referencia": "Ezequiel 30.12",
          "texto": "na mão dos maus, e À. a terrae a"
        },
        {
          "referencia": "Ezequiel 30.14",
          "texto": "E A. Patros, e porei fogo em Zoã, e executarei"
        }
      ]
    },
    {
      "palavra": "assolarem",
      "veja tambem": [],
      "ocorrencias": 2,
      "fonte": "",
      "concordancias": [
        {
          "referencia": "Ester 8.11",
          "texto": "e para destruírem, e matarem, e Á. a todas as"
        },
        {
          "referencia": "Ezequiel 14.15",
          "texto": "nocivas alimárias, e elas a Á., que fique"
        }
      ]
    },
    {
      "palavra": "assolaste",
      "veja tambem": [
        "assolar"
      ],
      "ocorrencias": 1,
      "fonte": "",
      "concordancias": [
        {
          "referencia": "Jó 16.7",
          "texto": "agora me molestou; tu Á. toda a minha companhia."
        }
      ]
    },
    {
      "palavra": "assolava",
      "veja tambem": [
        "assolar"
      ],
      "ocorrencias": 3,
      "fonte": "",
      "concordancias": [
        {
          "referencia": "Isaías 14.17",
          "texto": "o mundo como um deserto e À. as suas cidades?"
        },
        {
          "referencia": "Atos 8.3",
          "texto": "E Saulo A, a igreja, entrando pelas casas; e,"
        },
        {
          "referencia": "Gálatas 1.13",
          "texto": "sobremaneira perseguia a igreja de Deus e a A.."
        }
      ]
    },
    {
      "palavra": "assole",
      "veja tambem": [
        "assolar"
      ],
      "ocorrencias": 1,
      "fonte": "",
      "concordancias": [
        {
          "referencia": "S191.6",
          "texto": "na escuridão, nem mortandade que À. ao meio-dia."
        }
      ]
    },
    {
      "palavra": "assolem",
      "veja tambem": [
        "assolar"
      ],
      "ocorrencias": 1,
      "fonte": "",
      "concordancias": [
        {
          "referencia": "Isaías 6.11",
          "texto": "Senhor? E respondeu: Até que se À. as cidades, e"
        }
      ]
    },
    {
      "palavra": "assoles",
      "veja tambem": [
        "assolar"
      ],
      "ocorrencias": 1,
      "fonte": "",
      "concordancias": [
        {
          "referencia": "Provérbios 24.15",
          "texto": "habitação do justo, ó ímpio, nem A. a sua câmara."
        }
      ]
    },
    {
      "palavra": "assolou",
      "veja tambem": [],
      "ocorrencias": 2,
      "fonte": "",
      "concordancias": [
        {
          "referencia": "Juízes 9.45",
          "texto": "o povo que nela havia, e Á. a cidade, e a"
        },
        {
          "referencia": "1 Samuel 5.6",
          "texto": "sobre os de Asdode, eos Á., eos feriu com"
        }
      ]
    },
    {
      "palavra": "assolou-se",
      "veja tambem": [
        "assolar"
      ],
      "ocorrencias": 1,
      "fonte": "",
      "concordancias": [
        {
          "referencia": "Ezequiel 19.7",
          "texto": "destruiu as suas cidades: e A. a terra e a"
        }
      ]
    },
    {
      "palavra": "assombra",
      "veja tambem": [
        "assombrar"
      ],
      "ocorrencias": 1,
      "fonte": "",
      "concordancias": [
        {
          "referencia": "1 Samuel 16.15",
          "texto": "agora um espírito mau, da parte do Senhor, te A.."
        }
      ]
    },
    {
      "palavra": "assombra-os",
      "veja tambem": [
        "assombrar"
      ],
      "ocorrencias": 0,
      "fonte": "",
      "concordancias": []
    },
    {
      "palavra": "assombrado",
      "veja tambem": [
        "assom-"
      ],
      "ocorrencias": 2,
      "fonte": "",
      "concordancias": [
        {
          "referencia": "Daniel 8.17",
          "texto": "estava; e, vindo ele, fiquei A, e caí sobre"
        },
        {
          "referencia": "Hebreus 12.21",
          "texto": "que Moisés disse: Estou todo A. e tremendo."
        }
      ]
    },
    {
      "palavra": "assombrados",
      "veja tambem": [],
      "ocorrencias": 5,
      "fonte": "",
      "concordancias": [
        {
          "referencia": "Salmos 48.5",
          "texto": "maravilhados; ficaram A. e se"
        },
        {
          "referencia": "Jeremias 51.32",
          "texto": "queimados; e os homens de guerra ficaram A.."
        },
        {
          "referencia": "Mateus 28.4",
          "texto": "com medo dele, ficaram muito Á. e como mortos."
        },
        {
          "referencia": "Marcos 6.51",
          "texto": "e, entre si, ficaram muito Å, e maravilhados,"
        },
        {
          "referencia": "Marcos 9.6",
          "texto": "Pois não sabia o que dizia, porque estavam A.."
        }
      ]
    },
    {
      "palavra": "assombram-no",
      "veja tambem": [],
      "ocorrencias": 1,
      "fonte": "",
      "concordancias": [
        {
          "referencia": "Jó 15.24",
          "texto": "A. a angústia e a tribulação; prevalecem"
        }
      ]
    },
    {
      "palavra": "assombrar",
      "veja tambem": [],
      "ocorrencias": 2,
      "fonte": "",
      "concordancias": [
        {
          "referencia": "Isaías 2.19",
          "texto": "quando ele se levantar para À. a terra."
        },
        {
          "referencia": "Isaías 2.21",
          "texto": "quando ele se levantar para Å. a terra."
        }
      ]
    },
    {
      "palavra": "assombrará",
      "veja tambem": [],
      "ocorrencias": 2,
      "fonte": "",
      "concordancias": [
        {
          "referencia": "Isaías 19.17",
          "texto": "a quem isso se anunciar se A, por causa do"
        },
        {
          "referencia": "Habacuque 2.17",
          "texto": "dos animais ferozes os A., por causa do"
        }
      ]
    },
    {
      "palavra": "assombraram",
      "veja tambem": [
        "assombrar"
      ],
      "ocorrencias": 3,
      "fonte": "",
      "concordancias": [
        {
          "referencia": "2 Samuel 22.5",
          "texto": "ondas de morte, as torrentes de Belial me A.."
        },
        {
          "referencia": "SI 18.4",
          "texto": "me cercaram, e torrentes de impiedade me A.."
        },
        {
          "referencia": "Isaías 33.14",
          "texto": "Os pecadores de Sião se Á., o tremor"
        }
      ]
    },
    {
      "palavra": "assombraram-se",
      "veja tambem": [
        "assombrar"
      ],
      "ocorrencias": 0,
      "fonte": "",
      "concordancias": []
    },
    {
      "palavra": "assombrava",
      "veja tambem": [
        "assombrar"
      ],
      "ocorrencias": 1,
      "fonte": "",
      "concordancias": [
        {
          "referencia": "iSm 16.14",
          "texto": "se retirou de Saul, e o À, um espírito"
        }
      ]
    },
    {
      "palavra": "assombre",
      "veja tambem": [
        "assombrar"
      ],
      "ocorrencias": 1,
      "fonte": "",
      "concordancias": [
        {
          "referencia": "Jeremias 17.18",
          "texto": "assombrem-se eles, e não me Á, eu; traze"
        }
      ]
    },
    {
      "palavra": "assombreis",
      "veja tambem": [
        "as-"
      ],
      "ocorrencias": 2,
      "fonte": "",
      "concordancias": [
        {
          "referencia": "Isaías 8.12",
          "texto": "e não temais o seu temor, nem tampouco vos Á.."
        },
        {
          "referencia": "Isaías 44.8",
          "texto": "Não vos A., nem temais; porventura, desde"
        }
      ]
    },
    {
      "palavra": "assombrem-se",
      "veja tambem": [],
      "ocorrencias": 1,
      "fonte": "",
      "concordancias": [
        {
          "referencia": "Jeremias 17.18",
          "texto": "e não me envergonhe eu; A. eles, e não"
        }
      ]
    },
    {
      "palavra": "assombremos",
      "veja tambem": [
        "as-"
      ],
      "ocorrencias": 0,
      "fonte": "",
      "concordancias": []
    },
    {
      "palavra": "assombres",
      "veja tambem": [
        "assombrar"
      ],
      "ocorrencias": 8,
      "fonte": "",
      "concordancias": [
        {
          "referencia": "Isaías 41.10",
          "texto": "eu sou contigo; não te Á., porque eu sou"
        },
        {
          "referencia": "Ezequiel 3.9",
          "texto": "não os temas, pois, nem te A. como seu"
        },
        {
          "referencia": "Jó 31.23",
          "texto": "de Deus era para mim um A., e eu não podia"
        },
        {
          "referencia": "Isaías 8.13",
          "texto": "e seja ele o vosso temor, e seja ele o vosso Á.."
        },
        {
          "referencia": "Isaías 29.14",
          "texto": "uma obra maravilhosa eum Á., orque a"
        },
        {
          "referencia": "Isaías 33.18",
          "texto": "teu coração considerará em A., dado Onde"
        },
        {
          "referencia": "Marcos 16.8",
          "texto": "estavam possuídas de temor e 4.; e nada diziam"
        },
        {
          "referencia": "Atos 3.10",
          "texto": "e ficaram cheios de pasmo e A. pelo que lhe aconte-"
        }
      ]
    },
    {
      "palavra": "assombros",
      "veja tambem": [
        "as-"
      ],
      "ocorrencias": 2,
      "fonte": "",
      "concordancias": [
        {
          "referencia": "Jó 18.11",
          "texto": "Os Á, o espantarão em redor e o farão correr"
        },
        {
          "referencia": "Jó 20.25",
          "texto": "virá do seu fel; e haverá sobre ele A.."
        }
      ]
    },
    {
      "palavra": "assombrou-se",
      "veja tambem": [
        "assombrar"
      ],
      "ocorrencias": 1,
      "fonte": "",
      "concordancias": [
        {
          "referencia": "Malaquias 2.5",
          "texto": "que me temesse, e me temeu e À. por causa"
        }
      ]
    },
    {
      "palavra": "assopra",
      "veja tambem": [
        "assoprar"
      ],
      "ocorrencias": 5,
      "fonte": "",
      "concordancias": [
        {
          "referencia": "Cânticos 4.16",
          "texto": "norte, e vem tu, vento sul; A. no meu jardim,"
        },
        {
          "referencia": "Isaías 54.16",
          "texto": "eu criei o ferreiro, que À. as brasas no"
        },
        {
          "referencia": "Ezequiel 37.9",
          "texto": "dos quatro ventos, ó espírito, e A. sobre"
        },
        {
          "referencia": "Lucas 12.55",
          "texto": "E, quando A. o vento sul, dizeis: Haverá calma;"
        },
        {
          "referencia": "Jó 3.8",
          "texto": "O vento À, onde quer, e ouves a sua voz, mas não"
        }
      ]
    },
    {
      "palavra": "assoprado",
      "veja tambem": [
        "assoprar"
      ],
      "ocorrencias": 1,
      "fonte": "",
      "concordancias": [
        {
          "referencia": "Jó 20.26",
          "texto": "esconderijos; um fogo não A. o consumirá, e"
        }
      ]
    },
    {
      "palavra": "assopram",
      "veja tambem": [
        "assoprar"
      ],
      "ocorrencias": 1,
      "fonte": "",
      "concordancias": [
        {
          "referencia": "S112.5",
          "texto": "Senhor; porei em salvo aquele para quem eles A.."
        }
      ]
    },
    {
      "palavra": "assoprar",
      "veja tambem": [],
      "ocorrencias": 1,
      "fonte": "",
      "concordancias": [
        {
          "referencia": "Ezequiel 22.20",
          "texto": "estanho no meio do forno, para À. o fogo sobre"
        }
      ]
    },
    {
      "palavra": "assopraram",
      "veja tambem": [
        "assoprar"
      ],
      "ocorrencias": 2,
      "fonte": "",
      "concordancias": [
        {
          "referencia": "Mateus 7.25",
          "texto": "a chuva, e correram rios, e À, ventos, e"
        },
        {
          "referencia": "Mateus 7.27",
          "texto": "a chuva, e correram rios, e À. ventos, e"
        }
      ]
    },
    {
      "palavra": "assoprarei",
      "veja tambem": [],
      "ocorrencias": 2,
      "fonte": "",
      "concordancias": [
        {
          "referencia": "Ezequiel 21.31",
          "texto": "tia minha indignação, Á. contra ti o"
        },
        {
          "referencia": "Ezequiel 22.21",
          "texto": "E congregar-vos-ei e À. sobre vós o fogo do"
        }
      ]
    }
  ]
}