{
  "a": [
    {
      "palavra": "assoprava",
      "veja tambem": ["assoprar", "soprar", "vento"],
      "ocorrencias": 1,
      "fonte": "Strong's H5301 (נָפַח/napach)",
      "concordancias": [
        {
          "referencia": "Jó 6.18",
          "texto": "E o mar se levantou, porque um grande vento Á.."
        }
      ]
    },
    {
      "palavra": "assoprei",
      "veja tambem": [
        "assoprar"
      ],
      "ocorrencias": 1,
      "fonte": "",
      "concordancias": [
        {
          "referencia": "Ageu 1.9",
          "texto": "otrouxestes para casa, eu lhe A.. Por quê? —"
        }
      ]
    },
    {
      "palavra": "assopro",
      "veja tambem": [
        "assoprar"
      ],
      "ocorrencias": 6,
      "fonte": "",
      "concordancias": [
        {
          "referencia": "Jó 4.9",
          "texto": "de Deus perecem; e com o Á, da sua ira se consomem."
        },
        {
          "referencia": "Jó 15.30",
          "texto": "secará os seus renovos e, ao Á., da boca de Deus, de-"
        },
        {
          "referencia": "Jó 37.10",
          "texto": "Pelo A. de Deus, se dá a geada, e as largas"
        },
        {
          "referencia": "Jó 41.16",
          "texto": "chega tão perto, que nem um A. passa por entre elas."
        },
        {
          "referencia": "Isaías 30.33",
          "texto": "é fogo e tem muita lenha; o A. do Senhor"
        },
        {
          "referencia": "2 Tessalonicenses 2.8",
          "texto": "a quem o Senhor desfará pelo À. da sua boca e"
        }
      ]
    },
    {
      "palavra": "assoprou",
      "veja tambem": [
        "assoprar"
      ],
      "ocorrencias": 1,
      "fonte": "",
      "concordancias": [
        {
          "referencia": "Jó 20.22",
          "texto": "E, havendo dito isso, Á. sobre eles e"
        }
      ]
    },
    {
      "palavra": "assós",
      "veja tambem": [],
      "ocorrencias": 2,
      "fonte": "",
      "concordancias": [
        {
          "referencia": "Atos 20.13",
          "texto": "ao navio, navegamos até A., onde devíamos"
        },
        {
          "referencia": "Atos 20.14",
          "texto": "que se ajuntou conosco em A., o recebemos e"
        }
      ]
    },
    {
      "palavra": "assou",
      "veja tambem": [
        "assar"
      ],
      "ocorrencias": 1,
      "fonte": "",
      "concordancias": [
        {
          "referencia": "Jeremias 29.22",
          "texto": "a Acabe, os quais o rei da Babilônia A. no fogo!"
        }
      ]
    },
    {
      "palavra": "assuero",
      "veja tambem": [],
      "ocorrencias": 30,
      "fonte": "",
      "concordancias": [
        {
          "referencia": "Esdras 46",
          "texto": "E sob o reinado de Á., no princípio do seu"
        },
        {
          "referencia": "Ester 1.1",
          "texto": "E sucedeu, nos dias de A. (este é aquele A."
        },
        {
          "referencia": "Ester 1.1",
          "texto": "de A. (este é aquele 4. que reinou,"
        },
        {
          "referencia": "Ester 1.2",
          "texto": "dias, assentando-se o rei A. sobre o trono do"
        },
        {
          "referencia": "Ester 1.10",
          "texto": "os sete eunucos que serviam na presença do rei Å.,"
        },
        {
          "referencia": "Ester 1.15",
          "texto": "cumprido o mendado dorei Á., pela mão dos eunucos."
        },
        {
          "referencia": "Ester 1.16",
          "texto": "os povos que há em todas as províncias do rei A.."
        },
        {
          "referencia": "Ester 1.17",
          "texto": "se disser: Mandou o rei 4. que"
        },
        {
          "referencia": "Ester 1.19",
          "texto": "entre mais na presença do rei Á., eoreidêo"
        },
        {
          "referencia": "Ester 2.1",
          "texto": "já o furor do rei A., lembrou-se de"
        },
        {
          "referencia": "Ester 2.12",
          "texto": "cada moça, para vir ao rei A., depois que fora"
        },
        {
          "referencia": "Ester 2.16",
          "texto": "foi levada Ester ao rei Á., à casa real, no"
        },
        {
          "referencia": "Ester 2.21",
          "texto": "e procuraram pôr as mãos sobre o rei A.."
        },
        {
          "referencia": "Ester 3.1",
          "texto": "Depois dessas coisas, o rei Á. engrandeceu a"
        },
        {
          "referencia": "Ester 3.6",
          "texto": "que havia em todo o reino de Á., ao povo de Mardo-"
        },
        {
          "referencia": "Ester 3.7",
          "texto": "no ano duodécimo do rei A., se lançou Pur,"
        },
        {
          "referencia": "Ester 3.8",
          "texto": "E Hamã disse ao rei A.: Existe espalhado e"
        },
        {
          "referencia": "Ester 3.12",
          "texto": "a sua língua; em nome do rei À. se"
        },
        {
          "referencia": "Ester 6.2",
          "texto": "de que procuraram pôr as mãos sobre o rei A.."
        },
        {
          "referencia": "Ester 7.5",
          "texto": "Então, falou o rei Á. e disse à rainha Ester:"
        },
        {
          "referencia": "Ester 8.1",
          "texto": "mesmo dia, deu o rei À, à rainha Ester a"
        },
        {
          "referencia": "Ester 8.7",
          "texto": "Então, disse o rei A. à rainha Ester e ao judeu"
        },
        {
          "referencia": "Ester 8.10",
          "texto": "se escreveu em nome do rei A., ese selou com o"
        },
        {
          "referencia": "Ester 8.12",
          "texto": "todas as províncias do rei 4., no dia treze do"
        },
        {
          "referencia": "Ester 9.2",
          "texto": "todas as províncias do rei A., se ajuntaram"
        },
        {
          "referencia": "Ester 9.20",
          "texto": "todas as províncias do rei A., aos de perto e"
        },
        {
          "referencia": "Ester 9.30",
          "texto": "sete províncias do reino de A., com palavras de"
        },
        {
          "referencia": "Ester 10.1",
          "texto": "Depois disto, pôs o rei 4. tributo sobre a terra"
        },
        {
          "referencia": "Ester 10.3",
          "texto": "o segundo depois do rei Á., e grande para com"
        },
        {
          "referencia": "Daniel 9.1",
          "texto": "primeiro de Dario, filho de A., da nação dos"
        }
      ]
    },
    {
      "palavra": "assunto",
      "veja tambem": [],
      "ocorrencias": 2,
      "fonte": "",
      "concordancias": [
        {
          "referencia": "Daniel 2.23",
          "texto": "pedimos, porque nos fizeste saber este À. do rei."
        },
        {
          "referencia": "Atos 15.6",
          "texto": "os apóstolos e os anciãos para considerar este Á.."
        }
      ]
    },
    {
      "palavra": "assuntos",
      "veja tambem": [
        "assunto"
      ],
      "ocorrencias": 1,
      "fonte": "",
      "concordancias": [
        {
          "referencia": "S1131.1",
          "texto": "não me exercito em grandes A., nem em coisas"
        }
      ]
    },
    {
      "palavra": "assur",
      "veja tambem": [],
      "ocorrencias": 7,
      "fonte": "",
      "concordancias": [
        {
          "referencia": "Gênesis 10.22",
          "texto": "filhos de Sem são: Elão, e A., e Arfaxade, e"
        },
        {
          "referencia": "Gênesis 25.18",
          "texto": "frente do Egito, indo para 4.; e Ismael fez o"
        },
        {
          "referencia": "Números 24.22",
          "texto": "será consumido, até que A. te leve por prisioneiro."
        },
        {
          "referencia": "Números 24.24",
          "texto": "de Quitim afligirão a A.; também afligirão a"
        },
        {
          "referencia": "1 Crônicas 1.17",
          "texto": "os filhos de Sem: Elão, e Á., e Arfaxade, e"
        },
        {
          "referencia": "Ezequiel 27.23",
          "texto": "e Éden, os mercadores de Sabá, A. e Quilmade"
        },
        {
          "referencia": "Ezequiel 32.22",
          "texto": "Ali está Á, com todo o seu ajuntamento; em redor"
        }
      ]
    },
    {
      "palavra": "assurim",
      "veja tambem": [],
      "ocorrencias": 1,
      "fonte": "",
      "concordancias": [
        {
          "referencia": "Gênesis 25.3",
          "texto": "e os filhos de Dedã foram A., e Letusim, e Leumim."
        }
      ]
    },
    {
      "palavra": "assuritas",
      "veja tambem": [],
      "ocorrencias": 1,
      "fonte": "",
      "concordancias": [
        {
          "referencia": "2 Samuel 2.9",
          "texto": "sobre Gileade, e sobre os Á., e sobre"
        }
      ]
    },
    {
      "palavra": "assustaram-se",
      "veja tambem": [],
      "ocorrencias": 1,
      "fonte": "",
      "concordancias": [
        {
          "referencia": "Mateus 14.26",
          "texto": "caminhar sobre o mar, A., dizendo:"
        }
      ]
    },
    {
      "palavra": "assusteis",
      "veja tambem": [],
      "ocorrencias": 5,
      "fonte": "",
      "concordancias": [
        {
          "referencia": "2 Crônicas 20.15",
          "texto": "vos diz: Não temais, nem vos Á. por"
        },
        {
          "referencia": "2 Crônicas 20.17",
          "texto": "e Jerusalém; não temais, nem vos À.; amanhã,"
        },
        {
          "referencia": "Mateus 24.6",
          "texto": "de guerras; olhai, não vos A., porque é"
        },
        {
          "referencia": "Marcos 16.6",
          "texto": "ele disse-lhes: Não vos Á.; buscais a"
        },
        {
          "referencia": "Lucas 21.9",
          "texto": "guerras e sedições, não vos A.. Porque é"
        }
      ]
    },
    {
      "palavra": "assustes",
      "veja tambem": [],
      "ocorrencias": 2,
      "fonte": "",
      "concordancias": [
        {
          "referencia": "Deuteronômio 1.21",
          "texto": "Senhor, Deus de teus pais; não temas e não te A.."
        },
        {
          "referencia": "Ezequiel 2.6",
          "texto": "temas as suas palavras, nem te Å. como"
        }
      ]
    },
    {
      "palavra": "astaratita",
      "veja tambem": [],
      "ocorrencias": 1,
      "fonte": "",
      "concordancias": [
        {
          "referencia": "1 Crônicas 11.44",
          "texto": "Uzias, o A.; Sama e Jeiel, filhos de Hotão, o aroerita;"
        }
      ]
    },
    {
      "palavra": "astarote",
      "veja tambem": [],
      "ocorrencias": 13,
      "fonte": "",
      "concordancias": [
        {
          "referencia": "Deuteronômio 14",
          "texto": "Ogue, rei de Basã, que habitava em A., em Edrei."
        },
        {
          "referencia": "Josué 9.10",
          "texto": "Hesbom, e a Ogue, rei de Basã, que estava em Å.."
        },
        {
          "referencia": "Josué 12.4",
          "texto": "dos gigantes e que habitava em À. e em Edrei;"
        },
        {
          "referencia": "Josué 13.12",
          "texto": "Ogue, em Basá, que reinou em A. e em Edrei;"
        },
        {
          "referencia": "Josué 13.31",
          "texto": "e metade de Gileade, e Å., e Edrei, cidades do"
        },
        {
          "referencia": "Juízes 2.13",
          "texto": "deixaram ao Senhor e serviram a Baal e a A.."
        },
        {
          "referencia": "Juízes 3.7",
          "texto": "Senhor, seu Deus, e serviram aos baalinsea Á.."
        },
        {
          "referencia": "Juízes 10.6",
          "texto": "e serviram aos baalins, e a A., e aos deuses"
        },
        {
          "referencia": "1 Samuel 31.10",
          "texto": "as suas armas no templo de À, e o seu corpo o"
        },
        {
          "referencia": "1 Reis 11.5",
          "texto": "andou em seguimento de A., deusa dos"
        },
        {
          "referencia": "1 Reis 11.33",
          "texto": "deixaram, e se encurvaram a Á., deusa dos"
        },
        {
          "referencia": "2 Reis 23.13",
          "texto": "Salomão, rei de Israel, a A., a abominação"
        },
        {
          "referencia": "1 Crônicas 6.71",
          "texto": "Basã, e os seus arrabaldes, e A., e os seus arrabaldes;"
        }
      ]
    },
    {
      "palavra": "astarotes",
      "veja tambem": [],
      "ocorrencias": 3,
      "fonte": "",
      "concordancias": [
        {
          "referencia": "1 Samuel 7.3",
          "texto": "vós os deuses estranhos e os Á., e preparai"
        },
        {
          "referencia": "1 Samuel 7.4",
          "texto": "dentre si os baalins e os 4. e serviram só"
        },
        {
          "referencia": "1 Samuel 12.10",
          "texto": "e servimos aos baalins e A.; agora, pois,"
        }
      ]
    },
    {
      "palavra": "asterote-carnaim",
      "veja tambem": [],
      "ocorrencias": 1,
      "fonte": "",
      "concordancias": [
        {
          "referencia": "Gênesis 14.5",
          "texto": "ele e feriram aos refainsem Á., caos"
        }
      ]
    },
    {
      "palavra": "astrólogo",
      "veja tambem": [],
      "ocorrencias": 1,
      "fonte": "",
      "concordancias": [
        {
          "referencia": "Daniel 2.10",
          "texto": "semelhante de algum mago, ou A., ou caldeu."
        }
      ]
    },
    {
      "palavra": "astrólogos",
      "veja tambem": [],
      "ocorrencias": 7,
      "fonte": "",
      "concordancias": [
        {
          "referencia": "Daniel 1.20",
          "texto": "do que todos os magos ou Á, que havia em"
        },
        {
          "referencia": "Daniel 2.2",
          "texto": "chamar os magos, e os Å., eos"
        },
        {
          "referencia": "Daniel 2.27",
          "texto": "o rei requer, nem sábios, nem Á., nem magos,"
        },
        {
          "referencia": "Daniel 4.7",
          "texto": "Então, entraram os magos, os AÁ., os caldeus e"
        },
        {
          "referencia": "Daniel 5.7",
          "texto": "que se introduzissem os A., os caldeus e"
        },
        {
          "referencia": "Daniel 5.11",
          "texto": "o constituiu chefe dos magos, dos Á., dos"
        },
        {
          "referencia": "Daniel 5.15",
          "texto": "presença os sábios e os Á., para lerem"
        }
      ]
    },
    {
      "palavra": "astros",
      "veja tambem": [],
      "ocorrencias": 3,
      "fonte": "",
      "concordancias": [
        {
          "referencia": "Isaías 13.10",
          "texto": "as estrelas dos céus e os A. não deixarão"
        },
        {
          "referencia": "Isaías 47.13",
          "texto": "céus, os que contemp'ayam os À., os"
        },
        {
          "referencia": "Filipenses 2.15",
          "texto": "entre a qual resplandeceis como A. no mundo;"
        }
      ]
    }
  ]
}