{
  "a": [
    {
      "palavra": "astucia",
      "veja tambem": ["astuto", "esperteza", "ardil"],
      "ocorrencias": 11,
      "fonte": "Strong's H6195 (עָרְמָה/ormah)",
      "concordancias": [
        {
          "referencia": "Josué 9.4",
          "texto": "usaram também de A., e foram, e se fingiram"
        },
        {
          "referencia": "2 Reis 10.19",
          "texto": "viverá. Porém Jeú fazia isso com Á., para"
        },
        {
          "referencia": "Jó 5.13",
          "texto": "os sábios na sua própria Á.; e o conselho dos"
        },
        {
          "referencia": "S110.7",
          "texto": "de enganos e de A.; debaixo da sua"
        },
        {
          "referencia": "S155.11",
          "texto": "Maldade há lá dentro; Á, e engano não se apartam"
        },
        {
          "referencia": "Lucas 20.23",
          "texto": "E, entendendo ele a sua A., disse-lhes: Por que"
        },
        {
          "referencia": "Atos 7.19",
          "texto": "Esse, usando de À. contra a nossa linhagem,"
        },
        {
          "referencia": "1 Coríntios 3.19",
          "texto": "escrito: Ele apanha os sábios na sua própria Á.."
        },
        {
          "referencia": "2 Coríntios 4.2",
          "texto": "se ocultam, não andando com Á. nem"
        },
        {
          "referencia": "2 Coríntios 11.3",
          "texto": "enganou Eva com a sua Á., assim também"
        },
        {
          "referencia": "Efésios 4.14",
          "texto": "engano dos homens que, com A., enganam fraudu-"
        }
      ]
    },
    {
      "palavra": "astúcias",
      "veja tambem": [
        "astúcia"
      ],
      "ocorrencias": 1,
      "fonte": "",
      "concordancias": [
        {
          "referencia": "S138.12",
          "texto": "coisas que danificam e imaginam Á. todo o dia."
        }
      ]
    },
    {
      "palavra": "astuta",
      "veja tambem": [
        "astuto"
      ],
      "ocorrencias": 1,
      "fonte": "",
      "concordancias": [
        {
          "referencia": "Gênesis 3.1",
          "texto": "Ora, a serpente era mais Á. que todas as"
        }
      ]
    },
    {
      "palavra": "astutamente",
      "veja tambem": [
        "astuto"
      ],
      "ocorrencias": 2,
      "fonte": "",
      "concordancias": [
        {
          "referencia": "Juízes 9.31",
          "texto": "E enviou A. mensageiros a Abimeleque,"
        },
        {
          "referencia": "S1105.25",
          "texto": "povo, para que tratassem Á, aos seus servos."
        }
      ]
    },
    {
      "palavra": "astutas",
      "veja tambem": [
        "astuto"
      ],
      "ocorrencias": 1,
      "fonte": "",
      "concordancias": [
        {
          "referencia": "Efésios 6.11",
          "texto": "estar firmes contra as Å. ciladas do diabo;"
        }
      ]
    },
    {
      "palavra": "astutíssimo",
      "veja tambem": [
        "astuto"
      ],
      "ocorrencias": 1,
      "fonte": "",
      "concordancias": [
        {
          "referencia": "1 Samuel 23.22",
          "texto": "tenha visto ali; porque me foi dito que é A.."
        }
      ]
    },
    {
      "palavra": "astuto",
      "veja tambem": [],
      "ocorrencias": 2,
      "fonte": "",
      "concordancias": [
        {
          "referencia": "Provérbios 7.10",
          "texto": "encontro, com enfeites de prostituta e À. coração."
        },
        {
          "referencia": "2 Coríntios 12.16",
          "texto": "vos fui pesado; mas, sendo Á., vos tomei com dolo."
        }
      ]
    },
    {
      "palavra": "astutos",
      "veja tambem": [
        "astuto"
      ],
      "ocorrencias": 2,
      "fonte": "",
      "concordancias": [
        {
          "referencia": "Jó 5.12",
          "texto": "as imaginações dos Á., para que as suas"
        },
        {
          "referencia": "Jó 15.5",
          "texto": "a tua iniquidade; e tu escolheste a língua dos A.."
        }
      ]
    },
    {
      "palavra": "asur",
      "veja tambem": [],
      "ocorrencias": 1,
      "fonte": "",
      "concordancias": [
        {
          "referencia": "1 Crônicas 4.5",
          "texto": "E tinha Á., pai de Tecoa, duas mulheres: Hela e Naara."
        }
      ]
    },
    {
      "palavra": "asvate",
      "veja tambem": [],
      "ocorrencias": 1,
      "fonte": "",
      "concordancias": [
        {
          "referencia": "1 Crônicas 7.33",
          "texto": "Jaflete: Pasaque, e Bimal, e A.; estes foram os"
        }
      ]
    },
    {
      "palavra": "ata",
      "veja tambem": [
        "atar"
      ],
      "ocorrencias": 5,
      "fonte": "",
      "concordancias": [
        {
          "referencia": "Deuteronômio 14.25",
          "texto": "então, vende-os, e A. o dinheiro na tua mão, e vai"
        },
        {
          "referencia": "Jó 12.18",
          "texto": "Solta a atadura dos reis e Á. o cinto aos seus lombos."
        },
        {
          "referencia": "Ezequiel 24.17",
          "texto": "não tomarás luto por mortos; A. o teu turbante e"
        },
        {
          "referencia": "Miquéias 1.13",
          "texto": "A. os animais ligeiros ao carro, ó moradora de"
        },
        {
          "referencia": "Atos 12.8",
          "texto": "o anjo: Cinge-te e À, as tuas sandálias."
        }
      ]
    },
    {
      "palavra": "atá-la-ás",
      "veja tambem": [
        "atar"
      ],
      "ocorrencias": 1,
      "fonte": "",
      "concordancias": [
        {
          "referencia": "Êxodo 28.37",
          "texto": "E 4. com um cordão de fio azul, de maneira que"
        }
      ]
    },
    {
      "palavra": "atá-los-ás",
      "veja tambem": [
        "atar"
      ],
      "ocorrencias": 1,
      "fonte": "",
      "concordancias": [
        {
          "referencia": "Ezequiel 5.3",
          "texto": "deles um pequeno número e Á. nas bordas da"
        }
      ]
    },
    {
      "palavra": "ata-os",
      "veja tambem": [
        "atar"
      ],
      "ocorrencias": 2,
      "fonte": "",
      "concordancias": [
        {
          "referencia": "Provérbios 6.21",
          "texto": "A. perpetuamente ao teu coração e pendura-os ao"
        },
        {
          "referencia": "Provérbios 7.3",
          "texto": "A. aos teus dedos, escreve-os na tábua do teu coração."
        }
      ]
    },
    {
      "palavra": "atacar",
      "veja tambem": [],
      "ocorrencias": 1,
      "fonte": "",
      "concordancias": [
        {
          "referencia": "Neemias 4.8",
          "texto": "entre si todos, para virem 4. Jerusalém e para"
        }
      ]
    },
    {
      "palavra": "atace",
      "veja tambem": [],
      "ocorrencias": 0,
      "fonte": "",
      "concordancias": []
    },
    {
      "palavra": "atada",
      "veja tambem": [],
      "ocorrencias": 3,
      "fonte": "",
      "concordancias": [
        {
          "referencia": "Gênesis 44.30",
          "texto": "conosco, como a sua alma está Á., com a alma dele,"
        },
        {
          "referencia": "1 Samuel 25.29",
          "texto": "a vida de meu senhor será Á. no feixe dos que"
        },
        {
          "referencia": "Oséias 13.12",
          "texto": "iniquidade de Efraim está A., o seu pecado está ar-"
        }
      ]
    },
    {
      "palavra": "atadas",
      "veja tambem": [
        "atar"
      ],
      "ocorrencias": 2,
      "fonte": "",
      "concordancias": [
        {
          "referencia": "Êxodo 12.34",
          "texto": "e as suas amassadeiras A. em suas vestes,"
        },
        {
          "referencia": "2 Samuel 3.34",
          "texto": "As tuas mãos não estavam Á., nem os teus pés"
        }
      ]
    },
    {
      "palavra": "atado",
      "veja tambem": [
        "atar"
      ],
      "ocorrencias": 4,
      "fonte": "",
      "concordancias": [
        {
          "referencia": "Números 19.15",
          "texto": "aberto, sobre que não houver pano Á., será imun-"
        },
        {
          "referencia": "Jeremias 40.1",
          "texto": "quando o tomou, estando ele À. com cadeias no"
        },
        {
          "referencia": "Lamentações 1.14",
          "texto": "minhas prevaricações está A, pela sua mão; elas"
        },
        {
          "referencia": "Atos 10.11",
          "texto": "se fosse um grande lençol 4. pelas quatro"
        }
      ]
    },
    {
      "palavra": "atados",
      "veja tambem": [],
      "ocorrencias": 5,
      "fonte": "",
      "concordancias": [
        {
          "referencia": "2 Reis 7.10",
          "texto": "nem voz de homem, porém, só cavalos Á., e"
        },
        {
          "referencia": "2 Reis 7.10",
          "texto": "porém, só cavalos Á., ejumentos Á., eas"
        },
        {
          "referencia": "Daniel 3.21",
          "texto": "Então, aqueles homens foram A. com as suas capas,"
        },
        {
          "referencia": "Daniel 3.23",
          "texto": "Mesaque e Abede-Nego, caíram A. dentro do forno"
        },
        {
          "referencia": "Daniel 3.24",
          "texto": "Não lançamos nós três homens À. dentro do fogo?"
        }
      ]
    },
    {
      "palavra": "atadura",
      "veja tambem": [],
      "ocorrencias": 2,
      "fonte": "",
      "concordancias": [
        {
          "referencia": "Top 406",
          "texto": "posição; Palavras Relacionadas: (ataduras-7); Total de"
        },
        {
          "referencia": "Jó 12.18",
          "texto": "Solta a Á., dos reis e ata o cinto aos seus lombos."
        }
      ]
    },
    {
      "palavra": "ataduras",
      "veja tambem": [],
      "ocorrencias": 7,
      "fonte": "",
      "concordancias": [
        {
          "referencia": "S12.3",
          "texto": "Rompamos as suas Á. e sacudamos de nós as suas cordas."
        },
        {
          "referencia": "S1116.16",
          "texto": "servo, filho da tua serva; soltaste as minhas A.."
        },
        {
          "referencia": "Eclesiastes 7.26",
          "texto": "e laços e cujas mãos são A.; quem for bom"
        },
        {
          "referencia": "Isaías 52.2",
          "texto": "ó Jerusalém; solta-te das Á. de teu"
        },
        {
          "referencia": "Isaías 58.6",
          "texto": "da impiedade, que desfaças as A. do jugo, e que"
        },
        {
          "referencia": "Jeremias 5.5",
          "texto": "comum acordo, quebraram o jugo e romperam as A.."
        },
        {
          "referencia": "Jeremias 30.8",
          "texto": "pescoço e quebrarei as tuas A.; e nunca mais"
        }
      ]
    },
    {
      "palavra": "atai",
      "veja tambem": [],
      "ocorrencias": 5,
      "fonte": "",
      "concordancias": [
        {
          "referencia": "1 Samuel 6.7",
          "texto": "quais não tenha subido o jugo, e A. as vacas ao"
        },
        {
          "referencia": "1 Crônicas 2.35",
          "texto": "a por mulher a Jara, seu servo, e lhe deu a A.."
        },
        {
          "referencia": "1 Crônicas 2.36",
          "texto": "E À. gerou a Natá, e Natã gerou a Zabade."
        },
        {
          "referencia": "1 Crônicas 12.11",
          "texto": "Á., o sexto, Eliel, o sétimo,"
        },
        {
          "referencia": "2 Crônicas 11.20",
          "texto": "esta lhe deu os filhos: Abias, e A., e Ziza, e Selomite."
        }
      ]
    },
    {
      "palavra": "atai-as",
      "veja tambem": [
        "atar"
      ],
      "ocorrencias": 1,
      "fonte": "",
      "concordancias": [
        {
          "referencia": "Deuteronômio 11.18",
          "texto": "coração e na vossa alma, e Á. por sinal na"
        }
      ]
    },
    {
      "palavra": "atai-o",
      "veja tambem": [
        "atar"
      ],
      "ocorrencias": 1,
      "fonte": "",
      "concordancias": [
        {
          "referencia": "Mateus 13.30",
          "texto": "colhei primeiro o joio e A. em molhos para"
        }
      ]
    },
    {
      "palavra": "ataías",
      "veja tambem": [],
      "ocorrencias": 1,
      "fonte": "",
      "concordancias": [
        {
          "referencia": "Neemias 11.4",
          "texto": "Benjamim. Dos filhos de Judá: A., filho de"
        }
      ]
    },
    {
      "palavra": "atalaia",
      "veja tambem": [],
      "ocorrencias": 10,
      "fonte": "",
      "concordancias": [
        {
          "referencia": "2 Reis 9.17",
          "texto": "E o À. estava na torre de Jezreel, e viu a tropa"
        },
        {
          "referencia": "2 Reis 9.18",
          "texto": "paz? Passa para trás de mim. E o Á, o fez saber,"
        },
        {
          "referencia": "2 Reis 9.20",
          "texto": "É o À. o fez saber, dizendo: Também este chegou"
        },
        {
          "referencia": "2 Crônicas 20.24",
          "texto": "Entretanto, chegou Judá à A. do deserto; e"
        },
        {
          "referencia": "Isaías 21.5",
          "texto": "Eles põem a mesa, estão de A., comem e bebem;"
        },
        {
          "referencia": "Ezequiel 3.17",
          "texto": "do homem, eu te dei por À. sobre a casa de"
        },
        {
          "referencia": "Ezequiel 33.2",
          "texto": "homem dos seus termos e o constituir por seu A.;"
        },
        {
          "referencia": "Ezequiel 33.6",
          "texto": "Mas, se, quando o À. vir que vem a espada, não"
        },
        {
          "referencia": "Ezequiel 33.6",
          "texto": "mas o seu sangue demandarei da mão do A.."
        },
        {
          "referencia": "Ezequiel 33.7",
          "texto": "do homem, te constituí por 4. sobre a casa de"
        }
      ]
    },
    {
      "palavra": "atalaias",
      "veja tambem": [],
      "ocorrencias": 5,
      "fonte": "",
      "concordancias": [
        {
          "referencia": "2 Reis 17.9",
          "texto": "cidades, desde a torre dos Á. até à cidade forte."
        },
        {
          "referencia": "2 Reis 18.8",
          "texto": "dela, desde a torre dos A. até à cidade forte."
        },
        {
          "referencia": "Isaías 52.8",
          "texto": "Eis a voz dos teus A.! Eles alçam a voz,"
        },
        {
          "referencia": "Isaías 56.10",
          "texto": "Todos os seus Á. são cegos, nada sabem; todos"
        },
        {
          "referencia": "Jeremias 6.17",
          "texto": "Também pus A. sobre vós, dizendo: Estai atentos"
        }
      ]
    },
    {
      "palavra": "atalhos",
      "veja tambem": [],
      "ocorrencias": 1,
      "fonte": "",
      "concordancias": [
        {
          "referencia": "Lucas 14.23",
          "texto": "servo: Sai pelos caminhos e À. e força-os a"
        }
      ]
    },
    {
      "palavra": "atalia",
      "veja tambem": [],
      "ocorrencias": 15,
      "fonte": "",
      "concordancias": [
        {
          "referencia": "2 Reis 8.26",
          "texto": "e era o nome de sua mãe A., filha de Onri,"
        },
        {
          "referencia": "2 Reis 11.1",
          "texto": "Vendo, pois, Á., mãe de Acazias, que seu filho"
        },
        {
          "referencia": "2 Reis 11.2",
          "texto": "ama, na recâmara, e o escondeu de A., e assim"
        },
        {
          "referencia": "2 Reis 11.3",
          "texto": "Casa do Senhor seis anos; e A. reinava sobre a terra."
        },
        {
          "referencia": "2 Reis 11.13",
          "texto": "E Á., ouvindo a voz dos da guarda e do povo,"
        },
        {
          "referencia": "2 Reis 11.14",
          "texto": "e tocava as trombetas; então, A. rasgou as"
        },
        {
          "referencia": "2 Reis 11.20",
          "texto": "repousou, depois que mataram 4. à espada, junto à"
        },
        {
          "referencia": "2 Crônicas 22.2",
          "texto": "E era o nome de sua mãe A., filha de Onri."
        },
        {
          "referencia": "2 Crônicas 22.10",
          "texto": "Vendo, pois, A., mãe de Acazias, que seu filho"
        },
        {
          "referencia": "2 Crônicas 22.11",
          "texto": "era irmã de Acazias), o escondeu de A., de"
        },
        {
          "referencia": "2 Crônicas 22.12",
          "texto": "Casa de Deus seis anos; e À. reinou sobre a terra."
        },
        {
          "referencia": "2 Crônicas 23.12",
          "texto": "Ouvindo, pois, Á. a voz do povo, que corria para"
        },
        {
          "referencia": "2 Crônicas 23.13",
          "texto": "se deviam cantar louvores; então, A. rasgou as"
        },
        {
          "referencia": "2 Crônicas 23.21",
          "texto": "ficou em paz, depois que mataram A. à espada."
        },
        {
          "referencia": "2 Crônicas 24.7",
          "texto": "Porque, sendo À. impia, seus filhos arruinaram a"
        }
      ]
    },
    {
      "palavra": "atália",
      "veja tambem": [],
      "ocorrencias": 1,
      "fonte": "",
      "concordancias": [
        {
          "referencia": "Atos 14.25",
          "texto": "tendo anunciado a palavra em Perge, desceram a Á.."
        }
      ]
    },
    {
      "palavra": "atalias",
      "veja tambem": [
        "atalia"
      ],
      "ocorrencias": 2,
      "fonte": "",
      "concordancias": [
        {
          "referencia": "1 Crônicas 8.26",
          "texto": "E Sanserai, e Searias, e Á.,"
        },
        {
          "referencia": "Esdras 8.7",
          "texto": "de Elão, Jesaías, filho de A., e, com ele,"
        }
      ]
    },
    {
      "palavra": "atam",
      "veja tambem": [
        "atar"
      ],
      "ocorrencias": 1,
      "fonte": "",
      "concordancias": [
        {
          "referencia": "Mateus 23.4",
          "texto": "Pois À. fardos pesados e difíceis de suportar, e os"
        }
      ]
    }
  ]
}