{
  "a": [
    {
      "palavra": "atando",
      "veja tambem": ["atar", "amarrar", "ligar"],
      "ocorrencias": 2,
      "fonte": "Strong's H631 (אָסַר/asar)",
      "concordancias": [
        {
          "referencia": "Gênesis 37.7",
          "texto": "Eis que estávamos A. molhos no meio do campo, e"
        },
        {
          "referencia": "Atos 22.25",
          "texto": "E, quando o estavam Á. com correias, disse Paulo"
        }
      ]
    },
    {
      "palavra": "atar",
      "veja tambem": [],
      "ocorrencias": 4,
      "fonte": "",
      "concordancias": [
        {
          "referencia": "Êxodo 39.31",
          "texto": "um cordão de azul, para a À, à mitra em cima,"
        },
        {
          "referencia": "Ezequiel 30.21",
          "texto": "nem lhe porão ligaduras para o A., para o esforçar,"
        },
        {
          "referencia": "Oséias 10.10",
          "texto": "eles os povos, quando os À. às suas transgressões."
        },
        {
          "referencia": "Atos 21.33",
          "texto": "o prendeu, e o mandou A. com duas cadeias,"
        }
      ]
    },
    {
      "palavra": "atara",
      "veja tambem": [],
      "ocorrencias": 1,
      "fonte": "",
      "concordancias": [
        {
          "referencia": "1 Crônicas 2.26",
          "texto": "outra mulher, cujo nome era A.; esta foi a mãe de"
        }
      ]
    },
    {
      "palavra": "ataram",
      "veja tambem": [],
      "ocorrencias": 2,
      "fonte": "",
      "concordancias": [
        {
          "referencia": "1 Samuel 6.10",
          "texto": "duas vacas que criavam, e as 4, ao carro, e os"
        },
        {
          "referencia": "2 Reis 25.7",
          "texto": "os olhos a Zedequias, e o À. com duas cadeias"
        }
      ]
    },
    {
      "palavra": "ataram-na",
      "veja tambem": [
        "atar"
      ],
      "ocorrencias": 1,
      "fonte": "",
      "concordancias": [
        {
          "referencia": "Êxodo 39.31",
          "texto": "E Á. com um cordão de azul, para a atar à"
        }
      ]
    },
    {
      "palavra": "atarás",
      "veja tambem": [
        "atar"
      ],
      "ocorrencias": 5,
      "fonte": "",
      "concordancias": [
        {
          "referencia": "Êxodo 29.9",
          "texto": "Arão e a seus filhos, e lhes A. as tiaras, para"
        },
        {
          "referencia": "Deuteronômio 6.8",
          "texto": "Também as Á. por sinal na tua mão, e te serão por"
        },
        {
          "referencia": "Deuteronômio 25.4",
          "texto": "Não Á. a boca ao boi, quando trilhar."
        },
        {
          "referencia": "Jeremias 51.63",
          "texto": "tu de ler este livro, o A. a uma pedra e o"
        },
        {
          "referencia": "1C09.9",
          "texto": "de Moisés está escrito: Não À. a boca ao boi que"
        }
      ]
    },
    {
      "palavra": "atares",
      "veja tambem": [
        "atar"
      ],
      "ocorrencias": 1,
      "fonte": "",
      "concordancias": [
        {
          "referencia": "Josué 2.18",
          "texto": "se, vindo nós à terra, não Á. este cordão de fio"
        }
      ]
    },
    {
      "palavra": "ataria",
      "veja tambem": [
        "atar"
      ],
      "ocorrencias": 1,
      "fonte": "",
      "concordancias": [
        {
          "referencia": "Jó 31.36",
          "texto": "sobre o meu ombro, sobre mim o A. como coroa."
        }
      ]
    },
    {
      "palavra": "atarote",
      "veja tambem": [],
      "ocorrencias": 4,
      "fonte": "",
      "concordancias": [
        {
          "referencia": "Números 32.3",
          "texto": "A., e Dibom, e Jazer, e Ninra, e Hesbom, e"
        },
        {
          "referencia": "Números 32.34",
          "texto": "filhos de Gade edificaram a Dibom, e Á., e Aroer;"
        },
        {
          "referencia": "Josué 16.2",
          "texto": "sai a Luz, e passa ao termo dos arquitas até A.;"
        },
        {
          "referencia": "Josué 16.7",
          "texto": "e desce, desde Janoa, a Á. e a Naarate, e toca"
        }
      ]
    },
    {
      "palavra": "atarote-adar",
      "veja tambem": [],
      "ocorrencias": 2,
      "fonte": "",
      "concordancias": [
        {
          "referencia": "Josué 16.5",
          "texto": "herança para o oriente era À, até"
        },
        {
          "referencia": "Josué 18.13",
          "texto": "o sul; e descia este termo a A., ao pé do"
        }
      ]
    },
    {
      "palavra": "atarote-bete-joabe",
      "veja tambem": [],
      "ocorrencias": 1,
      "fonte": "",
      "concordancias": [
        {
          "referencia": "1 Crônicas 2.54",
          "texto": "Belém, e os netofatitas, e Á., e"
        }
      ]
    },
    {
      "palavra": "atassem",
      "veja tambem": [
        "atar"
      ],
      "ocorrencias": 1,
      "fonte": "",
      "concordancias": [
        {
          "referencia": "Daniel 3.20",
          "texto": "no seu exército que A.a Sadraque,"
        }
      ]
    },
    {
      "palavra": "ataviada",
      "veja tambem": [],
      "ocorrencias": 1,
      "fonte": "",
      "concordancias": [
        {
          "referencia": "Apocalipse 212",
          "texto": "céu, adereçada como uma esposa À. para o seu ma-"
        }
      ]
    },
    {
      "palavra": "ataviem",
      "veja tambem": [
        "ataviada"
      ],
      "ocorrencias": 1,
      "fonte": "",
      "concordancias": [
        {
          "referencia": "1 Timóteo 2.9",
          "texto": "mesmo modo as mulheres se A. em traje honesto,"
        }
      ]
    },
    {
      "palavra": "atavios",
      "veja tambem": [],
      "ocorrencias": 4,
      "fonte": "",
      "concordancias": [
        {
          "referencia": "Êxodo 33.4",
          "texto": "e nenhum deles pôs sobre si os seus Á.."
        },
        {
          "referencia": "Êxodo 33.5",
          "texto": "porém agora tira de ti os teus A., para que eu"
        },
        {
          "referencia": "Êxodo 33.6",
          "texto": "se despojaram dos seus Á., ao pé do monte Horebe."
        },
        {
          "referencia": "Isaías 61.10",
          "texto": "um noivo que se adorna com Å. e como noiva"
        }
      ]
    },
    {
      "palavra": "ate",
      "veja tambem": [],
      "ocorrencias": 0,
      "fonte": "",
      "concordancias": []
    },
    {
      "palavra": "ateará",
      "veja tambem": [
        "atear"
      ],
      "ocorrencias": 2,
      "fonte": "",
      "concordancias": [
        {
          "referencia": "Isaías 9.18",
          "texto": "e os espinheiros; sim, ela se A. no emaranhado da"
        },
        {
          "referencia": "Isaías 10.16",
          "texto": "e, debaixo da sua glória, Á. um incêndio,"
        }
      ]
    },
    {
      "palavra": "atearei",
      "veja tambem": [
        "atear"
      ],
      "ocorrencias": 1,
      "fonte": "",
      "concordancias": [
        {
          "referencia": "Ezequiel 30.16",
          "texto": "E A. um fogo no Egito; Sim terá grande dor, e Nô"
        }
      ]
    },
    {
      "palavra": "atém",
      "veja tambem": [
        "ater"
      ],
      "ocorrencias": 1,
      "fonte": "",
      "concordancias": [
        {
          "referencia": "Deuteronômio 24.15",
          "texto": "pobre é, e sua alma se À, a isso; para que"
        }
      ]
    },
    {
      "palavra": "atemorizadas",
      "veja tambem": [
        "atemorizar"
      ],
      "ocorrencias": 1,
      "fonte": "",
      "concordancias": [
        {
          "referencia": "Lucas 24.5",
          "texto": "E, estando elas muito A. e abaixando o"
        }
      ]
    },
    {
      "palavra": "atemorizado",
      "veja tambem": [
        "atemorizar"
      ],
      "ocorrencias": 3,
      "fonte": "",
      "concordancias": [
        {
          "referencia": "Mateus 25.25",
          "texto": "e, Á., escondi na terra o teu talento; aqui"
        },
        {
          "referencia": "Jó 19.8",
          "texto": "quando ouviu essa palavra, mais A. ficou."
        },
        {
          "referencia": "Atos 10.4",
          "texto": "os olhos nele e muito A., disse: Que"
        }
      ]
    },
    {
      "palavra": "atemorizados",
      "veja tambem": [
        "atemorizar"
      ],
      "ocorrencias": 6,
      "fonte": "",
      "concordancias": [
        {
          "referencia": "Isaías 37.27",
          "texto": "com as mãos caídas, andaram A. e"
        },
        {
          "referencia": "Oséias 10.5",
          "texto": "moradores de Samaria serão À, pelo bezerro"
        },
        {
          "referencia": "Obadias 1.9",
          "texto": "valentes, ó Temã, estarão Á., para que"
        },
        {
          "referencia": "Marcos 10.32",
          "texto": "maravilhavam-se e seguiam-no A.. E,"
        },
        {
          "referencia": "Lucas 24.37",
          "texto": "E eles, espantados e A., pensavam que viam"
        },
        {
          "referencia": "Apocalipse 11.13",
          "texto": "e os demais ficaram muito A. e deram"
        }
      ]
    },
    {
      "palavra": "atemorizam",
      "veja tambem": [
        "ate-"
      ],
      "ocorrencias": 1,
      "fonte": "",
      "concordancias": [
        {
          "referencia": "Jeremias 10.2",
          "texto": "dos céus; porque com eles se A. as nações."
        }
      ]
    },
    {
      "palavra": "atemorizar",
      "veja tambem": [],
      "ocorrencias": 3,
      "fonte": "",
      "concordancias": [
        {
          "referencia": "Neemias 6.9",
          "texto": "todos eles nos procuravam Á., dizendo: As"
        },
        {
          "referencia": "Neemias 6.13",
          "texto": "isso o subornaram, para me Á., e para que eu"
        },
        {
          "referencia": "Neemias 6.19",
          "texto": "portanto, Tobias escrevia cartas para me Å.."
        }
      ]
    },
    {
      "palavra": "atemorizar-me",
      "veja tambem": [],
      "ocorrencias": 1,
      "fonte": "",
      "concordancias": [
        {
          "referencia": "Neemias 6.14",
          "texto": "e dos mais profetas que procuraram Á.."
        }
      ]
    },
    {
      "palavra": "atemorizaram",
      "veja tambem": [
        "atemorizar"
      ],
      "ocorrencias": 3,
      "fonte": "",
      "concordancias": [
        {
          "referencia": "1 Samuel 4.7",
          "texto": "Pelo que os filisteus se A., porque diziam:"
        },
        {
          "referencia": "Ezequiel 26.17",
          "texto": "tu e os teus moradores, que À. a todos"
        },
        {
          "referencia": "Atos 22.9",
          "texto": "em verdade, a luz, e se À, muito; mas"
        }
      ]
    },
    {
      "palavra": "atemorizarem",
      "veja tambem": [
        "atemorizar"
      ],
      "ocorrencias": 1,
      "fonte": "",
      "concordancias": [
        {
          "referencia": "2 Crônicas 32.18",
          "texto": "em cima do muro, para os À. e os"
        }
      ]
    },
    {
      "palavra": "atemorize",
      "veja tambem": [
        "atemorizar"
      ],
      "ocorrencias": 3,
      "fonte": "",
      "concordancias": [
        {
          "referencia": "Jeremias 30.10",
          "texto": "e ficará em sossego, e não haverá quem o A.."
        },
        {
          "referencia": "Jeremias 46.27",
          "texto": "descansará, e sossegará, e não haverá quem o Á.."
        },
        {
          "referencia": "Jó 14.27",
          "texto": "a dá. Não se turbe o vosso coração, nem se Å.."
        }
      ]
    },
    {
      "palavra": "atemorizou",
      "veja tambem": [
        "ate-"
      ],
      "ocorrencias": 1,
      "fonte": "",
      "concordancias": [
        {
          "referencia": "2 Samuel 14.15",
          "texto": "senhor, é porque o povo me A.; dizia,"
        }
      ]
    },
    {
      "palavra": "atenas",
      "veja tambem": [],
      "ocorrencias": 4,
      "fonte": "",
      "concordancias": [
        {
          "referencia": "Atos 17.15",
          "texto": "Paulo o levaram até À. e, recebendo ordem"
        },
        {
          "referencia": "Atos 17.16",
          "texto": "Paulo os esperava em Á., o seu espírito se"
        },
        {
          "referencia": "Atos 18.1",
          "texto": "disto, partiu Paulo de 4. e chegou a Corinto."
        },
        {
          "referencia": "1 Tessalonicenses 3.1",
          "texto": "de boa mente quisemos deixar-nos ficar sós em 4.;"
        }
      ]
    },
    {
      "palavra": "atenda",
      "veja tambem": [
        "atender"
      ],
      "ocorrencias": 1,
      "fonte": "",
      "concordancias": [
        {
          "referencia": "Isaías 42.23",
          "texto": "vós que ouça isso? Que À. e ouça o que há de"
        }
      ]
    },
    {
      "palavra": "atendam",
      "veja tambem": [
        "atender"
      ],
      "ocorrencias": 1,
      "fonte": "",
      "concordancias": [
        {
          "referencia": "SI 17.2",
          "texto": "de diante do teu rosto; A. os teus olhos à razão."
        }
      ]
    },
    {
      "palavra": "atende",
      "veja tambem": [],
      "ocorrencias": 10,
      "fonte": "",
      "concordancias": [
        {
          "referencia": "2 Crônicas 6.19",
          "texto": "Á., pois, à oração do teu servo e à sua súplica,"
        },
        {
          "referencia": "Jó 37.14",
          "texto": "Jó, inclina os teus ouvidos; 4. e considera as"
        },
        {
          "referencia": "Salmos 5.1",
          "texto": "às minhas palavras, ó Senhor; A. à minha meditação."
        },
        {
          "referencia": "Salmos 5.2",
          "texto": "À. à voz do meu clamor, Rei meu e Deus meu, pois"
        },
        {
          "referencia": "SI 17.1",
          "texto": "Ouve, Senhor, a justiça e Á. ao meu clamor; dá"
        },
        {
          "referencia": "S141.1",
          "texto": "é aquele que 4. ao pobre; o Senhor"
        },
        {
          "referencia": "S161.1",
          "texto": "Ouve, ó Deus, o meu clamor; A. à minha oração."
        },
        {
          "referencia": "S186.6",
          "texto": "Senhor, à minha oração e À. à voz das minhas súplicas."
        },
        {
          "referencia": "S1142.6",
          "texto": "À, ao meu clamor, porque estou muito abatido;"
        },
        {
          "referencia": "Provérbios 5.1",
          "texto": "Filho meu, A. à minha sabedoria; à minha razão"
        }
      ]
    },
    {
      "palavra": "atende-me",
      "veja tambem": [
        "ater"
      ],
      "ocorrencias": 1,
      "fonte": "",
      "concordancias": [
        {
          "referencia": "S155.2",
          "texto": "A. e ouve-me; lamento-me e rujo,"
        }
      ]
    },
    {
      "palavra": "atende-nos",
      "veja tambem": [
        "aten-"
      ],
      "ocorrencias": 1,
      "fonte": "",
      "concordancias": [
        {
          "referencia": "Daniel 9.19",
          "texto": "ó Senhor, perdoa; ó Senhor, 4. e opera"
        }
      ]
    },
    {
      "palavra": "atendei",
      "veja tambem": [
        "atender"
      ],
      "ocorrencias": 4,
      "fonte": "",
      "concordancias": [
        {
          "referencia": "S194.8",
          "texto": "A., ó brutais dentre o povo; e vós, loucos,"
        },
        {
          "referencia": "Isaías 28.23",
          "texto": "ouvidos e ouvi a minha voz; À, bem e ouvi o meu dis-"
        },
        {
          "referencia": "Lamentações 1.12",
          "texto": "que passais pelo caminho? A. e vede se há dor"
        },
        {
          "referencia": "Marcos 4.24",
          "texto": "E disse-lhes: A. ao que ides ouvir. Com a medida"
        }
      ]
    },
    {
      "palavra": "atendei-me",
      "veja tambem": [
        "atender"
      ],
      "ocorrencias": 0,
      "fonte": "",
      "concordancias": []
    },
    {
      "palavra": "atendem",
      "veja tambem": [
        "atender"
      ],
      "ocorrencias": 1,
      "fonte": "",
      "concordancias": [
        {
          "referencia": "Jeremias 47.3",
          "texto": "das suas rodas; os pais não À, aos filhos, por"
        }
      ]
    },
    {
      "palavra": "atendendo",
      "veja tambem": [
        "atender"
      ],
      "ocorrencias": 1,
      "fonte": "",
      "concordancias": [
        {
          "referencia": "Romanos 13.6",
          "texto": "são ministros de Deus, A. sempre a isto mesmo."
        }
      ]
    },
    {
      "palavra": "atendendo-o",
      "veja tambem": [
        "atender"
      ],
      "ocorrencias": 1,
      "fonte": "",
      "concordancias": [
        {
          "referencia": "Marcos 6.20",
          "texto": "e fazia muitas coisas, Á., e de boa"
        }
      ]
    },
    {
      "palavra": "atender",
      "veja tambem": [],
      "ocorrencias": 2,
      "fonte": "",
      "concordancias": [
        {
          "referencia": "1 Samuel 15.22",
          "texto": "melhor do que o sacrificar; e o A. melhor é do"
        },
        {
          "referencia": "S1102.17",
          "texto": "e A. à oração do desamparado, e não desprezar a"
        }
      ]
    },
    {
      "palavra": "atenderá",
      "veja tambem": [],
      "ocorrencias": 2,
      "fonte": "",
      "concordancias": [
        {
          "referencia": "Provérbios 29.19",
          "texto": "porque, ainda que te entenda, não te Á.."
        },
        {
          "referencia": "Daniel 11.30",
          "texto": "lhe apraz; e ainda voltará e A. aos que"
        }
      ]
    },
    {
      "palavra": "atendeu",
      "veja tambem": [],
      "ocorrencias": 3,
      "fonte": "",
      "concordancias": [
        {
          "referencia": "Gênesis 29.32",
          "texto": "dizendo: Porque o Senhor À. à minha"
        },
        {
          "referencia": "Gênesis 31.42",
          "texto": "me enviarias agora vazio. Deus À. à minha"
        },
        {
          "referencia": "S166.19",
          "texto": "na verdade, Deus me ouviu; Á. à voz da minha oração."
        }
      ]
    },
    {
      "palavra": "atendiam",
      "veja tambem": [
        "atender"
      ],
      "ocorrencias": 2,
      "fonte": "",
      "concordancias": [
        {
          "referencia": "Jó 29.21",
          "texto": "esperavam e em silêncio A. ao meu conselho."
        },
        {
          "referencia": "Atos 8.10",
          "texto": "ao qual todos A., desde o mais pequeno até ao"
        }
      ]
    },
    {
      "palavra": "atendiam-no",
      "veja tambem": [
        "atender"
      ],
      "ocorrencias": 0,
      "fonte": "",
      "concordancias": []
    },
    {
      "palavra": "atenha",
      "veja tambem": [
        "ater"
      ],
      "ocorrencias": 1,
      "fonte": "",
      "concordancias": [
        {
          "referencia": "2 Samuel 3.29",
          "texto": "seja leproso, nem quem se 4. a bordão, nem"
        }
      ]
    },
    {
      "palavra": "atenho",
      "veja tambem": [
        "ater"
      ],
      "ocorrencias": 1,
      "fonte": "",
      "concordancias": [
        {
          "referencia": "S1119.43",
          "texto": "a palavra de verdade, pois me A. aos teus juízos."
        }
      ]
    },
    {
      "palavra": "atenienses",
      "veja tambem": [],
      "ocorrencias": 2,
      "fonte": "",
      "concordancias": [
        {
          "referencia": "Atos 17.21",
          "texto": "(Pois todos os A. e estrangeiros residentes"
        },
        {
          "referencia": "Atos 17.22",
          "texto": "do Areópago, disse: Varões Á., em tudo vos"
        }
      ]
    }
  ]
}