{
  "a": [
    {
      "palavra": "atenta",
      "veja tambem": ["atentar", "observar", "vigiar"],
      "ocorrencias": 27,
      "fonte": "Strong's H8159 (שָׁעָה/shaa)",
      "concordancias": [
        {
          "referencia": "Gênesis 31.50",
          "texto": "que ninguém esteja conosco, Á. que Deus é"
        },
        {
          "referencia": "Êxodo 4.21",
          "texto": "Quando voltares ao Egito, A. que faças diante"
        },
        {
          "referencia": "Êxodo 25.40",
          "texto": "A., pois, que o faças conforme o seu modelo, que"
        },
        {
          "referencia": "Êxodo 33.13",
          "texto": "que ache graça aos teus olhos; e À. que esta"
        },
        {
          "referencia": "Deuteronômio 6.3",
          "texto": "Ouve, pois, ó Israel, e A. que os guardes, para"
        },
        {
          "referencia": "Deuteronômio 32.7",
          "texto": "dos dias da antiguidade, A. para os anos de"
        },
        {
          "referencia": "1 Reis 20.22",
          "texto": "disse: Vai, e esforça-te,e A., e olha o que"
        },
        {
          "referencia": "Jó 8.17",
          "texto": "se entrelaçam junto à fonte; para o pedregal A.;"
        },
        {
          "referencia": "Jó 33.14",
          "texto": "fala uma e duas vezes; porém ninguém Á. para isso."
        },
        {
          "referencia": "Jó 35.5",
          "texto": "A. para os céus e vê; e contempla as mais altas"
        },
        {
          "referencia": "Jó 40.11",
          "texto": "os furores da tua ira, e Á. para todo soberbo,"
        },
        {
          "referencia": "S174.20",
          "texto": "Á. para o teu concerto, pois os lugares"
        },
        {
          "referencia": "Provérbios 4.20",
          "texto": "Filho meu, Á. para as minhas palavras; às minhas"
        },
        {
          "referencia": "Provérbios 14.15",
          "texto": "palavra, mas o prudente 4. para os seus passos."
        },
        {
          "referencia": "Provérbios 16.20",
          "texto": "O que À. prudentemente para a palavra achará o"
        },
        {
          "referencia": "Provérbios 174",
          "texto": "O malfazejo A. para o lábio iníquo; o mentiroso"
        },
        {
          "referencia": "Provérbios 23.1",
          "texto": "a comer com um governador, A bem para o que se"
        },
        {
          "referencia": "Provérbios 24.12",
          "texto": "o considerará? E aquele que À. para a tua alma"
        },
        {
          "referencia": "Eclesiastes 5.8",
          "texto": "é do que os altos para isso A.; e há mais altos"
        },
        {
          "referencia": "Eclesiastes 7.13",
          "texto": "A. para a obra de Deus; porque quem poderá"
        },
        {
          "referencia": "Eclesiastes 12.12",
          "texto": "E, de mais disso, filho meu, A.: não há limite"
        },
        {
          "referencia": "Isaías 26.10",
          "texto": "pratica a iniquidade e não A. para a majestade"
        },
        {
          "referencia": "Isaías 63.15",
          "texto": "A. desde os céus e olha desde a tua santa e"
        },
        {
          "referencia": "MI 3.16",
          "texto": "seu companheiro; e o Senhor Á. e ouve; e há um"
        },
        {
          "referencia": "Atos 16.14",
          "texto": "o coração para que estivesse À, ao que Paulo dizia."
        },
        {
          "referencia": "Colossenses 417",
          "texto": "E dizei a Arquipo: A. para o ministério que"
        },
        {
          "referencia": "Tiago 1.25",
          "texto": "Aquele, porém, que À. bem para a lei perfeita da"
        }
      ]
    },
    {
      "palavra": "atentai",
      "veja tambem": ["atentar", "observar", "vigiar"],
      "ocorrencias": 2,
      "fonte": "Strong's H8159 (שָׁעָה/shaa)",
      "concordancias": [
        {
          "referencia": "1 Samuel 23.23",
          "texto": "Pelo que À. bem e informai-vos acerca de todos"
        },
        {
          "referencia": "Jeremias 2.10",
          "texto": "e vede; e enviai a Quedar, e A, bem, e vede se"
        }
      ]
    },
    {
      "palavra": "atentam",
      "veja tambem": ["atentar", "observar", "vigiar"],
      "ocorrencias": 6,
      "fonte": "Strong's H8159 (שָׁעָה/shaa)",
      "concordancias": [
        {
          "referencia": "S128.5",
          "texto": "Porquanto não À. para as obras do Senhor, nem"
        },
        {
          "referencia": "Salmos 123.2",
          "texto": "como os olhos dos servos A. para as mãos do"
        },
        {
          "referencia": "Cânticos 8.13",
          "texto": "a tua voz os companheiros A.; faze-ma, pois,"
        },
        {
          "referencia": "Isaías 31.1",
          "texto": "são poderosíssimos; e não A. para o Santo"
        },
        {
          "referencia": "Jeremias 5.3",
          "texto": "Ah! Senhor, não A. os teus olhos para a verdade?"
        },
        {
          "referencia": "Jeremias 22.17",
          "texto": "olhos e o teu coração não Å. senão para a tua"
        }
      ]
    },
    {
      "palavra": "atentamente",
      "veja tambem": ["atento", "observar", "vigiar"],
      "ocorrencias": 8,
      "fonte": "Strong's H8159 (שָׁעָה/shaa)",
      "concordancias": [
        {
          "referencia": "Êxodo 3.7",
          "texto": "disse o Senhor: Tenho visto A. a aflição do"
        },
        {
          "referencia": "1 Crônicas 16.9",
          "texto": "Cantai-lhe, salmodiai-lhe, A. falai de todas"
        },
        {
          "referencia": "Jó 21.2",
          "texto": "Ouvi A. as minhas razões; e isto vos sirva"
        },
        {
          "referencia": "Jó 37.2",
          "texto": "A. ouvi o movimento da sua voz e o sonido"
        },
        {
          "referencia": "Isaías 21.7",
          "texto": "de camelos, ela que escute A. com grande cuidado."
        },
        {
          "referencia": "Isaías 55.2",
          "texto": "não pode satisfazer? Ouvi-me À. e comei o"
        },
        {
          "referencia": "Lamentações 4.17",
          "texto": "vão socorro; olhávamos Á. para gente"
        },
        {
          "referencia": "Atos 7.34",
          "texto": "Tenho visto À. a aflição do meu povo que"
        }
      ]
    },
    {
      "palavra": "atentando",
      "veja tambem": ["atentar", "observar", "vigiar"],
      "ocorrencias": 7,
      "fonte": "Strong's H8159 (שָׁעָה/shaa)",
      "concordancias": [
        {
          "referencia": "1 Reis 3.21",
          "texto": "eis que estava morto; mas, Á. pela manhã"
        },
        {
          "referencia": "Jó 32.12",
          "texto": "Á., pois, para vós, eis que nenhum de vós há"
        },
        {
          "referencia": "S1119.6",
          "texto": "não ficaria confundido, À. eu para todos"
        },
        {
          "referencia": "Ezequiel 21.21",
          "texto": "consultará os terafins, A. nas entranhas."
        },
        {
          "referencia": "Lucas 642",
          "texto": "que está no teu olho, não Á. tu mesmo na"
        },
        {
          "referencia": "2 Coríntios 4.18",
          "texto": "não À. nós nas coisas que se veem, mas nas que"
        },
        {
          "referencia": "Hebreus 13.7",
          "texto": "Deus, a fé dos quais imitai, A. para a sua"
        }
      ]
    },
    {
      "palavra": "abriu",
      "veja tambem": ["abrir", "abrir-se"],
      "ocorrencias": 48,
      "fonte": "Strong's H3303 (אָבִין/abeen)",
      "concordancias": [
        {
          "referencia": "Gênesis 411",
          "texto": "és tu desde a terra, que À, a sua boca para"
        },
        {
          "referencia": "Gênesis 8.6",
          "texto": "ao cabo de quarenta dias, A. Noé a janela da"
        },
        {
          "referencia": "Gênesis 29.31",
          "texto": "que Leia era aborrecida, A. a sua madre;"
        },
        {
          "referencia": "Gênesis 30.22",
          "texto": "Deus de Raquel, e Deus a ouviu, e A. a sua madre."
        },
        {
          "referencia": "Gênesis 41.56",
          "texto": "fome sobre toda a terra, Á. José tudo em que"
        },
        {
          "referencia": "Gênesis 44.11",
          "texto": "um pôs em terra o seu saco, e cada um À, o seu saco."
        },
        {
          "referencia": "Números 16.32",
          "texto": "E a terra À. a sua boca e os tragou com as suas"
        },
        {
          "referencia": "Números 22.28",
          "texto": "Então, o Senhor À. a boca da jumenta, a qual disse"
        },
        {
          "referencia": "Números 22.31",
          "texto": "Então, o Senhor A. os olhos a Balaão, e ele viu o"
        },
        {
          "referencia": "Números 26.10",
          "texto": "e a terra A. a sua boca e os tragou com Corá,"
        },
        {
          "referencia": "Deuteronômio 11.6",
          "texto": "filho de Rúben; como a terra Á. a sua boca e os"
        },
        {
          "referencia": "Juízes 3.25",
          "texto": "se enfastiarem, eis que não A. as portas do"
        },
        {
          "referencia": "1 Samuel 3.15",
          "texto": "até pela manhã e, então, A. as portas da Casa"
        },
        {
          "referencia": "2 Reis 4.35",
          "texto": "o menino espirrou sete vezes e o menino Á, os olhos."
        },
        {
          "referencia": "2 Reis 6.17",
          "texto": "para que veja. E o Senhor A. os olhos do"
        },
        {
          "referencia": "2 Reis 6.20",
          "texto": "para que vejam. O Senhor lhes 4. os olhos, para"
        },
        {
          "referencia": "2 Reis 9.10",
          "texto": "haverá quem a enterre. Então, À. a porta e fugiu."
        },
        {
          "referencia": "2 Crônicas 29.3",
          "texto": "seu reinado, no mês primeiro, Á. as portas da Casa"
        },
        {
          "referencia": "Neemias 8.5",
          "texto": "E Esdras Á. o livro perante os olhos de todo o"
        },
        {
          "referencia": "Jó 31",
          "texto": "Depois disto, A. Jó a boca e amaldiçoou o seu dia."
        },
        {
          "referencia": "Jó 38.25",
          "texto": "Quem À, para a inundação um leito e um caminho"
        },
        {
          "referencia": "St78.50",
          "texto": "Á. caminho à sua ira; não poupou a alma deles à"
        },
        {
          "referencia": "S1105.41",
          "texto": "Á. a penha, e dela brotaram águas, que correram"
        },
        {
          "referencia": "Isaías 5.14",
          "texto": "aumentou o seu apetite e 4. a boca"
        },
        {
          "referencia": "Isaías 50.5",
          "texto": "O Senhor Jeová me Á. os ouvidos, e eu não fui"
        },
        {
          "referencia": "Isaías 53.7",
          "texto": "Ele foi oprimido, mas não 4. a boca; como um"
        },
        {
          "referencia": "Isaías 53.7",
          "texto": "perante os seus tosquiadores, ele não A. a boca."
        },
        {
          "referencia": "Jeremias 50.25",
          "texto": "O Senhor À. o seu tesouro e tirou os instrumentos"
        },
        {
          "referencia": "Ezequiel 33.22",
          "texto": "viesse o que tinha escapado; Á. a minha boca, até"
        },
        {
          "referencia": "Lucas 1.64",
          "texto": "E logo a boca se ihe A., e a língua se lhe soltou;"
        },
        {
          "referencia": "Lucas 3.21",
          "texto": "batizado também Jesus, orando ele, o céu se Á.,"
        },
        {
          "referencia": "Lucas 4.17",
          "texto": "do profeta Isaías; e, quando Á. o livro, achou o"
        },
        {
          "referencia": "Lucas 6.48",
          "texto": "uma casa, e cavou, e Á. bem fundo, e pôs"
        },
        {
          "referencia": "Jó 9.14",
          "texto": "sábado quando Jesus fez o lodo e lhe À. os olhos."
        },
        {
          "referencia": "Jó 9.17",
          "texto": "Tu que dizes daquele que te A. os olhos? E ele"
        },
        {
          "referencia": "Jó 9.26",
          "texto": "a dizer-lhe: Que te fez ele? Como te À, os olhos?"
        },
        {
          "referencia": "Jó 11.37",
          "texto": "disseram: Não podia ele, que Á. os olhos ao cego,"
        },
        {
          "referencia": "Atos 5.19",
          "texto": "de noite, um anjo do Senhor A. as portas da"
        },
        {
          "referencia": "Atos 8.32",
          "texto": "diante do que o tosquia, assim não À, a sua boca."
        },
        {
          "referencia": "Atos 9.40",
          "texto": "disse: Tabita, levanta-te. E ela A. os olhos e,"
        },
        {
          "referencia": "Atos 12.10",
          "texto": "para a cidade, a qual se lhes A. por si mesma; e,"
        },
        {
          "referencia": "Atos 12.14",
          "texto": "voz de Pedro, de alegria não A. a porta, mas,"
        },
        {
          "referencia": "Atos 16.14",
          "texto": "Deus, nos ouvia, e o Senhor lhe Á. o coração para"
        },
        {
          "referencia": "1 Coríntios 16.9",
          "texto": "-grande e eficaz se me A.; e há muitos adversários."
        },
        {
          "referencia": "Apocalipse 9.2",
          "texto": "E À. o poço do abismo, e subiu fumaça do poço como"
        },
        {
          "referencia": "Apocalipse 12.16",
          "texto": "ajudou a mulher; e a terra A. a boca e tragou o"
        },
        {
          "referencia": "Apocalipse 13.6",
          "texto": "E À. a boca em blasfêmias contra Deus, para"
        },
        {
          "referencia": "Apocalipse 15.5",
          "texto": "o templo do tabernáculo do testemunho se A. no céu."
        }
      ]
    },
    {
      "palavra": "abriu-a",
      "veja tambem": ["abrir", "abrir-se"],
      "ocorrencias": 1,
      "fonte": "Strong's H3303 (אָבִין/abeen)",
      "concordancias": [
        {
          "referencia": "2 Reis 13.17",
          "texto": "a janela para o oriente. E Á.. Então, disse"
        }
      ]
    }
  ]
}