{
  "a": [
    {
      "palavra": "atentar",
      "veja tambem": ["atenta", "atento", "observar", "vigiar"],
      "ocorrencias": 3,
      "fonte": "Strong's H8159 (שָׁעָה/shaa)",
      "concordancias": [
        {
          "referencia": "Mateus 5.28",
          "texto": "vos digo que qualquer que A. numa mulher para"
        },
        {
          "referencia": "Hebreus 2.1",
          "texto": "Portanto, convém-nos Á., com mais diligência,"
        },
        {
          "referencia": "1 Pedro 1.12",
          "texto": "para as quais coisas os anjos desejam bem AÁ.."
        }
      ]
    },
    {
      "palavra": "atentaram",
      "veja tambem": [],
      "ocorrencias": 2,
      "fonte": "",
      "concordancias": [
        {
          "referencia": "SI 106.7",
          "texto": "Nossos pais não A. para as tuas maravilhas no"
        },
        {
          "referencia": "Isaías 42.25",
          "texto": "em redor, mas nisso não À.; eos queimou,"
        }
      ]
    },
    {
      "palavra": "atentardes",
      "veja tambem": [
        "atentar"
      ],
      "ocorrencias": 1,
      "fonte": "",
      "concordancias": [
        {
          "referencia": "Tiago 2.3",
          "texto": "e Á. para o que traz a veste preciosa e lhe"
        }
      ]
    },
    {
      "palavra": "atentarei",
      "veja tambem": [],
      "ocorrencias": 2,
      "fonte": "",
      "concordancias": [
        {
          "referencia": "Salmos 119.95",
          "texto": "para me destruírem, mas eu A. para os teus teste-"
        },
        {
          "referencia": "Amós 5.22",
          "texto": "não me agradarei delas, nem Á. para as"
        }
      ]
    },
    {
      "palavra": "atentareis",
      "veja tambem": [
        "atentar"
      ],
      "ocorrencias": 1,
      "fonte": "",
      "concordancias": [
        {
          "referencia": "Deuteronômio 1.17",
          "texto": "Não Á. para pessoa alguma em juízo, ouvireis"
        }
      ]
    },
    {
      "palavra": "atentarem",
      "veja tambem": [
        "aten-"
      ],
      "ocorrencias": 1,
      "fonte": "",
      "concordancias": [
        {
          "referencia": "Neemias 8.13",
          "texto": "a Esdras, o escriba, e isso para Á. nas"
        }
      ]
    },
    {
      "palavra": "atentares",
      "veja tambem": [
        "aten-"
      ],
      "ocorrencias": 1,
      "fonte": "",
      "concordancias": [
        {
          "referencia": "1 Samuel 1.11",
          "texto": "Exércitos! Se benignamente Á. para a"
        }
      ]
    },
    {
      "palavra": "atentarmos",
      "veja tambem": [
        "atentar"
      ],
      "ocorrencias": 1,
      "fonte": "",
      "concordancias": [
        {
          "referencia": "Hebreus 2.3",
          "texto": "escaparemos nós, se não Á. para uma tão"
        }
      ]
    },
    {
      "palavra": "atentas",
      "veja tambem": [
        "atento"
      ],
      "ocorrencias": 3,
      "fonte": "",
      "concordancias": [
        {
          "referencia": "Jó 30.20",
          "texto": "me respondes; estou em pé, maas para mim não Á.."
        },
        {
          "referencia": "Isaías 58.3",
          "texto": "que jejuamos nós, e tu não Á. para isso? Por"
        },
        {
          "referencia": "Lucas 6.41",
          "texto": "É por que A. tu no argueiro que está no olho do"
        }
      ]
    },
    {
      "palavra": "atentassem",
      "veja tambem": [
        "atentar"
      ],
      "ocorrencias": 1,
      "fonte": "",
      "concordancias": [
        {
          "referencia": "Deuteronômio 32.29",
          "texto": "que isso entendessem e Á. para o seu fim!"
        }
      ]
    },
    {
      "palavra": "atentastes",
      "veja tambem": [
        "atentar"
      ],
      "ocorrencias": 1,
      "fonte": "",
      "concordancias": [
        {
          "referencia": "Isaías 40.21",
          "texto": "notificou isso mesmo? Ou não À, para os"
        }
      ]
    },
    {
      "palavra": "atentavam",
      "veja tambem": [
        "atentar"
      ],
      "ocorrencias": 1,
      "fonte": "",
      "concordancias": [
        {
          "referencia": "Lucas 6.7",
          "texto": "E os escribas e fariseus A. nele, se o curaria"
        }
      ]
    },
    {
      "palavra": "atente",
      "veja tambem": [
        "atentar"
      ],
      "ocorrencias": 4,
      "fonte": "",
      "concordancias": [
        {
          "referencia": "Gênesis 31.49",
          "texto": "e Mispa, porquanto disse: A. o Senhor entre mim e"
        },
        {
          "referencia": "Êxodo 5.21",
          "texto": "E disseram-lhes: O Senhor Á. sobre vós e julgue"
        },
        {
          "referencia": "Lamentações 3.50",
          "texto": "até que o Senhor A. e veja desde os céus."
        },
        {
          "referencia": "Filipenses 2.4",
          "texto": "Não Á. cada um para o que é propriamente seu, mas"
        }
      ]
    },
    {
      "palavra": "atentei",
      "veja tambem": [
        "atentar"
      ],
      "ocorrencias": 5,
      "fonte": "",
      "concordancias": [
        {
          "referencia": "Deuteronômio 9.13",
          "texto": "mais o Senhor, dizendo: A. para este povo,"
        },
        {
          "referencia": "Esdras 8.15",
          "texto": "acampados três dias; então, A. para o povo e"
        },
        {
          "referencia": "Eclesiastes 1.14",
          "texto": "A. para todas as obras que se fazem debaixo do"
        },
        {
          "referencia": "Eclesiastes 4.1",
          "texto": "Depois, voltei-me eA. para todas as opressões"
        },
        {
          "referencia": "Hebreus 8.9",
          "texto": "meu concerto, eu para eles não Á., diz o Senhor."
        }
      ]
    },
    {
      "palavra": "atentemos",
      "veja tambem": [],
      "ocorrencias": 1,
      "fonte": "",
      "concordancias": [
        {
          "referencia": "Isaías 41.22",
          "texto": "as coisas passadas, para que Á. para elas e"
        }
      ]
    },
    {
      "palavra": "atentes",
      "veja tambem": [
        "atentar"
      ],
      "ocorrencias": 8,
      "fonte": "",
      "concordancias": [
        {
          "referencia": "Números 16.15",
          "texto": "muito e disse ao Senhor: Não À. para a sua"
        },
        {
          "referencia": "Deuteronômio 9.27",
          "texto": "Abraão, Isaque e Jacó; não Á. para a dureza"
        },
        {
          "referencia": "1 Samuel 16.7",
          "texto": "Senhor disse a Samuel: Não À. para a sua"
        },
        {
          "referencia": "Êxodo 15.26",
          "texto": "E disse: Se ouvires À. a voz do Senhor, teu Deus,"
        },
        {
          "referencia": "Provérbios 2.2",
          "texto": "para fazeres À, à sabedoria o teu ouvido, e para"
        },
        {
          "referencia": "Jeremias 23.18",
          "texto": "a sua palavra? Quem esteve 4. à sua palavra e"
        },
        {
          "referencia": "Daniel 10.11",
          "texto": "homem mui desejado, está A. às palavras que"
        },
        {
          "referencia": "Daniel 11.27",
          "texto": "dois reis terão o coração À. para kren o mal"
        }
      ]
    },
    {
      "palavra": "atentos",
      "veja tambem": [],
      "ocorrencias": 15,
      "fonte": "",
      "concordancias": [
        {
          "referencia": "Rute 2.9",
          "texto": "Os teus olhos estarão Á. no campo que segarem, e"
        },
        {
          "referencia": "2 Crônicas 6.40",
          "texto": "abertos, e os teus ouvidos À. à oração deste lugar."
        },
        {
          "referencia": "2 Crônicas 7.15",
          "texto": "abertos os meus olhos e Á. os meus ouvidos à"
        },
        {
          "referencia": "Neemias 1.6",
          "texto": "Estejam, ois, Å. os teus ouvidos, e os teus"
        },
        {
          "referencia": "Neemias 1.11",
          "texto": "Ah! Senhor, estejam, pois, A. os teus ouvidos à"
        },
        {
          "referencia": "Neemias 8.3",
          "texto": "os ouvidos de todo o povo estavam A. ao livro da Lei."
        },
        {
          "referencia": "S134.15",
          "texto": "os justos; e os seus ouvidos, Á. ao seu clamor"
        },
        {
          "referencia": "Provérbios 4.1",
          "texto": "a correção do pai e estai 4. para conhecerdes"
        },
        {
          "referencia": "Provérbios 7.24",
          "texto": "dai-me ouvidos e estai A, às palavras da"
        },
        {
          "referencia": "Isaías 32.3",
          "texto": "para trás; e os ouvidos dos que ouvem estarão A.."
        },
        {
          "referencia": "Jeremias 6.17",
          "texto": "sobre vós, dizendo: Estai A. à voz da buzina;"
        },
        {
          "referencia": "Jeremias 6.19",
          "texto": "pensamentos; porque não estão A. às minhas"
        },
        {
          "referencia": "Zacarias 6.15",
          "texto": "acontecerá, se ouvirdes mui À. a voz do"
        },
        {
          "referencia": "1 Pedro 3.12",
          "texto": "justos, e os seus ouvidos, Á. às suas orações;"
        },
        {
          "referencia": "2 Pedro 1.19",
          "texto": "à qual bem fazeis em estar Á., como a uma luz"
        }
      ]
    },
    {
      "palavra": "atentou",
      "veja tambem": [
        "atentar"
      ],
      "ocorrencias": 9,
      "fonte": "",
      "concordancias": [
        {
          "referencia": "Gênesis 44",
          "texto": "ovelhas e da sua gordura; e À, o Senhor para"
        },
        {
          "referencia": "Gênesis 4.5",
          "texto": "e para a sua oferta não Á.. E irou-se Caim"
        },
        {
          "referencia": "Êxodo 2.11",
          "texto": "grande, saiu a seus irmãos e À, nas suas cargas;"
        },
        {
          "referencia": "Êxodo 2.25",
          "texto": "e A. Deus para os filhos de Israel e conheceu-os Deus."
        },
        {
          "referencia": "Deuteronômio 26.7",
          "texto": "o Senhor ouviu a nossa voz e À. para a nossa"
        },
        {
          "referencia": "Eclesiastes 12.9",
          "texto": "sabedoria ao povo ensinou; e Ae"
        },
        {
          "referencia": "Lucas 1.25",
          "texto": "o Senhor, nos dias em que A. em mim, para"
        },
        {
          "referencia": "Lucas 1.48",
          "texto": "porque Á. na humildade de sua serva; pois eis"
        },
        {
          "referencia": "Romanos 4.19",
          "texto": "não enfraqueceu na fé, nem Á, para o seu"
        }
      ]
    },
    {
      "palavra": "aterrado",
      "veja tambem": [],
      "ocorrencias": 2,
      "fonte": "",
      "concordancias": [
        {
          "referencia": "Top 406",
          "texto": "posição; Palavras Relacionadas: (aterrou-1); Total de re-"
        },
        {
          "referencia": "Deuteronômio 28.34",
          "texto": "E ficarás A. pelo que verás com os teus olhos."
        }
      ]
    },
    {
      "palavra": "aterrorizado",
      "veja tambem": [],
      "ocorrencias": 1,
      "fonte": "",
      "concordancias": [
        {
          "referencia": "1 Crônicas 21.30",
          "texto": "ao Senhor, porque estava À. por causa da"
        }
      ]
    },
    {
      "palavra": "aterrorizeis",
      "veja tambem": [
        "ater-"
      ],
      "ocorrencias": 1,
      "fonte": "",
      "concordancias": [
        {
          "referencia": "Deuteronômio 20.3",
          "texto": "não temais, nem tremais, nem vos Å. diante deles,"
        }
      ]
    },
    {
      "palavra": "aterrou",
      "veja tambem": [
        "aterrado"
      ],
      "ocorrencias": 1,
      "fonte": "",
      "concordancias": [
        {
          "referencia": "1 Samuel 7.10",
          "texto": "sobre os filisteus e os À. de tal modo,"
        }
      ]
    },
    {
      "palavra": "atestem",
      "veja tambem": [],
      "ocorrencias": 2,
      "fonte": "",
      "concordancias": [
        {
          "referencia": "Jeremias 32.25",
          "texto": "por dinheiro e faze que o Á. testemunhas,"
        },
        {
          "referencia": "Jeremias 32.44",
          "texto": "e os selarão, e farão que os 4. testemunhas na"
        }
      ]
    },
    {
      "palavra": "atilhos",
      "veja tambem": [],
      "ocorrencias": 1,
      "fonte": "",
      "concordancias": [
        {
          "referencia": "Jó 38.31",
          "texto": "cadeias do Sete-estrelo ou soltar os 4. do Orion?"
        }
      ]
    },
    {
      "palavra": "atingido",
      "veja tambem": [
        "atin-"
      ],
      "ocorrencias": 2,
      "fonte": "",
      "concordancias": [
        {
          "referencia": "S191.7",
          "texto": "e dez mil, à tua direita, mas tu não serás Á.."
        },
        {
          "referencia": "Isaías 53.8",
          "texto": "e pela transgressão do meu povo foi ele A.."
        }
      ]
    },
    {
      "palavra": "atingir",
      "veja tambem": [],
      "ocorrencias": 1,
      "fonte": "",
      "concordancias": [
        {
          "referencia": "S1139.6",
          "texto": "maravilhosíssima; tão alta, que não a posso Á.."
        }
      ]
    },
    {
      "palavra": "atira",
      "veja tambem": [
        "atirar"
      ],
      "ocorrencias": 1,
      "fonte": "",
      "concordancias": [
        {
          "referencia": "2 Reis 13.17",
          "texto": "E abriu-a. Então, disse Eliseu: A.. E atirou; e"
        }
      ]
    },
    {
      "palavra": "atira-a",
      "veja tambem": [
        "atirar"
      ],
      "ocorrencias": 1,
      "fonte": "",
      "concordancias": [
        {
          "referencia": "Mateus 5.30",
          "texto": "te escandalizar, corta-a e A. para longe de"
        }
      ]
    },
    {
      "palavra": "atira-o",
      "veja tambem": [
        "atirar"
      ],
      "ocorrencias": 3,
      "fonte": "",
      "concordancias": [
        {
          "referencia": "Mateus 5.29",
          "texto": "te escandalizar, arranca-o e À. para longe de"
        },
        {
          "referencia": "Mateus 18.8",
          "texto": "te escandalizar, corta-o e À. para longe de"
        },
        {
          "referencia": "Mateus 18.9",
          "texto": "te escandalizar, arranca-o, e À. para longe de"
        }
      ]
    },
    {
      "palavra": "atiradas",
      "veja tambem": [
        "atirar"
      ],
      "ocorrencias": 1,
      "fonte": "",
      "concordancias": [
        {
          "referencia": "Jó 41.29",
          "texto": "As pedras 4. são para ele como arestas, e ri-se"
        }
      ]
    },
    {
      "palavra": "atirado",
      "veja tambem": [
        "atirar"
      ],
      "ocorrencias": 1,
      "fonte": "",
      "concordancias": [
        {
          "referencia": "1 Samuel 20.37",
          "texto": "da flecha que Jônatas tinha A., gritou Jônatas"
        }
      ]
    },
    {
      "palavra": "atirai-lhe",
      "veja tambem": [
        "atirar"
      ],
      "ocorrencias": 1,
      "fonte": "",
      "concordancias": [
        {
          "referencia": "Jeremias 50.14",
          "texto": "todos os que armais arcos; Á., não poupeis"
        }
      ]
    },
    {
      "palavra": "atirando",
      "veja tambem": [
        "atirar"
      ],
      "ocorrencias": 1,
      "fonte": "",
      "concordancias": [
        {
          "referencia": "Mateus 27.5",
          "texto": "E ele, À. para o templo as moedas de prata,"
        }
      ]
    },
    {
      "palavra": "atirar",
      "veja tambem": [],
      "ocorrencias": 4,
      "fonte": "",
      "concordancias": [
        {
          "referencia": "1 Samuel 20.36",
          "texto": "a buscar as flechas que eu A.. Correu, pois, o"
        },
        {
          "referencia": "2 Samuel 11.20",
          "texto": "pelejar? Não sabíeis vós que haviam de À. do muro?"
        },
        {
          "referencia": "1 Crônicas 12.2",
          "texto": "mão direita e esquerda em A. pedras e em"
        },
        {
          "referencia": "2 Crônicas 26.14",
          "texto": "e couraças, e arcos, e até fundas para À. pedras."
        }
      ]
    },
    {
      "palavra": "atirara",
      "veja tambem": [
        "atirar"
      ],
      "ocorrencias": 1,
      "fonte": "",
      "concordancias": [
        {
          "referencia": "1 Samuel 20.20",
          "texto": "flechas para aquela banda, como se À. ao alvo."
        }
      ]
    },
    {
      "palavra": "atiraram",
      "veja tambem": [],
      "ocorrencias": 2,
      "fonte": "",
      "concordancias": [
        {
          "referencia": "2 Samuel 11.24",
          "texto": "Então, os flecheiros À. contra os teus servos"
        },
        {
          "referencia": "2 Crônicas 35.23",
          "texto": "E os flecheiros Á. no rei Josias; então, o rei"
        }
      ]
    },
    {
      "palavra": "atirareil",
      "veja tambem": [
        "ati-"
      ],
      "ocorrencias": 1,
      "fonte": "",
      "concordancias": [
        {
          "referencia": "1 Samuel 20.20",
          "texto": "E eu À. três flechas para aquela banda, como se"
        }
      ]
    },
    {
      "palavra": "atirarem",
      "veja tambem": [
        "atirar"
      ],
      "ocorrencias": 4,
      "fonte": "",
      "concordancias": [
        {
          "referencia": "2 Crônicas 26.15",
          "texto": "torres e nos cantos, para 4. flechas e"
        },
        {
          "referencia": "S111.2",
          "texto": "na corda, para com elas A., às ocultas,"
        },
        {
          "referencia": "SI 644",
          "texto": "para de lugares ocultos Á. sobre o que é reto;"
        },
        {
          "referencia": "Jó 8.59",
          "texto": "pegaram em pedras para lhe A.; mas Jesus"
        }
      ]
    },
    {
      "palavra": "atirava",
      "veja tambem": [
        "atirar"
      ],
      "ocorrencias": 1,
      "fonte": "",
      "concordancias": [
        {
          "referencia": "2 Samuel 16.13",
          "texto": "caminhando e amaldiçoando, e A. pedras"
        }
      ]
    },
    {
      "palavra": "atiravam",
      "veja tambem": [
        "atirar"
      ],
      "ocorrencias": 2,
      "fonte": "",
      "concordancias": [
        {
          "referencia": "Juízes 20.16",
          "texto": "canhotos, os quais todos À, com a funda uma"
        },
        {
          "referencia": "2 Crônicas 14.8",
          "texto": "Benjamim, que traziam escudo e 4. de arco;"
        }
      ]
    },
    {
      "palavra": "atire",
      "veja tambem": [
        "atirar"
      ],
      "ocorrencias": 1,
      "fonte": "",
      "concordancias": [
        {
          "referencia": "Jó 8.7",
          "texto": "sem pecado seja o primeiro que À. pedra contra ela."
        }
      ]
    }
  ]
}