{
  "a": [
    {
      "palavra": "atirou",
      "veja tambem": ["atirar", "lançar", "arremessar"],
      "ocorrencias": 5,
      "fonte": "Strong's H3384 (יָרָה/yarah)",
      "concordancias": [
        {
          "referencia": "1 Samuel 17.49",
          "texto": "uma pedra, e com a funda lha A., e feriu o"
        },
        {
          "referencia": "1 Samuel 18.11",
          "texto": "E Saul A. com a lança, dizendo: Encravarei a Davi"
        },
        {
          "referencia": "1 Samuel 20.36",
          "texto": "Correu, pois, o moço, e ele Á. uma flecha,"
        },
        {
          "referencia": "2 Reis 13.17",
          "texto": "Então, disse Eliseu: Atira. E A.; e disse: A"
        },
        {
          "referencia": "S178.49",
          "texto": "E À. para o meio deles, quais mensageiros de"
        }
      ]
    },
    {
      "palavra": "atirou-lhe",
      "veja tambem": [
        "atirar"
      ],
      "ocorrencias": 1,
      "fonte": "",
      "concordancias": [
        {
          "referencia": "1 Samuel 20.33",
          "texto": "Então, Saul Á. com a lança, para o ferir;"
        }
      ]
    },
    {
      "palavra": "atlai",
      "veja tambem": [],
      "ocorrencias": 1,
      "fonte": "",
      "concordancias": [
        {
          "referencia": "Esdras 10.28",
          "texto": "E dos filhos de Bebai: Jeoanã, Hananias, Zabai e A.."
        }
      ]
    },
    {
      "palavra": "atolar",
      "veja tambem": [],
      "ocorrencias": 1,
      "fonte": "",
      "concordancias": [
        {
          "referencia": "S169.14",
          "texto": "do lamaçal e não me deixes A.; seja eu livre dos"
        }
      ]
    },
    {
      "palavra": "atolaram",
      "veja tambem": [
        "atolar"
      ],
      "ocorrencias": 1,
      "fonte": "",
      "concordancias": [
        {
          "referencia": "Ir 38.22",
          "texto": "contra ti; e, agora, que se À. os teus pés"
        }
      ]
    },
    {
      "palavra": "atolei-me",
      "veja tambem": [
        "atolar"
      ],
      "ocorrencias": 1,
      "fonte": "",
      "concordancias": [
        {
          "referencia": "S169.2",
          "texto": "A, em profundo lamaçal, onde se não pode estar"
        }
      ]
    },
    {
      "palavra": "atolou-se",
      "veja tambem": [
        "atolar"
      ],
      "ocorrencias": 7,
      "fonte": "",
      "concordancias": [
        {
          "referencia": "Ir 38.6",
          "texto": "não havia água, senão lama; e A."
        },
        {
          "referencia": "Esdras 9.3",
          "texto": "minha cabeça e da minha barba, e me assentei Á.."
        },
        {
          "referencia": "Esdras 9.4",
          "texto": "porém eu me fiquei assentado À. até ao"
        },
        {
          "referencia": "Daniel 4.19",
          "texto": "nome era Beltessazar, esteve A. quase uma hora,"
        },
        {
          "referencia": "Atos 3.11",
          "texto": "eJoão, todo o povo correu À. para junto deles"
        },
        {
          "referencia": "Atos 8.13",
          "texto": "e as grandes maravilhas que se faziam, estava Á.."
        },
        {
          "referencia": "Atos 9.6",
          "texto": "E ele, tremendo e Á., disse: Senhor, que queres"
        }
      ]
    },
    {
      "palavra": "atormentado",
      "veja tambem": [
        "atormentar"
      ],
      "ocorrencias": 5,
      "fonte": "",
      "concordancias": [
        {
          "referencia": "Mateus 8.6",
          "texto": "jaz em casa paralítico e violentamente Á.."
        },
        {
          "referencia": "Lucas 16.24",
          "texto": "refresque a língua, porque estou A. nesta chama."
        },
        {
          "referencia": "Lucas 16.25",
          "texto": "males; e, agora, este é consolado, e tu, A.."
        },
        {
          "referencia": "Apocalipse 11.10",
          "texto": "estes dois profetas tinham A. os que"
        },
        {
          "referencia": "Apocalipse 14.10",
          "texto": "no cálice da sua ira, e será Á. com fogo e"
        }
      ]
    },
    {
      "palavra": "atormentadores",
      "veja tambem": [],
      "ocorrencias": 2,
      "fonte": "",
      "concordancias": [
        {
          "referencia": "Salmos 10.5",
          "texto": "seus caminhos são sempre Á.; os teus"
        },
        {
          "referencia": "Mateus 18.34",
          "texto": "o seu senhor o entregou aos Á., até que"
        }
      ]
    },
    {
      "palavra": "atormentados",
      "veja tambem": [
        "atormentar"
      ],
      "ocorrencias": 4,
      "fonte": "",
      "concordancias": [
        {
          "referencia": "Mateus 24.9",
          "texto": "hão de entregar para serdes A. e"
        },
        {
          "referencia": "Lucas 6.18",
          "texto": "como também os A, dos"
        },
        {
          "referencia": "Atos 5.16",
          "texto": "conduzindo enfermos e A. de espíritos"
        },
        {
          "referencia": "Apocalipse 20.10",
          "texto": "e de dia e de noite serão A. para todo"
        }
      ]
    },
    {
      "palavra": "atormentar-nos",
      "veja tambem": [],
      "ocorrencias": 1,
      "fonte": "",
      "concordancias": [
        {
          "referencia": "Mateus 8.29",
          "texto": "Filho de Deus? Vieste aqui À. antes"
        }
      ]
    },
    {
      "palavra": "atormentassem",
      "veja tambem": [],
      "ocorrencias": 1,
      "fonte": "",
      "concordancias": [
        {
          "referencia": "Apocalipse 9.5",
          "texto": "mas que por cinco meses os Á.; eoseu"
        }
      ]
    },
    {
      "palavra": "atormentem",
      "veja tambem": [
        "atormentar"
      ],
      "ocorrencias": 1,
      "fonte": "",
      "concordancias": [
        {
          "referencia": "Levítico 26.16",
          "texto": "que consumam os olhos e A. a alma; e"
        }
      ]
    },
    {
      "palavra": "atormentemo-lo",
      "veja tambem": [
        "atormentar"
      ],
      "ocorrencias": 1,
      "fonte": "",
      "concordancias": [
        {
          "referencia": "Isaías 7.6",
          "texto": "Vamos subir contra Judá, e Á., e"
        }
      ]
    },
    {
      "palavra": "atormentes",
      "veja tambem": [],
      "ocorrencias": 2,
      "fonte": "",
      "concordancias": [
        {
          "referencia": "Marcos 5.7",
          "texto": "Altíssimo? Conjuro-te por Deus que não me A.."
        },
        {
          "referencia": "Lucas 8.28",
          "texto": "Filho do Deus Altíssimo? Peço-te que não me A.."
        }
      ]
    },
    {
      "palavra": "atos",
      "veja tambem": [],
      "ocorrencias": 55,
      "fonte": "",
      "concordancias": [
        {
          "referencia": "1 Reis 11.41",
          "texto": "Quanto ao mais dos À. de Salomão, e a tudo quanto"
        },
        {
          "referencia": "1 Reis 14.19",
          "texto": "Quanto ao mais dos Á. de Jeroboão, como guerreou"
        },
        {
          "referencia": "1 Reis 14.29",
          "texto": "Quanto ao mais dos Á. de Roboão e a tudo quanto"
        },
        {
          "referencia": "1 Reis 15.7",
          "texto": "Quanto ao mais dos À, de Abias, e a tudo quanto"
        },
        {
          "referencia": "1 Reis 15.23",
          "texto": "Quanto ao mais de todos os À. de Asa, e a todo o"
        },
        {
          "referencia": "1 Reis 15.31",
          "texto": "Quanto ao mais dos Á. de Nadabe e a tudo quanto"
        },
        {
          "referencia": "1 Reis 16.5",
          "texto": "Quanto ao mais dos Á, de Baasa, e ao que fez, e ao"
        },
        {
          "referencia": "1 Reis 16.14",
          "texto": "Quanto ao mais dos A. de Elá e a tudo quanto fez,"
        },
        {
          "referencia": "1 Reis 16.20",
          "texto": "Quanto ao mais dos A. de Zinri, e à conspiração que"
        },
        {
          "referencia": "1 Reis 16.27",
          "texto": "Quanto ao mais dos A. de Onri, ao que fez e ao seu"
        },
        {
          "referencia": "1 Reis 22.39",
          "texto": "Quanto ao mais dos 4. de Acabe, e a tudo quanto"
        },
        {
          "referencia": "1 Reis 22.46",
          "texto": "Quanto ao mais dos Á. de Josafá, e ao poder que"
        },
        {
          "referencia": "2 Reis 8.23",
          "texto": "O mais dos À, de Jeorão e tudo quanto fez,"
        },
        {
          "referencia": "2 Reis 10.34",
          "texto": "Ora, o mais dos A. de Jeú e tudo quanto fez, e todo"
        },
        {
          "referencia": "2 Reis 12.19",
          "texto": "Ora, o mais dos A. de Joás e tudo quanto fez mais,"
        },
        {
          "referencia": "2 Reis 13.8",
          "texto": "Ora, o mais dos Á, de Jeoacaz, e tudo quanto fez"
        },
        {
          "referencia": "2 Reis 13.12",
          "texto": "Ora, o mais dos À. de Jeoás, e tudo quanto fez"
        },
        {
          "referencia": "2 Reis 14.15",
          "texto": "Ora, o mais dos Á. de Jeoás, o que fez, e o seu"
        },
        {
          "referencia": "2 Reis 14.18",
          "texto": "Ora, o mais dos À. de Amazias, porventura, não está"
        },
        {
          "referencia": "2 Reis 15.6",
          "texto": "Ora, o mais dos Á, de Azarias e tudo o que fez,"
        },
        {
          "referencia": "2 Reis 15.11",
          "texto": "Ora, o mais dos Á. de Zacarias, eis que está"
        },
        {
          "referencia": "2 Reis 15.15",
          "texto": "Ora, o mais dos 4. de Salum e a conspiração que"
        },
        {
          "referencia": "2 Reis 15.21",
          "texto": "Ora, o mais dos A.. de Menaém e tudo quanto fez,"
        },
        {
          "referencia": "2 Reis 15.26",
          "texto": "Ora, o mais dos À. de Pecaías e tudo quanto fez,"
        },
        {
          "referencia": "2 Reis 15.31",
          "texto": "Ora, o mais dos Á., de Peca e tudo quanto fez, eis"
        },
        {
          "referencia": "2 Reis 15.36",
          "texto": "Ora, o mais dos A. de Jotão e tudo quanto fez,"
        },
        {
          "referencia": "2 Reis 16.19",
          "texto": "Ora, o mais dos À, de Acaz e o que fez, porventura,"
        },
        {
          "referencia": "2 Reis 20.20",
          "texto": "Ora, o mais dos A. de Ezequias, e todo o seu poder,"
        },
        {
          "referencia": "2 Reis 21.17",
          "texto": "Quanto ao mais dos À. de Manassés, e a tudo quanto"
        },
        {
          "referencia": "a 21.25",
          "texto": "Quanto ao mais dos 4. de Amom, e a tudo quanto"
        },
        {
          "referencia": "2 Reis 23.19",
          "texto": "e lhes fez conforme todos os À. que tinha"
        },
        {
          "referencia": "2 Reis 23.28",
          "texto": "Ora, o mais dos À. de Josias e tudo quanto fez,"
        },
        {
          "referencia": "2 Reis 24.5",
          "texto": "Ora, o mais dos Á. de Jeoaquim e tudo quanto fez,"
        },
        {
          "referencia": "1 Crônicas 29.29",
          "texto": "Os A., pois, do rei Davi, assim os primeiros como"
        },
        {
          "referencia": "2 Crônicas 9.29",
          "texto": "Os demais Á., pois, de Salomão, tanto os primeiros"
        },
        {
          "referencia": "2 Crônicas 12.15",
          "texto": "Os Á., pois, de Roboão, tanto os primeiros como os"
        },
        {
          "referencia": "2 Crônicas 13.22",
          "texto": "Os mais A., pois, de Abias, tanto os seus caminhos"
        },
        {
          "referencia": "2 Crônicas 16.11",
          "texto": "E eis que os Á. de Asa, tanto os primeiros como os"
        },
        {
          "referencia": "2 Crônicas 20.34",
          "texto": "Ora, o resto dos A. de Josafá, tanto os primeiros"
        },
        {
          "referencia": "2 Crônicas 25.26",
          "texto": "Quanto ao mais dos 4. de Amazias, tanto os"
        },
        {
          "referencia": "2 Crônicas 26.22",
          "texto": "Quanto ao mais dos A. de Uzias, tanto os primeiros"
        },
        {
          "referencia": "2 Crônicas 27.7",
          "texto": "O resto, pois, dos A. de orao, e todas as suas"
        },
        {
          "referencia": "2 Crônicas 28.26",
          "texto": "O resto, pois, de seus A. e de todos os seus"
        },
        {
          "referencia": "2 Crônicas 32.32",
          "texto": "Quanto ao resto dos A. de Ezequias e às suas"
        },
        {
          "referencia": "2 Crônicas 33.18",
          "texto": "O resto, pois, dos À. de Manassés, e à sua oração"
        },
        {
          "referencia": "2 Crônicas 35.26",
          "texto": "Quanto ao mais dos A. de Josias, e às suas"
        },
        {
          "referencia": "2 Crônicas 35.27",
          "texto": "e aos seus Á., tanto os primeiros como os últimos,"
        },
        {
          "referencia": "2 Crônicas 36.8",
          "texto": "Quanto ao mais dos A. de Jeoaquim, e às abomina-"
        },
        {
          "referencia": "Isaías 1.16",
          "texto": "tirai a maldade de vossos À. de diante dos meus"
        },
        {
          "referencia": "Ezequiel 20.43",
          "texto": "e de todos os vossos Á. com que vos"
        },
        {
          "referencia": "Ezequiel 20.44",
          "texto": "nem conforme os vossos À. corruptos, ó casa"
        },
        {
          "referencia": "Ezequiel 21.24",
          "texto": "pecados em todos os vossos Á., e visto que"
        },
        {
          "referencia": "Mateus 12.45",
          "texto": "habitam ali; e são os últimos À. desse homem"
        },
        {
          "referencia": "Lucas 23.51",
          "texto": "no conselho e nos A. dos outros), natural"
        },
        {
          "referencia": "Atos 26.9",
          "texto": "de Jesus, o Nazareno, devia eu praticar muitos Á.,"
        }
      ]
    },
    {
      "palavra": "atou",
      "veja tambem": [],
      "ocorrencias": 4,
      "fonte": "",
      "concordancias": [
        {
          "referencia": "Gênesis 38.28",
          "texto": "a mão, e a parteira tomou-a e A. em sua mão um fio"
        },
        {
          "referencia": "Josué 2.21",
          "texto": "despediu; e RE se foram; e ela Á. o cordão de"
        },
        {
          "referencia": "Jeremias 39.7",
          "texto": "os olhos a Zedequias e o A. com duas cadeias de"
        },
        {
          "referencia": "Jeremias 52.11",
          "texto": "os olhos a Zedequias e o 4. com duas cadeias de"
        }
      ]
    },
    {
      "palavra": "atou-lhe",
      "veja tambem": [
        "atar"
      ],
      "ocorrencias": 1,
      "fonte": "",
      "concordancias": [
        {
          "referencia": "Lucas 10.34",
          "texto": "E, aproximando-se, A. as feridas,"
        }
      ]
    },
    {
      "palavra": "atracaram",
      "veja tambem": [],
      "ocorrencias": 1,
      "fonte": "",
      "concordancias": [
        {
          "referencia": "Marcos 6.53",
          "texto": "lado, dirigiram-se à terra de Genesaré e ali A.."
        }
      ]
    },
    {
      "palavra": "atrai",
      "veja tambem": [
        "atrair"
      ],
      "ocorrencias": 2,
      "fonte": "",
      "concordancias": [
        {
          "referencia": "Juízes 4.6",
          "texto": "não deu ordem, dizendo: Vai, e A. gente ao"
        },
        {
          "referencia": "Eclesiastes 5.13",
          "texto": "que vi debaixo do sol e A, enfermidades: as"
        }
      ]
    },
    {
      "palavra": "atraí",
      "veja tambem": [
        "atrair"
      ],
      "ocorrencias": 1,
      "fonte": "",
      "concordancias": [
        {
          "referencia": "Jeremias 31.3",
          "texto": "eterno te amei; também com amável benignidade te A.."
        }
      ]
    },
    {
      "palavra": "atraí-os",
      "veja tambem": [
        "atrair"
      ],
      "ocorrencias": 1,
      "fonte": "",
      "concordancias": [
        {
          "referencia": "Oséias 114",
          "texto": "A, com cordas humanas, com cordas de amor; e"
        }
      ]
    }
  ]
}