{
  "a": [
    {
      "palavra": "atraído",
      "veja tambem": ["atrair", "puxar", "chamar"],
      "ocorrencias": 3,
      "fonte": "Strong's H4900 (מָשַׁךְ/mashak)",
      "concordancias": [
        {
          "referencia": "Provérbios 5.19",
          "texto": "todo o tempo; e pelo seu amor sê Å. perpetuamente."
        },
        {
          "referencia": "Provérbios 5.20",
          "texto": "por que, filho meu, andarias A. pela estranha e"
        },
        {
          "referencia": "Tiago 1.14",
          "texto": "cada um é tentado, quando A. e engodado pela"
        }
      ]
    },
    {
      "palavra": "atraídos",
      "veja tambem": [
        "atrair"
      ],
      "ocorrencias": 1,
      "fonte": "",
      "concordancias": [
        {
          "referencia": "Josué 8.16",
          "texto": "seguir; e seguiram a Josué e foram A. da cidade."
        }
      ]
    },
    {
      "palavra": "atrairei",
      "veja tambem": [
        "atrair"
      ],
      "ocorrencias": 3,
      "fonte": "",
      "concordancias": [
        {
          "referencia": "Juízes 4.7",
          "texto": "E A, a ti para o ribeiro de Quisom a Sísera,"
        },
        {
          "referencia": "Oséias 2.14",
          "texto": "Portanto, eis que eu a A., ea levarei para o"
        },
        {
          "referencia": "Jó 12.32",
          "texto": "quando for levantado da terra, todos À. a mim."
        }
      ]
    },
    {
      "palavra": "atraírem",
      "veja tambem": [
        "atrair"
      ],
      "ocorrencias": 1,
      "fonte": "",
      "concordancias": [
        {
          "referencia": "Atos 20.30",
          "texto": "coisas perversas, para Á. os discípulos"
        }
      ]
    },
    {
      "palavra": "atras",
      "veja tambem": [],
      "ocorrencias": 85,
      "fonte": "",
      "concordancias": [
        {
          "referencia": "Gênesis 18.10",
          "texto": "E ouviu-o Sara à porta da tenda, que estava A. dele."
        },
        {
          "referencia": "Gênesis 19.6",
          "texto": "saiu Ló a eles à porta, e fechou a porta À. de si,"
        },
        {
          "referencia": "Gênesis 32.18",
          "texto": "a Esaú; e eis que ele mesmo vem também A. de nós."
        },
        {
          "referencia": "Gênesis 32.19",
          "texto": "ea todos os que vinham A, dos rebanhos,"
        },
        {
          "referencia": "Gênesis 32.20",
          "texto": "que o teu servo Jacó vem À. de nós. Porque"
        },
        {
          "referencia": "Gênesis 33.2",
          "texto": "ea Leia e a seus filhos, 4.; porém a Raquel e"
        },
        {
          "referencia": "Êxodo 3.1",
          "texto": "em Midiã; e levou o rebanho A. do deserto e veio"
        },
        {
          "referencia": "Êxodo 14.10",
          "texto": "e eis que os egípcios vinham A. deles, e temeram"
        },
        {
          "referencia": "Êxodo 14.17",
          "texto": "para que entrem nele À, deles; e eu serei"
        },
        {
          "referencia": "Êxodo 14.19",
          "texto": "de Israel, se retirou e ia À. deles; também a"
        },
        {
          "referencia": "Êxodo 14.19",
          "texto": "nuvem se retirou de diante deles e se pôs A. deles."
        },
        {
          "referencia": "Êxodo 14.23",
          "texto": "seguiram-nos, e entraram À, deles todos os"
        },
        {
          "referencia": "Êxodo 15.20",
          "texto": "mão, e todas as mulheres saíram A. dela com"
        },
        {
          "referencia": "Levítico 26.33",
          "texto": "e desembainharei a espada A. de vós; e a vossa"
        },
        {
          "referencia": "Números 3.23",
          "texto": "assentarão as suas tendas Á. do tabernáculo, ao oci-"
        },
        {
          "referencia": "Deuteronômio 23.14",
          "texto": "ele não veja coisa feia em ti e se torne Å. de ti."
        },
        {
          "referencia": "Deuteronômio 24.20",
          "texto": "tua oliveira, não tornarás A. de ti a sacudir os"
        },
        {
          "referencia": "Deuteronômio 24.21",
          "texto": "a tua vinha, não tornarás Á, de ti a rebuscá-la;"
        },
        {
          "referencia": "Josué 6.13",
          "texto": "deles, e a retaguarda seguia A. da arca do Senhor;"
        },
        {
          "referencia": "Josué 8.6",
          "texto": "Deixai-os, pois, sair Á. de nós, até que os"
        },
        {
          "referencia": "Josué 8.14",
          "texto": "que se lhe houvesse posto emboscada A, da cidade."
        },
        {
          "referencia": "Josué 10.19",
          "texto": "e feri os que ficaram A.; não os deixeis"
        },
        {
          "referencia": "Juízes 11.35",
          "texto": "eu abri a minha boca ao Senhor e não tornarei A.."
        },
        {
          "referencia": "Rute 2.2",
          "texto": "ao campo, e apanharei espigas A. daquele em cujos"
        },
        {
          "referencia": "1 Samuel 6.12",
          "texto": "príncipes dos filisteus foram A. delas, até ao"
        },
        {
          "referencia": "1 Samuel 11.5",
          "texto": "que Saul vinha do campo, A. dos bois; e disse"
        },
        {
          "referencia": "1 Samuel 11.7",
          "texto": "Ases: Qualquer que não sair A. de Saul e A,"
        },
        {
          "referencia": "1 Samuel 11.7",
          "texto": "que não sair A. de Saul e A. de Samuel, assim"
        },
        {
          "referencia": "1 Samuel 13.7",
          "texto": "ainda em Gilgal, todo o povo veio A. dele, tremendo."
        },
        {
          "referencia": "1 Samuel 14.12",
          "texto": "ao seu pajem de armas: Sobe À, de mim, porque o"
        },
        {
          "referencia": "1 Samuel 14.13",
          "texto": "Jônatas, e o seu pajem de armas os matava A, dele."
        },
        {
          "referencia": "1 Samuel 14.36",
          "texto": "Saul: Desçamos, de noite, À. dos filisteus, e"
        },
        {
          "referencia": "1 Samuel 14.37",
          "texto": "a Deus, dizendo: Descerei À. dos filisteus?"
        },
        {
          "referencia": "1 Samuel 15.31",
          "texto": "Então, Samuel se tornou A. de Saul, e Saul adorou"
        },
        {
          "referencia": "1 Samuel 20.37",
          "texto": "atirado, gritou Jônatas A. do moço e disse:"
        },
        {
          "referencia": "1 Samuel 20.38",
          "texto": "E tornou Jônatas a gritar A. do moço: Apressa-te,"
        },
        {
          "referencia": "1 Samuel 22.20",
          "texto": "cujo nome era Abiatar, o qual fugiu A. de Davi."
        },
        {
          "referencia": "1 Samuel 30.9",
          "texto": "ao ribeiro de Besor, onde os que ficaram A. pararam."
        },
        {
          "referencia": "1 Samuel 30.10",
          "texto": "que duzentos homens ficaram A., por não pode-"
        },
        {
          "referencia": "2 Samuel 3.26",
          "texto": "de Davi, enviou mensageiros A. de Abner, e o"
        },
        {
          "referencia": "2 Samuel 11.8",
          "texto": "Urias da casa real, logo saiu 4, dele iguaria do rei."
        },
        {
          "referencia": "2 Samuel 20.7",
          "texto": "Então, saíram À. dele os homens de Joabe, e os"
        },
        {
          "referencia": "2 Samuel 20.7",
          "texto": "saíram de Jerusalém para irem 4. de Seba, filho"
        },
        {
          "referencia": "2 Samuel 20.10",
          "texto": "Joabe e Abisai, seu irmão, foram A. de Seba,"
        },
        {
          "referencia": "2 Samuel 23.10",
          "texto": "livramento; e o povo voltou Á. dele somente a"
        },
        {
          "referencia": "1 Reis 19.21",
          "texto": "Voltou, pois, de À, dele, e tomou uma junta de"
        },
        {
          "referencia": "2 Reis 5.20",
          "texto": "vive o Senhor, que hei de.correr A. dele e tomar"
        },
        {
          "referencia": "2 Reis 5.21",
          "texto": "e Naamã, vendo que corria 4. dele, saltou do"
        },
        {
          "referencia": "2 Reis 20.9",
          "texto": "a sombra dez graus ou voltará dez graus A.?"
        },
        {
          "referencia": "1 Crônicas 14.14",
          "texto": "disse-lhe Deus: Não subirás A. deles; mas anda em"
        },
        {
          "referencia": "Jó 39.22",
          "texto": "não se espanta, e não torna Á, por causa da espada."
        },
        {
          "referencia": "S135.4",
          "texto": "buscam a minha vida; voltem 4. e envergonhem-se os"
        },
        {
          "referencia": "S140.14",
          "texto": "para destruí-la; tornem A. e confundam-se os"
        },
        {
          "referencia": "S168.25",
          "texto": "tocadores de instrumentos, A.; entre eles, as"
        },
        {
          "referencia": "S170.2",
          "texto": "a minha alma; tornem A. e confundam-se os"
        },
        {
          "referencia": "S178.41",
          "texto": "Voltaram Á., e tentaram a Deus, e duvidaram do"
        },
        {
          "referencia": "S178.57",
          "texto": "Mas tornaram Á. e portaram-se aleivosamente como"
        },
        {
          "referencia": "Salmos 114.5",
          "texto": "ó mar, que fugiste, e tu, ó Jordão, que tornaste A,?"
        },
        {
          "referencia": "Provérbios 28.22",
          "texto": "que tem um olho mau corre A. das riquezas, mas"
        },
        {
          "referencia": "Provérbios 30.30",
          "texto": "torte entre os animais, que por ninguém torna A.;"
        },
        {
          "referencia": "Isaías 5.25",
          "texto": "ruas; com tudo isto não tornou Á. a sua ira, mas"
        },
        {
          "referencia": "Isaías 14.27",
          "texto": "mão estendida está; quem, pois, a fará voltar A?"
        },
        {
          "referencia": "Isaías 38.8",
          "texto": "de Acaz, volte dez graus Á.. Assim, recuou o"
        },
        {
          "referencia": "Isaías 42.17",
          "texto": "Tornarão A. e confundir-se-ão de vergonha os que"
        },
        {
          "referencia": "Isaías 44.25",
          "texto": "adivinhos; que faço tornar A. os sábios e"
        },
        {
          "referencia": "Isaías 45.14",
          "texto": "para ti e serão teus; irão A. de ti, virão"
        },
        {
          "referencia": "Isaías 45.23",
          "texto": "de justiça e não tornará Á.: que diante de mim"
        },
        {
          "referencia": "Isaías 59.14",
          "texto": "Pelo que o juízo se tornou Á., e a justiça se pôs"
        },
        {
          "referencia": "Jeremias 30.24",
          "texto": "Não voltará A. o furor da ira do Senhor, até que"
        },
        {
          "referencia": "Jeremias 38.22",
          "texto": "se atolaram os teus pés na lama, eles voltaram A.."
        },
        {
          "referencia": "Ezequiel 5.2",
          "texto": "ao vento; porque desembainharei a espada A. deles."
        },
        {
          "referencia": "Ezequiel 5.12",
          "texto": "todos os ventos e a espada desembainharei A. deles."
        },
        {
          "referencia": "Ezequiel 12.14",
          "texto": "todos os ventos; e desembainharei a espada À. deles."
        },
        {
          "referencia": "Ezequiel 24.14",
          "texto": "assim, e o farei; não tornarei Á, e não pouparei,"
        },
        {
          "referencia": "Ezequiel 44.10",
          "texto": "desviados de mim, para irem A. dos seus ídolos,"
        },
        {
          "referencia": "Oséias 2.5",
          "texto": "torpemente porque diz: Irei A. de meus namorados,"
        },
        {
          "referencia": "Oséias 2.13",
          "texto": "suas gargantilhas, e andou A. de seus"
        },
        {
          "referencia": "Zacarias 1.8",
          "texto": "que estavam na profundeza; e À. dele estavam"
        },
        {
          "referencia": "Zacarias 6.6",
          "texto": "do Norte, e os brancos saem Á. deles, e os"
        },
        {
          "referencia": "Zacarias 714",
          "texto": "ea terra será assolada A. deles, de sorte que"
        },
        {
          "referencia": "Mateus 15.23",
          "texto": "dizendo: Despede-a, que vem gritando A. de nós."
        },
        {
          "referencia": "Mateus 24.18",
          "texto": "estiver no campo não volte Á. a buscar as suas vestes."
        },
        {
          "referencia": "Marcos 13.16",
          "texto": "no campo, que não volte Á., para tomar a sua veste."
        },
        {
          "referencia": "Filipenses 3.13",
          "texto": "esquecendo-me das coisas que A. ficam e"
        },
        {
          "referencia": "Apocalipse 12.15",
          "texto": "lançou da sua boca, A. da mulher, água"
        }
      ]
    },
    {
      "palavra": "através",
      "veja tambem": [],
      "ocorrencias": 1,
      "fonte": "",
      "concordancias": [
        {
          "referencia": "Jeremias 2.6",
          "texto": "terra do Egito? Que nos guiou A. do deserto, por"
        }
      ]
    },
    {
      "palavra": "atravessa-me",
      "veja tambem": [
        "atravessar"
      ],
      "ocorrencias": 3,
      "fonte": "",
      "concordancias": [
        {
          "referencia": "1 Samuel 31.4",
          "texto": "Arranca a tua espada e Á, com ela,"
        },
        {
          "referencia": "1 Crônicas 10.4",
          "texto": "Arranca a tua espada e A. com ela,"
        },
        {
          "referencia": "Jó 16.13",
          "texto": "os seus flecheiros; A. os rins e"
        }
      ]
    },
    {
      "palavra": "atravessado",
      "veja tambem": [],
      "ocorrencias": 2,
      "fonte": "",
      "concordancias": [
        {
          "referencia": "Atos 13.6",
          "texto": "E, havendo Á. a ilha até Pafos, acharam um"
        },
        {
          "referencia": "Atos 27.5",
          "texto": "E, tendo À. o mar ao longo da Cilícia e"
        }
      ]
    }
  ]
}