{
  "a": [
    {
      "palavra": "atravessados",
      "veja tambem": ["atravessar", "transpassar", "perfurar"],
      "ocorrencias": 4,
      "fonte": "Strong's H2490 (חָלַל/chalal)",
      "concordancias": [
        {
          "referencia": "1 Samuel 31.1",
          "texto": "diante dos filisteus e caíram À, na"
        },
        {
          "referencia": "Isaías 14.19",
          "texto": "como uma veste de mortos A. à espada,"
        },
        {
          "referencia": "Jeremias 51.4",
          "texto": "cairão na terra dos caldeus e Å, pelas ruas."
        },
        {
          "referencia": "Ezequiel 21.14",
          "texto": "vez se dobrará; a espada é dos A., dos"
        }
      ]
    },
    {
      "palavra": "atravessando-os",
      "veja tambem": [
        "atravessar"
      ],
      "ocorrencias": 2,
      "fonte": "",
      "concordancias": [
        {
          "referencia": "Juízes 20.31",
          "texto": "a ferir alguns do povo, A., como"
        },
        {
          "referencia": "Juízes 20.39",
          "texto": "de Israel, quase trinta homens, A.,"
        }
      ]
    },
    {
      "palavra": "atravessar",
      "veja tambem": [],
      "ocorrencias": 1,
      "fonte": "",
      "concordancias": [
        {
          "referencia": "Ezequiel 47.5",
          "texto": "ribeiro, que eu não podia Á., porque as"
        }
      ]
    },
    {
      "palavra": "atravessará",
      "veja tambem": [
        "atravessar"
      ],
      "ocorrencias": 3,
      "fonte": "",
      "concordancias": [
        {
          "referencia": "Números 24.8",
          "texto": "seus ossos, e com as suas setas os Á.."
        },
        {
          "referencia": "Jó 20.24",
          "texto": "fuja das armas de ferro, o arco de aço o A.."
        },
        {
          "referencia": "Isaías 11.15",
          "texto": "em sete correntes, que qualquer Á. com calçados."
        }
      ]
    },
    {
      "palavra": "atravesse",
      "veja tambem": [
        "atravessar"
      ],
      "ocorrencias": 1,
      "fonte": "",
      "concordancias": [
        {
          "referencia": "Provérbios 7.23",
          "texto": "até que a flecha lhe À. o fígado, como a ave"
        }
      ]
    },
    {
      "palavra": "atravessei",
      "veja tambem": [
        "atravessar"
      ],
      "ocorrencias": 1,
      "fonte": "",
      "concordancias": [
        {
          "referencia": "2 Samuel 22.39",
          "texto": "E os consumi e os Á., de modo que nunca mais"
        }
      ]
    },
    {
      "palavra": "atravessei-os",
      "veja tambem": [
        "atravessar"
      ],
      "ocorrencias": 0,
      "fonte": "",
      "concordancias": []
    },
    {
      "palavra": "atravessem",
      "veja tambem": [
        "atravessar"
      ],
      "ocorrencias": 1,
      "fonte": "",
      "concordancias": [
        {
          "referencia": "1 Samuel 31.4",
          "texto": "venham estes incircuncisos, eme Á., e"
        }
      ]
    },
    {
      "palavra": "atravessou",
      "veja tambem": [],
      "ocorrencias": 4,
      "fonte": "",
      "concordancias": [
        {
          "referencia": "Números 25.8",
          "texto": "israelita até à tenda e os Å. a ambos, ao"
        },
        {
          "referencia": "Juízes 5.26",
          "texto": "a cabeça, quando lhe pregou e A, as fontes."
        },
        {
          "referencia": "Juízes 9.54",
          "texto": "mulher o matou. E seu moço o Á., e ele morreu."
        },
        {
          "referencia": "Juízes 11.29",
          "texto": "Senhor veio sobre Jefté, e A. ele por"
        }
      ]
    },
    {
      "palavra": "atreva",
      "veja tambem": [
        "atrever"
      ],
      "ocorrencias": 1,
      "fonte": "",
      "concordancias": [
        {
          "referencia": "Jó 41.10",
          "texto": "que a despertá-lo se A.; quem, pois, é"
        }
      ]
    },
    {
      "palavra": "atreverá",
      "veja tambem": [
        "atrever"
      ],
      "ocorrencias": 1,
      "fonte": "",
      "concordancias": [
        {
          "referencia": "Isaías 3.5",
          "texto": "o seu próximo; o menino se À. contra o"
        }
      ]
    },
    {
      "palavra": "atribuindo",
      "veja tambem": [],
      "ocorrencias": 1,
      "fonte": "",
      "concordancias": [
        {
          "referencia": "Habacuque 1.11",
          "texto": "pisarão, e se farão culpados, À. este poder"
        }
      ]
    },
    {
      "palavra": "atribuirei",
      "veja tambem": [],
      "ocorrencias": 1,
      "fonte": "",
      "concordancias": [
        {
          "referencia": "Jó 36.3",
          "texto": "a minha opinião; e ao meu Criador A. a justiça."
        }
      ]
    },
    {
      "palavra": "atribuiu",
      "veja tambem": [],
      "ocorrencias": 1,
      "fonte": "",
      "concordancias": [
        {
          "referencia": "Jó 1.22",
          "texto": "tudo isto Jó não pecou, nem A. a Deus falta alguma."
        }
      ]
    },
    {
      "palavra": "atribulada",
      "veja tambem": [
        "atri-"
      ],
      "ocorrencias": 1,
      "fonte": "",
      "concordancias": [
        {
          "referencia": "1 Samuel 1.15",
          "texto": "senhor meu, eu sou uma mulher A, de espírito;"
        }
      ]
    },
    {
      "palavra": "atribulado",
      "veja tambem": [],
      "ocorrencias": 1,
      "fonte": "",
      "concordancias": [
        {
          "referencia": "Isaías 21.3",
          "texto": "da que dá à luz; estou tão Á., que não"
        }
      ]
    },
    {
      "palavra": "atribulados",
      "veja tambem": [],
      "ocorrencias": 4,
      "fonte": "",
      "concordancias": [
        {
          "referencia": "2 Coríntios 1.6",
          "texto": "Mas, se somos Á., é para vossa consolação e"
        },
        {
          "referencia": "2 Coríntios 4.8",
          "texto": "Em tudo somos A., mas não angustiados;"
        },
        {
          "referencia": "2 Coríntios 7.5",
          "texto": "algum; antes, em tudo fomos A.: por fora"
        },
        {
          "referencia": "2 Tessalonicenses 1.7",
          "texto": "ea vós, que sois Á., descanso conosco,"
        }
      ]
    },
    {
      "palavra": "atribulam",
      "veja tambem": [
        "atri-"
      ],
      "ocorrencias": 1,
      "fonte": "",
      "concordancias": [
        {
          "referencia": "2 Tessalonicenses 1.6",
          "texto": "Deus que dê em paga tribulação aos que vos A.,"
        }
      ]
    },
    {
      "palavra": "atribulava",
      "veja tambem": [
        "atribular"
      ],
      "ocorrencias": 1,
      "fonte": "",
      "concordancias": [
        {
          "referencia": "Isaías 51.13",
          "texto": "destruir? Onde está o furor daquele que te A.?"
        }
      ]
    },
    {
      "palavra": "atrio",
      "veja tambem": [],
      "ocorrencias": 53,
      "fonte": "",
      "concordancias": [
        {
          "referencia": "1 Reis 8.64",
          "texto": "santificou o rei o meio do À. que estava diante"
        },
        {
          "referencia": "Jeremias 26.2",
          "texto": "diz o Senhor: Põe-te no Á. da Casa do Senhor e"
        },
        {
          "referencia": "Jeremias 36.10",
          "texto": "filho de Safã, o escriba, no À. superior, à"
        },
        {
          "referencia": "Jeremias 36.20",
          "texto": "E foram ter com o rei ao À.; mas depositaram o"
        },
        {
          "referencia": "Jeremias 37.21",
          "texto": "que pusessem Jeremias no À. da guarda; e"
        },
        {
          "referencia": "Jeremias 37.21",
          "texto": "da cidade. Assim, ficou Jeremias no À. da guarda."
        },
        {
          "referencia": "Jeremias 38.6",
          "texto": "filho do rei, que estava no À. da guarda; e"
        },
        {
          "referencia": "Jeremias 38.13",
          "texto": "do calabouço; e ficou Jeremias no A. da guarda."
        },
        {
          "referencia": "Jeremias 38.28",
          "texto": "E ficou Jeremias no À. da guarda até o dia em que"
        },
        {
          "referencia": "Jeremias 39.14",
          "texto": "retirar Jeremias do Á, da guarda e o"
        },
        {
          "referencia": "Jeremias 39.15",
          "texto": "ele ainda encerrado no Á. da guarda, dizendo:"
        },
        {
          "referencia": "Ezequiel 8.7",
          "texto": "E levou-me à porta do À,; então, olhei, e eis que"
        },
        {
          "referencia": "Ezequiel 8.16",
          "texto": "E levou-me para o À. interior da Casa do Senhor, e"
        },
        {
          "referencia": "Ezequiel 10.3",
          "texto": "aquele homem; e uma nuvem encheu o À. interior."
        },
        {
          "referencia": "Ezequiel 10.4",
          "texto": "a casa de uma nuvem, e o À. se encheu do"
        },
        {
          "referencia": "Ezequiel 10.5",
          "texto": "querubins se ouviu até ao À, exterior, como a voz"
        },
        {
          "referencia": "Ezequiel 40.14",
          "texto": "de sessenta côvados e o Á, até ao pilar em roda"
        },
        {
          "referencia": "Ezequiel 40.17",
          "texto": "E ele me levou ao À. exterior; e eis que havia"
        },
        {
          "referencia": "Ezequiel 40.17",
          "texto": "solhado que estava feito no À. em redor; trinta"
        },
        {
          "referencia": "Ezequiel 40.19",
          "texto": "a largura da dianteira do À. interior, por fora:"
        },
        {
          "referencia": "Ezequiel 40.20",
          "texto": "para o caminho do norte, no À. exterior, ele"
        },
        {
          "referencia": "Ezequiel 40.23",
          "texto": "É estava a porta do À. interior defronte da porta"
        },
        {
          "referencia": "Ezequiel 40.27",
          "texto": "Também havia uma porta no À. interior para o"
        },
        {
          "referencia": "Ezequiel 40.28",
          "texto": "Então, me levou ao À. interior pela porta do sul;"
        },
        {
          "referencia": "Ezequiel 40.31",
          "texto": "estavam na direção da À. exterior, e havia"
        },
        {
          "referencia": "Ezequiel 40.32",
          "texto": "Depois, me levou ao Á, interior, para o caminho do"
        },
        {
          "referencia": "Ezequiel 40.34",
          "texto": "seus vestíbulos estavam no Å, de fora; também"
        },
        {
          "referencia": "Ezequiel 40.37",
          "texto": "os seus pilares estavam no Á. exterior; também"
        },
        {
          "referencia": "Ezequiel 40.47",
          "texto": "E mediu o Á.: o comprimento, de cem côvados, e a"
        },
        {
          "referencia": "Ezequiel 41.15",
          "texto": "com o templo de dentro £ os vestíbulos do Á.."
        },
        {
          "referencia": "Ezequiel 42.1",
          "texto": "fez-me sair para fora, ao À. exterior, para a"
        },
        {
          "referencia": "Ezequiel 42.3",
          "texto": "vinte côvados, que tinha o À. interior, e em"
        },
        {
          "referencia": "Ezequiel 42.3",
          "texto": "do pavimento que tinha o Á, exterior, havia"
        },
        {
          "referencia": "Ezequiel 42.7",
          "texto": "das câmaras, no caminho do À, exterior, diante"
        },
        {
          "referencia": "Ezequiel 42.8",
          "texto": "das câmaras, que estavam no À. exterior, era de"
        },
        {
          "referencia": "Ezequiel 42.9",
          "texto": "do oriente, quando se entra nelas pelo À. exterior."
        },
        {
          "referencia": "Ezequiel 42.10",
          "texto": "Na largura do muro do À. para o caminho do"
        },
        {
          "referencia": "Ezequiel 42.14",
          "texto": "sairão do santuário para o À. exterior, mas porão"
        },
        {
          "referencia": "Ezequiel 43.5",
          "texto": "o Espírito e me levou ao Á. interior; e eis que"
        },
        {
          "referencia": "Ezequiel 44.17",
          "texto": "entrarem pelas portas do À. interior, se"
        },
        {
          "referencia": "Ezequiel 44.17",
          "texto": "quando servirem nas portas do À. interior, dentro"
        },
        {
          "referencia": "Ezequiel 44.19",
          "texto": "E, saindo eles ao À, exterior, ao povo, no À."
        },
        {
          "referencia": "Ezequiel 44.19",
          "texto": "À, exterior, ao povo, no À, exterior, E"
        },
        {
          "referencia": "Ezequiel 44.21",
          "texto": "sacerdote beberá vinho quando entrar no Á. interior."
        },
        {
          "referencia": "Ezequiel 44.27",
          "texto": "entrar no lugar santo, no À. interior, para"
        },
        {
          "referencia": "Ezequiel 45.19",
          "texto": "do altar, e nas ombreiras da porta do À. interior."
        },
        {
          "referencia": "Ezequiel 46.1",
          "texto": "o Senhor Jeová: A porta do À. interior, que olha"
        },
        {
          "referencia": "Ezequiel 46.20",
          "texto": "para que a não tragam ao Á, exterior para"
        },
        {
          "referencia": "Ezequiel 46.21",
          "texto": "me levou para fora, para o À. exterior, e me fez,"
        },
        {
          "referencia": "Ezequiel 46.21",
          "texto": "e eis que em cada sa A. havia outro Á.."
        },
        {
          "referencia": "Ezequiel 46.22",
          "texto": "Nas quatro esquinas do Á., havia átrios fechados,"
        },
        {
          "referencia": "Marcos 14.66",
          "texto": "E, estando Pedro embaixo, no Á., chegou uma das"
        },
        {
          "referencia": "Apocalipse 11.2",
          "texto": "E deixa o À. que está fora do templo e não o"
        }
      ]
    },
    {
      "palavra": "átrios",
      "veja tambem": [
        "átrio"
      ],
      "ocorrencias": 16,
      "fonte": "",
      "concordancias": [
        {
          "referencia": "2 Reis 21.5",
          "texto": "exército dos céus em ambos os À, da Casa do Senhor."
        },
        {
          "referencia": "2 Reis 23.12",
          "texto": "que fizera Manassés nos dois Á., da Casa do"
        },
        {
          "referencia": "1 Crônicas 23.28",
          "texto": "da Casa do Senhor nos Á., e nas câmaras, e"
        },
        {
          "referencia": "1 Crônicas 28.6",
          "texto": "a minha casa e os meus Á., porque o escolhi"
        },
        {
          "referencia": "1 Crônicas 28.12",
          "texto": "no seu ânimo, a saber: dos À da Casa do"
        },
        {
          "referencia": "Neemias 8.16",
          "texto": "e nos seus pátios, e nos À. da Casa de"
        },
        {
          "referencia": "S165.4",
          "texto": "ti, para que habite em teus À.; nós seremos"
        },
        {
          "referencia": "S192.13",
          "texto": "na Casa do Senhor florescerão nos À. do nosso Deus"
        },
        {
          "referencia": "S196.8",
          "texto": "ao seu nome; trazei oferendas £ entrai nos seus Á.."
        },
        {
          "referencia": "S1116.19",
          "texto": "nos Á. da Casa do Senhor, no meio de ti, ó"
        },
        {
          "referencia": "Isaías 1.12",
          "texto": "isso de vossas mãos, que viésseis pisar os meus À.?"
        },
        {
          "referencia": "Isaías 62.9",
          "texto": "os que o colherem heberão nos A do meu santuário."
        },
        {
          "referencia": "Ezequiel 9.7",
          "texto": "a casa, e enchei os À. de mortos, e saí."
        },
        {
          "referencia": "Ezequiel 42.6",
          "texto": "como as colunas dos Á.; por isso, desde o"
        },
        {
          "referencia": "Ezequiel 46.22",
          "texto": "esquinas do átrio, havia À. fechados, com"
        },
        {
          "referencia": "Zacarias 37",
          "texto": "e também guardarás os meus Á., e te darei lugar"
        }
      ]
    },
    {
      "palavra": "atropela",
      "veja tambem": [
        "atropelar"
      ],
      "ocorrencias": 1,
      "fonte": "",
      "concordancias": [
        {
          "referencia": "Jó 40.12",
          "texto": "todo soberbo, e humilha-o, e Á. os ímpios no"
        }
      ]
    }
  ]
}