{
  "a": [
    {
      "palavra": "ailude",
      "veja tambem": [],
      "ocorrencias": 5,
      "fonte": "",
      "concordancias": [
        {
          "referencia": "2 Samuel 8.16",
          "texto": "o exército; e Josafá, filho de Á., era cronista."
        },
        {
          "referencia": "2 Samuel 20.24",
          "texto": "tributos; e Josafá, filho de Á., era o chanceler;"
        },
        {
          "referencia": "IRs 43",
          "texto": "Sisa, secretários; Josafá, filho de A., chanceler;"
        },
        {
          "referencia": "1 Reis 4.12",
          "texto": "Baaná, filho de A., tinha a Taanaque, e a Megido,"
        },
        {
          "referencia": "1 Crônicas 18.15",
          "texto": "do exército; e Josafá, filho de Á., era chanceler."
        }
      ]
    },
    {
      "palavra": "aim",
      "veja tambem": [],
      "ocorrencias": 4,
      "fonte": "",
      "concordancias": [
        {
          "referencia": "Números 34.11",
          "texto": "para a banda do oriente de 4.; depois, descerá este"
        },
        {
          "referencia": "Josué 15.32",
          "texto": "e Lebaote, e Silim, e Á., e Rimom: todas as cidades"
        },
        {
          "referencia": "Josué 21.16",
          "texto": "e À, e os seus arrabaldes, e Jutá e os seus"
        },
        {
          "referencia": "1 Crônicas 4.32",
          "texto": "as suas aldeias: Etã, e Á., e Rimom, e Toquém,"
        }
      ]
    },
    {
      "palavra": "aimaás",
      "veja tambem": [],
      "ocorrencias": 16,
      "fonte": "",
      "concordancias": [
        {
          "referencia": "1 Samuel 14.50",
          "texto": "de Saul, Ainoã, filha de A.; eo nome do"
        },
        {
          "referencia": "2 Samuel 15.27",
          "texto": "convosco também vossos dois filhos, A., teu"
        },
        {
          "referencia": "2 Samuel 15.36",
          "texto": "com eles seus dois filhos, A., filho de Zadoque,"
        },
        {
          "referencia": "2 Samuel 17.17",
          "texto": "Estavam, pois, Jônatas e Á. junto à fonte de"
        },
        {
          "referencia": "2 Samuel 17.20",
          "texto": "casa, disseram: Onde estão A. e Jônatas? E a"
        },
        {
          "referencia": "2 Samuel 18.19",
          "texto": "Então, disse A., filho de Zadoque: Deixa-me"
        },
        {
          "referencia": "2 Samuel 18.22",
          "texto": "E prosseguiu A., filho de Zadoque, e disse a"
        },
        {
          "referencia": "2 Samuel 18.23",
          "texto": "Seja o que for, disse Á., correrei. E Joabe lhe"
        },
        {
          "referencia": "2 Samuel 18.23",
          "texto": "E Joabe lhe disse: Corre. E A. correu pelo"
        },
        {
          "referencia": "2 Samuel 18.27",
          "texto": "que parece ser o correr de A., filho de"
        },
        {
          "referencia": "2 Samuel 18.28",
          "texto": "Gritou, pois, A. e disse ao rei: Paz. E"
        },
        {
          "referencia": "2 Samuel 18.29",
          "texto": "o jovem, com Absalão? E disse A.: Vi um grande"
        },
        {
          "referencia": "1 Reis 4.15",
          "texto": "A., em Naftali; também este tomou a Basemate,"
        },
        {
          "referencia": "1 Crônicas 6.8",
          "texto": "e Aitube gerou a Zadoque, e Zadoque gerou a A.;"
        },
        {
          "referencia": "1 Crônicas 6.9",
          "texto": "e À, gerou a Azarias, e Azarias gerou a Joanã;"
        },
        {
          "referencia": "1 Crônicas 6.53",
          "texto": "seu filho Zadoque, seu filho A.."
        }
      ]
    },
    {
      "palavra": "aimeleque",
      "veja tambem": [],
      "ocorrencias": 16,
      "fonte": "",
      "concordancias": [
        {
          "referencia": "1 Samuel 21.1",
          "texto": "Davi a Nobe, ao sacerdote À.; e A.,"
        },
        {
          "referencia": "1 Samuel 21.1",
          "texto": "ao sacerdote Á.; e Á., tremendo,"
        },
        {
          "referencia": "1 Samuel 21.2",
          "texto": "E disse Davi ao sacerdote Á.: O rei me"
        },
        {
          "referencia": "1 Samuel 21.8",
          "texto": "E disse Davi a Á.: Não tens aqui à mão lança"
        },
        {
          "referencia": "1 Samuel 22.9",
          "texto": "filho de Jessé vi vir a Nobe, a A., filho de Aitube,"
        },
        {
          "referencia": "1 Samuel 22.11",
          "texto": "o rei mandou chamar a Á., sacerdote,"
        },
        {
          "referencia": "1 Samuel 22.14",
          "texto": "E respondeu Á. ao rei e disse: E quem, entre"
        },
        {
          "referencia": "1 Samuel 22.16",
          "texto": "Porém o rei disse: Á., morrerás certamente, tu"
        },
        {
          "referencia": "1 Samuel 22.20",
          "texto": "escapou um dos filhos de A., filho de"
        },
        {
          "referencia": "1 Samuel 23.6",
          "texto": "quando Abiatar, filho de A., fugiu para"
        },
        {
          "referencia": "iSm 26.6",
          "texto": "E respondeu Davi e falou a Á., o heteu, ea"
        },
        {
          "referencia": "1 Samuel 30.7",
          "texto": "o sacerdote, filho de A.: Traze-me,"
        },
        {
          "referencia": "2 Samuel 8.17",
          "texto": "Zadoque, filho de Aitube, e A., filho de"
        },
        {
          "referencia": "1 Crônicas 24.3",
          "texto": "dos filhos de Eleazar, e a A., dos filhos"
        },
        {
          "referencia": "1 Crônicas 246",
          "texto": "e Zadoque, o sacerdote, e Á., filho de"
        },
        {
          "referencia": "1 Crônicas 24.31",
          "texto": "o rei Davi, e Zadoque, e Á., e os chefes"
        }
      ]
    },
    {
      "palavra": "aimote",
      "veja tambem": [],
      "ocorrencias": 1,
      "fonte": "",
      "concordancias": [
        {
          "referencia": "1 Crônicas 6.25",
          "texto": "E os filhos de Elcana: Amasai e A.."
        }
      ]
    },
    {
      "palavra": "ainadabe",
      "veja tambem": [],
      "ocorrencias": 1,
      "fonte": "",
      "concordancias": [
        {
          "referencia": "1 Reis 4.14",
          "texto": "A., filho de Ido, em Maanaim;"
        }
      ]
    }
  ]
}