{
  "a": [
    {
      "palavra": "atropelado",
      "veja tambem": ["atropelar", "pisoteado", "esmagado"],
      "ocorrencias": 1,
      "fonte": "Dicionário Bíblico Strong, variantes contextuais.",
      "concordancias": [
        {
          "referencia": "Jeremias 50.2",
          "texto": "a Babilônia, confundido está Bel, A. está"
        }
      ]
    },
    {
      "palavra": "atropelam",
      "veja tambem": [
        "atropelar"
      ],
      "ocorrencias": 1,
      "fonte": "",
      "concordancias": [
        {
          "referencia": "Naum 3.2",
          "texto": "das rodas; e os cavalos Á., e carros vão saltando."
        }
      ]
    },
    {
      "palavra": "atropelavam",
      "veja tambem": [
        "atropelar"
      ],
      "ocorrencias": 1,
      "fonte": "",
      "concordancias": [
        {
          "referencia": "Lucas 12.1",
          "texto": "de pessoas, de sorte que se A. uns aos"
        }
      ]
    },
    {
      "palavra": "atropeles",
      "veja tambem": [
        "atropelar"
      ],
      "ocorrencias": 1,
      "fonte": "",
      "concordancias": [
        {
          "referencia": "Provérbios 22.22",
          "texto": "pobre, porque é pobre, nem A., na porta, o aflito."
        }
      ]
    },
    {
      "palavra": "atropelou",
      "veja tambem": [],
      "ocorrencias": 4,
      "fonte": "",
      "concordancias": [
        {
          "referencia": "2 Reis 7.17",
          "texto": "se encostava; e o povo o À, na porta, e ele"
        },
        {
          "referencia": "2 Reis 7.20",
          "texto": "sucedeu, porque o povo o À. à porta, e ele morreu."
        },
        {
          "referencia": "2 Reis 9.33",
          "texto": "o seu sangue a parede e os cavalos, e Jeú a A.."
        },
        {
          "referencia": "Lamentações 1.15",
          "texto": "O Senhor À, todos os meus valentes no meio de"
        }
      ]
    },
    {
      "palavra": "atroz",
      "veja tambem": [],
      "ocorrencias": 1,
      "fonte": "",
      "concordancias": [
        {
          "referencia": "1 Reis 2.8",
          "texto": "que me maldisse com maldição Á., no dia em que"
        }
      ]
    },
    {
      "palavra": "auditório",
      "veja tambem": [],
      "ocorrencias": 1,
      "fonte": "",
      "concordancias": [
        {
          "referencia": "Atos 25.23",
          "texto": "muito aparato, entraram no Á, com os"
        }
      ]
    },
    {
      "palavra": "augusta",
      "veja tambem": [
        "augusto"
      ],
      "ocorrencias": 1,
      "fonte": "",
      "concordancias": [
        {
          "referencia": "Atos 27.1",
          "texto": "a um centurião por nome Júlio, da Coorte Á.."
        }
      ]
    },
    {
      "palavra": "augusto",
      "veja tambem": [],
      "ocorrencias": 3,
      "fonte": "",
      "concordancias": [
        {
          "referencia": "Lucas 2.1",
          "texto": "um decreto da parte de César A., para que todo o"
        },
        {
          "referencia": "Atos 25.21",
          "texto": "ao conhecimento de A., mandei que o"
        },
        {
          "referencia": "Atos 25.25",
          "texto": "ele mesmo também para Á., tenho"
        }
      ]
    },
    {
      "palavra": "aumal",
      "veja tambem": [],
      "ocorrencias": 1,
      "fonte": "",
      "concordancias": [
        {
          "referencia": "1 Crônicas 4.2",
          "texto": "a Jaate; e Jaate gerou a À. e a Laade; estas"
        }
      ]
    },
    {
      "palavra": "aumenta",
      "veja tambem": [
        "aumentar"
      ],
      "ocorrencias": 5,
      "fonte": "",
      "concordancias": [
        {
          "referencia": "Provérbios 10.27",
          "texto": "O temor do Senhor À. os dias, mas os anos dos"
        },
        {
          "referencia": "Provérbios 28.8",
          "texto": "O que À. a sua fazenda com usura e onzena"
        },
        {
          "referencia": "Eclesiastes 1.18",
          "texto": "há muito enfado; e o que A. em ciência"
        },
        {
          "referencia": "Eclesiastes 1.18",
          "texto": "enfado; e o que À. em ciência A, em trabalho."
        },
        {
          "referencia": "2 Tessalonicenses 1.3",
          "texto": "e o amor de cada um de vós Á. de uns para"
        }
      ]
    },
    {
      "palavra": "aumentada",
      "veja tambem": [
        "aumentar"
      ],
      "ocorrencias": 1,
      "fonte": "",
      "concordancias": [
        {
          "referencia": "Daniel 4.36",
          "texto": "no meu reino, e a minha glória foi A.."
        }
      ]
    },
    {
      "palavra": "aumentado",
      "veja tambem": [],
      "ocorrencias": 3,
      "fonte": "",
      "concordancias": [
        {
          "referencia": "Gênesis 30.30",
          "texto": "que tinhas antes de mim é Á, até uma"
        },
        {
          "referencia": "Deuteronômio 8.13",
          "texto": "e se tiverem A. as tuas vacas e as tuas"
        },
        {
          "referencia": "Jó 1.10",
          "texto": "mãos abençoaste, e o seu gado está A. na terra."
        }
      ]
    },
    {
      "palavra": "aumentam",
      "veja tambem": [],
      "ocorrencias": 2,
      "fonte": "",
      "concordancias": [
        {
          "referencia": "Salmos 62.10",
          "texto": "se as vossas riquezas Á., não ponhais"
        },
        {
          "referencia": "Eclesiastes 6.11",
          "texto": "que há muitas coisas que A. a vaidade, que"
        }
      ]
    },
    {
      "palavra": "abriu-lhe",
      "veja tambem": [
        "abrir"
      ],
      "ocorrencias": 1,
      "fonte": "",
      "concordancias": [
        {
          "referencia": "Gênesis 21.19",
          "texto": "F 4, Deus os olhos; e viu um poço de água, e"
        }
      ]
    },
    {
      "palavra": "abriu-lhes",
      "veja tambem": [
        "abrir"
      ],
      "ocorrencias": 1,
      "fonte": "",
      "concordancias": [
        {
          "referencia": "Lucas 24.45",
          "texto": "Então, Á. o entendimento para compreenderem"
        }
      ]
    },
    {
      "palavra": "abriu-se",
      "veja tambem": [
        "abrir"
      ],
      "ocorrencias": 3,
      "fonte": "",
      "concordancias": [
        {
          "referencia": "SI 106.17",
          "texto": "A, a terra, e engoliu a Dată, e cobriu a gente"
        },
        {
          "referencia": "Ezequiel 33.22",
          "texto": "que veio a mim pela manhã; e A. a minha"
        },
        {
          "referencia": "Apocalipse 20.12",
          "texto": "e abriram-se os livros. E 4. outro livro,"
        }
      ]
    },
    {
      "palavra": "abro",
      "veja tambem": [
        "abrir"
      ],
      "ocorrencias": 0,
      "fonte": "",
      "concordancias": []
    },
    {
      "palavra": "abrolhos",
      "veja tambem": [],
      "ocorrencias": 5,
      "fonte": "",
      "concordancias": [
        {
          "referencia": "Juízes 8.7",
          "texto": "carne com os espinhos do deserto e com os A.."
        },
        {
          "referencia": "Juízes 8.16",
          "texto": "e espinhos do deserto, e A. e com eles"
        },
        {
          "referencia": "Mateus 7.16",
          "texto": "colhem-se uvas dos espinheiros ou figos dos A.?"
        },
        {
          "referencia": "Lucas 6.44",
          "texto": "dos espinheiros, nem se vindimam uvas dos A.."
        },
        {
          "referencia": "Hebreus 6.8",
          "texto": "a que produz espinhos e Á. é reprovada e"
        }
      ]
    },
    {
      "palavra": "abrona",
      "veja tambem": [],
      "ocorrencias": 2,
      "fonte": "",
      "concordancias": [
        {
          "referencia": "Números 33.34",
          "texto": "E partiram de Jotbatá e acamparam-se em Á.."
        },
        {
          "referencia": "Números 33.35",
          "texto": "E partiram de 4. e acamparam-se em Eziom-Geber."
        }
      ]
    },
    {
      "palavra": "aumentando",
      "veja tambem": [
        "aumentar"
      ],
      "ocorrencias": 4,
      "fonte": "",
      "concordancias": [
        {
          "referencia": "2 Samuel 5.10",
          "texto": "E Davi se ia cada vez mais À, e crescendo,"
        },
        {
          "referencia": "1 Crônicas 11.9",
          "texto": "E ia Davi cada vez mais À. e crescendo,"
        },
        {
          "referencia": "Daniel 11.12",
          "texto": "E, À, a multidão, o seu coração se exaltará;"
        },
        {
          "referencia": "Amós 8.5",
          "texto": "de trigo, diminuindo o efa, e À. o siclo,"
        }
      ]
    },
    {
      "palavra": "aumentará",
      "veja tambem": [
        "aumentar"
      ],
      "ocorrencias": 4,
      "fonte": "",
      "concordancias": [
        {
          "referencia": "Êxodo 30.15",
          "texto": "O rico não Á., e o pobre não diminuirá da"
        },
        {
          "referencia": "S1115.14",
          "texto": "O Senhor vos Á. cada vez mais, a vós e a"
        },
        {
          "referencia": "Provérbios 16.21",
          "texto": "prudente, e a doçura dos lábios Á. o ensino."
        },
        {
          "referencia": "2 Coríntios 9.10",
          "texto": "a vossa sementeira e Á. os frutos da"
        }
      ]
    },
    {
      "palavra": "aumentaram",
      "veja tambem": [
        "aumentar"
      ],
      "ocorrencias": 1,
      "fonte": "",
      "concordancias": [
        {
          "referencia": "Êxodo 1.7",
          "texto": "de Israel frutificaram, e Á. muito, e"
        }
      ]
    },
    {
      "palavra": "aumentarás",
      "veja tambem": [],
      "ocorrencias": 1,
      "fonte": "",
      "concordancias": [
        {
          "referencia": "Iv 25.16",
          "texto": "a multidão dos anos, Á. o seu preço;"
        }
      ]
    },
    {
      "palavra": "aumentarei",
      "veja tambem": [],
      "ocorrencias": 3,
      "fonte": "",
      "concordancias": [
        {
          "referencia": "1 Reis 12.11",
          "texto": "de um jugo pesado, ainda eu 4. o vosso jugo;"
        },
        {
          "referencia": "1 Reis 12.14",
          "texto": "o vosso jugo, porém eu ainda À. o vosso"
        },
        {
          "referencia": "Ezequiel 5.16",
          "texto": "para vos destruir, então, Á. a fome sobre"
        }
      ]
    },
    {
      "palavra": "aumentarem",
      "veja tambem": [
        "aumentar"
      ],
      "ocorrencias": 1,
      "fonte": "",
      "concordancias": [
        {
          "referencia": "2 Pedro 1.8",
          "texto": "Porque, se em vós houver e A. estas coisas,"
        }
      ]
    },
    {
      "palavra": "aumentas",
      "veja tambem": [
        "aumentar"
      ],
      "ocorrencias": 0,
      "fonte": "",
      "concordancias": []
    },
    {
      "palavra": "aumentaste",
      "veja tambem": [
        "aumentar"
      ],
      "ocorrencias": 4,
      "fonte": "",
      "concordancias": [
        {
          "referencia": "Isaías 9.3",
          "texto": "este povo e a alegria lhe A.; todos se"
        },
        {
          "referencia": "Isaías 26.15",
          "texto": "Tu, Senhor, À. esta gente, tu A. esta"
        },
        {
          "referencia": "Isaías 26.15",
          "texto": "A, esta gente, tu À, esta gente,"
        },
        {
          "referencia": "Ezequiel 28.5",
          "texto": "sabedoria no teu comércio, 4. o teu poder; e"
        }
      ]
    },
    {
      "palavra": "aumentava",
      "veja tambem": [
        "aumentar"
      ],
      "ocorrencias": 1,
      "fonte": "",
      "concordancias": [
        {
          "referencia": "2 Samuel 15.12",
          "texto": "fortificava, e vinha o povo e se À. com Absalão."
        }
      ]
    },
    {
      "palavra": "aumentavam",
      "veja tambem": [
        "aumentar"
      ],
      "ocorrencias": 1,
      "fonte": "",
      "concordancias": [
        {
          "referencia": "2 Crônicas 36.14",
          "texto": "dos sacerdotes e o povo À. de mais em mais"
        }
      ]
    },
    {
      "palavra": "aumente",
      "veja tambem": [
        "aumentar"
      ],
      "ocorrencias": 5,
      "fonte": "",
      "concordancias": [
        {
          "referencia": "Deuteronômio 111",
          "texto": "Deus de vossos pais, vos Á., como sois,"
        },
        {
          "referencia": "Filipenses 1.9",
          "texto": "peço isto: que o vosso amor À. mais e mais em"
        },
        {
          "referencia": "Filipenses 1.26",
          "texto": "para que a vossa glória Á. por mim em Cristo"
        },
        {
          "referencia": "Filipenses 4.17",
          "texto": "dádivas, mas procuro o fruto que À. a vossa conta."
        },
        {
          "referencia": "1 Tessalonicenses 3.12",
          "texto": "E o Senhor vos À. e faça crescer em amor uns"
        }
      ]
    },
    {
      "palavra": "aumentei",
      "veja tambem": [
        "aumentar"
      ],
      "ocorrencias": 1,
      "fonte": "",
      "concordancias": [
        {
          "referencia": "Eclesiastes 2.9",
          "texto": "E engrandeci-me e A. mais do que todos os que"
        }
      ]
    },
    {
      "palavra": "aumento",
      "veja tambem": [
        "aumentar"
      ],
      "ocorrencias": 3,
      "fonte": "",
      "concordancias": [
        {
          "referencia": "Provérbios 3.16",
          "texto": "A. de dias há na sua mão direita; na sua"
        },
        {
          "referencia": "Provérbios 13.11",
          "texto": "mas quem a ajunta pelo trabalho terá A.."
        },
        {
          "referencia": "Efésios 4.16",
          "texto": "operação de cada parte, faz o À. do corpo, para"
        }
      ]
    },
    {
      "palavra": "auréolas",
      "veja tambem": [],
      "ocorrencias": 2,
      "fonte": "",
      "concordancias": [
        {
          "referencia": "Ezequiel 17.7",
          "texto": "ela os seus ramos, desde as À. do seu"
        },
        {
          "referencia": "Ezequiel 17.10",
          "texto": "de todo não se secará? Desde as À, do seu"
        }
      ]
    },
    {
      "palavra": "aurora",
      "veja tambem": [],
      "ocorrencias": 1,
      "fonte": "",
      "concordancias": [
        {
          "referencia": "Provérbios 4.18",
          "texto": "dos justos é como a luz da Á., que vai brilhando"
        }
      ]
    },
    {
      "palavra": "ausate",
      "veja tambem": [],
      "ocorrencias": 1,
      "fonte": "",
      "concordancias": [
        {
          "referencia": "Gênesis 26.26",
          "texto": "veio a ele de Gerar, com A., seu amigo, e"
        }
      ]
    },
    {
      "palavra": "ausenta-te",
      "veja tambem": [
        "ausentar"
      ],
      "ocorrencias": 1,
      "fonte": "",
      "concordancias": [
        {
          "referencia": "Lucas 5.8",
          "texto": "pés de Jesus, dizendo: Senhor, A, de mim,"
        }
      ]
    },
    {
      "palavra": "ausentando-se",
      "veja tambem": [],
      "ocorrencias": 1,
      "fonte": "",
      "concordancias": [
        {
          "referencia": "Lucas 2.15",
          "texto": "E aconteceu que, Á. deles os anjos para o"
        }
      ]
    },
    {
      "palavra": "ausentando-te",
      "veja tambem": [
        "ausentar"
      ],
      "ocorrencias": 1,
      "fonte": "",
      "concordancias": [
        {
          "referencia": "1 Samuel 20.19",
          "texto": "E, Á. tu três dias, desce apressadamente e"
        }
      ]
    },
    {
      "palavra": "ausentar",
      "veja tambem": [],
      "ocorrencias": 2,
      "fonte": "",
      "concordancias": [
        {
          "referencia": "Top 406",
          "texto": "posição; Palavras Relacionadas: (ausentando-se-1; au-"
        },
        {
          "referencia": "Jeremias 3.1",
          "texto": "sua mulher, e ela se A. dele e se"
        }
      ]
    },
    {
      "palavra": "ausentasse",
      "veja tambem": [
        "ausentar"
      ],
      "ocorrencias": 1,
      "fonte": "",
      "concordancias": [
        {
          "referencia": "Lucas 4.42",
          "texto": "dele; e o detinham, para que não se À. deles."
        }
      ]
    },
    {
      "palavra": "ausentassem",
      "veja tambem": [
        "au-"
      ],
      "ocorrencias": 1,
      "fonte": "",
      "concordancias": [
        {
          "referencia": "Atos 1.4",
          "texto": "determinou-lhes que não se À, de"
        }
      ]
    },
    {
      "palavra": "ausente",
      "veja tambem": [
        "ausentar"
      ],
      "ocorrencias": 6,
      "fonte": "",
      "concordancias": [
        {
          "referencia": "1 Coríntios 5.3",
          "texto": "Eu, na verdade, ainda que Á. no corpo, mas"
        },
        {
          "referencia": "2 Coríntios 10.1",
          "texto": "entre vós, sou humilde, mas Æ., ousado"
        },
        {
          "referencia": "2 Coríntios 13.2",
          "texto": "presente; mas agora, estando Á., o digo aos que"
        },
        {
          "referencia": "2 Coríntios 13.10",
          "texto": "essas coisas estando Á., para que,"
        },
        {
          "referencia": "Filipenses 1.27",
          "texto": "vá e vos veja, quer esteja Á., ouça acerca de"
        },
        {
          "referencia": "C12.5",
          "texto": "Porque, ainda que esteja À, quanto ao corpo,"
        }
      ]
    },
    {
      "palavra": "ausentes",
      "veja tambem": [],
      "ocorrencias": 3,
      "fonte": "",
      "concordancias": [
        {
          "referencia": "2 Coríntios 5.6",
          "texto": "enquanto estamos no corpo, vivemos À. do Senhor"
        },
        {
          "referencia": "2 Coríntios 5.9",
          "texto": "ser-lhe agradáveis, quer presentes, quer Á.."
        },
        {
          "referencia": "2 Coríntios 10.11",
          "texto": "palavra por cartas, estando Á., tais seremos"
        }
      ]
    },
    {
      "palavra": "ausentou-se",
      "veja tambem": [
        "au-"
      ],
      "ocorrencias": 5,
      "fonte": "",
      "concordancias": [
        {
          "referencia": "Gênesis 44.28",
          "texto": "um À. de mim, e eu disse: Certamente foi"
        },
        {
          "referencia": "Mateus 21.33",
          "texto": "e arrendou-a a uns lavradores, e À. para longe."
        },
        {
          "referencia": "Mateus 25.15",
          "texto": "um segundo a sua capacidade, e A. logo"
        },
        {
          "referencia": "Lucas 1.38",
          "texto": "mim segundo a tua palavra. E o anjo À. dela."
        },
        {
          "referencia": "Lucas 413",
          "texto": "o diabo toda a tentação, A. dele por"
        }
      ]
    },
    {
      "palavra": "auto",
      "veja tambem": [],
      "ocorrencias": 5,
      "fonte": "",
      "concordancias": [
        {
          "referencia": "Jeremias 32.10",
          "texto": "Subscrevi o À. e selei-o; ele foi confirmado por"
        },
        {
          "referencia": "Jeremias 32.11",
          "texto": "E tomei o À. da compra, tanto o que estava selado,"
        },
        {
          "referencia": "Jeremias 32.12",
          "texto": "E dei o A. da compra a Baruque, filho de Nerias,"
        },
        {
          "referencia": "Jeremias 32.14",
          "texto": "Toma estes autos, este A. de compra, tanto o"
        },
        {
          "referencia": "Jeremias 32.16",
          "texto": "E, depois que dei o A. da compra a Barugue, filho"
        }
      ]
    },
    {
      "palavra": "autor",
      "veja tambem": [],
      "ocorrencias": 1,
      "fonte": "",
      "concordancias": [
        {
          "referencia": "Hebreus 12.2",
          "texto": "olhando para Jesus, À. e consumador da fé, o qual,"
        }
      ]
    }
  ]
}