{
  "a": [
    {
      "palavra": "autoridade",
      "veja tambem": ["poder", "domínio", "governo"],
      "ocorrencias": 30,
      "fonte": "Strong's G1849 (ἐξουσία/exousia)",
      "concordancias": [
        {
          "referencia": "Mateus 7.29",
          "texto": "porquanto os ensinava com À. e não como os escribas."
        },
        {
          "referencia": "Mateus 8.9",
          "texto": "também eu sou homem sob 4. e tenho"
        },
        {
          "referencia": "Mateus 9.6",
          "texto": "Filho do Homem tem na terra À. para perdoar"
        },
        {
          "referencia": "Mateus 20.25",
          "texto": "e que os grandes exercem Á. sobre eles."
        },
        {
          "referencia": "Mateus 21.23",
          "texto": "do povo, dizendo: Com que A. fazes"
        },
        {
          "referencia": "Mateus 21.23",
          "texto": "À, fazes isso? E quem te deu tal A.?"
        },
        {
          "referencia": "Mateus 21.24",
          "texto": "também eu vos direi com que Á. faço isso."
        },
        {
          "referencia": "Mateus 21.27",
          "texto": "Nem eu vos digo com que À. faço isso."
        },
        {
          "referencia": "Marcos 1.22",
          "texto": "os ensinava como tendo Á. e não como os escribas."
        },
        {
          "referencia": "Marcos 1.27",
          "texto": "nova doutrina é esta? Pois com A. ordena aos"
        },
        {
          "referencia": "Marcos 10.42",
          "texto": "e os seus grandes usam de Å., sobre elas;"
        },
        {
          "referencia": "Marcos 11.28",
          "texto": "e lhe disseram: Com que Á. fazes tu estas"
        },
        {
          "referencia": "Marcos 11.28",
          "texto": "coisas? Ou quem te deu tal A. para fazer"
        },
        {
          "referencia": "Marcos 11.29",
          "texto": "e, então, vos direi com que À. faço"
        },
        {
          "referencia": "Marcos 11.33",
          "texto": "Também eu vos não direi com que Á. faço estas coi-"
        },
        {
          "referencia": "Marcos 13.34",
          "texto": "deixasse a sua casa, e desse À, aos seus"
        },
        {
          "referencia": "Lucas 4.32",
          "texto": "sua doutrina, porque a sua palavra era com A.."
        },
        {
          "referencia": "Lucas 4.36",
          "texto": "espíritos imundos manda com 4. e poder, e"
        },
        {
          "referencia": "Lucas 7.8",
          "texto": "eu sou homem sujeito à AÁ., etenho"
        },
        {
          "referencia": "Lucas 20.2",
          "texto": "dizendo: Dize-nos: com que A. fazes essas"
        },
        {
          "referencia": "Lucas 20.2",
          "texto": "essas coisas? Ou quem é que te deu esta A.?"
        },
        {
          "referencia": "Lucas 20.8",
          "texto": "disse: Tampouco vos direi com que À. faço isto."
        },
        {
          "referencia": "Lucas 22.25",
          "texto": "sobre eles, e os que têm A. sobre eles"
        },
        {
          "referencia": "Romanos 13.1",
          "texto": "superiores; porque não há 4. que não venha"
        },
        {
          "referencia": "Romanos 13.2",
          "texto": "Por isso, quem resiste à A. resiste à"
        },
        {
          "referencia": "Romanos 13.3",
          "texto": "Queres tu, pois, não temer a Á.? Faze o bem"
        },
        {
          "referencia": "2 Tessalonicenses 3.9",
          "texto": "não porque não tivéssemos Á., mas para vos"
        },
        {
          "referencia": "1 Timóteo 2.12",
          "texto": "a mulher ensine, nem use de 4. sobre o"
        },
        {
          "referencia": "Tito 2.15",
          "texto": "e repreende com toda a Á.. Ninguém te despreze."
        },
        {
          "referencia": "Apocalipse 17.13",
          "texto": "intento e entregarão o seu poder e A. à besta."
        }
      ]
    },
    {
      "palavra": "autoridades",
      "veja tambem": [
        "autoridade"
      ],
      "ocorrencias": 5,
      "fonte": "",
      "concordancias": [
        {
          "referencia": "Romanos 13.1",
          "texto": "alma esteja sujeita às Á. superiores;"
        },
        {
          "referencia": "Romanos 13.1",
          "texto": "que não venha de Deus; e as Á. que há foram"
        },
        {
          "referencia": "1 Pedro 3.22",
          "texto": "sujeitado os anjos, eas Á., e as potências."
        },
        {
          "referencia": "2 Pedro 2.10",
          "texto": "obstinados, não receiam blasfemar das A.;"
        },
        {
          "referencia": "Judas 1.8",
          "texto": "e rejeitam a dominação, e vituperam as Á.."
        }
      ]
    },
    {
      "palavra": "autos",
      "veja tambem": [],
      "ocorrencias": 1,
      "fonte": "",
      "concordancias": [
        {
          "referencia": "Jeremias 32.14",
          "texto": "o Deus de Israel: Toma estes A., este auto de"
        }
      ]
    },
    {
      "palavra": "auxilia",
      "veja tambem": [
        "auxiliar"
      ],
      "ocorrencias": 1,
      "fonte": "",
      "concordancias": [
        {
          "referencia": "1 Coríntios 16.16",
          "texto": "tais e a todo aquele que Á. na obra e trabalha."
        }
      ]
    },
    {
      "palavra": "auxiliador",
      "veja tambem": [],
      "ocorrencias": 1,
      "fonte": "",
      "concordancias": [
        {
          "referencia": "Isaías 31.3",
          "texto": "todos cairão por terra, tanto o Á, como o"
        }
      ]
    },
    {
      "palavra": "auxiliadores",
      "veja tambem": [
        "au-"
      ],
      "ocorrencias": 1,
      "fonte": "",
      "concordancias": [
        {
          "referencia": "Jó 9.13",
          "texto": "ira; debaixo dele se encurvam os Á. soberbos."
        }
      ]
    },
    {
      "palavra": "auxiliar",
      "veja tambem": [],
      "ocorrencias": 2,
      "fonte": "",
      "concordancias": [
        {
          "referencia": "Top 406",
          "texto": "posição; Palavras Relacionadas: (auxilia-l; auxilia-"
        },
        {
          "referencia": "Atos 20.35",
          "texto": "assim, é necessário Á. os enfermos e"
        }
      ]
    },
    {
      "palavra": "auxiliaram",
      "veja tambem": [
        "auxiliar"
      ],
      "ocorrencias": 1,
      "fonte": "",
      "concordancias": [
        {
          "referencia": "Zacarias 1.15",
          "texto": "estando eu um pouco desgostoso, eles Á. no mal."
        }
      ]
    },
    {
      "palavra": "auxilias",
      "veja tambem": [
        "auxiliar"
      ],
      "ocorrencias": 1,
      "fonte": "",
      "concordancias": [
        {
          "referencia": "S122.1",
          "texto": "alongas das palavras do meu bramido e não me A.?"
        }
      ]
    },
    {
      "palavra": "auxiliavam",
      "veja tambem": [
        "au-"
      ],
      "ocorrencias": 1,
      "fonte": "",
      "concordancias": [
        {
          "referencia": "Ester 9.3",
          "texto": "e os que faziam a obra do rei A. os judeus,"
        }
      ]
    },
    {
      "palavra": "auxílio",
      "veja tambem": [],
      "ocorrencias": 15,
      "fonte": "",
      "concordancias": [
        {
          "referencia": "Jó 6.13",
          "texto": "a minha ajuda? Não me desamparou todo 4. eficaz?"
        },
        {
          "referencia": "S110.14",
          "texto": "a ti o pobre se encomenda; tu és o Á. do órfão."
        },
        {
          "referencia": "S130.10",
          "texto": "Senhor, e tem piedade de mim; Senhor, sê o meu Á.."
        },
        {
          "referencia": "S133.20",
          "texto": "no Senhor; ele é o nosso À. e o nosso escudo."
        },
        {
          "referencia": "S140.13",
          "texto": "Senhor livrar-me; Senhor, apressa-te em meu Á.."
        },
        {
          "referencia": "S140.17",
          "texto": "cuida de mim: tu és o mA, e o meu"
        },
        {
          "referencia": "S160.11",
          "texto": "Dá-nos A. na angústia, porque vão é o socorro do ho-"
        },
        {
          "referencia": "S170.5",
          "texto": "por mim, ó Deus; tu és o meu À. eo meu"
        },
        {
          "referencia": "S194.17",
          "texto": "o Senhor não fora em meu Á., já a minha alma"
        },
        {
          "referencia": "Salmos 108.12",
          "texto": "Dá-nos Á. para sairmos da angústia, porque vão é"
        },
        {
          "referencia": "S1115.10",
          "texto": "Arão, confia no Senhor; ele é teu Á. e teu escudo."
        },
        {
          "referencia": "S1115.11",
          "texto": "confiai no Senhor; ele é vosso A. e vosso escudo."
        },
        {
          "referencia": "Ezequiel 30.8",
          "texto": "e forem destruídos todos os que lhe davam A.."
        },
        {
          "referencia": "Daniel 11.39",
          "texto": "os castelos fortes com o A. do deus estranho;"
        },
        {
          "referencia": "Efésios 4.16",
          "texto": "bem ajustado e ligado pelo Á. de todas as"
        }
      ]
    },
    {
      "palavra": "auxiliou",
      "veja tambem": [
        "auxiliar"
      ],
      "ocorrencias": 1,
      "fonte": "",
      "concordancias": [
        {
          "referencia": "Lucas 1.54",
          "texto": "e Á. a Israel, seu servo, recordando-se da sua miseri-"
        }
      ]
    },
    {
      "palavra": "ava",
      "veja tambem": [],
      "ocorrencias": 1,
      "fonte": "",
      "concordancias": [
        {
          "referencia": "2 Reis 17.24",
          "texto": "de Babel, e de Cuta, e de A., e de Hamate, e de"
        }
      ]
    },
    {
      "palavra": "avaliado",
      "veja tambem": [
        "avaliar"
      ],
      "ocorrencias": 3,
      "fonte": "",
      "concordancias": [
        {
          "referencia": "Levítico 27.16",
          "texto": "de semente de cevada será À. por cinquenta"
        },
        {
          "referencia": "Zacarias 11.13",
          "texto": "esse belo preço em que fui À. por eles. E"
        },
        {
          "referencia": "Mateus 27.9",
          "texto": "de prata, preço do que foi A., que certos"
        }
      ]
    },
    {
      "palavra": "avaliar",
      "veja tambem": [],
      "ocorrencias": 1,
      "fonte": "",
      "concordancias": [
        {
          "referencia": "Levítico 27.14",
          "texto": "boa, seja má; como o sacerdote a A., assim será."
        }
      ]
    },
    {
      "palavra": "avaliará",
      "veja tambem": [
        "ava-"
      ],
      "ocorrencias": 3,
      "fonte": "",
      "concordancias": [
        {
          "referencia": "Levítico 27.8",
          "texto": "a mão do que fez o voto, o Å. o sacerdote."
        },
        {
          "referencia": "Levítico 27.12",
          "texto": "E o sacerdote o Á., seja bom ou seja mau;"
        },
        {
          "referencia": "Levítico 27.14",
          "texto": "ao Senhor, o sacerdote a A., seja boa, seja"
        }
      ]
    },
    {
      "palavra": "avaliaram",
      "veja tambem": [],
      "ocorrencias": 1,
      "fonte": "",
      "concordancias": [
        {
          "referencia": "Mateus 27.9",
          "texto": "foi avaliado, que certos filhos de Israel Å.."
        }
      ]
    },
    {
      "palavra": "avalie",
      "veja tambem": [
        "avaliar"
      ],
      "ocorrencias": 1,
      "fonte": "",
      "concordancias": [
        {
          "referencia": "Levítico 27.8",
          "texto": "para que o sacerdote o A.; conforme o que"
        }
      ]
    },
    {
      "palavra": "avança",
      "veja tambem": [
        "avançar"
      ],
      "ocorrencias": 1,
      "fonte": "",
      "concordancias": [
        {
          "referencia": "S174.5",
          "texto": "Parecem-se com o homem que A. com o seu machado"
        }
      ]
    },
    {
      "palavra": "avançada",
      "veja tambem": [],
      "ocorrencias": 3,
      "fonte": "",
      "concordancias": [
        {
          "referencia": "Mateus 14.15",
          "texto": "lugar é deserto, e a hora é já A.; despede a"
        },
        {
          "referencia": "Lucas 1.18",
          "texto": "eujá sou velho, e minha mulher, A. em idade."
        },
        {
          "referencia": "Lucas 2.36",
          "texto": "datribo de Aser. Esta era já À. em idade, e"
        }
      ]
    },
    {
      "palavra": "avançados",
      "veja tambem": [
        "avan-"
      ],
      "ocorrencias": 1,
      "fonte": "",
      "concordancias": [
        {
          "referencia": "Lucas 1.7",
          "texto": "Isabel era estéril, e ambos eram 4. em idade."
        }
      ]
    },
    {
      "palavra": "avançal",
      "veja tambem": [
        "avançar"
      ],
      "ocorrencias": 1,
      "fonte": "",
      "concordancias": [
        {
          "referencia": "Jeremias 46.9",
          "texto": "A., ó cavalos, e estrondeai, ó carros, e saiam"
        }
      ]
    },
    {
      "palavra": "avançam",
      "veja tambem": [
        "avan-"
      ],
      "ocorrencias": 2,
      "fonte": "",
      "concordancias": [
        {
          "referencia": "Jeremias 9.3",
          "texto": "mas não para a verdade, porque À. de malícia em"
        },
        {
          "referencia": "Jeremias 12.2",
          "texto": "e eles arraigaram-se; Å., dão também"
        }
      ]
    },
    {
      "palavra": "avançando",
      "veja tambem": [
        "avan-"
      ],
      "ocorrencias": 1,
      "fonte": "",
      "concordancias": [
        {
          "referencia": "Filipenses 3.13",
          "texto": "das coisas que atrás ficam e À. para as que"
        }
      ]
    },
    {
      "palavra": "avante",
      "veja tambem": [],
      "ocorrencias": 1,
      "fonte": "",
      "concordancias": [
        {
          "referencia": "2 Timóteo 3.9",
          "texto": "Não irão, porém, A.; porque a todos será"
        }
      ]
    },
    {
      "palavra": "avarento",
      "veja tambem": [],
      "ocorrencias": 6,
      "fonte": "",
      "concordancias": [
        {
          "referencia": "S110.3",
          "texto": "da sua alma, bendiz ao Á. e blasfema do Senhor."
        },
        {
          "referencia": "Isaías 32.5",
          "texto": "mais se chamará nobre; e do Á. nunca mais se"
        },
        {
          "referencia": "Isaías 32.7",
          "texto": "todos os instrumentos do A. são maus; ele"
        },
        {
          "referencia": "1 Coríntios 5.11",
          "texto": "irmão, for devasso, ou Á., ou"
        },
        {
          "referencia": "Efésios 5.5",
          "texto": "fornicador, ou impuro, ou Á., o qual é"
        },
        {
          "referencia": "1 Timóteo 3.3",
          "texto": "ganância, mas moderado, não contencioso, não Á.;"
        }
      ]
    },
    {
      "palavra": "avarentos",
      "veja tambem": [
        "avarento"
      ],
      "ocorrencias": 4,
      "fonte": "",
      "concordancias": [
        {
          "referencia": "Lucas 16.14",
          "texto": "E os fariseus, que eram A., ouviam todas essas"
        },
        {
          "referencia": "1 Coríntios 5.10",
          "texto": "deste mundo, ou com os AÁ., ou com os"
        },
        {
          "referencia": "1 Coríntios 6.10",
          "texto": "sodomitas, nem os ladrões, nem os Á., nem os"
        },
        {
          "referencia": "2 Timóteo 3.2",
          "texto": "amantes de si mesmos, A., presunçosos,"
        }
      ]
    }
  ]
}