{
  "a": [
    {
      "palavra": "aves",
      "veja tambem": ["ave", "pássaro", "pássaros"],
      "ocorrencias": 91,
      "fonte": "Strong's H5775 (עוֹף/oph)",
      "concordancias": [
        {
          "referencia": "Gênesis 1.20",
          "texto": "de alma vivente; e voem as Á. sobre a face da"
        },
        {
          "referencia": "Gênesis 1.22",
          "texto": "enchei as águas nos mares; e as Á. se multipliquem"
        },
        {
          "referencia": "Gênesis 1.26",
          "texto": "os peixes do mar, e sobre as À, dos céus, e sobre"
        },
        {
          "referencia": "Gênesis 1.28",
          "texto": "os peixes do mar, e sobre as À. dos céus, e"
        },
        {
          "referencia": "Gênesis 2.20",
          "texto": "nomes a todo o gado, e às 4. dos céus, e a todo"
        },
        {
          "referencia": "Gênesis 6.20",
          "texto": "Das Á. conforme a sua espécie, dos animais conforme"
        },
        {
          "referencia": "Gênesis 7.3",
          "texto": "Também das Á. dos céus sete e sete: macho e fêmea,"
        },
        {
          "referencia": "Gênesis 7.8",
          "texto": "que não são limpos, e das Á., e de todo o réptil"
        },
        {
          "referencia": "Gênesis 9.10",
          "texto": "que convosco está, de A., de reses, e de"
        },
        {
          "referencia": "Gênesis 15.10",
          "texto": "parte deles em frente da outra; mas as Á. não partiu."
        },
        {
          "referencia": "Gênesis 15.11",
          "texto": "É as À, desciam sobre os cadáveres; Abrão, porém,"
        },
        {
          "referencia": "Gênesis 40.17",
          "texto": "Faraó, obra de padeiro; e as Á. os comiam do"
        },
        {
          "referencia": "Gênesis 40.19",
          "texto": "pendurará num madeiro, e as A. comerão a tua carne"
        },
        {
          "referencia": "Levítico 1.14",
          "texto": "ao Senhor for holocausto de A., oferecerá a sua"
        },
        {
          "referencia": "Levítico 7.26",
          "texto": "das vossas habitações, quer de A, quer de gado."
        },
        {
          "referencia": "Levítico 11.13",
          "texto": "E, das Á., estas abominareis; não se comerão, serão"
        },
        {
          "referencia": "Levítico 11.46",
          "texto": "é a lei dos animais, e das A., e de toda alma"
        },
        {
          "referencia": "Levítico 14.4",
          "texto": "de purificar, se tomem duas Á. vivas e limpas, e"
        },
        {
          "referencia": "Levítico 14.49",
          "texto": "para expiar a casa duas A., e pau de cedro, e"
        },
        {
          "referencia": "Ly 20.25",
          "texto": "limpos e imundos e entre as A imundas e as"
        },
        {
          "referencia": "Ly 20.25",
          "texto": "por causa dos animais, ou das Á., ou de tudo o que"
        },
        {
          "referencia": "Deuteronômio 28.26",
          "texto": "será por comida a todas as A. dos céus e aos"
        },
        {
          "referencia": "1 Samuel 17.44",
          "texto": "mim, e darei a tua carne às 4. do céu e às bestas"
        },
        {
          "referencia": "1 Samuel 17.46",
          "texto": "filisteus darei hoje mesmo às À, do céu e às bestas"
        },
        {
          "referencia": "2 Samuel 21.10",
          "texto": "eles do céu, e não deixou que as 4. do céu se"
        },
        {
          "referencia": "IRs 4.23",
          "texto": "e as cabras monteses, e os corços, e as À, cevadas."
        },
        {
          "referencia": "1 Reis 4.33",
          "texto": "falou dos animais, e das A., e dos répteis, e"
        },
        {
          "referencia": "1 Reis 14.11",
          "texto": "e o que morrer no campo, as Á. do céu o comerão,"
        },
        {
          "referencia": "1 Reis 16.4",
          "texto": "e o que dele morrer no campo, as À. do céu o come-"
        },
        {
          "referencia": "1 Reis 21.24",
          "texto": "e o que morrer no campo, as À. do céu o comerão."
        },
        {
          "referencia": "Neemias 5.18",
          "texto": "ovelhas escolhidas; também Á. se me preparavam e,"
        },
        {
          "referencia": "Jó 12.7",
          "texto": "uma delas to ensinará; e às A. dos céus, e elas"
        },
        {
          "referencia": "Jó 28.21",
          "texto": "aos olhos de todo vivente e oculta às A. do céu."
        },
        {
          "referencia": "Jó 35.11",
          "texto": "da terra e nos faz mais sábios do que as A. dos céus?"
        },
        {
          "referencia": "S150.11",
          "texto": "Conheço todas as À, dos montes; e minhas são todas"
        },
        {
          "referencia": "S178.27",
          "texto": "sobre eles carne como pó, e Á, de asas como a areia"
        },
        {
          "referencia": "S179.2",
          "texto": "teus servos por comida às Á. dos céus e a carne"
        },
        {
          "referencia": "Salmos 148.10",
          "texto": "as feras e todos os gados, répteis e Á. voadoras;"
        },
        {
          "referencia": "Eclesiastes 10.20",
          "texto": "amaldiçoes o rico; porque as A. dos céus levariam a"
        },
        {
          "referencia": "Eclesiastes 12.4",
          "texto": "ese levantar à voz das A. e todas as vozes do"
        },
        {
          "referencia": "Isaías 18.6",
          "texto": "serão deixados juntos às A. dos montes e aos"
        },
        {
          "referencia": "Isaías 18.6",
          "texto": "e sobre eles veranearão as A. de rapina, e todos"
        },
        {
          "referencia": "Isaías 31.5",
          "texto": "Como as À, voam, assim o Senhor dos Exércitos"
        },
        {
          "referencia": "Jeremias 4.25",
          "texto": "nenhum havia e que todas as A. do céu tinham fugido."
        },
        {
          "referencia": "Je 7.33",
          "texto": "povo servirão de pasto às À. dos céus e aos"
        },
        {
          "referencia": "Jeremias 9.10",
          "texto": "ouve mugido de gado; desde as A. dos céus até aos"
        },
        {
          "referencia": "Jeremias 12.4",
          "texto": "nela, perecem os animais e as A. porquanto dizem:"
        },
        {
          "referencia": "Jeremias 12.9",
          "texto": "de várias cores; andam as 4. de rapina contra ela"
        },
        {
          "referencia": "Jeremias 15.3",
          "texto": "para os arrastarem, e com as À, dos céus e os"
        },
        {
          "referencia": "Jeremias 16.4",
          "texto": "servirão de mantimento às A. do céu e aos"
        },
        {
          "referencia": "Jeremias 19.7",
          "texto": "seus cadáveres por pasto às 4. dos céus e aos"
        },
        {
          "referencia": "Jeremias 34.20",
          "texto": "servirão de mantimento às A. dos céus e aos"
        },
        {
          "referencia": "Lamentações 4.19",
          "texto": "mais ligeiros do que as A. dos céus; sobre os"
        },
        {
          "referencia": "Ezequiel 13.20",
          "texto": "vós ali caçais as almas como Á., e as arrancarei"
        },
        {
          "referencia": "Ezequiel 13.20",
          "texto": "braços; e soltarei as almas que vós caçais como Á.."
        },
        {
          "referencia": "Ezequiel 17.23",
          "texto": "habitarão debaixo dele todas as Á. de toda sorte de"
        },
        {
          "referencia": "Ezequiel 29.5",
          "texto": "aos animais da terra e às Á. do céu te dei por manti-"
        },
        {
          "referencia": "Ezequiel 31.6",
          "texto": "Todas as À, do céu se aninhavam nos seus ramos, e"
        },
        {
          "referencia": "Ezequiel 31.13",
          "texto": "Todas as Á. do céu habitavam sobre a sua ruína, e"
        },
        {
          "referencia": "Ezequiel 32.4",
          "texto": "morar sobre ti todas as Á. do céu; e se"
        },
        {
          "referencia": "Ezequiel 38.20",
          "texto": "face os peixes do mar, e as A. do céu, e os animais"
        },
        {
          "referencia": "Ezequiel 394",
          "texto": "eàs Á, de rapina, e às À. de toda a asa,"
        },
        {
          "referencia": "Ezequiel 39.17",
          "texto": "diz o Senhor Jeová: Dize às Á, de toda espécie e"
        },
        {
          "referencia": "Ezequiel 44.31",
          "texto": "tenha sido arrebatada de A. e de animais comerão"
        },
        {
          "referencia": "Daniel 2.38",
          "texto": "homens, animais do campo e 4. do céu, ele tos"
        },
        {
          "referencia": "Daniel 4.12",
          "texto": "do campo achavam sombra, e as Å. do céu faziam"
        },
        {
          "referencia": "Daniel 4.14",
          "texto": "os animais de debaixo dela e as À. dos seus ramos."
        },
        {
          "referencia": "Daniel 4.21",
          "texto": "do campo, e em cujos ramos habitavam as 4. do céu,"
        },
        {
          "referencia": "Daniel 4.33",
          "texto": "as penas da águia, e as suas unhas, como as das Á.."
        },
        {
          "referencia": "Oséias 2.18",
          "texto": "do campo, e com as Á. do céu, e com os"
        },
        {
          "referencia": "Oséias 43",
          "texto": "os animais do campo e com as Å, do céu; e até os"
        },
        {
          "referencia": "Oséias 7.12",
          "texto": "a minha rede e, como À, do céu, os farei"
        },
        {
          "referencia": "Oséias 9.8",
          "texto": "como um laço de caçador de À. em todos os seus"
        },
        {
          "referencia": "Sofonias 1.3",
          "texto": "e os animais, consumirei as A, do céu, e os peixes"
        },
        {
          "referencia": "Mateus 6.26",
          "texto": "Olhai para as 4. do céu, que não semeiam, nem"
        },
        {
          "referencia": "Mateus 8.20",
          "texto": "As raposas têm covis, e as A. do céu têm ninhos,"
        },
        {
          "referencia": "Mateus 13.4",
          "texto": "caiu ao pé do caminho, e vieram as A, e comeram-na;"
        },
        {
          "referencia": "Mateus 13.32",
          "texto": "árvore, de sorte que vêm as 4. do céu e se"
        },
        {
          "referencia": "Marcos 4.4",
          "texto": "junto ao caminho, e vieram as A. do céu e a comeram."
        },
        {
          "referencia": "Marcos 4.32",
          "texto": "ramos, de tal maneira que as Á. do céu podem"
        },
        {
          "referencia": "Lucas 8.5",
          "texto": "do caminho e foi pisada, e as 4, do céu a comeram."
        },
        {
          "referencia": "Lucas 9.58",
          "texto": "As raposas têm covis, e as A. do céu, ninhos, mas"
        },
        {
          "referencia": "Lucas 12.24",
          "texto": "os alimenta; quanto mais valeis vós do que as A.?"
        },
        {
          "referencia": "Lucas 13.19",
          "texto": "árvore, e em seus ramos se aninharam as Á, do céu."
        },
        {
          "referencia": "Atos 10.12",
          "texto": "os animais quadrúpedes, répteis da terra e A. do céu."
        },
        {
          "referencia": "Atos 11.6",
          "texto": "terra, quadrúpedes, e feras, e répteis, e 4. do céu."
        },
        {
          "referencia": "Romanos 1.23",
          "texto": "de homem corruptível, e de A., e de quadrúpedes, e"
        },
        {
          "referencia": "1 Coríntios 15.39",
          "texto": "animais, e outra, a dos peixes, e outra, a das A.."
        },
        {
          "referencia": "Tiago 3.7",
          "texto": "de bestas-feras como de A., tanto de répteis"
        },
        {
          "referencia": "Apocalipse 19.17",
          "texto": "voz, dizendo a todas as À. que voavam pelo"
        },
        {
          "referencia": "Apocalipse 19.21",
          "texto": "sobre o cavalo, e todas as Á. se fartaram das suas"
        }
      ]
    },
    {
      "palavra": "avesso",
      "veja tambem": [],
      "ocorrencias": 1,
      "fonte": "",
      "concordancias": [
        {
          "referencia": "2 Samuel 22.27",
          "texto": "te mostras puro, mas com o perverso te mostras Á.."
        }
      ]
    },
    {
      "palavra": "avestruzes",
      "veja tambem": [
        "avestruz"
      ],
      "ocorrencias": 5,
      "fonte": "",
      "concordancias": [
        {
          "referencia": "Jó 30.29",
          "texto": "Irmão me fiz dos dragões, e companheiro dos A.."
        },
        {
          "referencia": "Isaías 13.21",
          "texto": "animais; e ali habitarão os A., e os sátiros"
        },
        {
          "referencia": "Jeremias 50.39",
          "texto": "também habitarão nela os 4.; e nunca"
        },
        {
          "referencia": "Lamentações 4.3",
          "texto": "meu povo tornou-se cruel como os A. no deserto."
        },
        {
          "referencia": "Mg 1.8",
          "texto": "lamentação como de dragões e pranto como de A.."
        }
      ]
    },
    {
      "palavra": "aveus",
      "veja tambem": [],
      "ocorrencias": 3,
      "fonte": "",
      "concordancias": [
        {
          "referencia": "Deuteronômio 2.23",
          "texto": "de Caftor, destruíram os AÁ., que habitavam em"
        },
        {
          "referencia": "Josué 13.3",
          "texto": "o de Ague om, o de Gate e o de Ecrom; e os A.,"
        },
        {
          "referencia": "2 Reis 17.31",
          "texto": "E os À. fizeram Nibaz e Tartaque; e os sefarvitas"
        }
      ]
    }
  ]
}