{
  "a": [
    {
      "palavra": "azeite",
      "veja tambem": ["óleo", "azeitona", "unção"],
      "ocorrencias": 173,
      "fonte": "Strong's H8081 (שֶׁמֶן/shemen)",
      "concordancias": [
        {
          "referencia": "Gênesis 28.18",
          "texto": "e a pôs por coluna, e derramou A. em cima dela."
        },
        {
          "referencia": "Gênesis 35.14",
          "texto": "sobre ela uma libação e deitou sobre ela A.."
        },
        {
          "referencia": "Êxodo 25.6",
          "texto": "À. para a luz, e especiarias para o óleo da"
        },
        {
          "referencia": "Êxodo 27.20",
          "texto": "de Israel que te tragam A, puro de"
        },
        {
          "referencia": "Êxodo 29.2",
          "texto": "e bolos asmos amassados com Á., e coscorões asmos"
        },
        {
          "referencia": "Êxodo 29.2",
          "texto": "coscorões asmos untados com A.; com flor de"
        },
        {
          "referencia": "Êxodo 29.7",
          "texto": "e tomarás o À. da unção e o derramarás sobre a"
        },
        {
          "referencia": "Êxodo 29.21",
          "texto": "estará sobre o altar e do À. da unção e os"
        },
        {
          "referencia": "Êxodo 29.40",
          "texto": "a quarta parte de um him de A. batido, e, para"
        },
        {
          "referencia": "Êxodo 30.24",
          "texto": "o siclo do santuário; e de A. de oliveiras, um him."
        },
        {
          "referencia": "Êxodo 30.25",
          "texto": "E disto farás o Á. da santa unção, o perfume"
        },
        {
          "referencia": "Êxodo 30.25",
          "texto": "obra do perfumista; este será o Á. da santa unção."
        },
        {
          "referencia": "Êxodo 30.31",
          "texto": "dizendo: Este me será o À. da santa unção"
        },
        {
          "referencia": "Êxodo 35.8",
          "texto": "e A. para a luminária, e especiarias para O"
        },
        {
          "referencia": "Êxodo 35.8",
          "texto": "e especiarias para o À. da unção e para o"
        },
        {
          "referencia": "Êxodo 35.14",
          "texto": "e as suas lâmpadas, e o À. para a luminária;"
        },
        {
          "referencia": "Êxodo 35.15",
          "texto": "eos seus varais, e o À. da unção, e o"
        },
        {
          "referencia": "Êxodo 35.28",
          "texto": "e especiarias, e Á. para a luminária, e para o"
        },
        {
          "referencia": "Êxodo 37.29",
          "texto": "Também fez o Á. santo da unção e o incenso"
        },
        {
          "referencia": "Êxodo 39.37",
          "texto": "todos os seus utensílios, e o A. para a luminária;"
        },
        {
          "referencia": "Êxodo 39.38",
          "texto": "também o altar de ouro, e o À. da unção, e o"
        },
        {
          "referencia": "Êxodo 40.9",
          "texto": "Então, tomarás o À. da unção e ungirás o"
        },
        {
          "referencia": "Iv 2.1",
          "texto": "flor de farinha; nela, deitará À. e porá o"
        },
        {
          "referencia": "tv 2.2",
          "texto": "da flor de farinha e do seu A. com todo o seu"
        },
        {
          "referencia": "Levítico 2.4",
          "texto": "flor de farinha, amassados com A., e coscorões"
        },
        {
          "referencia": "Levítico 2.5",
          "texto": "da flor de farinha sem fermento, amassada com Á.."
        },
        {
          "referencia": "Iv 2.6",
          "texto": "e sobre ela deitarás A.; é oferta de manjares."
        },
        {
          "referencia": "Levítico 2.7",
          "texto": "da sertã, far-se-á da flor de farinha com A.."
        },
        {
          "referencia": "Levítico 2.15",
          "texto": "E sobre ela deitarás 4. e porás sobre ela"
        },
        {
          "referencia": "Levítico 2.16",
          "texto": "seu grão trilhado e do seu A., com todo o seu"
        },
        {
          "referencia": "Levítico 5.11",
          "texto": "pecado; não deitará sobre ela A., nem lhe porá"
        },
        {
          "referencia": "Levítico 6.15",
          "texto": "farinha da oferta e do seu À. e todo o incenso"
        },
        {
          "referencia": "Levítico 6.21",
          "texto": "Numa caçoula se fará com A.; cozida a trarás; e"
        },
        {
          "referencia": "Levítico 7.10",
          "texto": "toda oferta amassada com Á. ou seca será de"
        },
        {
          "referencia": "Iv 7.12",
          "texto": "bolos asmos amassados com A. e coscorões asmos"
        },
        {
          "referencia": "1v 7.12",
          "texto": "e os bolos amassados com À. serão fritos, de"
        },
        {
          "referencia": "Iv 8.2",
          "texto": "com ele, e as vestes, e o À. da unção, como"
        },
        {
          "referencia": "Levítico 8.10",
          "texto": "Então, Moisés tomou o A. da unção, e ungiu o"
        },
        {
          "referencia": "Ly 8.12",
          "texto": "Depois, derramou do A. da unção sobre a cabeça de"
        },
        {
          "referencia": "Levítico 8.30",
          "texto": "Tomou Moisés também do A. da unção e do sangue"
        },
        {
          "referencia": "Levítico 9.4",
          "texto": "de manjares, amassada com A.; porquanto hoje"
        },
        {
          "referencia": "Levítico 10.7",
          "texto": "porque está sobre vós o Á. da unção do"
        },
        {
          "referencia": "Levítico 14.10",
          "texto": "oferta de manjares, amassada com A., e um logue"
        },
        {
          "referencia": "Levítico 14.10",
          "texto": "de manjares, amassada com Á., eum logue de A.."
        },
        {
          "referencia": "Levítico 14.12",
          "texto": "da culpa e o logue de À.; e os moverá por"
        },
        {
          "referencia": "Levítico 14.15",
          "texto": "tomará do logue de 4, e o derramará na"
        },
        {
          "referencia": "Levítico 14.16",
          "texto": "o seu dedo direito no À. que está na sua"
        },
        {
          "referencia": "Levítico 14.16",
          "texto": "sua mão esquerda e daquele A., com o seu dedo,"
        },
        {
          "referencia": "Levítico 14.17",
          "texto": "e o restante do À. que está na sua mão o"
        },
        {
          "referencia": "Iv 14.18",
          "texto": "e o restante do 4. que está na mão do sacerdote,"
        },
        {
          "referencia": "Levítico 14.21",
          "texto": "de flor de farinha, amassada com A., para oferta"
        },
        {
          "referencia": "Levítico 1421",
          "texto": "A., para oferta de manjares, e um logue de A.,"
        },
        {
          "referencia": "Levítico 14.24",
          "texto": "da culpa e o logue de 4. e o sacerdote os"
        },
        {
          "referencia": "Levítico 14.26",
          "texto": "o sacerdote derramará do A. na palma da sua"
        },
        {
          "referencia": "Levítico 14.27",
          "texto": "dedo direito, espargirá do À, que está na sua"
        },
        {
          "referencia": "Ly 14.28",
          "texto": "e o sacerdote porá do À. que está na sua mão na"
        },
        {
          "referencia": "Levítico 14.29",
          "texto": "e o que sobejar do À. que está na mão do"
        },
        {
          "referencia": "Levítico 21.10",
          "texto": "cuja cabeça foi derramado o À. da unção e que for"
        },
        {
          "referencia": "Levítico 21.12",
          "texto": "do seu Deus, pois a coroa do À. da unção do seu"
        },
        {
          "referencia": "Levítico 23.13",
          "texto": "de farinha, amassada com Á., para oferta"
        },
        {
          "referencia": "Iv 24.2",
          "texto": "de Israel que te tragam 4. de oliveira, puro,"
        },
        {
          "referencia": "Números 4.9",
          "texto": "e todos os seus vasos de Å. com que o servem."
        },
        {
          "referencia": "Números 4.16",
          "texto": "de Arão, o sacerdote, será o À. da luminária, e"
        },
        {
          "referencia": "Números 4.16",
          "texto": "oferta dos manjares, e o À, da unção, o"
        },
        {
          "referencia": "Números 5.15",
          "texto": "sobre a qual não deitará A., nem sobre ela"
        },
        {
          "referencia": "Números 6.15",
          "texto": "de flor de farinha com A., amassados, e"
        },
        {
          "referencia": "Números 6.15",
          "texto": "e coscorões asmos untados com A., como também a"
        },
        {
          "referencia": "Números 7.13",
          "texto": "de flor de farinha, amassada com Á., para oferta"
        },
        {
          "referencia": "Números 7.19",
          "texto": "de flor de farinha, amassada com A., para a"
        },
        {
          "referencia": "Números 7.25",
          "texto": "de flor de farinha, amassada com Á., para oferta"
        },
        {
          "referencia": "Números 7.31",
          "texto": "de flor de farinha, amassada com A., para oferta"
        },
        {
          "referencia": "Números 7.37",
          "texto": "de flor de farinha, amassada com A., para oferta"
        },
        {
          "referencia": "Números 7.43",
          "texto": "de flor de farinha, amassada com A., para oferta"
        },
        {
          "referencia": "Números 7.49",
          "texto": "de flor de farinha, amassada com A., para oferta"
        },
        {
          "referencia": "Números 7.55",
          "texto": "de flor de farinha, amassada com A., para oferta"
        },
        {
          "referencia": "Números 7.61",
          "texto": "de flor de farinha, amassada com A., para oferta"
        },
        {
          "referencia": "Números 7.67",
          "texto": "de flor de farinha, amassada com A., para oferta"
        },
        {
          "referencia": "Números 7.73",
          "texto": "de flor de farinha, amassada com A., para oferta"
        },
        {
          "referencia": "Números 7.79",
          "texto": "de flor de farinha, amassada com A., para oferta"
        },
        {
          "referencia": "Números 8.8",
          "texto": "flor de farinha amassada com A.; e tomarás outro"
        },
        {
          "referencia": "Números 11.8",
          "texto": "bolos; e o seu sabor era como o sabor de A. fresco."
        },
        {
          "referencia": "Números 15.4",
          "texto": "misturada com a quarta parte de um him de A.."
        },
        {
          "referencia": "Números 15.6",
          "texto": "misturada com a terça parte de um him de A.."
        },
        {
          "referencia": "Números 15.9",
          "texto": "de farinha, misturada com a metade de um him de"
        },
        {
          "referencia": "Números 18.12",
          "texto": "Todo o melhor do 4. e todo o melhor do mosto e do"
        },
        {
          "referencia": "o 28.5",
          "texto": "misturada com a quarta parte de um him de A. mo-"
        },
        {
          "referencia": "Números 28.9",
          "texto": "flor de farinha misturada com A., em oferta de"
        },
        {
          "referencia": "Números 28.12",
          "texto": "de farinha misturada com A., em oferta de"
        },
        {
          "referencia": "Números 28.12",
          "texto": "flor de farinha misturada com A., em oferta de"
        },
        {
          "referencia": "Números 28.13",
          "texto": "de farinha misturada com A., em oferta de"
        },
        {
          "referencia": "Números 28.20",
          "texto": "de farinha misturada com A.; oferecereis três"
        },
        {
          "referencia": "Números 28.28",
          "texto": "de farinha misturada com Á.: três décimas para"
        },
        {
          "referencia": "Números 29.3",
          "texto": "de farinha misturada com A., três décimas para"
        },
        {
          "referencia": "Números 29.9",
          "texto": "de farinha misturada com A., três décimas para"
        },
        {
          "referencia": "Números 29.14",
          "texto": "de farinha misturada com A., três décimas para"
        },
        {
          "referencia": "Deuteronômio 7.13",
          "texto": "cereal, e o teu mosto, e o teu Á., ea criação"
        },
        {
          "referencia": "Deuteronômio 8.8",
          "texto": "terra de oliveiras, abundante de A. e mel;"
        },
        {
          "referencia": "Deuteronômio 11.14",
          "texto": "recolhas o teu cereal, e o teu mosto, e o teu Å.."
        },
        {
          "referencia": "Deuteronômio 12.17",
          "texto": "nem do teu mosto, nem do teu A., nem as"
        },
        {
          "referencia": "Deuteronômio 14.23",
          "texto": "teu cereal, do teu mosto, do teu Å. e os"
        },
        {
          "referencia": "Deuteronômio 18.4",
          "texto": "do teu mosto e do teu Á. e as primícias da"
        },
        {
          "referencia": "Deuteronômio 28.40",
          "texto": "porém não te ungirás com Á., porque a"
        },
        {
          "referencia": "Deuteronômio 28.51",
          "texto": "deixará cereal, nem mosto, nem Á., nem criação"
        },
        {
          "referencia": "Deuteronômio 32.13",
          "texto": "o fez chupar mel da rocha e A. da dura pederneira,"
        },
        {
          "referencia": "Deuteronômio 33.24",
          "texto": "agrade a seus irmãos e banhe em 4. o seu pé."
        },
        {
          "referencia": "1 Samuel 10.1",
          "texto": "tomou Samuel um vaso de Å., e lho derramou"
        },
        {
          "referencia": "1 Samuel 16.1",
          "texto": "Israel? Enche o teu vaso de Å. e vem;"
        },
        {
          "referencia": "1 Samuel 16.13",
          "texto": "Samuel tomou o vaso do À. e ungiu-o no meio"
        },
        {
          "referencia": "1 Reis 1.39",
          "texto": "o sacerdote, tomou o vaso do À. do tabernáculo e"
        },
        {
          "referencia": "1 Reis 5.11",
          "texto": "sua casa, e vinte coros de Á, batido; isso dava"
        },
        {
          "referencia": "1 Reis 17.12",
          "texto": "numa panela e um pouco de 4. numa botija; e,"
        },
        {
          "referencia": "1 Reis 17.14",
          "texto": "da panela não se acabará, e o À. da botija não"
        },
        {
          "referencia": "1 Reis 17.16",
          "texto": "não acabou, e da botija o Á. não faltou,"
        },
        {
          "referencia": "2 Reis 4.2",
          "texto": "serva não tem nada em casa, senão uma botija de A.."
        },
        {
          "referencia": "2 Reis 4.4",
          "texto": "sobre teus filhos, e deita o À. em todos agudles"
        },
        {
          "referencia": "2 Reis 4.6",
          "texto": "disse: Não há mais vaso nenhum. Então, o 4. parou."
        },
        {
          "referencia": "2 Reis 4.7",
          "texto": "e disse ele: Vai, vende o A. e paga a tua"
        },
        {
          "referencia": "2 Reis 9.1",
          "texto": "e toma esta almotolia de A. na tua mão, e"
        },
        {
          "referencia": "2 Reis 9.3",
          "texto": "E toma a almotolia de Á., e derrama-o sobre a sua"
        },
        {
          "referencia": "2 Reis 9.6",
          "texto": "entrou na casa, e derramou o À. sobre a sua"
        },
        {
          "referencia": "2 Reis 18.32",
          "texto": "vinhas, terra de oliveiras, de A. e de mel; e"
        },
        {
          "referencia": "1 Crônicas 9.29",
          "texto": "de farinha, e do vinho, e do A., e do incenso, e"
        },
        {
          "referencia": "1 Crônicas 12.40",
          "texto": "figos, e cachos de passas, e vinho, e A., e"
        },
        {
          "referencia": "1 Crônicas 27.28",
          "texto": "o gederita; porém Joás, sobre os tesouros do A.;"
        },
        {
          "referencia": "2 Crônicas 2.10",
          "texto": "vinte mil batos de vinho, e vinte mil batos de A.."
        },
        {
          "referencia": "2 Crônicas 2.15",
          "texto": "o trigo, e a cevada, eo Á., eo vinho de"
        },
        {
          "referencia": "2 Crônicas 11.11",
          "texto": "carmazéns de víveres, e de Á., e de vinho."
        },
        {
          "referencia": "2 Crônicas 31.5",
          "texto": "de trigo, e de mosto, e de A., e de mel, e de"
        },
        {
          "referencia": "2 Crônicas 32.28",
          "texto": "do trigo, e do mosto, e do Å., e estrebarias"
        },
        {
          "referencia": "Esdras 3.7",
          "texto": "como também comida, e bebida, e À. aos sidônios e"
        },
        {
          "referencia": "Esdras 6.9",
          "texto": "dos céus, trigo, sal, vinho e Á., segundo o"
        },
        {
          "referencia": "Esdras 7.22",
          "texto": "de vinho, e até cem batos de Á., e sal sem conta."
        },
        {
          "referencia": "Neemias 5.11",
          "texto": "dinheiro, do trigo, do mosto e do A., que vós"
        },
        {
          "referencia": "Neemias 10.37",
          "texto": "de toda árvore, e o mosto, e o A. traríamos aos"
        },
        {
          "referencia": "Neemias 10.39",
          "texto": "do grão, do mosto e do À.; porquanto ali"
        },
        {
          "referencia": "Neemias 13.5",
          "texto": "dízimos do grão, do mosto e do A., que se"
        },
        {
          "referencia": "Neemias 13.12",
          "texto": "dízimos do grão, e do mosto, e do 4. aos celeiros."
        },
        {
          "referencia": "Jó 24.11",
          "texto": "dos seus muros fazem o Á.; pisam os lagares e"
        },
        {
          "referencia": "Jó 29.6",
          "texto": "em manteiga, e da rocha me corriam ribeiros de A.;"
        },
        {
          "referencia": "SI 104.15",
          "texto": "reluzir o seu rosto com o Á. e o pão, que"
        },
        {
          "referencia": "SI 109.18",
          "texto": "suas entranhas como água e em seus ossos como A.."
        },
        {
          "referencia": "Provérbios 5.3",
          "texto": "de mel, e o seu paladar é mais macio do que o À,;"
        },
        {
          "referencia": "Provérbios 21.17",
          "texto": "o que ama o vinho eo A. nunca enriquecerá."
        },
        {
          "referencia": "Provérbios 21.20",
          "texto": "Tesouro desejável e A. há na casa do sábio, mas o"
        },
        {
          "referencia": "Jeremias 31.12",
          "texto": "Senhor: o trigo, e o mosto, e o Á., eos"
        },
        {
          "referencia": "Jeremias 40.10",
          "texto": "vinho, e as frutas de verão, eo A., e metei-os"
        },
        {
          "referencia": "Jeremias 41.8",
          "texto": "escondidos, trigo, e cevada, e A., e mel. E ele,"
        },
        {
          "referencia": "Ezequiel 27.17",
          "texto": "Minite, e confeitos, e mel, e A., e bálsamo"
        },
        {
          "referencia": "Ezequiel 32.14",
          "texto": "correr os seus rios como o A., diz o Ed Da"
        },
        {
          "referencia": "Ezequiel 45.14",
          "texto": "Quanto ao estatuto do A., de cada bato de 4."
        },
        {
          "referencia": "Ezequiel 45.14",
          "texto": "do A., de cada bato de 4. oferecereis a"
        },
        {
          "referencia": "Ezequiel 45.24",
          "texto": "para cada carneiro, e um him de À. para cada efa."
        },
        {
          "referencia": "Ezequiel 45.25",
          "texto": "e como a oferta de manjares, e como o Á.."
        },
        {
          "referencia": "Ezequiel 46.5",
          "texto": "será o que puder dar; e de A. um him para"
        },
        {
          "referencia": "Ezequiel 46.7",
          "texto": "que alcançar a sua mão; e um him de À. para um efa."
        },
        {
          "referencia": "Ezequiel 46.11",
          "texto": "cordeiros, o que puder dar; e de A., um him para"
        },
        {
          "referencia": "Ezequiel 46.14",
          "texto": "a sexta parte de um efa e, de Á., a terça parte"
        },
        {
          "referencia": "Ezequiel 46.15",
          "texto": "e a oferta de manjares, e o Á., todas as"
        },
        {
          "referencia": "Oséias 12.1",
          "texto": "aliança com a Assíria, e o À. se leva ao Egito."
        },
        {
          "referencia": "Miquéias 6.7",
          "texto": "De dez mil ribeiros de 4.? Darei o meu"
        },
        {
          "referencia": "Mg 6.15",
          "texto": "mas não te ungirás com A.; e o mosto, mas"
        },
        {
          "referencia": "Ageu 1.11",
          "texto": "esobre o mosto, e sobre o Á., esobre o que"
        },
        {
          "referencia": "Ageu 2.12",
          "texto": "guisado, ou no vinho, ou no Á., ou em qualquer"
        },
        {
          "referencia": "Zacarias 4.2",
          "texto": "todo de ouro, e um vaso de À. no cimo, com"
        },
        {
          "referencia": "Zacarias 4.3",
          "texto": "uma à direita do vaso de A., e outra à sua esquerda."
        },
        {
          "referencia": "Mateus 25.3",
          "texto": "tomando as suas lâmpadas, não levaram A. consigo."
        },
        {
          "referencia": "Mateus 25.4",
          "texto": "Mas as prudentes levaram A. em suas vasilhas, com"
        },
        {
          "referencia": "Mateus 25.8",
          "texto": "prudentes: Dai-nos do vosso Á., porque as nossas"
        },
        {
          "referencia": "Lucas 10.34",
          "texto": "as feridas, aplicando-lhes Á. e vinho; e,"
        },
        {
          "referencia": "Lucas 16.6",
          "texto": "respondeu: Cem medidas de A.. E disse-lhe: Toma"
        },
        {
          "referencia": "Tiago 5.14",
          "texto": "orem sobre ele, ungindo-o com À. em nome do Se-"
        },
        {
          "referencia": "Apocalipse 6.6",
          "texto": "por um dinheiro; e não danifiques o A. e o vinho."
        },
        {
          "referencia": "Apocalipse 18.13",
          "texto": "e mirra, e incenso, e vinho, e A., e flor de"
        }
      ]
    }
  ]
}