{
  "a": [
    {
      "palavra": "azeitona",
      "veja tambem": ["azeite", "oliveira", "fruto"],
      "ocorrencias": 2,
      "fonte": "Strong's H2132 (זַיִת/zayit)",
      "concordancias": [
        {
          "referencia": "Deuteronômio 28.40",
          "texto": "ungirás com azeite, porque a 4. cairá da tua oliveira."
        },
        {
          "referencia": "Mgq 6.15",
          "texto": "mas não segarás; pisarás a Á., mas não te"
        }
      ]
    },
    {
      "palavra": "azeitonas",
      "veja tambem": [
        "azeitona"
      ],
      "ocorrencias": 2,
      "fonte": "",
      "concordancias": [
        {
          "referencia": "Isaías 17.6",
          "texto": "da oliveira: duas ou três À, na mais alta"
        },
        {
          "referencia": "Tiago 3.12",
          "texto": "também a figueira produzir A. ou a videira,"
        }
      ]
    },
    {
      "palavra": "azel",
      "veja tambem": [],
      "ocorrencias": 6,
      "fonte": "",
      "concordancias": [
        {
          "referencia": "1 Crônicas 8.37",
          "texto": "foi Rafa, cujo filho foi Eleasa, cujo filho foi A.."
        },
        {
          "referencia": "1 Crônicas 8.38",
          "texto": "E teve À. seis filhos, e estes foram os seus nomes:"
        },
        {
          "referencia": "1 Crônicas 8.38",
          "texto": "e Obadias, e Hanã; todos estes foram filhos de A.."
        },
        {
          "referencia": "1 Crônicas 9.43",
          "texto": "Refaías, cujo filho foi Eleasa, cujo filho foi A.."
        },
        {
          "referencia": "1 Crônicas 9.44",
          "texto": "E teve À. seis filhos, e estes foram os seus nomes:"
        },
        {
          "referencia": "Zacarias 145",
          "texto": "vale dos montes chegará até A.) e fugireis assim"
        }
      ]
    },
    {
      "palavra": "azenha",
      "veja tambem": [],
      "ocorrencias": 1,
      "fonte": "",
      "concordancias": [
        {
          "referencia": "Mateus 18.6",
          "texto": "ao pescoço uma mó de Á., e se submergisse"
        }
      ]
    },
    {
      "palavra": "azgade",
      "veja tambem": [],
      "ocorrencias": 4,
      "fonte": "",
      "concordancias": [
        {
          "referencia": "Esdras 2.12",
          "texto": "Os filhos de A., mil duzentos e vinte e dois."
        },
        {
          "referencia": "Esdras 8.12",
          "texto": "e dos filhos de A., Joanã, o filho de Hacatáã, e,"
        },
        {
          "referencia": "Neemias 7.17",
          "texto": "Os filhos de A., dois mil trezentos e vinte e dois."
        },
        {
          "referencia": "Neemias 10.15",
          "texto": "Buni, A., Bebai,"
        }
      ]
    },
    {
      "palavra": "aziel",
      "veja tambem": [],
      "ocorrencias": 1,
      "fonte": "",
      "concordancias": [
        {
          "referencia": "1 Crônicas 15.20",
          "texto": "e Zacarias, e A., e Semiramote, e Jeiel, e Uni, e"
        }
      ]
    },
    {
      "palavra": "azinheira",
      "veja tambem": [],
      "ocorrencias": 1,
      "fonte": "",
      "concordancias": [
        {
          "referencia": "Isaías 6.13",
          "texto": "como o carvalho e como a Á., que, depois"
        }
      ]
    },
    {
      "palavra": "aziza",
      "veja tambem": [],
      "ocorrencias": 1,
      "fonte": "",
      "concordancias": [
        {
          "referencia": "Esdras 10.27",
          "texto": "e Eliasibe, e Matanias, e Jeremote, e Zabade, e A.."
        }
      ]
    },
    {
      "palavra": "azmavete",
      "veja tambem": [],
      "ocorrencias": 8,
      "fonte": "",
      "concordancias": [
        {
          "referencia": "2 Samuel 23.31",
          "texto": "Abi-Albom, arbatita; Á., barumita;"
        },
        {
          "referencia": "1 Crônicas 8.36",
          "texto": "Jeoada gerou a Alemete, e a A., ea Zinri; e"
        },
        {
          "referencia": "1 Crônicas 9.42",
          "texto": "e Jaerá gerou a Alemete, ca Á., ca Zinri;e"
        },
        {
          "referencia": "1 Crônicas 11.33",
          "texto": "A., o baarumita; Eliaba, o saalbonita."
        },
        {
          "referencia": "1 Crônicas 12.3",
          "texto": "Jeziel e Pelete, filhos de 4.; e Beraca,"
        },
        {
          "referencia": "1 Crônicas 27.25",
          "texto": "os tesouros do rei estava A., filho de Adiel;"
        },
        {
          "referencia": "Esdras 2.24",
          "texto": "Os filhos de A., quarenta e dois."
        },
        {
          "referencia": "Neemias 12.29",
          "texto": "e dos campos de Gibeá e Á.; porque os"
        }
      ]
    },
    {
      "palavra": "azmom",
      "veja tambem": [],
      "ocorrencias": 2,
      "fonte": "",
      "concordancias": [
        {
          "referencia": "Números 34.4",
          "texto": "Cades-Barneia; e sairá a Hazar-Adar e passará a Á.;"
        },
        {
          "referencia": "Números 34.5",
          "texto": "rodeará mais este termo de A. até ao rio do Egito;"
        }
      ]
    },
    {
      "palavra": "aznote-tabor",
      "veja tambem": [],
      "ocorrencias": 1,
      "fonte": "",
      "concordancias": [
        {
          "referencia": "Josué 19.34",
          "texto": "este termo pelo ocidente a A., e dali"
        }
      ]
    },
    {
      "palavra": "azor",
      "veja tambem": [],
      "ocorrencias": 2,
      "fonte": "",
      "concordancias": [
        {
          "referencia": "Mateus 1.13",
          "texto": "e Abiúde gerou a Eliaquim, e Eliaquim gerou a Á.,"
        },
        {
          "referencia": "Mateus 1.14",
          "texto": "e 4. gerou a Sadoque, e Sadoque gerou a Aquim, e"
        }
      ]
    },
    {
      "palavra": "azorrague",
      "veja tambem": [],
      "ocorrencias": 1,
      "fonte": "",
      "concordancias": [
        {
          "referencia": "Jó 2.15",
          "texto": "E, tendo feito um A. de cordéis, lançou todos"
        }
      ]
    },
    {
      "palavra": "azoto",
      "veja tambem": [],
      "ocorrencias": 1,
      "fonte": "",
      "concordancias": [
        {
          "referencia": "Atos 8.40",
          "texto": "E Filipe se achou em À, e, indo passando,"
        }
      ]
    },
    {
      "palavra": "azriel",
      "veja tambem": [],
      "ocorrencias": 3,
      "fonte": "",
      "concordancias": [
        {
          "referencia": "1 Crônicas 5.24",
          "texto": "saber: Héfer, e Isi, e Eliel, e A., e Jeremias, e"
        },
        {
          "referencia": "1 Crônicas 27.19",
          "texto": "de Obadias; sobre Naftali, Jerimote, filho de A.;"
        },
        {
          "referencia": "Jeremias 36.26",
          "texto": "ea Seraías, filho de A., e a Selemias,"
        }
      ]
    },
    {
      "palavra": "azuba",
      "veja tambem": [],
      "ocorrencias": 4,
      "fonte": "",
      "concordancias": [
        {
          "referencia": "1 Reis 22.42",
          "texto": "e era o nome de sua mãe Á., filha de Sili."
        },
        {
          "referencia": "1 Crônicas 2.18",
          "texto": "de Hezrom, gerou filhos de A., sua mulher, e de"
        },
        {
          "referencia": "1 Crônicas 2.19",
          "texto": "E morreu À.; e Calebe tomou para si a Efrata, a"
        },
        {
          "referencia": "2 Crônicas 20.31",
          "texto": "e era o nome de sua mãe A., filha de Sili."
        }
      ]
    },
    {
      "palavra": "azul",
      "veja tambem": [],
      "ocorrencias": 47,
      "fonte": "",
      "concordancias": [
        {
          "referencia": "Êxodo 25.4",
          "texto": "e pano A., e púrpura, e carmesim, e linho fino, e"
        },
        {
          "referencia": "Êxodo 26.1",
          "texto": "linho fino torcido, e pano A., e púrpura, e"
        },
        {
          "referencia": "Êxodo 26.4",
          "texto": "E farás laçadas de pano Á. na ponta de uma cortina,"
        },
        {
          "referencia": "Êxodo 26.31",
          "texto": "farás um véu de pano Á., e púrpura, e"
        },
        {
          "referencia": "Êxodo 26.36",
          "texto": "tenda uma coberta de pano A., e púrpura, e"
        },
        {
          "referencia": "Êxodo 27.16",
          "texto": "de vinte côvados, de pano A., e púrpura, e"
        },
        {
          "referencia": "Êxodo 28.5",
          "texto": "E tomarão o ouro, e o pano Á., ea púrpura, e o"
        },
        {
          "referencia": "Êxodo 28.6",
          "texto": "o éfode de ouro, e de pano A., e de púrpura, e de"
        },
        {
          "referencia": "Êxodo 28.8",
          "texto": "mesma obra de ouro, e de pano A., e de púrpura, e"
        },
        {
          "referencia": "Êxodo 28.15",
          "texto": "o farás; de ouro, e de pano A., e de púrpura, e"
        },
        {
          "referencia": "Êxodo 28.28",
          "texto": "cima com um cordão de pano A., para que esteja"
        },
        {
          "referencia": "Êxodo 28.31",
          "texto": "Também farás o manto do éfode todo de pano A.."
        },
        {
          "referencia": "Êxodo 28.33",
          "texto": "bordas farás romãs de pano Á., e de púrpura, e de"
        },
        {
          "referencia": "Êxodo 28.37",
          "texto": "com um cordão de fio A., de maneira que"
        },
        {
          "referencia": "Êxodo 35.6",
          "texto": "como também pano A.e púrpura, e carmesim, e linho"
        },
        {
          "referencia": "Êxodo 35.23",
          "texto": "que se achou com pano Á., e púrpura, e"
        },
        {
          "referencia": "Êxodo 35.25",
          "texto": "e traziam o fiado, o pano A., a púrpura, o"
        },
        {
          "referencia": "Êxodo 35.35",
          "texto": "ea do bordador, em pano A., e em púrpura, e"
        },
        {
          "referencia": "x 36.8",
          "texto": "linho fino torcido, e de pano A., e de púrpura, e"
        },
        {
          "referencia": "Êxodo 36.11",
          "texto": "Depois, fez laçadas de Ro A, na borda da última"
        },
        {
          "referencia": "Êxodo 36.35",
          "texto": "Depois, fez o véu de pano Á., e de púrpura, e de"
        },
        {
          "referencia": "Êxodo 36.37",
          "texto": "da tenda o véu de pano A., e de púrpura, e de"
        },
        {
          "referencia": "Êxodo 38.18",
          "texto": "obra de bordador, de pano A., e de púrpura, e de"
        },
        {
          "referencia": "Êxodo 38.23",
          "texto": "artífice, e bordador em pano A., e em púrpura, e"
        },
        {
          "referencia": "Êxodo 39.2",
          "texto": "fez o éfode de ouro, de pano A., ede púrpura, e de"
        },
        {
          "referencia": "Êxodo 39.3",
          "texto": "entretecer entre o pano Á., e entre a púrpura,"
        },
        {
          "referencia": "Êxodo 39.5",
          "texto": "mesma peça, de ouro, e de pano Á., e de púrpura, e"
        },
        {
          "referencia": "Êxodo 39.8",
          "texto": "do éfode, de ouro, e de pano A., e de púrpura, e"
        },
        {
          "referencia": "Êxodo 39.21",
          "texto": "do éfode com um cordão A., para que estivesse"
        },
        {
          "referencia": "Êxodo 39.22",
          "texto": "fez o manto do éfode de obra tecida, todo de pano Á.."
        },
        {
          "referencia": "Êxodo 39.24",
          "texto": "fizeram romãs de pano Á., e de púrpura, e de"
        },
        {
          "referencia": "Êxodo 39.29",
          "texto": "fino torcido, e de fio A., e de púrpura, e de"
        },
        {
          "referencia": "Êxodo 39.31",
          "texto": "ataram-na com um cordão de Á., para a atar à mitra"
        },
        {
          "referencia": "Números 4.6",
          "texto": "ela estenderão um pano, todo A., e lhe meterão os"
        },
        {
          "referencia": "Números 4.7",
          "texto": "estenderão um pano A.; e, sobre ela, porão"
        },
        {
          "referencia": "Números 4.9",
          "texto": "Então, tomarão um pano Á. e cobrirão o castiçal da"
        },
        {
          "referencia": "Números 4.11",
          "texto": "de ouro, estenderão um pano Á., e com a coberta de"
        },
        {
          "referencia": "Números 4.12",
          "texto": "e os porão num pano A., e os cobrirão com"
        },
        {
          "referencia": "Números 15.38",
          "texto": "e nas franjas das bordas porão um cordão Á.."
        },
        {
          "referencia": "2 Crônicas 2.7",
          "texto": "e em púrpura, e em carmesim, e em A. e que saiba"
        },
        {
          "referencia": "2 Crônicas 2.14",
          "texto": "madeira, e em púrpura, e em pano Á., e em linho"
        },
        {
          "referencia": "2 Crônicas 3.14",
          "texto": "Também fez o véu de pano À. e púrpura, e carme-"
        },
        {
          "referencia": "Ester 1.6",
          "texto": "de pano branco, verde e À. celeste, pendentes"
        },
        {
          "referencia": "Ester 8.15",
          "texto": "do rei com uma veste real Å. celeste e branca,"
        },
        {
          "referencia": "Jeremias 10.9",
          "texto": "fazem suas vestes de Á, celeste e púrpura;"
        },
        {
          "referencia": "Ezequiel 23.6",
          "texto": "vestidos de A., prefeitos e magistrados, todos"
        },
        {
          "referencia": "Ezequiel 27.7",
          "texto": "para te servir de vela; À. e púrpura das ilhas"
        }
      ]
    },
    {
      "palavra": "azur",
      "veja tambem": [],
      "ocorrencias": 4,
      "fonte": "",
      "concordancias": [
        {
          "referencia": "1 Crônicas 2.24",
          "texto": "Abia, mulher de Hezrom, lhe deu a A., pai de Tecoa."
        },
        {
          "referencia": "Neemias 10.17",
          "texto": "Ater, Ezequias, Á.,"
        },
        {
          "referencia": "Jeremias 28.1",
          "texto": "quinto, que Hananias, filho de A., o profeta de"
        },
        {
          "referencia": "Ezequiel 11.1",
          "texto": "deles via Jazanias, filho de A., e a Pelatias,"
        }
      ]
    },
    {
      "palavra": "abate",
      "veja tambem": [
        "abater"
      ],
      "ocorrencias": 9,
      "fonte": "",
      "concordancias": [
        {
          "referencia": "Jó 26.12",
          "texto": "o mar e com o seu entendimento A. a sua soberba."
        },
        {
          "referencia": "S175.7",
          "texto": "Mas Deus é o juiz; a um À. e a outro exalta."
        },
        {
          "referencia": "S1147.6",
          "texto": "Senhor eleva os humildes e A. os ímpios até à terra."
        },
        {
          "referencia": "Provérbios 12.25",
          "texto": "no coração do homem o Á., mas uma boa palavra"
        },
        {
          "referencia": "Provérbios 15.13",
          "texto": "o rosto, mas, pela dor do coração, o espírito se A.."
        },
        {
          "referencia": "Provérbios 21.14",
          "texto": "que se dá em segredo A. a ira, e a dádiva no"
        },
        {
          "referencia": "Isaías 2.9",
          "texto": "Ali, o povo se Á., e os nobres se humilham;"
        },
        {
          "referencia": "Isaías 26.5",
          "texto": "Porque ele À. os que habitam em lugares sublimes,"
        },
        {
          "referencia": "Lamentações 3.20",
          "texto": "alma, certamente, se lembra e se À. dentro de mim."
        }
      ]
    }
  ]
}