{
  "a": [
    {
      "palavra": "abate-o",
      "veja tambem": ["abater", "derrubar", "derrubado"],
      "ocorrencias": 1,
      "fonte": "Strong's H5307 (נָפַל/napal)",
      "concordancias": [
        {
          "referencia": "Jó 40.11",
          "texto": "da tua ira, e atenta para todo soberbo, e A.."
        }
      ]
    },
    {
      "palavra": "abate-os",
      "veja tambem": [
        "abater"
      ],
      "ocorrencias": 1,
      "fonte": "",
      "concordancias": [
        {
          "referencia": "S159.11",
          "texto": "espalha-os pelo teu poder e A., ó Senhor,"
        }
      ]
    },
    {
      "palavra": "abatem",
      "veja tambem": [
        "abater"
      ],
      "ocorrencias": 0,
      "fonte": "",
      "concordancias": []
    },
    {
      "palavra": "abater",
      "veja tambem": [],
      "ocorrencias": 2,
      "fonte": "",
      "concordancias": [
        {
          "referencia": "2 Samuel 22.40",
          "texto": "para a peleja, fizeste A. debaixo de mim os"
        },
        {
          "referencia": "Isaías 45.1",
          "texto": "pela sua mão direita, para Á. as nações diante"
        }
      ]
    },
    {
      "palavra": "abaterá",
      "veja tambem": [
        "abater"
      ],
      "ocorrencias": 5,
      "fonte": "",
      "concordancias": [
        {
          "referencia": "Levítico 27.18",
          "texto": "ao Ano do Jubileu, e isto se À. da tua avaliação."
        },
        {
          "referencia": "Provérbios 29.23",
          "texto": "A soberba do homem o A., mas o humilde de"
        },
        {
          "referencia": "Isaías 2.17",
          "texto": "ea altivez dos varões se Á., e só o Senhor"
        },
        {
          "referencia": "Isaías 5.15",
          "texto": "Então, o plebeu se A., e o nobre se humilhará; e"
        },
        {
          "referencia": "Daniel 7.24",
          "texto": "será diferente dos primeiros e A. a três reis."
        }
      ]
    },
    {
      "palavra": "abateram",
      "veja tambem": [],
      "ocorrencias": 2,
      "fonte": "",
      "concordancias": [
        {
          "referencia": "Isaías 46.2",
          "texto": "se encurvaram ese A.; não puderam"
        },
        {
          "referencia": "Lamentações 29",
          "texto": "A. as suas portas; ele destruiu e quebrou os"
        }
      ]
    },
    {
      "palavra": "abateram-se",
      "veja tambem": [
        "abater"
      ],
      "ocorrencias": 1,
      "fonte": "",
      "concordancias": [
        {
          "referencia": "Neemias 6.16",
          "texto": "que havia em roda de nós e Á. muito em"
        }
      ]
    },
    {
      "palavra": "abaterás",
      "veja tambem": [],
      "ocorrencias": 2,
      "fonte": "",
      "concordancias": [
        {
          "referencia": "2 Samuel 22.28",
          "texto": "mas teus olhos são contra os altivos, e tu os A.."
        },
        {
          "referencia": "Isaías 25.5",
          "texto": "o calor em lugar seco, tu À, o ímpeto dos"
        }
      ]
    },
    {
      "palavra": "abatereil",
      "veja tambem": [
        "abater"
      ],
      "ocorrencias": 1,
      "fonte": "",
      "concordancias": [
        {
          "referencia": "Isaías 13.11",
          "texto": "a arrogância dos atrevidos e A. a soberba dos tiranos."
        }
      ]
    },
    {
      "palavra": "abatereis",
      "veja tambem": [
        "abater"
      ],
      "ocorrencias": 1,
      "fonte": "",
      "concordancias": [
        {
          "referencia": "Deuteronômio 12.3",
          "texto": "bosques queimareis a fogo, e À. as imagens"
        }
      ]
    },
    {
      "palavra": "abaterem",
      "veja tambem": [
        "abater"
      ],
      "ocorrencias": 1,
      "fonte": "",
      "concordancias": [
        {
          "referencia": "Jó 22.29",
          "texto": "Quando te A., então, tu dirás: Haja exaltação!"
        }
      ]
    },
    {
      "palavra": "abateria",
      "veja tambem": [
        "abater"
      ],
      "ocorrencias": 0,
      "fonte": "",
      "concordancias": []
    },
    {
      "palavra": "abates",
      "veja tambem": [
        "abater"
      ],
      "ocorrencias": 1,
      "fonte": "",
      "concordancias": [
        {
          "referencia": "Isaías 57.9",
          "texto": "embaixadores para longe e te A. até aos infernos."
        }
      ]
    },
    {
      "palavra": "abateste",
      "veja tambem": [],
      "ocorrencias": 3,
      "fonte": "",
      "concordancias": [
        {
          "referencia": "Juízes 11.35",
          "texto": "Ah! Filha minha, muito me A. e és dentre"
        },
        {
          "referencia": "Neemias 9.24",
          "texto": "e tomaram aquela terra; e 4. perante eles os"
        },
        {
          "referencia": "SI88.7",
          "texto": "pesa a tua cólera; tu me A. com todas as"
        }
      ]
    },
    {
      "palavra": "abateu",
      "veja tambem": [
        "abater"
      ],
      "ocorrencias": 5,
      "fonte": "",
      "concordancias": [
        {
          "referencia": "1 Crônicas 18.1",
          "texto": "Davi feriu os filisteus e os A.; tomou a Gate e"
        },
        {
          "referencia": "SI 107.12",
          "texto": "eis que lhes A. o coração com trabalho;"
        },
        {
          "referencia": "Jeremias 46.15",
          "texto": "Não se puderam ter em pé, porque o Senhor os Á.."
        },
        {
          "referencia": "Lamentações 1.14",
          "texto": "sobre o meu pescoço, e ele À, a minha força;"
        },
        {
          "referencia": "Lamentações 2.2",
          "texto": "da filha de Judá e as A. até à terra;"
        }
      ]
    },
    {
      "palavra": "abateu-me",
      "veja tambem": [
        "abater"
      ],
      "ocorrencias": 0,
      "fonte": "",
      "concordancias": []
    },
    {
      "palavra": "abati",
      "veja tambem": [
        "abater"
      ],
      "ocorrencias": 4,
      "fonte": "",
      "concordancias": [
        {
          "referencia": "1 Crônicas 17.10",
          "texto": "o meu povo de Israel; porém À. todos os teus"
        },
        {
          "referencia": "Isaías 10.13",
          "texto": "seus tesouros, e, como valente, À. aos que se"
        },
        {
          "referencia": "Ezequiel 17.24",
          "texto": "do campo que eu, o Senhor, À. a árvore alta,"
        },
        {
          "referencia": "Oséias 6.5",
          "texto": "Por isso, os À. pelos profetas; pela palavra da"
        }
      ]
    },
    {
      "palavra": "abatia",
      "veja tambem": [
        "abater"
      ],
      "ocorrencias": 1,
      "fonte": "",
      "concordancias": [
        {
          "referencia": "Daniel 5.19",
          "texto": "e a quem queria engrandecia e a quem queria A.."
        }
      ]
    },
    {
      "palavra": "absinto",
      "veja tambem": [],
      "ocorrencias": 6,
      "fonte": "",
      "concordancias": [
        {
          "referencia": "Deuteronômio 29.18",
          "texto": "para que entre vós não haja raiz que dê fel e A.,"
        },
        {
          "referencia": "Provérbios 5.4",
          "texto": "seu fim é amargoso como o Á., agudo como a"
        },
        {
          "referencia": "Lamentações 3.15",
          "texto": "Fartou-me de amarguras, saciou-me de Á.."
        },
        {
          "referencia": "Lamentações 3.19",
          "texto": "da minha aflição e do meu pranto, do 4. e do fel."
        },
        {
          "referencia": "Apocalipse 8.11",
          "texto": "E o nome da estrela era Á., eaterça parte das"
        },
        {
          "referencia": "Apocalipse 8.11",
          "texto": "das águas tornou-se em Á., e muitos homens"
        }
      ]
    },
    {
      "palavra": "absolutamente",
      "veja tambem": [],
      "ocorrencias": 4,
      "fonte": "",
      "concordancias": [
        {
          "referencia": "Jeremias 42.15",
          "texto": "Deus de Israel: Se vós, Á.,"
        },
        {
          "referencia": "Atos 4.18",
          "texto": "disseram-lhes que Å. não"
        },
        {
          "referencia": "1 Coríntios 5.10",
          "texto": "isso não quer dizer A, com os devassos"
        },
        {
          "referencia": "1 Coríntios 15.29",
          "texto": "se batizam pelos mortos, se 4. os mortos"
        }
      ]
    },
    {
      "palavra": "absolvido",
      "veja tambem": [],
      "ocorrencias": 3,
      "fonte": "",
      "concordancias": [
        {
          "referencia": "Êxodo 21.19",
          "texto": "aquele que o feriu será A.; somente lhe"
        },
        {
          "referencia": "Êxodo 21.28",
          "texto": "carne se não comerá; mas o dono do boi será Á.."
        },
        {
          "referencia": "Isaías 33.24",
          "texto": "o povo que habitar nela será A. da sua iniquidade."
        }
      ]
    },
    {
      "palavra": "absorvido",
      "veja tambem": [],
      "ocorrencias": 1,
      "fonte": "",
      "concordancias": [
        {
          "referencia": "2 Coríntios 5.4",
          "texto": "revestidos, para que o mortal seja 4. pela vida."
        }
      ]
    },
    {
      "palavra": "abstém",
      "veja tambem": [
        "abster"
      ],
      "ocorrencias": 1,
      "fonte": "",
      "concordancias": [
        {
          "referencia": "1 Coríntios 9.25",
          "texto": "aquele que luta de tudo se À.; eles o fazem para"
        }
      ]
    },
    {
      "palavra": "abstende-vos",
      "veja tambem": [],
      "ocorrencias": 1,
      "fonte": "",
      "concordancias": [
        {
          "referencia": "1 Tessalonicenses 5.22",
          "texto": "A, de toda aparência do mal."
        }
      ]
    },
    {
      "palavra": "abstendo-te",
      "veja tambem": [
        "abster"
      ],
      "ocorrencias": 1,
      "fonte": "",
      "concordancias": [
        {
          "referencia": "Deuteronômio 23.22",
          "texto": "Porém, A. de votar, não haverá pecado em ti."
        }
      ]
    },
    {
      "palavra": "abstenhais",
      "veja tambem": [],
      "ocorrencias": 3,
      "fonte": "",
      "concordancias": [
        {
          "referencia": "Atos 15.29",
          "texto": "Que vos Á. das coisas sacrificadas aos"
        },
        {
          "referencia": "1 Tessalonicenses 43",
          "texto": "vossa santificação: que vos À. da prostituição,"
        },
        {
          "referencia": "1 Pedro 2.11",
          "texto": "e forasteiros, que vos Á, das"
        }
      ]
    },
    {
      "palavra": "abstenham",
      "veja tambem": [
        "abster"
      ],
      "ocorrencias": 1,
      "fonte": "",
      "concordancias": [
        {
          "referencia": "Atos 15.20",
          "texto": "mas escrever-lhes que se A. das contaminações"
        }
      ]
    },
    {
      "palavra": "absteve",
      "veja tambem": [
        "abster"
      ],
      "ocorrencias": 1,
      "fonte": "",
      "concordancias": [
        {
          "referencia": "1 Samuel 14.24",
          "texto": "Pelo que todo o povo se A. de provar pão."
        }
      ]
    },
    {
      "palavra": "abstiveram",
      "veja tambem": [
        "abster"
      ],
      "ocorrencias": 0,
      "fonte": "",
      "concordancias": []
    },
    {
      "palavra": "ães",
      "veja tambem": [
        "cão"
      ],
      "ocorrencias": 23,
      "fonte": "",
      "concordancias": [
        {
          "referencia": "Êxodo 22.31",
          "texto": "carne despedaçada no campo; aos C. a lançareis."
        },
        {
          "referencia": "IRs 14.11",
          "texto": "a Jeroboão na cidade, os C. o comerão, e o que"
        },
        {
          "referencia": "IRs 16.4",
          "texto": "a Baasa na cidade, os C. o comerão; e o que"
        },
        {
          "referencia": "LRs 21.19",
          "texto": "diz o Senhor: No lugar em que os C, lamberam o"
        },
        {
          "referencia": "1 Reis 21.19",
          "texto": "lamberam o sangue de Nabote, os C., lamberão o"
        },
        {
          "referencia": "IRs 21.23",
          "texto": "falou o Senhor, fendo: Os C. comerão Jezabel"
        },
        {
          "referencia": "IRs 21.24",
          "texto": "Acabe morrer na cidade, os C. o comerão, e o que"
        },
        {
          "referencia": "IRs 22.38",
          "texto": "no tanque de Samaria, os C. lamberam o seu"
        },
        {
          "referencia": "2 Reis 9.10",
          "texto": "E os C, comerão a Jezabel no pedaço de campo de"
        },
        {
          "referencia": "2 Reis 9.36",
          "texto": "No pedaço do campo de Jezreel, os C. comerão a"
        },
        {
          "referencia": "Jó 30.1",
          "texto": "eu teria desdenhado de pôr com os C. do meu rebanho."
        },
        {
          "referencia": "S122.16",
          "texto": "Pois me rodearam C.; o ajuntamento de malfeitores"
        },
        {
          "referencia": "S159.6",
          "texto": "à tarde; dão ganidos como C., rodeando a cidade."
        },
        {
          "referencia": "S159.14",
          "texto": "à tarde e deem ganidos como C., rodeando a cidade."
        },
        {
          "referencia": "S168.23",
          "texto": "inimigos, e nele mergulhe até a língua dos teus C.."
        },
        {
          "referencia": "Isaías 34.14",
          "texto": "E os C. bravos se encontrarão com os gatos bravos;"
        },
        {
          "referencia": "Isaías 56.10",
          "texto": "cegos, nada sabem; todos são C. mudos, não podem"
        },
        {
          "referencia": "Isaías 56.11",
          "texto": "E estes C. são gulosos, não se podem fartar; e eles"
        },
        {
          "referencia": "Je 15.3",
          "texto": "com espada para matar, e com C., para os"
        },
        {
          "referencia": "Mateus 7.6",
          "texto": "Não deis aos C. as coisas santas, nem deiteis aos"
        },
        {
          "referencia": "Lucas 16.21",
          "texto": "mesa do rico; e os próprios C. vinham lamber-lhe as"
        },
        {
          "referencia": "Filipenses 3.2",
          "texto": "Guardai-vos dos C., guardai-vos dos maus obreiros,"
        },
        {
          "referencia": "Apocalipse 22.15",
          "texto": "Ficarão de fora os C. e os feiticeiros, e os que se"
        }
      ]
    }
  ]
}