{
  "a": [
    {
      "palavra": "abundante",
      "veja tambem": ["abundância", "muito", "farto"],
      "ocorrencias": 14,
      "fonte": "Strong's H7227 (רַב/rab)",
      "concordancias": [
        {
          "referencia": "Gênesis 49.20",
          "texto": "De Aser, o seu pão será Á. e ele dará delícias reais."
        },
        {
          "referencia": "Deuteronômio 8.8",
          "texto": "romeiras; terra de oliveiras, A. de azeite e mel;"
        },
        {
          "referencia": "1 Reis 18.41",
          "texto": "come e bebe, porque ruído há de uma À. chuva."
        },
        {
          "referencia": "Salmos 107.37",
          "texto": "campos, e plantam vinhas, que produzem fruto A.."
        },
        {
          "referencia": "SI 130.7",
          "texto": "Senhor há misericórdia, e nele há 4. redenção,"
        },
        {
          "referencia": "Isaías 54.13",
          "texto": "do Senhor; e a paz de teus filhos será A.."
        },
        {
          "referencia": "Daniel 4.12",
          "texto": "era formosa, e o seu fruto, A., e havia nela"
        },
        {
          "referencia": "Daniel 4.21",
          "texto": "formosas, e o seu fruto, Á., e em que para"
        },
        {
          "referencia": "Atos 433",
          "texto": "do Senhor Jesus, e em todos eles havia À. graça."
        },
        {
          "referencia": "Romanos 6.1",
          "texto": "no pecado, para que a graça seja mais A.?"
        },
        {
          "referencia": "2 Coríntios 4.15",
          "texto": "por meio de muitos, torne À. a ação de"
        },
        {
          "referencia": "2 Coríntios 7.15",
          "texto": "afeto para convosco é mais Á., lembrando-se da"
        },
        {
          "referencia": "2 Coríntios 9.8",
          "texto": "é poderoso para tornar Á. em vós toda"
        },
        {
          "referencia": "Efésios 1.8",
          "texto": "que Ele tornou Á. para conosco em toda a"
        }
      ]
    },
    {
      "palavra": "abundantemente",
      "veja tambem": [
        "abundante"
      ],
      "ocorrencias": 24,
      "fonte": "",
      "concordancias": [
        {
          "referencia": "Gênesis 120",
          "texto": "Deus: Produzam as águas Á. répteis de"
        },
        {
          "referencia": "Gênesis 1.21",
          "texto": "alma vivente que as águas Á. produziram"
        },
        {
          "referencia": "Gênesis 8.17",
          "texto": "traze fora contigo; e povoem 5 a"
        },
        {
          "referencia": "Gênesis 9.7",
          "texto": "e multiplicai-vos; povoai À. a terra e"
        },
        {
          "referencia": "Deuteronômio 15.4",
          "texto": "haja pobre; pois o Senhor A. te"
        },
        {
          "referencia": "1 Samuel 1.10",
          "texto": "de alma, orou ao Senhor e chorou Á.."
        },
        {
          "referencia": "1 Crônicas 4.38",
          "texto": "famílias de seus pais se multiplicaram A.."
        },
        {
          "referencia": "Jó 36.28",
          "texto": "nuvens destilam e gotejam sobre o homem A.."
        },
        {
          "referencia": "Salmos 132.15",
          "texto": "Abençoarei Á. o seu mantimento; fartarei"
        },
        {
          "referencia": "Salmos 145.7",
          "texto": "Publicarão A. a memória da tua grande"
        },
        {
          "referencia": "Provérbios 1.23",
          "texto": "minha repreensão; eis que À. derramarei"
        },
        {
          "referencia": "Provérbios 3.10",
          "texto": "encherão os teus celeiros A., e"
        },
        {
          "referencia": "Eclesiastes 1.16",
          "texto": "o meu coração contemplou Å. a"
        },
        {
          "referencia": "Cânticos 5.1",
          "texto": "o meu leite. Comei, amigos, bebei A., ó amados."
        },
        {
          "referencia": "Isaías 15.3",
          "texto": "praças, todos andam uivando e choram A.."
        },
        {
          "referencia": "Isaías 35.2",
          "texto": "4, florescerá e também regurgitará de"
        },
        {
          "referencia": "Jeremias 22.10",
          "texto": "nem o lastimeis; chorai A aquele"
        },
        {
          "referencia": "2 Coríntios 2.4",
          "texto": "que conhecêsseis o amor que A. vos tenho."
        },
        {
          "referencia": "2 Coríntios 10.15",
          "texto": "crescendo a vossa fé, seremos 4."
        },
        {
          "referencia": "Efésios 3.20",
          "texto": "para fazer tudo muito mais A. além"
        },
        {
          "referencia": "C13.16",
          "texto": "de Cristo habite em vós Á., em toda a"
        },
        {
          "referencia": "1 Tessalonicenses 3.10",
          "texto": "orando A. dia e noite, para que possamos"
        },
        {
          "referencia": "Tito 3.6",
          "texto": "que A. ele derramou sobre nós por Jesus"
        },
        {
          "referencia": "Hebreus 6.17",
          "texto": "querendo Deus mostrar mais À. a"
        }
      ]
    },
    {
      "palavra": "abundantes",
      "veja tambem": [
        "abundante"
      ],
      "ocorrencias": 5,
      "fonte": "",
      "concordancias": [
        {
          "referencia": "Isaías 33.23",
          "texto": "estenderam; então, a presa de Á, despojos se"
        },
        {
          "referencia": "1 Coríntios 15.58",
          "texto": "firmes e constantes, sempre Á. na obra do"
        },
        {
          "referencia": "2 Coríntios 1.5",
          "texto": "as aflições de Cristo são A. em nós, assim"
        },
        {
          "referencia": "2 Coríntios 8.7",
          "texto": "assim como em tudo sois À. na fé, e na"
        },
        {
          "referencia": "Efésios 2.7",
          "texto": "nos séculos vindouros as Á, riquezas da sua"
        }
      ]
    },
    {
      "palavra": "abundará",
      "veja tambem": [
        "abundar"
      ],
      "ocorrencias": 1,
      "fonte": "",
      "concordancias": [
        {
          "referencia": "Provérbios 28.20",
          "texto": "O homem fiel A, em bênçãos, mas o que se"
        }
      ]
    },
    {
      "palavra": "abundasse",
      "veja tambem": [
        "abundar"
      ],
      "ocorrencias": 1,
      "fonte": "",
      "concordancias": [
        {
          "referencia": "Romanos 5.20",
          "texto": "a lei para que a ofensa A.; mas, onde o"
        }
      ]
    },
    {
      "palavra": "abundeis",
      "veja tambem": [],
      "ocorrencias": 2,
      "fonte": "",
      "concordancias": [
        {
          "referencia": "Romanos 15.13",
          "texto": "e paz em crença, para que À. em esperança"
        },
        {
          "referencia": "2 Coríntios 8.7",
          "texto": "amor para conosco, assim também A. nessa graça."
        }
      ]
    },
    {
      "palavra": "ão-se",
      "veja tambem": [
        "dar"
      ],
      "ocorrencias": 1,
      "fonte": "",
      "concordancias": [
        {
          "referencia": "Lucas 20.34",
          "texto": "Os filhos deste mundo casam-se e D, em casamento,"
        }
      ]
    },
    {
      "palavra": "ã-lo-ei",
      "veja tambem": [
        "deixar"
      ],
      "ocorrencias": 2,
      "fonte": "",
      "concordancias": [
        {
          "referencia": "2 Crônicas 18.5",
          "texto": "contra Ramote-Gileade ou D.? E eles"
        },
        {
          "referencia": "2 Crônicas 18.14",
          "texto": "a Ramote-Gileade à guerra ou D.? E ele"
        }
      ]
    },
    {
      "palavra": "abundou",
      "veja tambem": [],
      "ocorrencias": 3,
      "fonte": "",
      "concordancias": [
        {
          "referencia": "Romanos 3.7",
          "texto": "Mas, se pela minha mentira A. mais a verdade de"
        },
        {
          "referencia": "Romanos 5.15",
          "texto": "é de um só homem, Jesus Cristo, A. sobre muitos."
        },
        {
          "referencia": "Romanos 5.20",
          "texto": "abundasse; mas, onde o pecado A., superabundou"
        }
      ]
    },
    {
      "palavra": "abusar",
      "veja tambem": [],
      "ocorrencias": 1,
      "fonte": "",
      "concordancias": [
        {
          "referencia": "1 Coríntios 9.18",
          "texto": "o evangelho de Cristo, para não Á. do meu poder"
        }
      ]
    },
    {
      "palavra": "abusaram",
      "veja tambem": [
        "abusar"
      ],
      "ocorrencias": 1,
      "fonte": "",
      "concordancias": [
        {
          "referencia": "Juízes 19.25",
          "texto": "fora; e eles a conheceram, e A. dela toda a"
        }
      ]
    },
    {
      "palavra": "abusassem",
      "veja tambem": [
        "abusar"
      ],
      "ocorrencias": 1,
      "fonte": "",
      "concordancias": [
        {
          "referencia": "1 Coríntios 7.31",
          "texto": "mundo, como se dele não A., porque a"
        }
      ]
    },
    {
      "palavra": "abuse",
      "veja tambem": [
        "abusar"
      ],
      "ocorrencias": 1,
      "fonte": "",
      "concordancias": [
        {
          "referencia": "1 Coríntios 5.1",
          "texto": "os gentios, como é haver quem A. da mulher de se:"
        }
      ]
    },
    {
      "palavra": "abutre",
      "veja tambem": [],
      "ocorrencias": 1,
      "fonte": "",
      "concordancias": [
        {
          "referencia": "Levítico 11.14",
          "texto": "e o milhano, e o 4. segundo a sua espécie,"
        }
      ]
    },
    {
      "palavra": "abutres",
      "veja tambem": [
        "abutre"
      ],
      "ocorrencias": 1,
      "fonte": "",
      "concordancias": [
        {
          "referencia": "Isaías 34.15",
          "texto": "da sua sombra; também ali os A. se ajuntarão"
        }
      ]
    },
    {
      "palavra": "acabá-lo-ei",
      "veja tambem": [
        "acabar"
      ],
      "ocorrencias": 1,
      "fonte": "",
      "concordancias": [
        {
          "referencia": "1 Samuel 3.12",
          "texto": "falado contra a sua casa; começá-lo-eie Á.."
        }
      ]
    },
    {
      "palavra": "acabada",
      "veja tambem": [
        "acabar"
      ],
      "ocorrencias": 6,
      "fonte": "",
      "concordancias": [
        {
          "referencia": "Esdras 5.16",
          "texto": "para cá se está edificando e ainda não está A.."
        },
        {
          "referencia": "Jó 29.22",
          "texto": "A, a minha palavra, não replicavam, e minhas"
        },
        {
          "referencia": "Isaías 24.13",
          "texto": "e como os rabiscos, quando está Á, a vindima."
        },
        {
          "referencia": "Isaías 40.2",
          "texto": "que já a sua servidão é A., que a sua"
        },
        {
          "referencia": "Zacarias 5.11",
          "texto": "de Sinar, e, estando ela A., ele será posto"
        },
        {
          "referencia": "Jó 13.2",
          "texto": "E, À. a ceia, tendo já o diabo posto no coração"
        }
      ]
    },
    {
      "palavra": "acabadas",
      "veja tambem": [],
      "ocorrencias": 2,
      "fonte": "",
      "concordancias": [
        {
          "referencia": "Esdras 9.1",
          "texto": "Á., pois, essas coisas, chegaram-se a mim os"
        },
        {
          "referencia": "Hebreus 43",
          "texto": "embora as suas obras estivessem À. desde a"
        }
      ]
    },
    {
      "palavra": "acabado",
      "veja tambem": [
        "acabar"
      ],
      "ocorrencias": 9,
      "fonte": "",
      "concordancias": [
        {
          "referencia": "Gênesis 2.2",
          "texto": "E, havendo Deus Á. no dia sétimo a sua obra, que"
        },
        {
          "referencia": "Gênesis 47.18",
          "texto": "E, A. aquele ano, vieram a ele no segundo ano e"
        },
        {
          "referencia": "Gênesis 47.18",
          "texto": "meu senhor que o dinheiro é A., e meu senhor"
        },
        {
          "referencia": "Levítico 16.20",
          "texto": "Havendo, pois, À. de expiar o santuário, e a"
        },
        {
          "referencia": "Números 4.15",
          "texto": "filhos, ao partir do arraial, A. de cobrir o"
        },
        {
          "referencia": "Rute 3.3",
          "texto": "conhecer ao homem, até que tenha À. de comer e beber."
        },
        {
          "referencia": "IRs 1.41",
          "texto": "estavam com ele, que tinham A. de comer; também"
        },
        {
          "referencia": "Isaías 10.12",
          "texto": "que, havendo o Senhor À. toda a sua obra"
        },
        {
          "referencia": "Daniel 12.7",
          "texto": "de um tempo, e quando tiverem A, de destruir"
        }
      ]
    },
    {
      "palavra": "acabados",
      "veja tambem": [],
      "ocorrencias": 2,
      "fonte": "",
      "concordancias": [
        {
          "referencia": "Gênesis 2.1",
          "texto": "céus, e a terra, e todo o seu exército foram A.."
        },
        {
          "referencia": "Ester 1.5",
          "texto": "E, A. aqueles dias, fez o rei um convite a todo"
        }
      ]
    },
    {
      "palavra": "acabai",
      "veja tambem": [
        "acabar"
      ],
      "ocorrencias": 1,
      "fonte": "",
      "concordancias": [
        {
          "referencia": "Êxodo 5.13",
          "texto": "os apertavam, dizendo: A. vossa obra, a"
        }
      ]
    },
    {
      "palavra": "acabam",
      "veja tambem": [
        "acabar"
      ],
      "ocorrencias": 1,
      "fonte": "",
      "concordancias": [
        {
          "referencia": "Daniel 5.15",
          "texto": "4, de ser introduzidos à minha presença os sábios"
        }
      ]
    },
    {
      "palavra": "acabam-se",
      "veja tambem": [
        "acabar"
      ],
      "ocorrencias": 1,
      "fonte": "",
      "concordancias": [
        {
          "referencia": "S190.9",
          "texto": "passando na tua indignação; A. os nossos anos"
        }
      ]
    },
    {
      "palavra": "ão-mor",
      "veja tambem": [],
      "ocorrencias": 2,
      "fonte": "",
      "concordancias": [
        {
          "referencia": "2 Reis 25.19",
          "texto": "na cidade, como também ao E. do"
        },
        {
          "referencia": "Jeremias 52.25",
          "texto": "na cidade, como também o E. do"
        }
      ]
    }
  ]
}