{
  "a": [
    {
      "palavra": "acabando",
      "veja tambem": [
        "acabar"
      ],
      "ocorrencias": 41,
      "fonte": "Strong: H3615, H3617; Concordância de Strong, Dicionário Bíblico",
      "concordancias": [
        {
          "referencia": "Gênesis 24.19",
          "texto": "E, Á, ela de lhe dar de beber, disse: Tirarei"
        },
        {
          "referencia": "Gênesis 24.22",
          "texto": "E aconteceu que, Á, os camelos de beber, tomou"
        },
        {
          "referencia": "Gênesis 27.30",
          "texto": "E aconteceu que, Á, Isaque de abençoar a Jacó,"
        },
        {
          "referencia": "Gênesis 44.12",
          "texto": "começando no maior e A. no mais novo; e"
        },
        {
          "referencia": "Gênesis 49.33",
          "texto": "Á., pois, Jacó de dar mandamentos a seus"
        },
        {
          "referencia": "Números 16.31",
          "texto": "E aconteceu que, À. ele de falar todas estas"
        },
        {
          "referencia": "Deuteronômio 31.24",
          "texto": "E aconteceu que, A. Moisés de escrever as"
        },
        {
          "referencia": "Deuteronômio 32.45",
          "texto": "E, 4. Moisés de falar todas estas palavras a"
        },
        {
          "referencia": "Josué 4.1",
          "texto": "Sucedeu, pois, que, Á. todo o povo de passar o"
        },
        {
          "referencia": "Josué 5.8",
          "texto": "E aconteceu que, Á. de circuncidar toda a"
        },
        {
          "referencia": "Josué 8.24",
          "texto": "E sucedeu que, Á. os israelitas de matar todos"
        },
        {
          "referencia": "Josué 10.20",
          "texto": "E sucedeu que, À. Josué e os filhos de Israel"
        },
        {
          "referencia": "Josué 19.49",
          "texto": "A., pois, de repartir a terra em herança"
        },
        {
          "referencia": "Juízes 3.18",
          "texto": "E sucedeu que, A. de entregar o presente,"
        },
        {
          "referencia": "Juízes 15.17",
          "texto": "E aconteceu que, A. ele de falar, lançou a"
        },
        {
          "referencia": "Juízes 19.9",
          "texto": "passes a noite; eis que já o dia vai A.; passa"
        },
        {
          "referencia": "1 Samuel 10.13",
          "texto": "E, Á. de profetizar, veio ao alto."
        },
        {
          "referencia": "1 Samuel 13.10",
          "texto": "E sucedeu que, 4. ele de oferecer o holocausto,"
        },
        {
          "referencia": "1 Samuel 18.1",
          "texto": "E Sucedeu que, À. ele de falar com Saul, a alma"
        },
        {
          "referencia": "1 Samuel 24.16",
          "texto": "E sucedeu que, A. Davi de falar a Saul todas"
        },
        {
          "referencia": "2 Samuel 6.18",
          "texto": "E, À. Davi de oferecer os holocaustos e ofertas"
        },
        {
          "referencia": "2 Samuel 11.19",
          "texto": "ao mensageiro, dizendo: Á. tu de contar ao"
        },
        {
          "referencia": "1 Reis 8.54",
          "texto": "Sucedeu, pois, que, A. Salomão de fazer ao"
        },
        {
          "referencia": "1 Reis 9.1",
          "texto": "Sucedeu, pois, que, A. Salomão de edificar a"
        },
        {
          "referencia": "2 Reis 10.25",
          "texto": "E sucedeu que, Á. de fazer o holocausto, disse"
        },
        {
          "referencia": "1 Crônicas 16.2",
          "texto": "E, À. Davi de oferecer os holocaustos e"
        },
        {
          "referencia": "2 Crônicas 7.1",
          "texto": "E, À. Salomão de orar, desceu fogo do céu e"
        },
        {
          "referencia": "2 Crônicas 20.23",
          "texto": "os destruir e exterminar; e, A. eles com os"
        },
        {
          "referencia": "2 Crônicas 29.29",
          "texto": "E, A. de o oferecer, o rei e todos quantos com"
        },
        {
          "referencia": "2 Crônicas 31.1",
          "texto": "E, À. tudo isso, todos os israelitas que ali se"
        },
        {
          "referencia": "Jó 42.7",
          "texto": "Sucedeu, pois, que, 4. o Senhor de dizer a Jó"
        },
        {
          "referencia": "S171.9",
          "texto": "me desampares, quando se for 4, a minha força."
        },
        {
          "referencia": "Isaías 33.1",
          "texto": "perfidamente contra ti! A. tu de despojar,"
        },
        {
          "referencia": "Isaías 33.1",
          "texto": "despojar, serás despojado; e, A. tu de tratar"
        },
        {
          "referencia": "Jeremias 26.8",
          "texto": "E sucedeu que, À. Jeremias de dizer tudo quanto"
        },
        {
          "referencia": "Jeremias 43.1",
          "texto": "E sucedeu que, À. Jeremias de anunciar a todo o"
        },
        {
          "referencia": "Jeremias 51.63",
          "texto": "E será que, Á. tu de ler este livro, o atarás a"
        },
        {
          "referencia": "Ezequiel 42.15",
          "texto": "E, À, ele de medir o templo interior, ele me"
        },
        {
          "referencia": "Ezequiel 43.23",
          "texto": "E, À. tu de o purificar, oferecerás um bezerro"
        },
        {
          "referencia": "Mateus 11.1",
          "texto": "E aconteceu que, Á, Jesus de dar instruções aos"
        },
        {
          "referencia": "Lucas 4.13",
          "texto": "E, À. o diabo toda a tentação, ausentou-se dele"
        }
      ]
    },
    {
      "palavra": "acabando-se",
      "veja tambem": [
        "acabar"
      ],
      "ocorrencias": 2,
      "fonte": "Strong: H3615; Concordância de Strong",
      "concordancias": [
        {
          "referencia": "Gênesis 47.15",
          "texto": "Á., pois, o dinheiro na terra do Egito e na"
        },
        {
          "referencia": "Apocalipse 20.7",
          "texto": "E, A. os mil anos, Satanás será solto da sua prisão"
        }
      ]
    },
    {
      "palavra": "acabar",
      "veja tambem": ["acabar", "finalizar", "concluir"],
      "ocorrencias": 14,
      "fonte": "Strong: H3615; Concordância de Strong",
      "concordancias": [
        {
          "referencia": "Números 17.10",
          "texto": "filhos rebeldes; assim, farás A. as suas"
        },
        {
          "referencia": "Deuteronômio 31.24",
          "texto": "as palavras desta Lei num livro, até de todo as A.,"
        },
        {
          "referencia": "Josué 5.6",
          "texto": "Israel pelo deserto, até se A. toda a nação, os"
        },
        {
          "referencia": "1 Reis 6.22",
          "texto": "a casa cobriu de ouro, até A. toda a casa;"
        },
        {
          "referencia": "2 Crônicas 8.16",
          "texto": "da Casa do Senhor, até se A,; e assim se"
        },
        {
          "referencia": "2 Crônicas 29.28",
          "texto": "tocavam; tudo isso, até o holocausto se Á.."
        },
        {
          "referencia": "2 Crônicas 29.34",
          "texto": "os ajudaram, até a obra se Á, e até que os"
        },
        {
          "referencia": "Jeremias 31.23",
          "texto": "e nas suas cidades, quando eu À. o seu cativeiro:"
        },
        {
          "referencia": "Daniel 9.2",
          "texto": "Jeremias, em que haviam de À. as assolações"
        },
        {
          "referencia": "Lucas 14.28",
          "texto": "as contas dos gastos, para ver se tem com que a A.?"
        },
        {
          "referencia": "Lucas 14.29",
          "texto": "alicerces e não a podendo A., todos os que a"
        },
        {
          "referencia": "Lucas 14.30",
          "texto": "Este homem começou a edificar e não pôde A.."
        },
        {
          "referencia": "Hebreus 8.5",
          "texto": "foi avisado, estando já para Á. o tabernáculo;"
        },
        {
          "referencia": "Hebreus 8.13",
          "texto": "foi tornado velho e se envelhece perto está de Á.."
        }
      ]
    },
    {
      "palavra": "acabará",
      "veja tambem": [],
      "ocorrencias": 3,
      "fonte": "Strong: H3615; Concordância de Strong",
      "concordancias": [
        {
          "referencia": "1 Reis 17.14",
          "texto": "A farinha da panela não se A., e o azeite da"
        },
        {
          "referencia": "Isaías 32.10",
          "texto": "seguras; porque a vindima se A., e a colheita"
        },
        {
          "referencia": "Naum 1.8",
          "texto": "inundação transbordante A. de uma vez com o"
        }
      ]
    },
    {
      "palavra": "acabaram",
      "veja tambem": [
        "acabar"
      ],
      "ocorrencias": 8,
      "fonte": "Strong: H3615; Concordância de Strong",
      "concordancias": [
        {
          "referencia": "Gênesis 43.2",
          "texto": "E aconteceu que, como 4. de comer o mantimento"
        },
        {
          "referencia": "Josué 19.51",
          "texto": "da tenda da congregação. E, assim, A. de"
        },
        {
          "referencia": "2 Crônicas 24.10",
          "texto": "oferta, e a lançaram na arca, até que Á. a obra."
        },
        {
          "referencia": "2 Crônicas 29.17",
          "texto": "dias; e, no dia décimo sexto do primeiro mês, A"
        },
        {
          "referencia": "2 Crônicas 31.7",
          "texto": "a fazer os primeiros montões e no sétimo mês"
        },
        {
          "referencia": "Esdras 10.17",
          "texto": "E Á. de tratar com todos os homens que casaram"
        },
        {
          "referencia": "Lucas 2.39",
          "texto": "E, quando 4, de cumprir tudo segundo a lei do"
        },
        {
          "referencia": "Apocalipse 20.5",
          "texto": "até que os mil anos se Á.. Esta éa"
        }
      ]
    },
    {
      "palavra": "acabaram-se",
      "veja tambem": [
        "acabar"
      ],
      "ocorrencias": 3,
      "fonte": "Strong: H3615; Concordância de Strong",
      "concordancias": [
        {
          "referencia": "Gênesis 41.53",
          "texto": "Então, A. os sete anos de fartura que havia"
        },
        {
          "referencia": "1 Samuel 16.11",
          "texto": "Disse mais Samuel a Jessé: 4. os jovens? E"
        },
        {
          "referencia": "Jó 31.40",
          "texto": "cardos, e por cevada, joio. A. as palavras"
        }
      ]
    },
    {
      "palavra": "acabarás",
      "veja tambem": [
        "acabar"
      ],
      "ocorrencias": 4,
      "fonte": "Strong: H3615; Concordância de Strong",
      "concordancias": [
        {
          "referencia": "Gênesis 6.16",
          "texto": "janela e de um côvado a Á, em cima; e a"
        },
        {
          "referencia": "Levítico 23.22",
          "texto": "a sega da vossa terra, não À. de segar os"
        },
        {
          "referencia": "Isaías 38.12",
          "texto": "me cortará; desde a manhã até à noite, me Á.."
        },
        {
          "referencia": "Isaías 38.13",
          "texto": "os meus ossos; desde a manhã até à noite, me A.."
        }
      ]
    },
    {
      "palavra": "acabarei",
      "veja tambem": [],
      "ocorrencias": 4,
      "fonte": "Strong: H3615; Concordância de Strong",
      "concordancias": [
        {
          "referencia": "1 Reis 1.14",
          "texto": "entrarei, depois de ti, e À, as tuas palavras."
        },
        {
          "referencia": "Jeremias 30.18",
          "texto": "Assim diz o Senhor: Eis que A. o cativeiro das"
        },
        {
          "referencia": "Ezequiel 25.7",
          "texto": "destruirei dentre as terras, e À. de todo"
        },
        {
          "referencia": "Ezequiel 34.25",
          "texto": "elas um concerto de paz e Á, com a besta ruim"
        }
      ]
    },
    {
      "palavra": "acabareis",
      "veja tambem": [
        "acabar"
      ],
      "ocorrencias": 1,
      "fonte": "Strong: H3615; Concordância de Strong",
      "concordancias": [
        {
          "referencia": "Mateus 10.23",
          "texto": "em verdade vos digo que não A. de percorrer"
        }
      ]
    },
    {
      "palavra": "acabarem",
      "veja tambem": [
        "acabar"
      ],
      "ocorrencias": 5,
      "fonte": "Strong: H3615; Concordância de Strong",
      "concordancias": [
        {
          "referencia": "Deuteronômio 20.9",
          "texto": "que, quando os oficiais A. de falar ao"
        },
        {
          "referencia": "Deuteronômio 31.30",
          "texto": "de toda a congregação de Israel, até se A.:"
        },
        {
          "referencia": "2 Crônicas 24.14",
          "texto": "E, depois de A., trouxeram o resto do dinheiro"
        },
        {
          "referencia": "Daniel 8.23",
          "texto": "quando os prevaricadores A., se levantará"
        },
        {
          "referencia": "Apocalipse 11.7",
          "texto": "E, quando À. o seu testemunho, a besta que sobe"
        }
      ]
    },
    {
      "palavra": "acabares",
      "veja tambem": [
        "acabar"
      ],
      "ocorrencias": 1,
      "fonte": "Strong: H3615; Concordância de Strong",
      "concordancias": [
        {
          "referencia": "Deuteronômio 26.12",
          "texto": "Quando A. de dizimar todos os dízimos da tua"
        }
      ]
    },
    {
      "palavra": "acabasse",
      "veja tambem": [
        "acabar"
      ],
      "ocorrencias": 5,
      "fonte": "Strong: H3615; Concordância de Strong",
      "concordancias": [
        {
          "referencia": "Gênesis 24.15",
          "texto": "sucedeu que, antes que ele A, de falar, eis"
        },
        {
          "referencia": "Gênesis 24.45",
          "texto": "E, antes que eu À. de falar no meu coração, eis"
        },
        {
          "referencia": "1 Reis 3.1",
          "texto": "à Cidade £ Davi, até que À, de edificar a"
        },
        {
          "referencia": "Jó 6.9",
          "texto": "quebrantar-me, e soltasse a sua mão, e Á. comigo!"
        },
        {
          "referencia": "Jeremias 48.33",
          "texto": "Moabe; porque fiz que o vinho 4. nos lagares;"
        }
      ]
    },
    {
      "palavra": "acabastes",
      "veja tambem": [
        "acabar"
      ],
      "ocorrencias": 1,
      "fonte": "Strong: H3615; Concordância de Strong",
      "concordancias": [
        {
          "referencia": "Êxodo 5.14",
          "texto": "dizendo estes: Por que não À. vossa tarefa"
        }
      ]
    },
    {
      "palavra": "acabava",
      "veja tambem": [
        "acabar"
      ],
      "ocorrencias": 1,
      "fonte": "Strong: H3615; Concordância de Strong",
      "concordancias": [
        {
          "referencia": "Gênesis 27.30",
          "texto": "abençoar a Jacó, apenas Jacó Á. de sair da face"
        }
      ]
    },
    {
      "palavra": "ão-abi",
      "veja tambem": [],
      "ocorrencias": 2,
      "fonte": "Strong: H254, H3615; Concordância de Strong",
      "concordancias": [
        {
          "referencia": "2 Crônicas 2.13",
          "texto": "homem sábio de grande entendimento, a saber, H.,"
        },
        {
          "referencia": "2 Crônicas 4.16",
          "texto": "todos os seus utensílios fez H, ao rei"
        }
      ]
    }
  ]
}