{
  "a": [
    {
      "palavra": "acabe",
      "veja tambem": [
        "acabar"
      ],
      "ocorrencias": 96,
      "fonte": "Strong: H256, H3615; Concordância de Strong, Dicionário Bíblico",
      "concordancias": [
        {
          "referencia": "1 Reis 14.10",
          "texto": "como se lança fora o esterco, até que de todo se 4."
        },
        {
          "referencia": "IRs 16.28",
          "texto": "foi sepultado em Samaria; e A., seu filho, reinou"
        },
        {
          "referencia": "1 Reis 16.29",
          "texto": "de Asa, rei de Judá; e reinou A., filho de Onri,"
        },
        {
          "referencia": "1 Reis 16.30",
          "texto": "E fez A., filho de Onti, o que era mal aos olhos"
        },
        {
          "referencia": "1 Reis 16.33",
          "texto": "Também A. fez um bosque, de maneira que 4. fez"
        },
        {
          "referencia": "1 Reis 16.33",
          "texto": "um bosque, de maneira que À, fez muito mais par:"
        },
        {
          "referencia": "1 Reis 17.1",
          "texto": "moradores de Gileade, disse a Á.: Vive o Senhor,"
        },
        {
          "referencia": "IRs 18.1",
          "texto": "dizendo: Vai e mostra-tea Á., porque darei"
        },
        {
          "referencia": "1 Reis 18.2",
          "texto": "E foi Elias mostrar-se a Á.; e a fome era extrema"
        },
        {
          "referencia": "1 Reis 18.3",
          "texto": "E 4. chamou a Obadias, o mordomo. (Obadias temiz"
        },
        {
          "referencia": "1 Reis 18.5",
          "texto": "E disse A. a Obadias: Vai pela terra a todas as"
        },
        {
          "referencia": "1 Reis 18.6",
          "texto": "para passarem por ela; A. foi à parte por um"
        },
        {
          "referencia": "1 Reis 18.9",
          "texto": "entregues teu servo na mão de A., para que me mate"
        },
        {
          "referencia": "1 Reis 18.12",
          "texto": "e, vindo eu a dar as novas a Å., e não te"
        },
        {
          "referencia": "1 Reis 18.16",
          "texto": "Obadias encontrar-se com Á, e lho anunciou; e"
        },
        {
          "referencia": "1 Reis 18.16",
          "texto": "A. elho anunciou; e foi A. encontrar-se com Elias."
        },
        {
          "referencia": "1 Reis 18.17",
          "texto": "E sucedeu que, vendo A. a Elias, disse-lhe A.:"
        },
        {
          "referencia": "IRs 18.17",
          "texto": "A. a Elias, disse-lhe A.: És tu o"
        },
        {
          "referencia": "1 Reis 18.20",
          "texto": "Então, enviou À. os mensageiros a todos os filhos"
        },
        {
          "referencia": "1 Reis 18.41",
          "texto": "Então, disse Elias a Á.: Sobe, come e bebe, porque"
        },
        {
          "referencia": "IRs 1842",
          "texto": "E Á. subiu a comer e a beber; mas Elias subiu ao"
        },
        {
          "referencia": "IRs 18.44",
          "texto": "Então, disse ele: Sobe e dize a A.: Aparelha o"
        },
        {
          "referencia": "1 Reis 18.45",
          "texto": "e veio uma grande chuva; e À. subiu ao carro e"
        },
        {
          "referencia": "1 Reis 18.46",
          "texto": "e veio correndo perante A., até à entrada de Jezreel"
        },
        {
          "referencia": "1 Reis 19.1",
          "texto": "E Á. fez saber a Jezabel tudo quanto Elias havia"
        },
        {
          "referencia": "1 Reis 20.2",
          "texto": "E enviou à cidade mensageiros, a AÁ., rei de Israel."
        },
        {
          "referencia": "1 Reis 20.13",
          "texto": "que um profeta se chegou a Á,., rei de Israel, e"
        },
        {
          "referencia": "1 Reis 20.14",
          "texto": "E disse A. Por quem? E ele disse: Assim diz o"
        },
        {
          "referencia": "1 Reis 20.33",
          "texto": "Então, Ben-Hadade saiu a eles, e Å, o fez subir"
        },
        {
          "referencia": "1 Reis 20.34",
          "texto": "fez em Samaria. E eu, respondeu A., te deixarei ir"
        },
        {
          "referencia": "1 Reis 21.1",
          "texto": "estava junto ao palácio de Á., rei de Samaria,"
        },
        {
          "referencia": "1 Reis 21.2",
          "texto": "que A. falou a Nabote, dizendo: Dá-me a tua vinha,"
        },
        {
          "referencia": "1 Reis 21.3",
          "texto": "Porém Nabote disse a Á.: Guarde-me o Senhor de"
        },
        {
          "referencia": "IRs 21.4",
          "texto": "Então, A. veio desgostoso e indignado à sua casa,"
        },
        {
          "referencia": "1 Reis 21.8",
          "texto": "escreveu cartas em nome de Á., e as selou com o"
        },
        {
          "referencia": "IRs 21.15",
          "texto": "e morrera, disse Jezabela Á.: Levanta-te e"
        },
        {
          "referencia": "1 Reis 21.16",
          "texto": "E sucedeu que, ouvindo A. que já Nabote era morto"
        },
        {
          "referencia": "1 Reis 21.16",
          "texto": "que já Nabote era morto, Á, se levantou, para"
        },
        {
          "referencia": "1 Reis 21.18",
          "texto": "desce para encontrar-te com A., rei de Israel, que"
        },
        {
          "referencia": "1 Reis 21.20",
          "texto": "E disse Á. a Elias: Já me achaste, inimigo meu? É"
        },
        {
          "referencia": "1 Reis 21.21",
          "texto": "posteridade, e arrancarei de A. a todo homem, como"
        },
        {
          "referencia": "IRs 21.24",
          "texto": "Aquele que de À, morrer na cidade, os cães o"
        },
        {
          "referencia": "IRs 21.25",
          "texto": "Porém ninguém fora como Á., que se vendera para"
        },
        {
          "referencia": "IRs 21.27",
          "texto": "Sucedeu, pois, que Á., ouvindo estas palavras,"
        },
        {
          "referencia": "IRs 21.29",
          "texto": "Não viste que A se humilha perante mim?"
        },
        {
          "referencia": "1 Reis 22.20",
          "texto": "o Senhor: Quem induzirá Á., a que suba e caia"
        },
        {
          "referencia": "1 Reis 22.39",
          "texto": "Quanto ao mais dos atos de Å., ea tudo quanto"
        },
        {
          "referencia": "1 Reis 22.40",
          "texto": "Assim, dormiu A. com seus pais; e Acazias, seu"
        },
        {
          "referencia": "1 Reis 22.41",
          "texto": "sobre Judá no quarto ano de A., rei de Israel."
        },
        {
          "referencia": "1 Reis 22.50",
          "texto": "Então, Acazias, filho de A., disse a Josafá: Vão"
        },
        {
          "referencia": "1 Reis 22.52",
          "texto": "E Acazias, filho de A., começou a reinar em"
        },
        {
          "referencia": "2 Reis 3.1",
          "texto": "E Jorão, filho de A., começou a reinar sobre"
        },
        {
          "referencia": "2 Reis 3.5",
          "texto": "Sucedeu, porém, que, morrendo Á., se revoltou o"
        },
        {
          "referencia": "2 Reis 8.16",
          "texto": "quinto de Jorão, filho de A., rei de Israel,"
        },
        {
          "referencia": "2 Reis 8.18",
          "texto": "fizeram os da casa de A., porque tinha por"
        },
        {
          "referencia": "2 Reis 8.18",
          "texto": "tinha por mulher a filha de A., e fez o que era"
        },
        {
          "referencia": "2 Reis 8.25",
          "texto": "ano doze de Jorão filho de A., rei de Israel,"
        },
        {
          "referencia": "2 Reis 8.27",
          "texto": "no caminho da casa de À, e fez mal aos olhos"
        },
        {
          "referencia": "2 Reis 8.27",
          "texto": "a casa de Á., porque era genro da casa de Á.."
        },
        {
          "referencia": "2 Reis 8.28",
          "texto": "E foi com Jorão, filho de E a Ramote-Gileade, à"
        },
        {
          "referencia": "2 Reis 8.29",
          "texto": "Judá, para ver a Jorão, filho de A., em Jezreel,"
        },
        {
          "referencia": "2 Reis 9.7",
          "texto": "E ferirás a casa de Á., teu senhor, para que eu"
        },
        {
          "referencia": "2 Reis 9.8",
          "texto": "E toda a casa de À. perecerá; e destruirei de"
        },
        {
          "referencia": "2 Reis 9.8",
          "texto": "perecerá; e destruirei de 4. todo varão, tanto o"
        },
        {
          "referencia": "2 Reis 9.9",
          "texto": "Porque à casa de À. hei de fazer como à casa de"
        },
        {
          "referencia": "2 Reis 9.25",
          "texto": "indo eu e tu juntos a cavalo após Á., seu pai, O"
        },
        {
          "referencia": "2 Reis 9.29",
          "texto": "undécimo de Jorão, filho de A., começou Acazias a"
        },
        {
          "referencia": "2 Reis 10.1",
          "texto": "E Á. tinha setenta filhos em Samaria; e Jeú"
        },
        {
          "referencia": "2 Reis 10.1",
          "texto": "aos anciãos e aos aios dos filhos de A., dizendo:"
        },
        {
          "referencia": "2 Reis 10.10",
          "texto": "Senhor falou contra a casa de A., nada cairá em"
        },
        {
          "referencia": "2 Reis 10.11",
          "texto": "os restantes da casa de A., em Jezreel, como"
        },
        {
          "referencia": "2 Reis 10.17",
          "texto": "todos os que ficaram de A. em Samaria, até"
        },
        {
          "referencia": "2 Reis 10.18",
          "texto": "a todo o povo e disse-lhe: A. serviu pouco a"
        },
        {
          "referencia": "2 Reis 10.30",
          "texto": "coração, fizeste à casa de A., teus filhos até"
        },
        {
          "referencia": "2 Reis 21.3",
          "texto": "um bosque como o que fizera A., rei de Israel,"
        },
        {
          "referencia": "2 Reis 21.13",
          "texto": "e o prumo da casa de A.; e limparei"
        },
        {
          "referencia": "2 Crônicas 18.1",
          "texto": "e glória em abundância e aparentou-se com Á.."
        },
        {
          "referencia": "2 Crônicas 18.2",
          "texto": "de alguns anos, foi ter com Á., a Samaria; e"
        },
        {
          "referencia": "2 Crônicas 18.2",
          "texto": "ter com Á., a Samaria; e À, matou ovelhas e"
        },
        {
          "referencia": "2 Crônicas 18.3",
          "texto": "Porque Á., rei de Israel, disse a Josafá, rei de"
        },
        {
          "referencia": "2 Crônicas 18.19",
          "texto": "o Senhor: Quem persuadirá a Á., rei de Israel, a"
        },
        {
          "referencia": "2 Crônicas 21.6",
          "texto": "como fazia a casa de A.; porque tinha a"
        },
        {
          "referencia": "2 Crônicas 21.6",
          "texto": "porque tinha a filha de A. por mulher e fazia"
        },
        {
          "referencia": "2 Crônicas 21.13",
          "texto": "a corrupção da casa de A., e também mataste"
        },
        {
          "referencia": "2 Crônicas 22.3",
          "texto": "nos caminhos da casa de A., porque sua mãe era"
        },
        {
          "referencia": "2 Crônicas 22.4",
          "texto": "do Senhor, como a casa de A., porque eles eram"
        },
        {
          "referencia": "2 Crônicas 22.5",
          "texto": "foi-se com Jorão, filho de A., rei de Israel, à"
        },
        {
          "referencia": "2 Crônicas 22.6",
          "texto": "desceu para ver a Jorão, filho de AÁ., em Jezreel;"
        },
        {
          "referencia": "2 Crônicas 22.7",
          "texto": "o Senhor tinha ungido para desarraigar a casa de A.."
        },
        {
          "referencia": "2 Crônicas 22.8",
          "texto": "Jeú juízo contra a casa de A., achou os príncipes"
        },
        {
          "referencia": "Isaías 5.19",
          "texto": "E dizem: Apresse-se e 4. a sua obra, para que a"
        },
        {
          "referencia": "Jeremias 29.21",
          "texto": "o Deus de Israel, acerca de A., filho de Colafas,"
        },
        {
          "referencia": "Jeremias 29.22",
          "texto": "como a Zedequias e como a Á., os quais o rei da"
        },
        {
          "referencia": "Mg 6.16",
          "texto": "e toda a obra da casa de Á., e vós andais nos"
        },
        {
          "referencia": "Lucas 12.33",
          "texto": "tesouro nos céus que nunca A., aonde não chega"
        },
        {
          "referencia": "2 Coríntios 8.6",
          "texto": "tinha começado, assim também A. essa graça entre"
        }
      ]
    }
  ]
}