{
  "a": [
    {
      "palavra": "ãs",
      "veja tambem": [
        "irmão"
      ],
      "ocorrencias": 18,
      "fonte": "Strong: H269, H251; Concordância de Strong, Dicionário Bíblico",
      "concordancias": [
        {
          "referencia": "Josué 2.13",
          "texto": "a meus irmãos e a minhas L., com tudo o que"
        },
        {
          "referencia": "1 Crônicas 2.16",
          "texto": "E foram suas L Zeruia e Abigail; e foram os"
        },
        {
          "referencia": "Jó 1.4",
          "texto": "e convidavam as suas três J. a comerem e beberem"
        },
        {
          "referencia": "Jó 42.11",
          "texto": "seus irmãos e todas as suas L. e todos quantos"
        },
        {
          "referencia": "Ezequiel 16.45",
          "texto": "e tu és a irmã de tuas Z., que tinham nojo"
        },
        {
          "referencia": "Ezequiel 16.51",
          "texto": "elas e justificaste a tuas J., com todas as"
        },
        {
          "referencia": "Ezequiel 16.52",
          "texto": "tu que julgaste a tuas L, pelos teus"
        },
        {
          "referencia": "Ezequiel 16.55",
          "texto": "Quando tuas 1, Sodoma e suas filhas, tornarem ao"
        },
        {
          "referencia": "Ezequiel 16.61",
          "texto": "quando receberes tuas I. mais velhas do que"
        },
        {
          "referencia": "Oséias 2.1",
          "texto": "Dizei a vossos irmãos: Ami; e a vossas L: Ruama."
        },
        {
          "referencia": "Mateus 13.56",
          "texto": "entre nós todas as suas L? Donde lhe veio,"
        },
        {
          "referencia": "Mateus 19.29",
          "texto": "deixado casas, ou irmãos, ou É, ou pai, ou mãe,"
        },
        {
          "referencia": "Marcos 6.3",
          "texto": "E não estão aqui conosco suas L? E"
        },
        {
          "referencia": "Marcos 10.29",
          "texto": "deixado casa, ou irmãos, ou L, ou pai, ou"
        },
        {
          "referencia": "Marcos 10.30",
          "texto": "tempo, em casas, e irmãos, e L, e mães, e"
        },
        {
          "referencia": "Lucas 14.26",
          "texto": "e mulher, e filhos, e irmãos, e L, e ainda também"
        },
        {
          "referencia": "Jó 11.3",
          "texto": "Mandaram-lhe, pois, suas J. dizer: Senhor, eis que"
        },
        {
          "referencia": "1 Timóteo 5.2",
          "texto": "como a mães, às moças, como a L, em toda a pureza."
        }
      ]
    },
    {
      "palavra": "acabei",
      "veja tambem": [
        "acabar"
      ],
      "ocorrencias": 2,
      "fonte": "Strong: H3615; Concordância de Strong",
      "concordancias": [
        {
          "referencia": "1 Coríntios 13.11",
          "texto": "logo que cheguei a ser homem, Á. com as coisas"
        },
        {
          "referencia": "2 Timóteo 4.7",
          "texto": "Combati o bom combate, A. a carreira, guardei a fé."
        }
      ]
    },
    {
      "palavra": "acabeis",
      "veja tambem": [
        "acabar"
      ],
      "ocorrencias": 0,
      "fonte": "Strong: H3615; Concordância de Strong",
      "concordancias": []
    },
    {
      "palavra": "acabem",
      "veja tambem": [
        "acabar"
      ],
      "ocorrencias": 4,
      "fonte": "Strong: H3615; Concordância de Strong",
      "concordancias": [
        {
          "referencia": "Gênesis 24.19",
          "texto": "água para os teus camelos, até Elo A. de beber."
        },
        {
          "referencia": "Rute 2.21",
          "texto": "tenho te ajuntarás, até que À, toda a sega que tenho."
        },
        {
          "referencia": "Jeremias 44.27",
          "texto": "do Egito à espada e à fome, até que se À. de todo."
        },
        {
          "referencia": "Apocalipse 20.3",
          "texto": "nações, até que os mil anos se A.. E depois"
        }
      ]
    },
    {
      "palavra": "acabes",
      "veja tambem": [
        "acabar"
      ],
      "ocorrencias": 1,
      "fonte": "Strong: H3615; Concordância de Strong",
      "concordancias": [
        {
          "referencia": "1 Crônicas 28.20",
          "texto": "deixará, nem te desamparará, até que A. toda a"
        }
      ]
    },
    {
      "palavra": "acabou",
      "veja tambem": [],
      "ocorrencias": 28,
      "fonte": "Strong: H3615; Concordância de Strong",
      "concordancias": [
        {
          "referencia": "Gênesis 17.22",
          "texto": "E À. de falar com ele e subiu Deus de Abraão."
        },
        {
          "referencia": "Gênesis 18.33",
          "texto": "E foi-se o Senhor, quando A. de falar a Abraão; e"
        },
        {
          "referencia": "Êxodo 31.18",
          "texto": "E deu a Moisés (quando 4. de falar com ele no"
        },
        {
          "referencia": "Êxodo 34.33",
          "texto": "Assim, A. Moisés de falar com eles e tinha posto"
        },
        {
          "referencia": "Êxodo 39.32",
          "texto": "Assim, se À, toda a obra do tabernáculo da tenda"
        },
        {
          "referencia": "Êxodo 40.33",
          "texto": "coberta da porta do pátio. Assim, Moisés Á. a obra."
        },
        {
          "referencia": "Números 7.1",
          "texto": "no dia em que Moisés A, de levantar o"
        },
        {
          "referencia": "Josué 3.17",
          "texto": "em seco, até que todo o povo À. de passar o Jordão."
        },
        {
          "referencia": "Rute 2.23",
          "texto": "das cevadas e dos trigos se 4.; e ficou com a"
        },
        {
          "referencia": "1 Samuel 9.7",
          "texto": "Porque o pão de nossos alforjes se A., e presente"
        },
        {
          "referencia": "2 Samuel 13.36",
          "texto": "E aconteceu que, quando A. de falar, os filhos do"
        },
        {
          "referencia": "2 Samuel 15.24",
          "texto": "Abiatar, até que todo o povo Á. de sair da cidade."
        },
        {
          "referencia": "1 Reis 6.38",
          "texto": "de bul, que é o mês oitavo, se À. esta casa com"
        },
        {
          "referencia": "1 Reis 7.22",
          "texto": "a obra de lírios. E assim se A. a obra das colunas."
        },
        {
          "referencia": "1 Reis 7.40",
          "texto": "pias, e as pás, e as bacias; e À. Hirão de fazer"
        },
        {
          "referencia": "1 Reis 7.51",
          "texto": "Assim se À, toda a obra que fez o rei Salomão"
        },
        {
          "referencia": "1 Reis 9.25",
          "texto": "o que estava perante o Senhor; e assim Á. a casa."
        },
        {
          "referencia": "1 Reis 17.16",
          "texto": "Da panela a farinha se não A., e da botija o"
        },
        {
          "referencia": "1 Crônicas 27.24",
          "texto": "a numerá-los, porém não Á., porquanto"
        },
        {
          "referencia": "2 Crônicas 4.11",
          "texto": "eas pás, e as bacias; assim, Á, Hirão de fazer"
        },
        {
          "referencia": "2 Crônicas 5.1",
          "texto": "Assim, se À, toda a obra que Salomão fez para a"
        },
        {
          "referencia": "2 Crônicas 7.11",
          "texto": "Assim, Salomão Á. a Casa do Senhor e a casa do"
        },
        {
          "referencia": "Isaías 14.4",
          "texto": "dirás: Como cessou o opressor! A cidade dourada A.!"
        },
        {
          "referencia": "Isaías 24.8",
          "texto": "o folguedo dos tamboris, A. o ruído dos que"
        },
        {
          "referencia": "Jeremias 37.21",
          "texto": "rua dos padeiros, até que se À. todo o pão da"
        },
        {
          "referencia": "Daniel 5.26",
          "texto": "daquilo: Mene: Contou Deus o teu reino eo A.."
        },
        {
          "referencia": "Lucas 5.4",
          "texto": "E, quando 4. de falar, disse a Simão: faze-te ao"
        },
        {
          "referencia": "Lucas 11.1",
          "texto": "orar num certo lugar, quando A., lhe disse um dos"
        }
      ]
    },
    {
      "palavra": "acabou-se",
      "veja tambem": [
        "acabar"
      ],
      "ocorrencias": 3,
      "fonte": "Strong: H3615; Concordância de Strong",
      "concordancias": [
        {
          "referencia": "Esdras 6.15",
          "texto": "E Á. esta casa no dia terceiro do mês de Adar,"
        },
        {
          "referencia": "Neemias 6.15",
          "texto": "Á., pois, o muro aos vinte e cinco de elul, em"
        },
        {
          "referencia": "S177.8",
          "texto": "sempre a sua benignidade? A. já a promessa"
        }
      ]
    },
    {
      "palavra": "açacalada",
      "veja tambem": [
        "aça-"
      ],
      "ocorrencias": 4,
      "fonte": "Strong: H2192; Concordância de Strong",
      "concordancias": [
        {
          "referencia": "Ezequiel 21.9",
          "texto": "A espada, a espada está afiada e também Á.;"
        },
        {
          "referencia": "Ezequiel 21.10",
          "texto": "afiada, para reluzir está A.;"
        },
        {
          "referencia": "Ezequiel 21.11",
          "texto": "espada está afiada e está Á., para ser"
        },
        {
          "referencia": "Ezequiel 21.28",
          "texto": "a espada está desembainhada, À. para a"
        }
      ]
    },
    {
      "palavra": "açacalado",
      "veja tambem": [
        "açacalar"
      ],
      "ocorrencias": 1,
      "fonte": "Strong: H2192; Concordância de Strong",
      "concordancias": [
        {
          "referencia": "Daniel 10.6",
          "texto": "os seus pés, como cor de bronze À.; cavoz"
        }
      ]
    },
    {
      "palavra": "açacalar",
      "veja tambem": [],
      "ocorrencias": 2,
      "fonte": "Strong: H2192; Concordância de Strong",
      "concordancias": [
        {
          "referencia": "Top 406",
          "texto": "posição; Palavras Relacionadas: (açacalada-4 açacala-"
        },
        {
          "referencia": "Ezequiel 21.11",
          "texto": "E foi dada a A., para ser manejada; esta espada"
        }
      ]
    },
    {
      "palavra": "acaçapam",
      "veja tambem": [],
      "ocorrencias": 1,
      "fonte": "Strong: H2192; Concordância de Strong",
      "concordancias": [
        {
          "referencia": "Jeremias 5.26",
          "texto": "um anda espiando, como se Á. os"
        }
      ]
    },
    {
      "palavra": "acade",
      "veja tambem": [],
      "ocorrencias": 1,
      "fonte": "Strong: H2192; Concordância de Strong",
      "concordancias": [
        {
          "referencia": "Gênesis 10.10",
          "texto": "reino foi Babel, e Ereque, e A., e Calné, na terra"
        }
      ]
    },
    {
      "palavra": "açafate",
      "veja tambem": [],
      "ocorrencias": 1,
      "fonte": "Strong: H2192; Concordância de Strong",
      "concordancias": [
        {
          "referencia": "Juízes 6.19",
          "texto": "de farinha; a carne pôs num Á. e o caldo pôs"
        }
      ]
    },
    {
      "palavra": "ãozinho",
      "veja tambem": [
        "leão"
      ],
      "ocorrencias": 10,
      "fonte": "Strong: H2192; Concordância de Strong",
      "concordancias": [
        {
          "referencia": "Gênesis 49.9",
          "texto": "Judá éum L.; da presa subiste, filho meu."
        },
        {
          "referencia": "Deuteronômio 33.22",
          "texto": "E de Då disse: Dã é L.; saltará de Basã."
        },
        {
          "referencia": "S117.12",
          "texto": "a sua presa e com o L. que se põe em esconderijos."
        },
        {
          "referencia": "Ezequiel 19.3",
          "texto": "o qual veio a ser L. e aprendeu a"
        },
        {
          "referencia": "Ezequiel 19.5",
          "texto": "tomou outro dos seus filhotes e fez dele um L.."
        },
        {
          "referencia": "Ezequiel 19.6",
          "texto": "dos leões, veio a ser um L., e aprendeu a"
        },
        {
          "referencia": "Ezequiel 41.19",
          "texto": "de uma banda, e um rosto de L., para a"
        },
        {
          "referencia": "Oséias 5.14",
          "texto": "serei como um leão e como um L., para a casa"
        },
        {
          "referencia": "Amós 3.4",
          "texto": "que tenha presa? Levantará o L. no covil a sua"
        },
        {
          "referencia": "Miquéias 5.8",
          "texto": "os animais do bosque, como um L, entre os"
        }
      ]
    },
    {
      "palavra": "acaia",
      "veja tambem": [],
      "ocorrencias": 10,
      "fonte": "Dicionário Bíblico, Toponímia Antiga",
      "concordancias": [
        {
          "referencia": "Atos 18.12",
          "texto": "sendo Gálio procônsul da A., levantaram-se os"
        },
        {
          "referencia": "Atos 18.27",
          "texto": "Querendo ele passar à A., o animaram os irmãos e"
        },
        {
          "referencia": "Atos 19.21",
          "texto": "passando pela Macedônia e pela A., dizendo:"
        },
        {
          "referencia": "Romanos 15.26",
          "texto": "bem à Macedônia e à A. fazerem uma coleta"
        },
        {
          "referencia": "1 Coríntios 16.15",
          "texto": "Estéfanas é as primícias da À. e que se tem"
        },
        {
          "referencia": "2 Coríntios 1.1",
          "texto": "Corinto, com todos os santos que estão em toda a Á.:"
        },
        {
          "referencia": "2 Coríntios 9.2",
          "texto": "para com os macedônios, que a A. está pronta desde"
        },
        {
          "referencia": "2 Coríntios 11.10",
          "texto": "esta glória não me será impedida nas regiões da A.."
        },
        {
          "referencia": "1 Tessalonicenses 1.7",
          "texto": "exemplo para todos os fiéis na Macedônia e A.."
        },
        {
          "referencia": "1 Tessalonicenses 1.8",
          "texto": "não somente na Macedônia e A., mas também em"
        }
      ]
    },
    {
      "palavra": "acaico",
      "veja tambem": [],
      "ocorrencias": 1,
      "fonte": "Strong: H2192; Concordância de Strong",
      "concordancias": [
        {
          "referencia": "1 Coríntios 16.17",
          "texto": "e de Fortunato, e de Á.; porque estes"
        }
      ]
    },
    {
      "palavra": "acalmam-se",
      "veja tambem": [],
      "ocorrencias": 1,
      "fonte": "Strong: H2192; Concordância de Strong",
      "concordancias": [
        {
          "referencia": "SI 107.29",
          "texto": "Faz cessar a tormenta, e Å, as ondas,"
        }
      ]
    },
    {
      "palavra": "acalme",
      "veja tambem": [],
      "ocorrencias": 1,
      "fonte": "Strong: H2192; Concordância de Strong",
      "concordancias": [
        {
          "referencia": "Jonas 1.11",
          "texto": "nós, para que o mar se A.? Por que o mar se"
        }
      ]
    },
    {
      "palavra": "acalmou",
      "veja tambem": [],
      "ocorrencias": 1,
      "fonte": "Strong: H2192; Concordância de Strong",
      "concordancias": [
        {
          "referencia": "Mateus 14.32",
          "texto": "E, quando subiram para o barco, À. o vento."
        }
      ]
    },
    {
      "palavra": "acampa-se",
      "veja tambem": [
        "acampar"
      ],
      "ocorrencias": 0,
      "fonte": "Strong: H2192; Concordância de Strong",
      "concordancias": []
    },
    {
      "palavra": "acampado",
      "veja tambem": [
        "acampar"
      ],
      "ocorrencias": 6,
      "fonte": "Strong: H2192; Concordância de Strong",
      "concordancias": [
        {
          "referencia": "Êxodo 18.5",
          "texto": "no deserto, ao monte de Deus, onde se tinha A.,"
        },
        {
          "referencia": "1 Samuel 26.5",
          "texto": "lugar onde Saul se tinha A.; viu Davi o lugar"
        },
        {
          "referencia": "1ISm 26.5",
          "texto": "dos carros, e o povo estava Á. ao redor dele."
        },
        {
          "referencia": "1 Reis 16.15",
          "texto": "em Tirza; e o povo estava À. contra"
        },
        {
          "referencia": "1 Reis 16.16",
          "texto": "dizer o povo que estava A.: Zinri tem"
        },
        {
          "referencia": "1 Crônicas 11.15",
          "texto": "arraial dos filisteus estava A. no vale dos Refains."
        }
      ]
    },
    {
      "palavra": "acampados",
      "veja tambem": [
        "acampar"
      ],
      "ocorrencias": 3,
      "fonte": "Strong: H2192; Concordância de Strong",
      "concordancias": [
        {
          "referencia": "Êxodo 14.9",
          "texto": "seu exército e alcançaram-nos Á. junto ao mar,"
        },
        {
          "referencia": "2 Samuel 11.11",
          "texto": "e os servos de meu senhor estão A. no campo;"
        },
        {
          "referencia": "Esdras 8.15",
          "texto": "vai a Aava, e ficamos ali À. três dias;"
        }
      ]
    },
    {
      "palavra": "acampai-vos",
      "veja tambem": [
        "acam-"
      ],
      "ocorrencias": 1,
      "fonte": "Strong: H2192; Concordância de Strong",
      "concordancias": [
        {
          "referencia": "Jeremias 50.29",
          "texto": "todos os que armam arcos; À. contra ela"
        }
      ]
    }
  ]
}