{
  "a": [
    {
      "palavra": "acampam",
      "veja tambem": [
        "acampar"
      ],
      "ocorrencias": 1,
      "fonte": "Strong: H2583; Concordância de Strong, Dicionário Bíblico",
      "concordancias": [
        {
          "referencia": "Naum 3.17",
          "texto": "os gafanhotos grandes, que se À. nas sebes nos"
        }
      ]
    },
    {
      "palavra": "acampamento",
      "veja tambem": [
        "acampar"
      ],
      "ocorrencias": 1,
      "fonte": "Strong: H4264; Concordância de Strong, Dicionário Bíblico",
      "concordancias": [
        {
          "referencia": "2 Reis 6.8",
          "texto": "Em tal e em tal lugar estará o meu A.."
        }
      ]
    },
    {
      "palavra": "acampamentos",
      "veja tambem": [
        "acampar"
      ],
      "ocorrencias": 2,
      "fonte": "Strong: H4264; Concordância de Strong, Dicionário Bíblico",
      "concordancias": [
        {
          "referencia": "Números 31.10",
          "texto": "todas as suas habitações e todos os seus Á.."
        },
        {
          "referencia": "1 Crônicas 6.54",
          "texto": "habitações, segundo os seus Á., no seu"
        }
      ]
    },
    {
      "palavra": "acampar",
      "veja tambem": [],
      "ocorrencias": 1,
      "fonte": "Strong: H2583; Concordância de Strong, Dicionário Bíblico",
      "concordancias": [
        {
          "referencia": "Deuteronômio 1.33",
          "texto": "o lugar onde vos deveríeis A.; de noite no"
        }
      ]
    },
    {
      "palavra": "acampara",
      "veja tambem": [
        "acan:"
      ],
      "ocorrencias": 1,
      "fonte": "Strong: H4393; Concordância de Strong, Dicionário Bíblico",
      "concordancias": [
        {
          "referencia": "2 Samuel 23.13",
          "texto": "e a multidão dos filisteus 4. no vale dos Refains,"
        }
      ]
    },
    {
      "palavra": "acamparam",
      "veja tambem": [
        "acampar"
      ],
      "ocorrencias": 15,
      "fonte": "Strong: H7817; Concordância de Strong, Dicionário Bíblico",
      "concordancias": [
        {
          "referencia": "Êxodo 13.20",
          "texto": "Assim, partiram de Sucote e A. em Etã, à"
        },
        {
          "referencia": "Êxodo 15.27",
          "texto": "e setenta palmeiras; e ali se A. junto das águas."
        },
        {
          "referencia": "Êxodo 17.1",
          "texto": "o mandamento do Senhor, e A. em Refidim; e"
        },
        {
          "referencia": "Josué 11.5",
          "texto": "se ajuntaram, e vieram, e se Á. junto às águas"
        },
        {
          "referencia": "Juízes 7.1",
          "texto": "o povo que com ele havia, e se À. junto à"
        },
        {
          "referencia": "1 Samuel 4.1",
          "texto": "a Ebenézer; e os filisteus se 4. junto a Afeca."
        },
        {
          "referencia": "1 Samuel 13.5",
          "texto": "à borda do mar; e subiram e se A. em Micmás,"
        },
        {
          "referencia": "1 Samuel 13.16",
          "texto": "de Benjamim; porém os filisteus se A. em Micmás"
        },
        {
          "referencia": "1 Samuel 17.2",
          "texto": "de Ee se ajuntaram, e 4. no vale do"
        },
        {
          "referencia": "1 Samuel 28.4",
          "texto": "ajuntou Saul a todo o Israel, e se A. em Gilboa."
        },
        {
          "referencia": "2 Samuel 17.26",
          "texto": "Israel, pois, e Absalão Á. na terra de Gileade."
        },
        {
          "referencia": "2 Reis 25.1",
          "texto": "ele e todo o seu exército, e se À. contra"
        },
        {
          "referencia": "1 Crônicas 19.7",
          "texto": "sua gente; e eles vieram e se À. diante de"
        },
        {
          "referencia": "Jó 19.12",
          "texto": "mim o seu caminho, e se 4. ao redor da"
        },
        {
          "referencia": "Jeremias 52.4",
          "texto": "ele e todo o seu exército, e se À, contra"
        }
      ]
    },
    {
      "palavra": "ãos-cheias",
      "veja tambem": [],
      "ocorrencias": 1,
      "fonte": "Dicionário Bíblico, Toponímia Antiga",
      "concordancias": [
        {
          "referencia": "Gênesis 41.47",
          "texto": "terra produziu nos sete anos de fartura a M.."
        }
      ]
    },
    {
      "palavra": "abatida",
      "veja tambem": [
        "abatido"
      ],
      "ocorrencias": 10,
      "fonte": "Strong: H7817; Concordância de Strong, Dicionário Bíblico",
      "concordancias": [
        {
          "referencia": "S142.5",
          "texto": "Por que estás Á., ó minha alma, e por que te"
        },
        {
          "referencia": "S142.6",
          "texto": "de mim a minha alma está À.; portanto,"
        },
        {
          "referencia": "Salmos 44.25",
          "texto": "Pois a nossa alma está A. até ao pó; o nosso"
        },
        {
          "referencia": "S157.6",
          "texto": "e a minha alma ficou A.; cavaram uma cova"
        },
        {
          "referencia": "Isaías 294",
          "texto": "Então, serás Á., falarás de debaixo da terra, e"
        },
        {
          "referencia": "Isaías 32.19",
          "texto": "e caia o bosque, e a cidade seja inteiramente A.."
        },
        {
          "referencia": "Lamentações 1.9",
          "texto": "por isso, foi pasmosamente Á., não tem"
        },
        {
          "referencia": "Ezequiel 19.12",
          "texto": "arrancada com furor, foi A. até à terra, e o"
        },
        {
          "referencia": "Mateus 11.23",
          "texto": "te ergues até aos céus, serás À, até aos"
        },
        {
          "referencia": "Lucas 10.15",
          "texto": "levantada até ao céu? Até ao inferno serás Á.."
        }
      ]
    },
    {
      "palavra": "abatido",
      "veja tambem": [],
      "ocorrencias": 14,
      "fonte": "Strong: H7817; Concordância de Strong, Dicionário Bíblico",
      "concordancias": [
        {
          "referencia": "Juízes 5.27",
          "texto": "se encurvou, caiu; onde se encurvou, ali ficou A.."
        },
        {
          "referencia": "S138.6",
          "texto": "encurvado, estou muito Á., ando lamentando"
        },
        {
          "referencia": "S161.2",
          "texto": "terra clamo a ti, por estar Á. o meu coração."
        },
        {
          "referencia": "S1116.6",
          "texto": "aos símplices; estava Á., mas ele me livrou."
        },
        {
          "referencia": "Provérbios 17.22",
          "texto": "bom remédio, mas o espírito À, virá a secar os ossos."
        },
        {
          "referencia": "Provérbios 18.14",
          "texto": "enfermidade, mas ao espírito Á., quem o levantará?"
        },
        {
          "referencia": "Isaías 2.12",
          "texto": "e contra todo o que se exalta, para que seja A.;"
        },
        {
          "referencia": "Isaías 46.1",
          "texto": "Já Á. está Bel, Nebo já se encurvou, os seus"
        },
        {
          "referencia": "Isaías 57.15",
          "texto": "etambém como contrito e Á. de espírito,"
        },
        {
          "referencia": "Isaías 66.2",
          "texto": "quem olharei: para o pobre e 4. de espírito e"
        },
        {
          "referencia": "Daniel 7.15",
          "texto": "Daniel, o meu espírito foi A. dentro do corpo,"
        },
        {
          "referencia": "Filipenses 3.21",
          "texto": "transformará o nosso corpo Á., para ser conforme"
        },
        {
          "referencia": "Filipenses 4.12",
          "texto": "Sei estar À, e sei também ter abundância; em"
        },
        {
          "referencia": "Tiago 1.9",
          "texto": "Mas glorie-se o irmão A. na sua exaltação,"
        }
      ]
    },
    {
      "palavra": "abatidos",
      "veja tambem": [],
      "ocorrencias": 15,
      "fonte": "Strong: H7817; Concordância de Strong, Dicionário Bíblico",
      "concordancias": [
        {
          "referencia": "Juízes 8.28",
          "texto": "Assim, foram A. os midianitas diante dos filhos"
        },
        {
          "referencia": "1 Samuel 7.13",
          "texto": "Assim, os filisteus foram A. e nunca mais"
        },
        {
          "referencia": "1 Crônicas 204",
          "texto": "dos filhos de Rafa; e os filisteus ficaram A.."
        },
        {
          "referencia": "2 Crônicas 13.18",
          "texto": "E foram À. os filhos de Israel naquele tempo; e"
        },
        {
          "referencia": "Jó 5.11",
          "texto": "para pôr os Á, num lugar alto; e para que os"
        },
        {
          "referencia": "Jó 24.24",
          "texto": "e logo desaparecem; são Á., encerrados como"
        },
        {
          "referencia": "S179.8",
          "texto": "as tuas misericórdias, pois estamos muito Á.."
        },
        {
          "referencia": "SI 146.8",
          "texto": "cegos; o Senhor levanta os 4.; o Senhor ama os justos;"
        },
        {
          "referencia": "Isaías 2.11",
          "texto": "altivos dos homens serão A., e a altivez dos"
        },
        {
          "referencia": "Isaías 10.33",
          "texto": "estatura serão cortados, e os altivos serão AÁ.."
        },
        {
          "referencia": "Isaías 40.4",
          "texto": "monte e todo outeiro serão A.; eo que está"
        },
        {
          "referencia": "Isaías 57.15",
          "texto": "para vivificar o espírito dos Á. e para"
        },
        {
          "referencia": "Jeremias 46.5",
          "texto": "Os seus heróis estão A. e vão fugindo,"
        },
        {
          "referencia": "2 Coríntios 49",
          "texto": "mas não desamparados; Á., mas não destruídos;"
        },
        {
          "referencia": "2 Coríntios 7.6",
          "texto": "Mas Deus, que consola os A., nos consolou com a"
        }
      ]
    },
    {
      "palavra": "abatimento",
      "veja tambem": [
        "abater"
      ],
      "ocorrencias": 3,
      "fonte": "Strong: H7817; Concordância de Strong, Dicionário Bíblico",
      "concordancias": [
        {
          "referencia": "2 Crônicas 22.7",
          "texto": "Veio, pois, de Deus o À. de Acazias, para que"
        },
        {
          "referencia": "Amós 8.4",
          "texto": "isto, vós que anelais o Á, do necessitado"
        },
        {
          "referencia": "Tiago 1.10",
          "texto": "e o rico, em seu Á., porque ele passará como"
        }
      ]
    },
    {
      "palavra": "abda",
      "veja tambem": [],
      "ocorrencias": 2,
      "fonte": "Strong: H7817; Concordância de Strong, Dicionário Bíblico",
      "concordancias": [
        {
          "referencia": "1 Reis 4.6",
          "texto": "mordomo; Adonirão, filho de Á., sobre o tributo."
        },
        {
          "referencia": "Neemias 11.17",
          "texto": "o segundo de seus irmãos; depois, Á., filho de"
        }
      ]
    },
    {
      "palavra": "abdeel",
      "veja tambem": [],
      "ocorrencias": 2,
      "fonte": "Strong: H7817; Concordância de Strong, Dicionário Bíblico",
      "concordancias": [
        {
          "referencia": "Gênesis 25.13",
          "texto": "Ismael era Nebaiote, depois Quedar, e A., e Mibsão,"
        },
        {
          "referencia": "Jeremias 36.26",
          "texto": "Azriel, e a Selemias, filho de A., que"
        }
      ]
    },
    {
      "palavra": "abdi",
      "veja tambem": [],
      "ocorrencias": 3,
      "fonte": "Strong: H7817; Concordância de Strong, Dicionário Bíblico",
      "concordancias": [
        {
          "referencia": "1 Crônicas 6.44",
          "texto": "Etá, filho de Quisi, filho de A., filho de Maluque,"
        },
        {
          "referencia": "2 Crônicas 29.12",
          "texto": "filhos de Merari, Quis, filho de A., e Azarias,"
        },
        {
          "referencia": "Esdras 10.26",
          "texto": "e Zacarias, e Jeiel, e Á., e Jeremote, e Elias."
        }
      ]
    }
  ]
}