{
  "a": [
    {
      "palavra": "acaz",
      "veja tambem": [
        "acazias",
        "acbor",
        "aceitado",
        "aceitai",
        "aceitais",
        "aceitam",
        "aceitamos",
        "aceitando",
        "aceitará",
        "aceitaram",
        "aceitarás"
      ],
      "ocorrencias": 41,
      "fonte": "Dicionário Bíblico; Strong",
      "concordancias": [
        {
          "referencia": "2 Reis 15.38",
          "texto": "na Cidade de Davi, seu pai; e A., seu filho, reinou"
        },
        {
          "referencia": "2 Reis 16.1",
          "texto": "Remalias, começou a reinar A., filho de Jotão,"
        },
        {
          "referencia": "2 Reis 16.2",
          "texto": "Tinha À, vinte anos de idade quando começou a"
        },
        {
          "referencia": "2 Reis 16.5",
          "texto": "a Jerusalém, à peleja; e cercaram Á., porém não o"
        },
        {
          "referencia": "2 Reis 16.7",
          "texto": "E A. enviou mensageiros a Tiglate-Pileser, rei da"
        },
        {
          "referencia": "2 Reis 16.8",
          "texto": "E tomou 4. a prata e o ouro que se achou na Casa do"
        },
        {
          "referencia": "2 Reis 16.10",
          "texto": "Então, o rei À, foi a Damasco, a encontrar-se com"
        },
        {
          "referencia": "2 Reis 16.10",
          "texto": "que estava em Damasco, o rei À, enviou ao"
        },
        {
          "referencia": "2 Reis 16.11",
          "texto": "conforme tudo o que o rei À, tinha ordenado de"
        },
        {
          "referencia": "2 Reis 16.11",
          "texto": "Urias, antes que o rei A. viesse de Damasco."
        },
        {
          "referencia": "2 Reis 16.15",
          "texto": "E o rei A, mandou a Urias, o sacerdote, dizendo: No"
        },
        {
          "referencia": "2 Reis 16.16",
          "texto": "conforme tudo quanto o rei A. lhe ordenara."
        },
        {
          "referencia": "2 Reis 16.17",
          "texto": "E o rei A. cortou as cintas das bases, e de cima"
        },
        {
          "referencia": "2 Reis 16.19",
          "texto": "Ora, o mais dos atos de À, e o que fez, porventura,"
        },
        {
          "referencia": "2 Reis 16.20",
          "texto": "E dormiu Å. com seus pais e foi sepultado junto a"
        },
        {
          "referencia": "2 Reis 17.1",
          "texto": "No ano duodécimo de A rei de Judá, começou a"
        },
        {
          "referencia": "2 Reis 18.1",
          "texto": "começou a reinar Ezequias, filho de A., rei de Judá."
        },
        {
          "referencia": "2 Reis 20.11",
          "texto": "graus que já tinha declinado no relógio de sol de A.."
        },
        {
          "referencia": "1 Crônicas 3.13",
          "texto": "e seu filho A,; e seu filho Ezequias; e seu filho Ma-"
        },
        {
          "referencia": "1 Crônicas 8.35",
          "texto": "de Mica foram: Pitom, e Meleque, e Tareia, e A.."
        },
        {
          "referencia": "1 Crônicas 8.36",
          "texto": "E À, gerou a Jeoada, e Jeoada gerou a Alemete, e a"
        },
        {
          "referencia": "2 Crônicas 27.9",
          "texto": "na Cidade de Davi; e A., seu filho, reinou"
        },
        {
          "referencia": "2 Crônicas 28.1",
          "texto": "Tinha A, vinte anos de idade quando começou a"
        },
        {
          "referencia": "2 Crônicas 28.16",
          "texto": "Naquele tempo, o rei A, mandou pedir aos reis da"
        },
        {
          "referencia": "2 Crônicas 28.19",
          "texto": "a Judá por causa de Á., rei de Israel,"
        },
        {
          "referencia": "2 Crônicas 28.19",
          "texto": "Å., rei de Israel, porque A. desviara a Judá,"
        },
        {
          "referencia": "pe 28.21",
          "texto": "Porque A. tomou uma porção da Casa do Senhor,"
        },
        {
          "referencia": "2 Crônicas 28.22",
          "texto": "transgrediu contra o Senhor; ele mesmo, o rei Å.."
        },
        {
          "referencia": "2 Crônicas 28.24",
          "texto": "E ajuntou A. os utensílios da Casa de Deus, e os"
        },
        {
          "referencia": "2 Crônicas 28.27",
          "texto": "E dormiu A, com seus pais eo sepultaram na"
        },
        {
          "referencia": "2 Crônicas 29:19",
          "texto": "todos os objetos que o rei Á., no seu reinado,"
        },
        {
          "referencia": "Isaías 1.1",
          "texto": "nos dias de Uzias, Jotão, À. e Ezequias, reis"
        },
        {
          "referencia": "Isaías 7.1",
          "texto": "Sucedeu, pois, nos dias de A., filho de Jotão,"
        },
        {
          "referencia": "Isaías 7.3",
          "texto": "saí ao encontro de A., ao fim do canal"
        },
        {
          "referencia": "Isaías 7.10",
          "texto": "E continuou o Senhor a falar com A., dizendo:"
        },
        {
          "referencia": "Isaías 7.12",
          "texto": "A., porém, disse: Não o pedirei, nem tentarei ao Senhor."
        },
        {
          "referencia": "Isaías 14.28",
          "texto": "No ano em que morreu o rei AÁ., houve este peso."
        },
        {
          "referencia": "Isaías 38.8",
          "texto": "pelos graus do relógio de A., volte dez graus"
        },
        {
          "referencia": "Oséias 1.1",
          "texto": "nos dias de Uzias, Jotão, A., Ezequias, reis"
        },
        {
          "referencia": "Miquéias 1.1",
          "texto": "morastita, nos dias de Jotão, À. e Ezequias, reis"
        },
        {
          "referencia": "Mateus 1.9",
          "texto": "aJotão, e Jotão gerou a A., e A. gerou a Ezequias."
        }
      ]
    },
    {
      "palavra": "acazias",
      "veja tambem": [
        "acaz",
        "acbor",
        "aceitado",
        "aceitai",
        "aceitais",
        "aceitam",
        "aceitamos",
        "aceitando",
        "aceitará",
        "aceitaram",
        "aceitarás"
      ],
      "ocorrencias": 36,
      "fonte": "Dicionário Bíblico; Strong",
      "concordancias": [
        {
          "referencia": "IRs 22.40",
          "texto": "Acabe com seus pais;e A., seu filho,"
        },
        {
          "referencia": "1 Reis 22.50",
          "texto": "Então, A., filho de Acabe, disse a Josafá: Vão"
        },
        {
          "referencia": "1 Reis 22.52",
          "texto": "E A., filho de Acabe, começou a reinar em"
        },
        {
          "referencia": "2 Reis 1.2",
          "texto": "E caiu À. pelas grades de um quarto alto, que"
        },
        {
          "referencia": "2 Reis 1.18",
          "texto": "O mais dos feitos de A., que tinha feito,"
        },
        {
          "referencia": "2 Reis 8.24",
          "texto": "pais na Cidade de Davi; e A., seu filho,"
        },
        {
          "referencia": "2 Reis 8.25",
          "texto": "de Israel, começou a reinar Á,, filho de"
        },
        {
          "referencia": "2 Reis 8.26",
          "texto": "Era À, de vinte e dois anos de idade quando"
        },
        {
          "referencia": "2 Reis 8.29",
          "texto": "Hazael, rei da Síria; e desceu A., filho de"
        },
        {
          "referencia": "2 Reis 9.16",
          "texto": "estava deitado ali; e também AÁ., rei de Judá,"
        },
        {
          "referencia": "2 Reis 9.21",
          "texto": "E saiu Jorão, rei de Israel, e A., rei de"
        },
        {
          "referencia": "2 Reis 9.23",
          "texto": "as mãos, e fugiu, e disse a A.: Traição há, A.."
        },
        {
          "referencia": "2 Reis 9.23",
          "texto": "mãos, e fugiu, e dissea A.: Traição há, Á.."
        },
        {
          "referencia": "2 Reis 9.27",
          "texto": "O que vendo Á., rei de Judá, fugiu pelo caminho"
        },
        {
          "referencia": "2 Reis 9.29",
          "texto": "filho de Acabe, começou A. a reinar sobre Judá."
        },
        {
          "referencia": "2 Reis 10.13",
          "texto": "Jeú achou os irmãos de Á., rei de Judá, e disse:"
        },
        {
          "referencia": "2 Reis 10.13",
          "texto": "E eles disseram: Os irmãos de À, somos; e"
        },
        {
          "referencia": "2 Reis 11.1",
          "texto": "Vendo, pois, Atalia, mãe de A., que seu filho"
        },
        {
          "referencia": "2 Reis 11.2",
          "texto": "filha do rei Jeorão, irmã de Á., tomou a Joás,"
        },
        {
          "referencia": "2 Reis 11.2",
          "texto": "tomou a Joás, filho de A., eo furtou"
        },
        {
          "referencia": "2 Reis 12.18",
          "texto": "santas que Josafá, e Jeorão, e A., seus pais,"
        },
        {
          "referencia": "2 Reis 13.1",
          "texto": "e três de Joás, filho de A., rei de Judá,"
        },
        {
          "referencia": "2 Reis 14.13",
          "texto": "Judá, filho de Joás, filho de A., em"
        },
        {
          "referencia": "1 Crônicas 3.11",
          "texto": "filho Jeorão; e seu filho A.; e seu filho Joás;"
        },
        {
          "referencia": "2 Crônicas 20.35",
          "texto": "rei de Judá, se aliou com A., rei de"
        },
        {
          "referencia": "2 Crônicas 20.37",
          "texto": "Visto que te aliaste com A., o Senhor"
        },
        {
          "referencia": "2 Crônicas 22.1",
          "texto": "de Jerusalém fizeram reia Á., seu filho mais"
        },
        {
          "referencia": "2 Crônicas 22.1",
          "texto": "os mais velhos; e assim reinou A., filho de"
        },
        {
          "referencia": "2 Crônicas 22.7",
          "texto": "de Deus o abatimento de A., para que viesse"
        },
        {
          "referencia": "2 Crônicas 22.8",
          "texto": "e os filhos dos irmãos de A., que serviam a"
        },
        {
          "referencia": "2 Crônicas 22.8",
          "texto": "irmãos de Á., que serviam a Á., e os matou."
        },
        {
          "referencia": "2 Crônicas 22.9",
          "texto": "Depois, buscou a À. (porque se tinha escondido"
        },
        {
          "referencia": "2 Crônicas 22.9",
          "texto": "coração. E não tinha já a casa de A, ninguém"
        },
        {
          "referencia": "2 Crônicas 22.10",
          "texto": "Vendo, pois, Atalia, mãe de A., que seu filho"
        },
        {
          "referencia": "2 Crônicas 22.11",
          "texto": "rei, tomou a Joás, filho de A., etirou-o"
        },
        {
          "referencia": "2 Crônicas 22.11",
          "texto": "sacerdote Joiada (porque era irmã de A.),o"
        }
      ]
    },
    {
      "palavra": "acbor",
      "veja tambem": [
        "acaz",
        "acazias",
        "aceitado",
        "aceitai",
        "aceitais",
        "aceitam",
        "aceitamos",
        "aceitando",
        "aceitará",
        "aceitaram",
        "aceitarás"
      ],
      "ocorrencias": 6,
      "fonte": "Dicionário Bíblico; Strong",
      "concordancias": [
        {
          "referencia": "Gênesis 36.38",
          "texto": "Saul; e Baal-Hanã, filho de 4,, reinou em seu lugar."
        },
        {
          "referencia": "Gênesis 36.39",
          "texto": "morreu Baal-Hanã, filho de A.; e Hadar reinou em"
        },
        {
          "referencia": "2 Reis 22.12",
          "texto": "ea Aicão, filho de Safã, e a A., filho de"
        },
        {
          "referencia": "2 Reis 22.14",
          "texto": "Hilquias, e Aicão,e A., e Safã, e Asaías"
        },
        {
          "referencia": "1 Crônicas 1.49",
          "texto": "Saul, e reinou em seu lugar Baal-Hanã, filho de A.."
        },
        {
          "referencia": "Tr 36.12",
          "texto": "de Semaías; e Elnatã, filho de A.; e Gemarias,"
        }
      ]
    },
    {
      "palavra": "aceitado",
      "veja tambem": [
        "aceitar"
      ],
      "ocorrencias": 2,
      "fonte": "Dicionário Bíblico; Strong",
      "concordancias": [
        {
          "referencia": "Gênesis 19.21",
          "texto": "Eis aqui, tenho-te Á. também neste"
        },
        {
          "referencia": "1 Samuel 25.35",
          "texto": "dado ouvidos à tua voz e tenho À, a tua face."
        }
      ]
    },
    {
      "palavra": "aceitai",
      "veja tambem": [
        "aceitar"
      ],
      "ocorrencias": 1,
      "fonte": "Dicionário Bíblico; Strong",
      "concordancias": [
        {
          "referencia": "Provérbios 8.10",
          "texto": "À. a minha correção, e não a prata, e o"
        }
      ]
    },
    {
      "palavra": "aceitais",
      "veja tambem": [
        "aceitar"
      ],
      "ocorrencias": 2,
      "fonte": "Dicionário Bíblico; Strong",
      "concordancias": [
        {
          "referencia": "Jó 3.11",
          "texto": "o que vimos, e não A. o nosso testemunho."
        },
        {
          "referencia": "Jó 5.43",
          "texto": "nome de meu Pai, e não me A.; se outro vier"
        }
      ]
    },
    {
      "palavra": "aceitam",
      "veja tambem": [
        "aceitar"
      ],
      "ocorrencias": 1,
      "fonte": "Dicionário Bíblico; Strong",
      "concordancias": [
        {
          "referencia": "Jó 24.9",
          "texto": "arrancam do peito e À, o penhor do pobre."
        }
      ]
    },
    {
      "palavra": "aceitamos",
      "veja tambem": [
        "aceitar"
      ],
      "ocorrencias": 1,
      "fonte": "Dicionário Bíblico; Strong",
      "concordancias": [
        {
          "referencia": "Romanos 13.11",
          "texto": "agora, mais perto de nós do que quando Á. a fé."
        }
      ]
    },
    {
      "palavra": "aceitando",
      "veja tambem": [
        "aceitar"
      ],
      "ocorrencias": 1,
      "fonte": "Dicionário Bíblico; Strong",
      "concordancias": [
        {
          "referencia": "Hebreus 11.35",
          "texto": "uns foram torturados, não Á. o seu"
        }
      ]
    },
    {
      "palavra": "aceitará",
      "veja tambem": [
        "aceitar"
      ],
      "ocorrencias": 6,
      "fonte": "Dicionário Bíblico; Strong",
      "concordancias": [
        {
          "referencia": "Gênesis 32.20",
          "texto": "verei a sua face; porventura Á. a minha face."
        },
        {
          "referencia": "Êxodo 22.11",
          "texto": "do seu próximo; e seu dono o Á., eo outro não"
        },
        {
          "referencia": "S16.9",
          "texto": "a minha súplica; o Senhor Á. a minha oração."
        },
        {
          "referencia": "Provérbios 6.35",
          "texto": "Nenhum resgate A., nem consentirá, ainda que"
        },
        {
          "referencia": "MI 1.8",
          "texto": "príncipe; terá ele agrado em ti? Ou À. ele a"
        },
        {
          "referencia": "MI 1.9",
          "texto": "de nós; isto veio da vossa mão; À. ele a vossa"
        }
      ]
    },
    {
      "palavra": "aceitaram",
      "veja tambem": [
        "aceitar"
      ],
      "ocorrencias": 1,
      "fonte": "Dicionário Bíblico; Strong",
      "concordancias": [
        {
          "referencia": "Jeremias 2.30",
          "texto": "os vossos filhos; eles não A. a correção; a"
        }
      ]
    },
    {
      "palavra": "aceitarás",
      "veja tambem": [],
      "ocorrencias": 2,
      "fonte": "Dicionário Bíblico; Strong",
      "concordancias": [
        {
          "referencia": "Levítico 19.15",
          "texto": "injustiça no juízo; não A. o pobre, nem"
        },
        {
          "referencia": "Sofonias 3.7",
          "texto": "Certamente me temerás e A. a correção; e"
        }
      ]
    }
  ]
}