{
  "a": [
    {
      "palavra": "aceitarei",
      "veja tambem": [
        "aceitar"
      ],
      "ocorrencias": 2,
      "fonte": "Dicionário Bíblico; Strong",
      "concordancias": [
        {
          "referencia": "Jó 42.8",
          "texto": "por vós; porque deveras a ele A., para que"
        },
        {
          "referencia": "MI 1.10",
          "texto": "o Senhor dos Exércitos, nem A. da vossa mão"
        }
      ]
    },
    {
      "palavra": "aceitareis",
      "veja tambem": [],
      "ocorrencias": 2,
      "fonte": "Dicionário Bíblico; Strong",
      "concordancias": [
        {
          "referencia": "Jeremias 35.13",
          "texto": "Jerusalém: Porventura, nunca Á. instrução,"
        },
        {
          "referencia": "Jó 5.43",
          "texto": "se outro vier em seu próprio nome, a esse AÅ.."
        }
      ]
    },
    {
      "palavra": "aceitares",
      "veja tambem": [
        "aceitar"
      ],
      "ocorrencias": 1,
      "fonte": "Dicionário Bíblico; Strong",
      "concordancias": [
        {
          "referencia": "Provérbios 2.1",
          "texto": "Filho meu, se A. as minhas palavras e"
        }
      ]
    },
    {
      "palavra": "aceitaria",
      "veja tambem": [
        "aceitar"
      ],
      "ocorrencias": 1,
      "fonte": "Dicionário Bíblico; Strong",
      "concordancias": [
        {
          "referencia": "Juízes 13.23",
          "texto": "nos quisera matar, não A. da nossa mão o"
        }
      ]
    },
    {
      "palavra": "aceitas",
      "veja tambem": [
        "aceitar"
      ],
      "ocorrencias": 1,
      "fonte": "Dicionário Bíblico; Strong",
      "concordancias": [
        {
          "referencia": "Levítico 22.25",
          "texto": "nelas; falta nelas há; não serão A. a vosso favor."
        }
      ]
    },
    {
      "palavra": "aceitável",
      "veja tambem": [
        "aceitar"
      ],
      "ocorrencias": 6,
      "fonte": "Dicionário Bíblico; Strong",
      "concordancias": [
        {
          "referencia": "Salmos 69.13",
          "texto": "oração a ti, Senhor, num tempo À.; ó Deus,"
        },
        {
          "referencia": "Provérbios 21.3",
          "texto": "julgar com retidão é mais A. ao Senhor do que"
        },
        {
          "referencia": "Isaías 61.2",
          "texto": "a apregoar o ano À. do Senhor e o dia da"
        },
        {
          "referencia": "Lucas 4.19",
          "texto": "os oprimidos, a anunciar o ano À. do Senhor."
        },
        {
          "referencia": "2 Coríntios 6.2",
          "texto": "diz: Ouvi-te em tempo Á. e socorri-te no"
        },
        {
          "referencia": "2 Coríntios 6.2",
          "texto": "eis aqui agora o tempo A., eis aqui"
        }
      ]
    },
    {
      "palavra": "aceite",
      "veja tambem": [
        "aceitar"
      ],
      "ocorrencias": 1,
      "fonte": "Dicionário Bíblico; Strong",
      "concordancias": [
        {
          "referencia": "SI 20.3",
          "texto": "de todas as tuas ofertas e À. os teus"
        }
      ]
    },
    {
      "palavra": "aceites",
      "veja tambem": [
        "aceite"
      ],
      "ocorrencias": 1,
      "fonte": "Dicionário Bíblico; Strong",
      "concordancias": [
        {
          "referencia": "1 Timóteo 5.19",
          "texto": "Não A. acusação contra presbítero, senão com"
        }
      ]
    },
    {
      "palavra": "aceito",
      "veja tambem": [
        "aceitar"
      ],
      "ocorrencias": 11,
      "fonte": "Dicionário Bíblico; Strong",
      "concordancias": [
        {
          "referencia": "Levítico 1.4",
          "texto": "holocausto, para que seja À. por ele, para a"
        },
        {
          "referencia": "Levítico 7.18",
          "texto": "que a ofereceu não será Á., nem lhe será"
        },
        {
          "referencia": "E 10.19",
          "texto": "expiação do pecado, seria, pois, Á. aos olhos do Se-"
        },
        {
          "referencia": "Levítico 10.20",
          "texto": "E Moisés, ouvindo isto, Arão foi À. aos seus olhos."
        },
        {
          "referencia": "Levítico 22.21",
          "texto": "sem mancha será, para que seja À.; nenhum defeito"
        },
        {
          "referencia": "Levítico 22.23",
          "texto": "por oferta voluntária, mas por voto não será Á.."
        },
        {
          "referencia": "Levítico 22.27",
          "texto": "o dia oitavo em diante, será A. por oferta"
        },
        {
          "referencia": "1 Samuel 18.5",
          "texto": "a gente de guerra, e era À. aos olhos de todo"
        },
        {
          "referencia": "Neemias 2.5",
          "texto": "do rei, e se o teu servo é A. em tua presença,"
        },
        {
          "referencia": "MI 1.13",
          "texto": "assim fazeis a oferta; ser-me-á À, isto de"
        },
        {
          "referencia": "Romanos 14.18",
          "texto": "serve a Cristo agradável é a Deus e À, aos homens."
        }
      ]
    },
    {
      "palavra": "aceitos",
      "veja tambem": [
        "acei-"
      ],
      "ocorrencias": 2,
      "fonte": "Dicionário Bíblico; Strong",
      "concordancias": [
        {
          "referencia": "Levítico 23.11",
          "texto": "o Senhor, para que sejais Á.; ao seguinte dia"
        },
        {
          "referencia": "Isaías 56.7",
          "texto": "e os seus sacrifícios serão A. no meu altar,"
        }
      ]
    },
    {
      "palavra": "aceitou",
      "veja tambem": [
        "aceitar"
      ],
      "ocorrencias": 5,
      "fonte": "Dicionário Bíblico; Strong",
      "concordancias": [
        {
          "referencia": "Ester 4.4",
          "texto": "etirar-lhe o seu cilício; porém ele não as A.."
        },
        {
          "referencia": "Jó 42.9",
          "texto": "o Senhor lhes dissera; e o Senhor À. a face de Jó."
        },
        {
          "referencia": "Oséias 8.13",
          "texto": "a comem, mas o Senhor não a A.; agora, se"
        },
        {
          "referencia": "Jó 3.33",
          "texto": "Aquele que A. o seu testemunho, esse confirmou"
        },
        {
          "referencia": "2 Coríntios 8.17",
          "texto": "pois ele À. a exortação e, muito diligente,"
        }
      ]
    },
    {
      "palavra": "aceldama",
      "veja tambem": [],
      "ocorrencias": 1,
      "fonte": "Dicionário Bíblico; Strong",
      "concordancias": [
        {
          "referencia": "Atos 1.19",
          "texto": "língua esse campo se chama A., isto é, Campo"
        }
      ]
    },
    {
      "palavra": "acena",
      "veja tambem": [
        "acenar"
      ],
      "ocorrencias": 2,
      "fonte": "Dicionário Bíblico; Strong",
      "concordancias": [
        {
          "referencia": "Provérbios 6.13",
          "texto": "Á. com os olhos, fala com os pés, faz sinais com"
        },
        {
          "referencia": "Py 10.10",
          "texto": "O que À. com os olhos dá dores, e o tolo de lábios"
        }
      ]
    },
    {
      "palavra": "acenai-lhes",
      "veja tambem": [
        "ace-"
      ],
      "ocorrencias": 1,
      "fonte": "Dicionário Bíblico; Strong",
      "concordancias": [
        {
          "referencia": "Isaías 13.2",
          "texto": "levantai a voz para eles e À. com a mão,"
        }
      ]
    },
    {
      "palavra": "acenando",
      "veja tambem": [
        "acenar"
      ],
      "ocorrencias": 1,
      "fonte": "Dicionário Bíblico; Strong",
      "concordancias": [
        {
          "referencia": "Atos 19.33",
          "texto": "para diante; e Alexandre, Á. com a mão,"
        }
      ]
    },
    {
      "palavra": "acenando-lhes",
      "veja tambem": [
        "acenar"
      ],
      "ocorrencias": 1,
      "fonte": "Dicionário Bíblico; Strong",
      "concordancias": [
        {
          "referencia": "Atos 12.17",
          "texto": "E, À. ele com a mão para que se calassem,"
        }
      ]
    },
    {
      "palavra": "acenará",
      "veja tambem": [
        "acenar"
      ],
      "ocorrencias": 1,
      "fonte": "Dicionário Bíblico; Strong",
      "concordancias": [
        {
          "referencia": "Isaías 10.32",
          "texto": "mesmo dia, parará em Nobe, A. com a sua mão ao"
        }
      ]
    },
    {
      "palavra": "acenda",
      "veja tambem": [
        "acender"
      ],
      "ocorrencias": 9,
      "fonte": "Dicionário Bíblico; Strong",
      "concordancias": [
        {
          "referencia": "Gênesis 31.35",
          "texto": "ela disse a seu pai: Não se À, a ira nos olhos de"
        },
        {
          "referencia": "Gênesis 44.18",
          "texto": "ouvidos de meu senhor, e não se A. a tua ira"
        },
        {
          "referencia": "Êxodo 32.10",
          "texto": "deixa-me, que o meu furor se À, contra eles, e"
        },
        {
          "referencia": "Êxodo 32.22",
          "texto": "Então, disse Arão: Não se A. a ira do meu senhor;"
        },
        {
          "referencia": "Deuteronômio 6.15",
          "texto": "ira do Senhor, teu Deus, se não À. contra ti e te"
        },
        {
          "referencia": "Deuteronômio 11.17",
          "texto": "e a ira do Senhor se A. contra vós, e feche ele"
        },
        {
          "referencia": "Juízes 6.39",
          "texto": "disse Gideão a Deus: Não se À. contra mim a tua"
        },
        {
          "referencia": "Jeremias 21.12",
          "texto": "o meu furor como fogo e se A., sem que haja"
        },
        {
          "referencia": "MI 1.10",
          "texto": "que feche as portas e não A. debalde o fogo do"
        }
      ]
    },
    {
      "palavra": "acende",
      "veja tambem": [],
      "ocorrencias": 4,
      "fonte": "Dicionário Bíblico; Strong",
      "concordancias": [
        {
          "referencia": "Êxodo 32.11",
          "texto": "e disse: Ó Senhor, por que se Á. o teu furor"
        },
        {
          "referencia": "Ezequiel 24.10",
          "texto": "Amontoa muita lenha, 4. o fogo, consome a carne e"
        },
        {
          "referencia": "Mateus 5.15",
          "texto": "nem se À, a candeia e se coloca debaixo do"
        },
        {
          "referencia": "Lucas 15.8",
          "texto": "se perder uma dracma, não À, a candeia, e"
        }
      ]
    },
    {
      "palavra": "acendeis",
      "veja tambem": [
        "acender"
      ],
      "ocorrencias": 1,
      "fonte": "Dicionário Bíblico; Strong",
      "concordancias": [
        {
          "referencia": "Isaías 50.11",
          "texto": "Todos vós que Á. fogo e vos cingis com faíscas,"
        }
      ]
    },
    {
      "palavra": "acendem",
      "veja tambem": [],
      "ocorrencias": 2,
      "fonte": "Dicionário Bíblico; Strong",
      "concordancias": [
        {
          "referencia": "2 Samuel 22.13",
          "texto": "resplendor da sua presença, brasas de fogo se A.."
        },
        {
          "referencia": "Jeremias 7.18",
          "texto": "apanham a lenha, e os pais À, o fogo, e as"
        }
      ]
    },
    {
      "palavra": "acendendo",
      "veja tambem": [
        "acender"
      ],
      "ocorrencias": 4,
      "fonte": "Dicionário Bíblico; Strong",
      "concordancias": [
        {
          "referencia": "Êxodo 30.8",
          "texto": "E, 4. Arão as lâmpadas à tarde, o queimará;"
        },
        {
          "referencia": "Lucas 8.16",
          "texto": "E ninguém, 4. uma candeia, a cobre com algum"
        },
        {
          "referencia": "Lucas 11.33",
          "texto": "E ninguém, A, uma candeia, a põe em oculto,"
        },
        {
          "referencia": "Atos 28.2",
          "texto": "pouca humanidade; porque, A. uma grande"
        }
      ]
    },
    {
      "palavra": "acender",
      "veja tambem": [],
      "ocorrencias": 7,
      "fonte": "Dicionário Bíblico; Strong",
      "concordancias": [
        {
          "referencia": "Êxodo 30.20",
          "texto": "ao altar para ministrar, para À. a oferta"
        },
        {
          "referencia": "Levítico 24.2",
          "texto": "batido, para a luminária, para Á. as lâmpadas conti-"
        },
        {
          "referencia": "Números 16.40",
          "texto": "de Arão, se chegue para À. incenso perante"
        },
        {
          "referencia": "1 Samuel 2.28",
          "texto": "sobre o meu altar, para À, o incenso e para"
        },
        {
          "referencia": "2 Samuel 24.1",
          "texto": "ira do Senhor se tornou a À, contra Israel, e"
        },
        {
          "referencia": "Jó 41.21",
          "texto": "O seu hálito faz Á. os carvões; e da sua boca"
        },
        {
          "referencia": "Provérbios 26.21",
          "texto": "o fogo, assim é o homem contencioso para À. rixas."
        }
      ]
    },
    {
      "palavra": "acender-se-á",
      "veja tambem": [
        "acender"
      ],
      "ocorrencias": 1,
      "fonte": "Dicionário Bíblico; Strong",
      "concordancias": [
        {
          "referencia": "Jeremias 7.20",
          "texto": "e sobre os frutos da terra; e A, e não"
        }
      ]
    },
    {
      "palavra": "acendera",
      "veja tambem": [
        "acender"
      ],
      "ocorrencias": 1,
      "fonte": "Dicionário Bíblico; Strong",
      "concordancias": [
        {
          "referencia": "Números 11.3",
          "texto": "porquanto o fogo do Senhor se A. entre eles."
        }
      ]
    },
    {
      "palavra": "acenderá",
      "veja tambem": [
        "acender"
      ],
      "ocorrencias": 5,
      "fonte": "Dicionário Bíblico; Strong",
      "concordancias": [
        {
          "referencia": "Êxodo 22.24",
          "texto": "e a minha ira se A., e vos matarei à espada; e"
        },
        {
          "referencia": "Levítico 6.12",
          "texto": "se apagará; mas o sacerdote A. lenha nele"
        },
        {
          "referencia": "Deuteronômio 31.17",
          "texto": "Assim, se À. a minha ira, naquele dia, contra"
        },
        {
          "referencia": "Josué 23.16",
          "texto": "a ira do Senhor sobre vós se À. elogo"
        },
        {
          "referencia": "Isaías 30.33",
          "texto": "assopro do Senhor como torrente de enxofre a A.."
        }
      ]
    },
    {
      "palavra": "acenderam",
      "veja tambem": [
        "acen-"
      ],
      "ocorrencias": 1,
      "fonte": "Dicionário Bíblico; Strong",
      "concordancias": [
        {
          "referencia": "S118.8",
          "texto": "boca saiu fogo que consumia; carvões se Á, dele."
        }
      ]
    },
    {
      "palavra": "acenderam-se",
      "veja tambem": [],
      "ocorrencias": 1,
      "fonte": "Dicionário Bíblico; Strong",
      "concordancias": [
        {
          "referencia": "Jeremias 44.6",
          "texto": "indignação e a minha ira e 4. nas cidades"
        }
      ]
    },
    {
      "palavra": "acenderás",
      "veja tambem": [],
      "ocorrencias": 2,
      "fonte": "Dicionário Bíblico; Strong",
      "concordancias": [
        {
          "referencia": "Êxodo 40.4",
          "texto": "meterás nele o castiçal e 4. as suas lâmpadas."
        },
        {
          "referencia": "SI 18.28",
          "texto": "Porque tu Å, a minha candeia; o Senhor, meu"
        }
      ]
    },
    {
      "palavra": "acenderei",
      "veja tambem": [],
      "ocorrencias": 4,
      "fonte": "Dicionário Bíblico; Strong",
      "concordancias": [
        {
          "referencia": "Jeremias 17.27",
          "texto": "no dia de sábado, então, À. fogo nas"
        },
        {
          "referencia": "Jeremias 21.14",
          "texto": "ações, diz o Senhor; e À. o fogo no seu"
        },
        {
          "referencia": "Jeremias 49.27",
          "texto": "E A. fogo no muro de Damasco, o qual consumirá"
        },
        {
          "referencia": "Ezequiel 20.47",
          "texto": "diz o Senhor Jeová: Eis que A. em ti um fogo"
        }
      ]
    },
    {
      "palavra": "acendereis",
      "veja tambem": [
        "acer-"
      ],
      "ocorrencias": 1,
      "fonte": "Dicionário Bíblico; Strong",
      "concordancias": [
        {
          "referencia": "Êxodo 35.3",
          "texto": "Não A. fogo em nenhuma das vossas moradas no"
        }
      ]
    },
    {
      "palavra": "acenderem",
      "veja tambem": [],
      "ocorrencias": 2,
      "fonte": "Dicionário Bíblico; Strong",
      "concordancias": [
        {
          "referencia": "2 Crônicas 4.20",
          "texto": "de ouro finíssimo, para as A, segundo o"
        },
        {
          "referencia": "2 Crônicas 13.11",
          "texto": "e as suas lâmpadas para se Á. cada tarde,"
        }
      ]
    },
    {
      "palavra": "acenderes",
      "veja tambem": [
        "acender"
      ],
      "ocorrencias": 1,
      "fonte": "Dicionário Bíblico; Strong",
      "concordancias": [
        {
          "referencia": "Números 8.2",
          "texto": "a Arão'e dize-lhe: Quando 4. as lâmpadas,"
        }
      ]
    },
    {
      "palavra": "acenderia",
      "veja tambem": [
        "acender"
      ],
      "ocorrencias": 1,
      "fonte": "Dicionário Bíblico; Strong",
      "concordancias": [
        {
          "referencia": "Deuteronômio 7.4",
          "texto": "deuses; e a ira do Senhor se À. contra vós e"
        }
      ]
    },
    {
      "palavra": "acendeste",
      "veja tambem": [
        "acender"
      ],
      "ocorrencias": 1,
      "fonte": "Dicionário Bíblico; Strong",
      "concordancias": [
        {
          "referencia": "Jeremias 17.4",
          "texto": "conheces; porque o fogo que À. na minha ira"
        }
      ]
    },
    {
      "palavra": "acendestes",
      "veja tambem": [],
      "ocorrencias": 1,
      "fonte": "Dicionário Bíblico; Strong",
      "concordancias": [
        {
          "referencia": "Isaías 50.11",
          "texto": "fogo e entre as faíscas que A.; isso vos vem"
        }
      ]
    }
  ]
}