{
  "a": [
    {
      "palavra": "acendeu",
      "veja tambem": [
        "acender"
      ],
      "ocorrencias": 46,
      "fonte": "Dicionário Bíblico; Strong",
      "concordancias": [
        {
          "referencia": "Gênesis 30.2",
          "texto": "Então, se Á. a ira de Jacó contra Raquel e"
        },
        {
          "referencia": "Gênesis 39.19",
          "texto": "mesmas palavras me fez teu servo, a sua ira se Å.."
        },
        {
          "referencia": "Êxodo 4.14",
          "texto": "Então, se Á. a ira do Senhor contra Moisés, e"
        },
        {
          "referencia": "Êxodo 22.6",
          "texto": "a seara, ou o campo, aquele que À, o fogo pagará"
        },
        {
          "referencia": "Êxodo 40.25",
          "texto": "e À. as lâmpadas perante o Senhor, como o Senhor"
        },
        {
          "referencia": "Êxodo 40.27",
          "texto": "E Å. sobre ele o incenso de especiarias"
        },
        {
          "referencia": "Levítico 10.6",
          "texto": "de Israel, lamentem este incêndio que o Senhor A.."
        },
        {
          "referencia": "Números 8.3",
          "texto": "da face do candeeiro À. as suas lâmpadas,"
        },
        {
          "referencia": "Números 11.1",
          "texto": "Senhor ouviu-o, e a sua ira se Á., eo fogo do"
        },
        {
          "referencia": "Números 11.10",
          "texto": "ira do Senhor grandemente se A., e pareceu mal"
        },
        {
          "referencia": "Números 11.33",
          "texto": "que fosse mastigada, se À, a ira do Senhor"
        },
        {
          "referencia": "Números 12.9",
          "texto": "aira do Senhor contra eles se A.; e foi-se."
        },
        {
          "referencia": "Números 24.10",
          "texto": "Então, a ira de Balaque se A. contra Balaão, e"
        },
        {
          "referencia": "Números 25.3",
          "texto": "a Baal-Peor, a ira do Senhor se À. contra Israel."
        },
        {
          "referencia": "Números 32.10",
          "texto": "Então, a ira do Senhor se A. naquele mesmo dia,"
        },
        {
          "referencia": "Números 32.13",
          "texto": "Assim, se À. a ira do Senhor contra Israel, e"
        },
        {
          "referencia": "Deuteronômio 9.8",
          "texto": "ira o Senhor, que o Senhor se À. contra vós para"
        },
        {
          "referencia": "Deuteronômio 29.27",
          "texto": "que a ira do Senhor se À. contra esta terra,"
        },
        {
          "referencia": "Deuteronômio 32.22",
          "texto": "Porque um fogo se À. na minha ire, e arderá até"
        },
        {
          "referencia": "Juízes 2.20",
          "texto": "que a ira do Senhor se A, contra Israel; e"
        },
        {
          "referencia": "Juízes 9.30",
          "texto": "palavras de Gaal, filho de Ebede, se À. a sua ira."
        },
        {
          "referencia": "Juízes 10.7",
          "texto": "E a ira do Senhor se À. contra Israel, e"
        },
        {
          "referencia": "1 Samuel 20.30",
          "texto": "Então, se À. a ira de Saul contra Jônatas, e"
        },
        {
          "referencia": "2 Samuel 6.7",
          "texto": "Então, a ira do Senhor se À. contra Uzá, e Deus"
        },
        {
          "referencia": "2 Samuel 12.5",
          "texto": "Então, o furor de Davi se A. em grande maneira"
        },
        {
          "referencia": "2 Samuel 13.21",
          "texto": "o rei Davi todas essas coisas, muito se À, em ira."
        },
        {
          "referencia": "2 Reis 13.3",
          "texto": "que a ira do Senhor se A. contra Israel, o"
        },
        {
          "referencia": "2 Reis 22.13",
          "texto": "é o furor do Senhor que se À. contra nós,"
        },
        {
          "referencia": "2 Reis 22.17",
          "texto": "suas mãos, o meu furor se À, contra este"
        },
        {
          "referencia": "1 Crônicas 13.10",
          "texto": "Então, se Á. a ira do Senhor contra Uzá e o"
        },
        {
          "referencia": "2 Crônicas 25.10",
          "texto": "ao seu lugar; pelo que se Á. a sua ira"
        },
        {
          "referencia": "2 Crônicas 25.15",
          "texto": "Então, a ira do Senhor se A. contra Amazias, e"
        },
        {
          "referencia": "Jó 32.2",
          "texto": "família de Rão; contra Jó se Á. a sua ira,"
        },
        {
          "referencia": "Jó 32.3",
          "texto": "Também a sua ira se À. contra os seus três"
        },
        {
          "referencia": "Jó 32.5",
          "texto": "na boca daqueles três homens, a sua ira se A.."
        },
        {
          "referencia": "Jó 42.7",
          "texto": "o temanita: A minha ira se À, contra ti, e"
        },
        {
          "referencia": "S139.3",
          "texto": "enquanto eu meditava se À. um fogo: então"
        },
        {
          "referencia": "S178.21",
          "texto": "os ouviu e se indignou; e A. um fogo contra"
        },
        {
          "referencia": "SI 106.40",
          "texto": "Pelo que se À, a ira do Senhor contra o seu"
        },
        {
          "referencia": "S1124.3",
          "texto": "engolido vivos, quando a sua ira se Á. contra nós;"
        },
        {
          "referencia": "Isaías 5.25",
          "texto": "Pelo que se A. a ira do Senhor contra o seu"
        },
        {
          "referencia": "Jeremias 11.16",
          "texto": "à voz de um grande tumulto, A. fogo ao redor"
        },
        {
          "referencia": "Jeremias 15.14",
          "texto": "conheces; porque o fogo se À. em minha ira e"
        },
        {
          "referencia": "Lamentações 4.11",
          "texto": "o ardor da sua ira e À. fogo em Sião, que"
        },
        {
          "referencia": "Oséias 8.5",
          "texto": "foi rejeitado; a minha ira se À. contra eles;"
        },
        {
          "referencia": "Zacarias 10.3",
          "texto": "Contra os pastores se Á. a minha ira, e"
        }
      ]
    },
    {
      "palavra": "acendeu-se",
      "veja tambem": [
        "acender"
      ],
      "ocorrencias": 7,
      "fonte": "Dicionário Bíblico; Strong",
      "concordancias": [
        {
          "referencia": "Êxodo 32.19",
          "texto": "vendo o bezerro e as danças, À. o furor de"
        },
        {
          "referencia": "Números 22.22",
          "texto": "E a ira de Deus A., porque ele se ia; e o"
        },
        {
          "referencia": "Números 22.27",
          "texto": "de Balaão; e a ira de Balaão Á., e espancou"
        },
        {
          "referencia": "Juízes 14.19",
          "texto": "que declararam o enigma; porém Á. a sua"
        },
        {
          "referencia": "1 Samuel 11.6",
          "texto": "ouvindo estas palavras, e À. em grande"
        },
        {
          "referencia": "1 Samuel 17.28",
          "texto": "velho, falar aqueles homens, A. a ira de"
        },
        {
          "referencia": "Jó 32.2",
          "texto": "E Á. a ira de Eliú, filho de Baraquel, o"
        }
      ]
    },
    {
      "palavra": "acendi",
      "veja tambem": [
        "acender"
      ],
      "ocorrencias": 1,
      "fonte": "Dicionário Bíblico; Strong",
      "concordancias": [
        {
          "referencia": "Ezequiel 20.48",
          "texto": "toda carne que eu, o Senhor, o A.; não se apagará."
        }
      ]
    },
    {
      "palavra": "acendido",
      "veja tambem": [
        "acender"
      ],
      "ocorrencias": 1,
      "fonte": "Dicionário Bíblico; Strong",
      "concordancias": [
        {
          "referencia": "Lucas 22.55",
          "texto": "E, havendo-se À. fogo no meio do pátio, estando"
        }
      ]
    },
    {
      "palavra": "acenos",
      "veja tambem": [],
      "ocorrencias": 2,
      "fonte": "Dicionário Bíblico; Strong",
      "concordancias": [
        {
          "referencia": "Lucas 1.22",
          "texto": "visão no templo. E falava por 4. e ficou mudo."
        },
        {
          "referencia": "Lucas 1.62",
          "texto": "E perguntaram, por A., ao pai como queria que lhe"
        }
      ]
    }
  ]
}