{
  "a": [
    {
      "palavra": "acerca",
      "veja tambem": [],
      "ocorrencias": 187,
      "fonte": "",
      "concordancias": [
        {
          "referencia": "Gênesis 5.29",
          "texto": "dizendo: Este nos consolará Á, de nossas obras e"
        },
        {
          "referencia": "Gênesis 18.19",
          "texto": "faça vir sobre Abraão o que Á, dele tem falado."
        },
        {
          "referencia": "Gênesis 21.12",
          "texto": "pareça mal aos teus olhos A. do moço e Å.,"
        },
        {
          "referencia": "Gênesis 21.12",
          "texto": "teus olhos 4. do moço e À, da tua serva; em"
        },
        {
          "referencia": "Gênesis 26.7",
          "texto": "os varões daquele lugar À. de sua mulher,"
        },
        {
          "referencia": "Gênesis 26.32",
          "texto": "de Isaque, e anunciaram-lhe 4. do negócio do"
        },
        {
          "referencia": "Gênesis 42.21",
          "texto": "Na verdade, somos culpados A. de nosso irmão,"
        },
        {
          "referencia": "Êxodo 6.8",
          "texto": "e eu vos levarei à terra, À, da qual levantei a"
        },
        {
          "referencia": "Levítico 4.2",
          "texto": "dos mandamentos do Senhor, Á, do que se não"
        },
        {
          "referencia": "Números 8.20",
          "texto": "o Senhor ordenara a Moisés Á, dos levitas,"
        },
        {
          "referencia": "Números 8.22",
          "texto": "como o Senhor ordenara a Moisés A. dos levitas,"
        },
        {
          "referencia": "Números 32.28",
          "texto": "Então, Moisés deu ordem Á. deles a Eleazar, o"
        },
        {
          "referencia": "Números 34.6",
          "texto": "A. do termo do ocidente, o mar Grande vos será"
        },
        {
          "referencia": "Números 36.6",
          "texto": "que o Senhor mandou À. das filhas de"
        },
        {
          "referencia": "Deuteronômio 1.3",
          "texto": "conforme tudo o que o Senhor lhe mandara À. deles,"
        },
        {
          "referencia": "Deuteronômio 12.30",
          "texto": "de ti; e que não perguntes A. dos seus deuses,"
        },
        {
          "referencia": "Deuteronômio 19.16",
          "texto": "para testificar contra ele A. de transgressão,"
        },
        {
          "referencia": "Josué 14.2",
          "texto": "pelo ministério de Moisés, A. das nove tribos e"
        },
        {
          "referencia": "Juízes 15.3",
          "texto": "Então, Sansão disse 4, deles: Inocente sou esta"
        },
        {
          "referencia": "Juízes 21.5",
          "texto": "feito um grande juramento À. dos que não"
        },
        {
          "referencia": "Juízes 21.6",
          "texto": "os filhos fe Israel À. de Benjamim, seu"
        },
        {
          "referencia": "Juízes 21.7",
          "texto": "Que faremos, A. de mulheres, com os que ficaram"
        },
        {
          "referencia": "Juízes 21.16",
          "texto": "do ajuntamento: Que faremos Á, de mulheres para"
        },
        {
          "referencia": "1 Samuel 23.23",
          "texto": "atentai bem e informai-vos À. de todos os"
        },
        {
          "referencia": "2 Samuel 7.25",
          "texto": "esta palavra que falaste A, de teu servo e"
        },
        {
          "referencia": "2 Samuel 7.25",
          "texto": "falaste A. de teu servo e À. da sua casa,"
        },
        {
          "referencia": "2 Samuel 10.2",
          "texto": "pelo ministério de seus servos, Á. de seu pai;"
        },
        {
          "referencia": "2 Samuel 13.39",
          "texto": "porque já se tinha consolado À, de Amnom, que"
        },
        {
          "referencia": "2 Samuel 14.8",
          "texto": "Vai para tua casa, e eu mandarei ordem 4. de ti."
        },
        {
          "referencia": "2 Samuel 18.5",
          "texto": "o rei deu ordem a todos os capitães Á. de Absalão."
        },
        {
          "referencia": "IRs 5.8",
          "texto": "Eu farei toda a tua vontade A. dos cedros e"
        },
        {
          "referencia": "1 Reis 5.8",
          "texto": "a tua vontade À, dos cedros e À. das faias."
        },
        {
          "referencia": "1 Reis 9.5",
          "texto": "para sempre, como falei A. de Davi, teu pai,"
        },
        {
          "referencia": "1 Reis 10.1",
          "texto": "de Sabá a fama de Salomão, A. do nome do"
        },
        {
          "referencia": "1 Reis 11.10",
          "texto": "E À. desta matéria lhe tinha dado ordem que não"
        },
        {
          "referencia": "1 Reis 21.23",
          "texto": "E também A, de Jezabel falou o Senhor, dizendo:"
        },
        {
          "referencia": "2 Reis 19.20",
          "texto": "Deus de Israel: O que me pediste A. de"
        },
        {
          "referencia": "2 Reis 19.32",
          "texto": "assim diz o Senhor À. do rei da Assíria:"
        },
        {
          "referencia": "2 Reis 22.13",
          "texto": "pelo povo, e por todo o Judá, A, das palavras"
        },
        {
          "referencia": "2 Reis 22.18",
          "texto": "diz o Senhor, o Deus de Israel, A, das palavras"
        },
        {
          "referencia": "1 Crônicas 17.18",
          "texto": "Que mais te dirá Davi, A. da honra feita a teu"
        },
        {
          "referencia": "1 Crônicas 17.23",
          "texto": "que falaste de teu servo e À. da sua casa,"
        },
        {
          "referencia": "1 Crônicas 17.26",
          "texto": "és o mesmo Deus e falaste este bem A. de teu servo."
        },
        {
          "referencia": "1 Crônicas 19.2",
          "texto": "mensageiros para o consolarem À. de seu pai. E,"
        },
        {
          "referencia": "1 Crônicas 19.5",
          "texto": "foram-se e avisaram a Davi A. destes homens; e"
        },
        {
          "referencia": "1 Crônicas 22.12",
          "texto": "entendimento e te instrua A. de Israel; e isso"
        },
        {
          "referencia": "1 Crônicas 22.13",
          "texto": "que o Senhor mandou a Moisés A, de Israel;"
        },
        {
          "referencia": "1 Crônicas 25.8",
          "texto": "E deitaram as sortes A. da guarda igualmente,"
        },
        {
          "referencia": "2 Crônicas 8.14",
          "texto": "como também as dos levitas Á. dos seus"
        },
        {
          "referencia": "2 Crônicas 8.15",
          "texto": "e levitas, em negócio nenhum, nem Å, dos tesouros."
        },
        {
          "referencia": "2 Crônicas 9.5",
          "texto": "que ouvi na minha terra À. dos teus feitos e"
        },
        {
          "referencia": "2 Crônicas 9.29",
          "texto": "e nas visões de Ido, o vidente, A, de"
        },
        {
          "referencia": "2 Crônicas 20.27",
          "texto": "porque o Senhor os alegrara À, dos seus inimigos."
        },
        {
          "referencia": "2 Crônicas 31.9",
          "texto": "aos sacerdotes e aos levitas Á. daqueles montões."
        },
        {
          "referencia": "2 Crônicas 32.31",
          "texto": "a ele a perguntarem À, do prodígio que se"
        },
        {
          "referencia": "Esdras 7.24",
          "texto": "Também vos fazemos SRA: de todos os"
        },
        {
          "referencia": "Neemias 1.2",
          "texto": "e que restaram do cativeiro e 4, de Jerusalém."
        },
        {
          "referencia": "Neemias 10.34",
          "texto": "levitas e o povo, A. da oferta da"
        },
        {
          "referencia": "Neemias 11.23",
          "texto": "havia um mandado do rei À. deles, a saber, uma"
        },
        {
          "referencia": "Ester 3.2",
          "texto": "assim tinha ordenado o rei À. dele; porém"
        },
        {
          "referencia": "Ester 9.31",
          "texto": "si e sobre a sua semente, Á, do jejum e do"
        },
        {
          "referencia": "Jó 36.33",
          "texto": "como também aos gados, Á. do temporal que sobe."
        },
        {
          "referencia": "S139.2",
          "texto": "como mudo; calava-me mesmo Á. do bem; mas a"
        },
        {
          "referencia": "S154.7",
          "texto": "viram cumprido o meu desejo A. dos meus inimigos."
        },
        {
          "referencia": "S1119.152",
          "texto": "A. dos teus testemunhos eu soube, desde a"
        },
        {
          "referencia": "Provérbios 22.20",
          "texto": "escrevi excelentes coisas Á. de todo conselho e co-"
        },
        {
          "referencia": "Isaías 1.24",
          "texto": "de Israel: Ah! Consolar-me-ei A. dos meus"
        },
        {
          "referencia": "Isaías 28.26",
          "texto": "Deus o ensina e o instrui 4. do que há de fazer."
        },
        {
          "referencia": "Isaías 29.22",
          "texto": "o Senhor, que remiu a Abraão, A. da casa de Jacó:"
        },
        {
          "referencia": "Isaías 30.7",
          "texto": "nenhum fim; pelo que clamei À. disto: No estarem"
        },
        {
          "referencia": "Isaías 37.21",
          "texto": "Israel: Quanto ao que me pediste 4. de"
        },
        {
          "referencia": "Isaías 37.33",
          "texto": "que assim diz o Senhor A. do rei da Assíria:"
        },
        {
          "referencia": "Isaías 45.11",
          "texto": "as coisas futuras; demandai-me A, de meus filhos"
        },
        {
          "referencia": "Isaías 45.11",
          "texto": "À, de meus filhos e À. da obra das"
        },
        {
          "referencia": "Isaías 61.3",
          "texto": "a ordenar À. dos tristes de Sião que se lhes dê"
        },
        {
          "referencia": "lr 7.22",
          "texto": "lhes ordenei coisa alguma A. de holocaustos ou sacri-"
        },
        {
          "referencia": "Jeremias 11.21",
          "texto": "assim diz o Senhor Á. dos homens de"
        },
        {
          "referencia": "Jeremias 12.14",
          "texto": "Assim diz o Senhor À. de todos os meus maus"
        },
        {
          "referencia": "Jeremias 14.10",
          "texto": "Assim diz o Senhor À. deste povo: Pois que tanto"
        },
        {
          "referencia": "Jeremias 14.15",
          "texto": "assim diz o Senhor À. dos profetas que"
        },
        {
          "referencia": "Jeremias 16.3",
          "texto": "Porque assim diz o Senhor A dos filhos e das"
        },
        {
          "referencia": "Jeremias 16.3",
          "texto": "que nascerem neste lugar, A. de suas mães que"
        },
        {
          "referencia": "Jeremias 22.6",
          "texto": "Porque assim diz o Senhor A. da casa do rei de"
        },
        {
          "referencia": "Jeremias 22.11",
          "texto": "Porque assim diz o Senhor A. de Salum, filho de"
        },
        {
          "referencia": "Jeremias 22.18",
          "texto": "assim diz o Senhor Á. de Jeoaquim, filho"
        },
        {
          "referencia": "Jeremias 23.2",
          "texto": "o Senhor, o Deus de Israel, Á. dos pastores que"
        },
        {
          "referencia": "Jeremias 23.15",
          "texto": "diz o Senhor dos Exércitos A. dos profetas: Eis"
        },
        {
          "referencia": "Jeremias 25.1",
          "texto": "que veio a Jeremias A. de todo o povo de"
        },
        {
          "referencia": "Jeremias 27.19",
          "texto": "diz o Senhor dos Exércitos A. das colunas, e do"
        },
        {
          "referencia": "Jeremias 27.21",
          "texto": "Exércitos, o Deus de Israel, Á. dos utensílios"
        },
        {
          "referencia": "Jeremias 29.21",
          "texto": "Exércitos, o Deus de Israel, Å. de Acabe, filho"
        },
        {
          "referencia": "Jeremias 29.31",
          "texto": "dizendo: Assim diz o Senhor Á. de Semaías, o"
        },
        {
          "referencia": "Jeremias 30.4",
          "texto": "palavras que disse o Senhor Á. de Israel e de Judá:"
        },
        {
          "referencia": "Jeremias 32.36",
          "texto": "o Senhor, o Deus de Israel, A. desta cidade,"
        },
        {
          "referencia": "Jeremias 36.30",
          "texto": "assim diz o Senhor Á. de Jeoaquim, rei"
        },
        {
          "referencia": "Jeremias 39.11",
          "texto": "da Babilônia, havia ordenado À. de Jeremias, a"
        },
        {
          "referencia": "Jeremias 42.19",
          "texto": "Falou o Senhor A. de vós, ó resto de Judá: Não"
        },
        {
          "referencia": "Jeremias 44.1",
          "texto": "que veio a Jeremias A. de todos os judeus"
        },
        {
          "referencia": "Jeremias 45.2",
          "texto": "diz o Senhor, Deus de Israel, À. de ti, ó Barugque:"
        },
        {
          "referencia": "Jeremias 46.2",
          "texto": "A. do Egito, contra o exército de Faraó Neco, rei"
        },
        {
          "referencia": "Jeremias 46.13",
          "texto": "a Jeremias, o profeta, A. da vinda de"
        },
        {
          "referencia": "Jeremias 51.12",
          "texto": "e fez o que tinha dito A. dos moradores da Babilônia."
        },
        {
          "referencia": "Lamentações 1.10",
          "texto": "no seu santuário as nações A. das quais mandaste"
        },
        {
          "referencia": "Lamentações 1.17",
          "texto": "a console; mandou o Senhor A. de Jacó que"
        },
        {
          "referencia": "Ezequiel 3.18",
          "texto": "falando para avisar o ímpio A. do seu caminho"
        },
        {
          "referencia": "Ezequiel 7.2",
          "texto": "assim diz o Senhor Jeová Á. da terra de"
        },
        {
          "referencia": "Ezequiel 12.19",
          "texto": "Assim diz o Senhor Jeová Á. dos habitantes de"
        },
        {
          "referencia": "Ezequiel 18.2",
          "texto": "que dizeis esta parábola Á. da terra de"
        },
        {
          "referencia": "Ezequiel 21.28",
          "texto": "Assim diz o Senhor Jeová À. dos filhos de"
        },
        {
          "referencia": "Ezequiel 21.28",
          "texto": "Á. dos filhos de Amom e A. do seu desprezo;"
        },
        {
          "referencia": "Ezequiel 25.3",
          "texto": "Visto que tu disseste: Ah! Ah!, A. do meu"
        },
        {
          "referencia": "Ezequiel 25.3",
          "texto": "de Israel, quando foi assolada; e À. da casa"
        },
        {
          "referencia": "Daniel 6.17",
          "texto": "para que se não mudasse a sentença Á. de Daniel."
        },
        {
          "referencia": "Daniel 7.16",
          "texto": "perto e pedi-lhe a verdade A. de tudo isso. E ele"
        },
        {
          "referencia": "Daniel 8.27",
          "texto": "negócio do rei; e espantei-me Á. da visão, e"
        },
        {
          "referencia": "Mg 2.11",
          "texto": "dizendo: Eu te profetizarei A. do vinho e da"
        },
        {
          "referencia": "Ageu 2.11",
          "texto": "agora, aos sacerdotes, A. da lei, dizendo:"
        },
        {
          "referencia": "t 2.7",
          "texto": "inquiriu exatamente deles A. do tempo em que"
        },
        {
          "referencia": "Mateus 13.52",
          "texto": "isso, todo escriba instruído A. do Reino dos céus"
        },
        {
          "referencia": "Mateus 18.19",
          "texto": "de vós concordarem na terra À. de qualquer coisa"
        },
        {
          "referencia": "Mateus 22.31",
          "texto": "E, À. da ressurreição dos mortos, não tendes lido"
        },
        {
          "referencia": "Marcos 4.10",
          "texto": "dele com os doze interrogaram-no Á. da parábola."
        },
        {
          "referencia": "Marcos 5.16",
          "texto": "o que acontecera ao endemoninhado e 4. dos porcos."
        },
        {
          "referencia": "Marcos 7.6",
          "texto": "Bem profetizou Isaías A. de vós,"
        },
        {
          "referencia": "Marcos 7.17",
          "texto": "seus discípulos o interrogavam Á. desta parábola."
        },
        {
          "referencia": "Marcos 10.10",
          "texto": "os discípulos a interrogá-lo Á. disso mesmo."
        },
        {
          "referencia": "Marcos 11.18",
          "texto": "toda a multidão estava admirada A. da sua doutrina."
        },
        {
          "referencia": "Marcos 12.26",
          "texto": "E, A. dos mortos que houverem de ressuscitar, não"
        },
        {
          "referencia": "Lucas 2.17",
          "texto": "divulgaram a palavra que Á. do menino lhes"
        },
        {
          "referencia": "Lucas 4.10",
          "texto": "Mandará aos seus anjos, Á. de ti, que te guardem"
        },
        {
          "referencia": "Lucas 7.24",
          "texto": "começou a dizer à multidão A. de João: Que"
        },
        {
          "referencia": "Lucas 9.45",
          "texto": "e temiam interrogá-lo À. dessa palavra."
        },
        {
          "referencia": "Lucas 11.53",
          "texto": "fortemente e a fazê-lo falar A. de muitas coisas,"
        },
        {
          "referencia": "Jó 3.25",
          "texto": "discípulos de João e um judeu, Á. da purificação."
        },
        {
          "referencia": "Jó 11.19",
          "texto": "ido consolar a Marta e a Maria, A. de seu irmão."
        },
        {
          "referencia": "Jó 16.19",
          "texto": "Indagais entre vós Á. disto que disse:"
        },
        {
          "referencia": "Jó 16.25",
          "texto": "parábolas, mas abertamente vos falarei A. do Pai."
        },
        {
          "referencia": "Jó 18.19",
          "texto": "sacerdote interrogou Jesus A. dos seus discípulos"
        },
        {
          "referencia": "Atos 1.1",
          "texto": "primeiro tratado, ó Teófilo, A. de tudo que Jesus"
        },
        {
          "referencia": "Atos 1.16",
          "texto": "predisse pela boca de Davi, 4. de Judas, que foi"
        },
        {
          "referencia": "Atos 2.29",
          "texto": "lícito dizer-vos livremente 4. do patriarca Davi"
        },
        {
          "referencia": "Atos 4.9",
          "texto": "hoje somos interrogados A. do benefício feito"
        },
        {
          "referencia": "Atos 5.24",
          "texto": "palavras, estavam perplexos Á. deles e do que"
        },
        {
          "referencia": "Atos 5.32",
          "texto": "É nós somos testemunhas A. destas palavras, nós e"
        },
        {
          "referencia": "Atos 8.12",
          "texto": "em Filipe, que lhes pregava A. do Reino de Deus"
        },
        {
          "referencia": "Atos 9.13",
          "texto": "Senhor, de muitos ouvi. A. deste homem,"
        },
        {
          "referencia": "Atos 10.17",
          "texto": "Pedro duvidando entre si A. do que seria"
        },
        {
          "referencia": "Atos 14.3",
          "texto": "tempo, falando ousadamente A. do Senhor, o"
        },
        {
          "referencia": "Atos 17.32",
          "texto": "escarneciam, e outros diziam: À. disso te"
        },
        {
          "referencia": "Atos 19.8",
          "texto": "disputando e persuadindo-os A. do Reino de Deus."
        },
        {
          "referencia": "Atos 19.23",
          "texto": "tempo, houve um não pequeno alvoroço A. do Ca-"
        },
        {
          "referencia": "Atos 21.21",
          "texto": "E já À. de ti foram informados de que ensinas"
        },
        {
          "referencia": "Atos 21.24",
          "texto": "de que foram informados A. de ti, mas que"
        },
        {
          "referencia": "Atos 22.18",
          "texto": "porque não receberão o teu testemunho A. de mim."
        },
        {
          "referencia": "Atos 23.16",
          "texto": "irmã de Paulo, tendo ouvido A. desta cilada, foi,"
        },
        {
          "referencia": "Atos 24.21",
          "texto": "hoje, sou julgado por vós A. da ressurreição"
        },
        {
          "referencia": "Atos 24.24",
          "texto": "mandou chamar a Paulo e ouviu-o À. da fé em Cristo."
        },
        {
          "referencia": "Atos 25.9",
          "texto": "e ser lá perante mim julgado À. destas coisas?"
        },
        {
          "referencia": "Atos 25.18",
          "texto": "A. dele, estando presentes os acusadores, nenhuma"
        },
        {
          "referencia": "Atos 25.19",
          "texto": "contra ele algumas questões A. de sua"
        },
        {
          "referencia": "Atos 25.20",
          "texto": "E, estando eu perplexo À. da inquirição desta"
        },
        {
          "referencia": "Atos 25.20",
          "texto": "ir a Jerusalém e lá ser julgado A. destas coisas."
        },
        {
          "referencia": "Atos 28.21",
          "texto": "disseram: Nós não recebemos Á. de ti cartas"
        },
        {
          "referencia": "Romanos 1.3",
          "texto": "A. de seu Filho, que nasceu da descendência de"
        },
        {
          "referencia": "Romanos 1.8",
          "texto": "meu Deus por Jesus Cristo, Á. de vós todos,"
        },
        {
          "referencia": "Romanos 9.27",
          "texto": "Também Isaías clamava Á. de Israel: Ainda que o"
        },
        {
          "referencia": "1 Coríntios 12.1",
          "texto": "Á. dos dons espirituais, não quero, irmãos, que"
        },
        {
          "referencia": "1 Coríntios 16.12",
          "texto": "E, Á. do irmão Apolo, roguei-lhe muito que fosse"
        },
        {
          "referencia": "2 Coríntios 1.7",
          "texto": "E a nossa esperança À. de vós é firme, sabendo"
        },
        {
          "referencia": "2 Coríntios 8.24",
          "texto": "a prova do vosso amor e da nossa glória A. de vós."
        },
        {
          "referencia": "2 Coríntios 9.3",
          "texto": "para que a nossa glória, À. de vós, não seja"
        },
        {
          "referencia": "2 Coríntios 12.8",
          "texto": "A. do qual três vezes orei ao Senhor, para que se"
        },
        {
          "referencia": "Gálatas 1.20",
          "texto": "Ora, À. do que vos escrevo, eis que diante de"
        },
        {
          "referencia": "Gálatas 5.21",
          "texto": "e coisas semelhantes a estas, A. das quais vos"
        },
        {
          "referencia": "Filipenses 1.27",
          "texto": "quer esteja ausente, ouça À, de vós que"
        },
        {
          "referencia": "C14.10",
          "texto": "Marcos, o sobrinho de Barnabé, A. do qual já"
        },
        {
          "referencia": "1 Tessalonicenses 3.2",
          "texto": "para vos confortar e vos exortar Á. da vossa fé;"
        },
        {
          "referencia": "1 Tessalonicenses 3.7",
          "texto": "irmãos, ficamos consolados Á. de vós, em toda a"
        },
        {
          "referencia": "1 Tessalonicenses 4.13",
          "texto": "irmãos, que sejais ignorantes À. dos que já"
        },
        {
          "referencia": "1 Tessalonicenses 5.1",
          "texto": "Mas, irmãos, Á. dos tempos e das estações, não"
        },
        {
          "referencia": "1 Timóteo 1.18",
          "texto": "as profecias que houve A. de ti, milites"
        },
        {
          "referencia": "1 Timóteo 6.4",
          "texto": "e nada sabe, mas delira A. de questões e"
        },
        {
          "referencia": "Tito 3.9",
          "texto": "e contendas e nos debates Á. da lei; porque são"
        },
        {
          "referencia": "Hebreus 11.22",
          "texto": "dos filhos de Israel e deu ordem A. de seus ossos."
        },
        {
          "referencia": "2 Pedro 1.12",
          "texto": "de exortar-vos sempre A. destas coisas,"
        },
        {
          "referencia": "1 João 2.26",
          "texto": "Estas coisas vos escrevi À. dos que vos enganam."
        },
        {
          "referencia": "Judas 1.3",
          "texto": "com toda a diligência A. da comum salvação,"
        }
      ]
    }
  ]
}