{
  "a": [
    {
      "palavra": "abdom",
      "veja tambem": [],
      "ocorrencias": 7,
      "fonte": "Dicionário Bíblico; Strong",
      "concordancias": [
        {
          "referencia": "Josué 21.30",
          "texto": "Misal e os seus arrabaldes, A, e os seus arrabaldes;"
        },
        {
          "referencia": "Juízes 12.13",
          "texto": "depois dele, julgou a Israel A., filho de Hilel, o pira-"
        },
        {
          "referencia": "Juízes 12.15",
          "texto": "Então faleceu Á., filho de Hilel, o piratonita, e"
        },
        {
          "referencia": "1 Crônicas 6.74",
          "texto": "e os seus arrabaldes, e Á., e os seus arrabaldes,"
        },
        {
          "referencia": "1 Crônicas 8.30",
          "texto": "e seu filho primogênito A., depois Zur, e Quis, e"
        },
        {
          "referencia": "1 Crônicas 9.36",
          "texto": "e seu filho primogênito A., depois Zur, e Quis, e"
        },
        {
          "referencia": "2 Crônicas 34.20",
          "texto": "e a Aicão, filho de Safã, ea A., filho de Mica, e"
        }
      ]
    },
    {
      "palavra": "abeberou",
      "veja tambem": [],
      "ocorrencias": 2,
      "fonte": "Dicionário Bíblico; Strong",
      "concordancias": [
        {
          "referencia": "Top 406",
          "texto": "posição; Palavras Relacionadas: (abeberou-lhes-1); Total"
        },
        {
          "referencia": "Êxodo 2.19",
          "texto": "nos tirou água em abundância e 4. o rebanho."
        }
      ]
    },
    {
      "palavra": "abeberou-lhes",
      "veja tambem": [
        "abeberou"
      ],
      "ocorrencias": 1,
      "fonte": "Dicionário Bíblico; Strong",
      "concordancias": [
        {
          "referencia": "Êxodo 2.17",
          "texto": "levantou-se, e defendeu-as, e A, o rebanho."
        }
      ]
    },
    {
      "palavra": "abede-nego",
      "veja tambem": [],
      "ocorrencias": 15,
      "fonte": "Dicionário Bíblico; Strong",
      "concordancias": [
        {
          "referencia": "Daniel 1.7",
          "texto": "e a Misael, o de Mesaque, e a Azarias, o de A.."
        },
        {
          "referencia": "Daniel 2.49",
          "texto": "a Sadraque, Mesaque e A.; mas Daniel"
        },
        {
          "referencia": "Daniel 3.12",
          "texto": "Sadraque, Mesaque e A,; esses"
        },
        {
          "referencia": "Daniel 3.13",
          "texto": "chamar Sadraque, Mesaque e A.. E"
        },
        {
          "referencia": "Daniel 3.14",
          "texto": "ó Sadraque, Mesaque e A. que vós não"
        },
        {
          "referencia": "Daniel 3.16",
          "texto": "Sadraque, Mesaque e À, e disseram ao"
        },
        {
          "referencia": "Daniel 3.19",
          "texto": "contra Sadraque, Mesaque e A.; falou e"
        },
        {
          "referencia": "Daniel 3.20",
          "texto": "a Sadraque, Mesaque e A., para os"
        },
        {
          "referencia": "Daniel 3.22",
          "texto": "homens que levantaram a Sadraque, Mesaque e Á.."
        },
        {
          "referencia": "Daniel 3.23",
          "texto": "homens, Sadraque, Mesaque e Á., caíram"
        },
        {
          "referencia": "Daniel 3.26",
          "texto": "e disse: Sadraque, Mesaque e A., servos do"
        },
        {
          "referencia": "Daniel 3.26",
          "texto": "e vinde! Então, Sadraque, Mesaque e À, saíram"
        },
        {
          "referencia": "Daniel 3.28",
          "texto": "Deus de Sadraque, Mesaque e À, que enviou o"
        },
        {
          "referencia": "Daniel 3.29",
          "texto": "o Deus de Sadraque, Mesaque e À. seja"
        },
        {
          "referencia": "Daniel 3.30",
          "texto": "a Sadraque, Mesaque e A., na província"
        }
      ]
    },
    {
      "palavra": "abel",
      "veja tambem": [],
      "ocorrencias": 12,
      "fonte": "Dicionário Bíblico; Strong",
      "concordancias": [
        {
          "referencia": "Gênesis 4.2",
          "texto": "E teve mais a seu irmão A.; e À. foi pastor de"
        },
        {
          "referencia": "Gênesis 4.2",
          "texto": "mais a seu irmão À.; e 4. foi pastor de"
        },
        {
          "referencia": "Gênesis 44",
          "texto": "e atentou o Senhor para À, e para a sua oferta."
        },
        {
          "referencia": "Gênesis 4.8",
          "texto": "se levantou Caim contra o seu irmão Á. e o matou."
        },
        {
          "referencia": "Gênesis 4.9",
          "texto": "o Senhor a Caim: Onde está A., teu irmão? E ele"
        },
        {
          "referencia": "Gênesis 4.25",
          "texto": "deu outra semente em lugar de A.; porquanto Caim"
        },
        {
          "referencia": "1 Samuel 6.18",
          "texto": "fortes até às aldeias e até Á., a grande pedra"
        },
        {
          "referencia": "2 Samuel 20.18",
          "texto": "Certamente, pediram conselho a A.; e assim o"
        },
        {
          "referencia": "Mateus 23.35",
          "texto": "a terra, desde o sangue de Á., o justo, até ao"
        },
        {
          "referencia": "Lucas 11.51",
          "texto": "desde o sangue de À. até ao sangue de Zacarias, que"
        },
        {
          "referencia": "Hebreus 11.4",
          "texto": "Pela fé, A. ofereceu a Deus maior sacrifício do que"
        },
        {
          "referencia": "Hebreus 12.24",
          "texto": "sangue da aspersão, que fala melhor do que o de A.."
        }
      ]
    },
    {
      "palavra": "abel-bete-maaca",
      "veja tambem": [],
      "ocorrencias": 4,
      "fonte": "Dicionário Bíblico; Strong",
      "concordancias": [
        {
          "referencia": "2 Samuel 20.14",
          "texto": "as tribos de Israel até A. e a todos"
        },
        {
          "referencia": "2 Samuel 20.15",
          "texto": "E vieram, e o cercaram em Á., e"
        },
        {
          "referencia": "1 Reis 15.20",
          "texto": "e feriu a jom, caDã, ea Á., ea"
        },
        {
          "referencia": "2 Reis 15.29",
          "texto": "da Assíria, e tomou a Ijom, e A. ea"
        }
      ]
    },
    {
      "palavra": "abel-maim",
      "veja tambem": [],
      "ocorrencias": 1,
      "fonte": "Dicionário Bíblico; Strong",
      "concordancias": [
        {
          "referencia": "2 Crônicas 164",
          "texto": "e ferirama ljom, e a Dă, e a A., ea todas as"
        }
      ]
    },
    {
      "palavra": "abel-meolá",
      "veja tambem": [],
      "ocorrencias": 2,
      "fonte": "Dicionário Bíblico; Strong",
      "concordancias": [
        {
          "referencia": "IRs 4.12",
          "texto": "de Jezreel, desde Bete-Seã até A., até"
        },
        {
          "referencia": "1 Reis 19.16",
          "texto": "Eliseu, filho de Safate, de A., ungirás"
        }
      ]
    },
    {
      "palavra": "abel-mizraim",
      "veja tambem": [],
      "ocorrencias": 1,
      "fonte": "Dicionário Bíblico; Strong",
      "concordancias": [
        {
          "referencia": "Gênesis 50.11",
          "texto": "Por isso, chamou-se o seu nome Å., que"
        }
      ]
    },
    {
      "palavra": "abel-queramim",
      "veja tambem": [],
      "ocorrencias": 1,
      "fonte": "Dicionário Bíblico; Strong",
      "concordancias": [
        {
          "referencia": "Juízes 11.33",
          "texto": "Minite, vinte cidades, e até A.; assim"
        }
      ]
    },
    {
      "palavra": "abel-sitim",
      "veja tambem": [],
      "ocorrencias": 1,
      "fonte": "Dicionário Bíblico; Strong",
      "concordancias": [
        {
          "referencia": "Números 33.49",
          "texto": "desde Bete-Jesimote até Á., nas campinas"
        }
      ]
    },
    {
      "palavra": "acercando-se",
      "veja tambem": [],
      "ocorrencias": 2,
      "fonte": "Dicionário Bíblico; Strong",
      "concordancias": [
        {
          "referencia": "Mateus 13.10",
          "texto": "E, 4. dele os discípulos, disseram-lhe: Por"
        },
        {
          "referencia": "Mateus 15.12",
          "texto": "Então, A. dele os seus discípulos,"
        }
      ]
    },
    {
      "palavra": "acercaram-se",
      "veja tambem": [],
      "ocorrencias": 1,
      "fonte": "Dicionário Bíblico; Strong",
      "concordancias": [
        {
          "referencia": "Mateus 21.23",
          "texto": "E, chegando ao templo, Á. dele, estando já"
        }
      ]
    },
    {
      "palavra": "acesa",
      "veja tambem": [
        "aceso"
      ],
      "ocorrencias": 1,
      "fonte": "Dicionário Bíblico; Strong",
      "concordancias": [
        {
          "referencia": "Isaías 62.1",
          "texto": "um resplendor, e a sua salvação, como uma tocha A.."
        }
      ]
    },
    {
      "palavra": "acesas",
      "veja tambem": [],
      "ocorrencias": 3,
      "fonte": "Dicionário Bíblico; Strong",
      "concordancias": [
        {
          "referencia": "Juízes 7.20",
          "texto": "suas mãos esquerdas as tochas Á. e nas suas mãos"
        },
        {
          "referencia": "Ezequiel 10.2",
          "texto": "e enche as mãos de brasas Á. dentre os"
        },
        {
          "referencia": "Lucas 12.35",
          "texto": "os vossos lombos, e A., as vossas candeias."
        }
      ]
    },
    {
      "palavra": "aceso",
      "veja tambem": [
        "acender"
      ],
      "ocorrencias": 5,
      "fonte": "Dicionário Bíblico; Strong",
      "concordancias": [
        {
          "referencia": "S121.9",
          "texto": "Tu os farás como um forno Á, quando te"
        },
        {
          "referencia": "Jeremias 36.22",
          "texto": "pelo nono mês; e estava diante dele um braseiro A.. )"
        },
        {
          "referencia": "Oséias 7.4",
          "texto": "semelhantes são ao forno A. pelo padeiro, que"
        },
        {
          "referencia": "Lucas 12.49",
          "texto": "fogo na terra e que mais quero, se já está A.?"
        },
        {
          "referencia": "Hebreus 12.18",
          "texto": "ao monte palpável, A. em fogo, e à"
        }
      ]
    },
    {
      "palavra": "acesos",
      "veja tambem": [
        "aceso"
      ],
      "ocorrencias": 1,
      "fonte": "Dicionário Bíblico; Strong",
      "concordancias": [
        {
          "referencia": "Oséias 11.8",
          "texto": "coração, todos os meus pesares juntamente estão A.."
        }
      ]
    },
    {
      "palavra": "acesso",
      "veja tambem": [],
      "ocorrencias": 2,
      "fonte": "Dicionário Bíblico; Strong",
      "concordancias": [
        {
          "referencia": "Efésios 2.18",
          "texto": "porque, por ele, ambos temos A. ao Pai em um"
        },
        {
          "referencia": "Efésios 3.12",
          "texto": "no qual temos ousadia e Á. com confiança, pela"
        }
      ]
    },
    {
      "palavra": "acha",
      "veja tambem": [],
      "ocorrencias": 24,
      "fonte": "Dicionário Bíblico; Strong",
      "concordancias": [
        {
          "referencia": "1 Samuel 9.8",
          "texto": "e disse: Eis que ainda se A. na minha mão um"
        },
        {
          "referencia": "1 Samuel 26.18",
          "texto": "Pois que fiz eu? E que maldade se A. nas minhas"
        },
        {
          "referencia": "2 Reis 19.4",
          "texto": "tem ouvido; faze, pois, oração pelo resto que se À.."
        },
        {
          "referencia": "1 Crônicas 29.17",
          "texto": "alegria que o teu povo, que se À. aqui,"
        },
        {
          "referencia": "Jó 19.28",
          "texto": "o perseguimos? Pois a raiz da acusação se A. em mim."
        },
        {
          "referencia": "Jó 28.13",
          "texto": "lhe conhece o valor; não se À. na terra dos viventes."
        },
        {
          "referencia": "Jó 33.10",
          "texto": "Eis que ele À. contra mim ocasiões e me considerou"
        },
        {
          "referencia": "S1119.162",
          "texto": "a tua palavra, como aquele que A. um grande des-"
        },
        {
          "referencia": "Provérbios 10.13",
          "texto": "Nos lábios do sábio se À, a sabedoria, mas a vara é"
        },
        {
          "referencia": "Provérbios 13.10",
          "texto": "mas com os que se aconselham se A. a sabedoria."
        },
        {
          "referencia": "Provérbios 146",
          "texto": "busca sabedoria e não a A., mas para o prudente"
        },
        {
          "referencia": "Provérbios 16.10",
          "texto": "Adivinhação se 4. nos lábios do rei; em juízo não"
        },
        {
          "referencia": "cy 16.27",
          "texto": "o mal, e nos seus lábios se Á. como que um fogo ar-"
        },
        {
          "referencia": "Py 18.22",
          "texto": "O que A. uma mulher A. uma coisa boa e alcançou a"
        },
        {
          "referencia": "Cânticos 8.10",
          "texto": "então, eu era aos seus olhos como aquela que À. paz."
        },
        {
          "referencia": "Isaías 29.8",
          "texto": "eis que ainda desfalecido se A., e a sua alma,"
        },
        {
          "referencia": "Isaías 65.8",
          "texto": "o Senhor: Como quando se A, mosto em um cacho de"
        },
        {
          "referencia": "Jeremias 38.9",
          "texto": "de fome no lugar onde se A., pois não há"
        },
        {
          "referencia": "Lamentações 1.1",
          "texto": "Como se À. solitária aquela cidade dantes tão"
        },
        {
          "referencia": "Lamentações 1.3",
          "texto": "habita entre as nações, não À. descanso; todos os"
        },
        {
          "referencia": "Ezequiel 23.37",
          "texto": "adulteraram, e sangue se A. nas suas mãos; com"
        },
        {
          "referencia": "Oséias 9.15",
          "texto": "Toda a sua malícia se 4. em Gilgal, porque ali os"
        },
        {
          "referencia": "Mateus 18.13",
          "texto": "E, se, porventura, a Á., em verdade vos digo que"
        },
        {
          "referencia": "Lucas 110",
          "texto": "pede recebe; e quem busca A.; e a quem bate, abrir-"
        }
      ]
    },
    {
      "palavra": "acha-a",
      "veja tambem": [
        "achar"
      ],
      "ocorrencias": 2,
      "fonte": "Dicionário Bíblico; Strong",
      "concordancias": [
        {
          "referencia": "Mateus 12.44",
          "texto": "casa, donde saí. E, voltando, A. desocupada,"
        },
        {
          "referencia": "Lucas 11.25",
          "texto": "E, chegando, À, varrida e adornada."
        }
      ]
    },
    {
      "palavra": "achá-la",
      "veja tambem": [
        "achar"
      ],
      "ocorrencias": 1,
      "fonte": "Dicionário Bíblico; Strong",
      "concordancias": [
        {
          "referencia": "Lucas 15.4",
          "texto": "nove e não vai após a perdida até que venha a A.?"
        }
      ]
    },
    {
      "palavra": "achá-la-á",
      "veja tambem": [
        "achar"
      ],
      "ocorrencias": 2,
      "fonte": "Dicionário Bíblico; Strong",
      "concordancias": [
        {
          "referencia": "Mateus 10.39",
          "texto": "e quem perder a sua vida por amor de mim Á.."
        },
        {
          "referencia": "Mateus 16.25",
          "texto": "e quem perder a sua vida por amor de mim A.."
        }
      ]
    },
    {
      "palavra": "achada",
      "veja tambem": [
        "achar"
      ],
      "ocorrencias": 5,
      "fonte": "Dicionário Bíblico; Strong",
      "concordancias": [
        {
          "referencia": "Jeremias 50.20",
          "texto": "maldade de Israel e não será A.; e os pecados de"
        },
        {
          "referencia": "Jeremias 50.24",
          "texto": "e tu não o soubeste; foste A, e também"
        },
        {
          "referencia": "Ezequiel 26.21",
          "texto": "te buscarem, nunca mais serás Á., diz o Senhor Jeo-"
        },
        {
          "referencia": "Daniel 6.22",
          "texto": "me fizessem dano, porque foi A. em mim inocência"
        },
        {
          "referencia": "Apocalipse 18.21",
          "texto": "aquela grande cidade, e não será jamais A.."
        }
      ]
    }
  ]
}