{
  "a": [
    {
      "palavra": "achado",
      "veja tambem": [
        "achar"
      ],
      "ocorrencias": 55,
      "fonte": "Strong's H4672 (מָצָא/matsa)",
      "concordancias": [
        {
          "referencia": "Gênesis 18.3",
          "texto": "Meu Senhor, se agora tenho A. graça aos teus"
        },
        {
          "referencia": "Gênesis 19.19",
          "texto": "que, agora, o teu servo tem À. graça aos teus"
        },
        {
          "referencia": "Gênesis 26.32",
          "texto": "que tinham cavado, e disseram-lhe: Temos A. água."
        },
        {
          "referencia": "Gênesis 30.27",
          "texto": "disse Labão: Se, agora, tenho A. graça a teus"
        },
        {
          "referencia": "Gênesis 33.10",
          "texto": "Jacó: Não! Se, agora, tenho À. graça a teus"
        },
        {
          "referencia": "Gênesis 37.32",
          "texto": "a seu pai, e disseram: Temos À. esta túnica;"
        },
        {
          "referencia": "Gênesis 44.8",
          "texto": "que o dinheiro que temos A. na boca dos nossos"
        },
        {
          "referencia": "Gênesis 44.9",
          "texto": "teus servos, com quem for A., morra; e ainda"
        },
        {
          "referencia": "Gênesis 44.16",
          "texto": "tanto nós como aquele em cuja mão foi À, o copo."
        },
        {
          "referencia": "Gênesis 44.17",
          "texto": "varão em cuja mão o copo foi A., aquele será meu"
        },
        {
          "referencia": "Gênesis 47.29",
          "texto": "e disse-lhe: Se agora tenho A. graça aos"
        },
        {
          "referencia": "Gênesis 50.4",
          "texto": "dizendo: Se agora tenho À. graça aos vossos"
        },
        {
          "referencia": "Êxodo 9.19",
          "texto": "todo homem e animal que for Á. no campo e não"
        },
        {
          "referencia": "Êxodo 21.16",
          "texto": "homem e o vender, ou for À. na sua mão,"
        },
        {
          "referencia": "Êxodo 22.2",
          "texto": "Se o ladrão for A. a minar, e for ferido, e"
        },
        {
          "referencia": "Êxodo 224",
          "texto": "Se o furto for À. vivo na sua mão, seja boi, ou"
        },
        {
          "referencia": "Êxodo 33.13",
          "texto": "Agora, pois, se tenho 4. graça aos teus olhos,"
        },
        {
          "referencia": "Êxodo 33.16",
          "texto": "se saberá agora que tenho À. graça aos teus"
        },
        {
          "referencia": "Êxodo 34.9",
          "texto": "Senhor, se agora tenho Á. graça aos teus"
        },
        {
          "referencia": "Números 11.15",
          "texto": "mata-me, eu to peço, se tenho A. graça aos teus"
        },
        {
          "referencia": "Pt 22.22",
          "texto": "Quando um homem for Á. deitado com mulher ca-"
        },
        {
          "referencia": "Juízes 6.17",
          "texto": "lhe disse: Se agora tenho A. graça aos teus"
        },
        {
          "referencia": "1 Samuel 12.5",
          "texto": "de que nada tendes À. na minha mão. E"
        },
        {
          "referencia": "1 Samuel 20.29",
          "texto": "mandou ir. Se, pois, agora tenho À, graça a teus"
        },
        {
          "referencia": "1 Samuel 25.28",
          "texto": "guerras do RN e não se tem A. mal em ti por"
        },
        {
          "referencia": "1 Samuel 27.5",
          "texto": "Davi a Aquis: Se eu tenho A. graça aos teus"
        },
        {
          "referencia": "IRs 18.10",
          "texto": "os reinos e as nações, se eles te não tinham A.."
        },
        {
          "referencia": "1 Crônicas 28.9",
          "texto": "se o buscares, será À. de ti; porém,"
        },
        {
          "referencia": "2 Crônicas 34.30",
          "texto": "livro do concerto, que se tinha 4. na Casa do Senhor."
        },
        {
          "referencia": "Neemias 13.13",
          "texto": "filho de Matanias; porque se tinham A. fiéis, e"
        },
        {
          "referencia": "Jó 13.18",
          "texto": "ordenado a minha causa e sei que serei À. justo."
        },
        {
          "referencia": "Jó 20.8",
          "texto": "um sonho, voa, e não será Á., eserá"
        },
        {
          "referencia": "Provérbios 30.6",
          "texto": "para que não te repreenda, e sejas A. mentiroso."
        },
        {
          "referencia": "Isaías 13.15",
          "texto": "Todo o que for A. será traspassado e, todo o que"
        },
        {
          "referencia": "Isaías 65.1",
          "texto": "perguntavam por mim; fui A, por aqueles que me"
        },
        {
          "referencia": "Jeremias 29.14",
          "texto": "E serei A. de vós, diz o Senhor, e farei voltar"
        },
        {
          "referencia": "Jeremias 48.27",
          "texto": "para ti? Porventura, foi A. entre ladrões?"
        },
        {
          "referencia": "Daniel 5.27",
          "texto": "Pesado foste na balança e foste À, em falta,"
        },
        {
          "referencia": "Daniel 11.19",
          "texto": "terra, mas tropeçará, e cairá, e não será Á.."
        },
        {
          "referencia": "Oséias 14.8",
          "texto": "eu sou como a faia verde; de mim é Á. o teu fruto."
        },
        {
          "referencia": "Lucas 7.9",
          "texto": "Digo-vos que nem ainda em Israel tenho A. tanta fé."
        },
        {
          "referencia": "Lucas 9.36",
          "texto": "soado aquela voz, Jesus foi A. só; e eles"
        },
        {
          "referencia": "Lucas 15.24",
          "texto": "tinha-se perdido e foi A.. E começaram a alegrar-se."
        },
        {
          "referencia": "Lucas 15.32",
          "texto": "estava morto e reviveu; tinha-se perdido e foi A.."
        },
        {
          "referencia": "Lucas 23.2",
          "texto": "a acusá-lo, dizendo: Havemos À, este pervertendo"
        },
        {
          "referencia": "Jó 1.45",
          "texto": "e disse-lhe: Havemos A. aquele de quem"
        },
        {
          "referencia": "Atos 21.25",
          "texto": "já nós havemos escrito e Á. por bem que nada"
        },
        {
          "referencia": "Atos 24.5",
          "texto": "Temos À, que este homem é uma peste e promotor de"
        },
        {
          "referencia": "Romanos 10.20",
          "texto": "Isaías ousadamente diz: Fui A. pelos que me não"
        },
        {
          "referencia": "2 Coríntios 12.20",
          "texto": "como eu quereria, e eu seja A. de vós como não"
        },
        {
          "referencia": "Filipenses 2.8",
          "texto": "e, A. na forma de homem, humilhou-se a si mesmo,"
        },
        {
          "referencia": "Filipenses 3.9",
          "texto": "e seja A. nele, não tendo a minha justiça que vem"
        },
        {
          "referencia": "Hebreus 11.5",
          "texto": "não ver a morte e não foi A., porque Deus o"
        },
        {
          "referencia": "Apocalipse 5.4",
          "texto": "muito, porque ninguém fora À, digno de abrir o"
        },
        {
          "referencia": "Apocalipse 20.15",
          "texto": "E aquele que não foi A. escrito no livro da vida"
        }
      ]
    },
    {
      "palavra": "achais",
      "veja tambem": [
        "achar"
      ],
      "ocorrencias": 2,
      "fonte": "Strong's H4672 (מָצָא/matsa)",
      "concordancias": [
        {
          "referencia": "Isaías 58.3",
          "texto": "Eis que, no dia em que jejuais, A. o vosso"
        },
        {
          "referencia": "Jeremias 5.1",
          "texto": "pelas suas praças, a ver se À, alguém ou se há"
        }
      ]
    },
    {
      "palavra": "acham",
      "veja tambem": [
        "achar"
      ],
      "ocorrencias": 10,
      "fonte": "Strong's H4672 (מָצָא/matsa)",
      "concordancias": [
        {
          "referencia": "Ester 9.13",
          "texto": "amanhã, aos judeus que se À, em Susã que"
        },
        {
          "referencia": "Provérbios 4.22",
          "texto": "são vida para os que as À, e saúde, para o seu corpo."
        },
        {
          "referencia": "Provérbios 8.9",
          "texto": "as entende e justas, para os que À. o conhecimento."
        },
        {
          "referencia": "Provérbios 31.8",
          "texto": "pelo direito de todos os que se A. em desolação."
        },
        {
          "referencia": "Jeremias 5.26",
          "texto": "Porque ímpios se À. entre o meu povo; cada um anda"
        },
        {
          "referencia": "Jeremias 14.3",
          "texto": "água; vêm às cavas e não A. água; voltam com os"
        },
        {
          "referencia": "Lamentações 1.6",
          "texto": "sendo como corços que não À. pasto e caminham"
        },
        {
          "referencia": "Lamentações 2.9",
          "texto": "nações onde não há lei, nem À. visão alguma do"
        },
        {
          "referencia": "Daniel 5.14",
          "texto": "o entendimento, e a excelente sabedoria se A. em ti."
        },
        {
          "referencia": "1 Pedro 4.4",
          "texto": "e À. estranho não correrdes com eles no mesmo"
        }
      ]
    },
    {
      "palavra": "achamo-lo",
      "veja tambem": [
        "achar"
      ],
      "ocorrencias": 1,
      "fonte": "Strong's H4672 (מָצָא/matsa)",
      "concordancias": [
        {
          "referencia": "Lamentações 2.16",
          "texto": "este é o dia que esperávamos; Á. e vimo-lo."
        }
      ]
    },
    {
      "palavra": "achamos",
      "veja tambem": [
        "achar"
      ],
      "ocorrencias": 7,
      "fonte": "Strong's H4672 (מָצָא/matsa)",
      "concordancias": [
        {
          "referencia": "Números 32.5",
          "texto": "Disseram mais: Se Á. graça aos teus olhos, dê-se"
        },
        {
          "referencia": "Jó 32.13",
          "texto": "Pelo que não digais: 4. a sabedoria, Deus o"
        },
        {
          "referencia": "Salmos 132.6",
          "texto": "falar da arca em Efrata e a À, no campo do bosque."
        },
        {
          "referencia": "Jó 1.41",
          "texto": "irmão Simão e disse-lhe: A. o Messias (que,"
        },
        {
          "referencia": "Atos 5.23",
          "texto": "dizendo: Á. realmente o cárcere fechado, com"
        },
        {
          "referencia": "Atos 5.23",
          "texto": "portas; mas, quando abrimos, ninguém 4. dentro."
        },
        {
          "referencia": "Atos 23.9",
          "texto": "contendiam, dizendo: Nenhum mal À, neste homem,"
        }
      ]
    },
    {
      "palavra": "achando",
      "veja tambem": [
        "achar"
      ],
      "ocorrencias": 17,
      "fonte": "Strong's H4672 (מָצָא/matsa)",
      "concordancias": [
        {
          "referencia": "1 Reis 18.12",
          "texto": "a dar as novas a Acabe, e não te À, ele, me"
        },
        {
          "referencia": "Jó 3.22",
          "texto": "que de alegria saltam, e exultam, A. a sepultura?"
        },
        {
          "referencia": "Jó 32.3",
          "texto": "três amigos; porque, não A. que responder,"
        },
        {
          "referencia": "Provérbios 8.31",
          "texto": "no seu mundo habitável e A. as minhas delícias"
        },
        {
          "referencia": "Lucas 5.19",
          "texto": "E, não Á. por onde o pudessem levar, por causa"
        },
        {
          "referencia": "Lucas 11.24",
          "texto": "buscando repouso; e não o Á., diz: Tornarei"
        },
        {
          "referencia": "Lucas 13.6",
          "texto": "na sua vinha e foi procurar nela fruto, não o A.."
        },
        {
          "referencia": "Lucas 24.23",
          "texto": "e, não Á. o seu corpo, voltaram, dizendo que"
        },
        {
          "referencia": "Atos 4.21",
          "texto": "os ameaçaram mais e, não Á. motivo para os"
        },
        {
          "referencia": "Atos 17.6",
          "texto": "Porém, não os Á., trouxeram Jasom e alguns"
        },
        {
          "referencia": "Atos 18.2",
          "texto": "E, A, um certo judeu por nome Áquila, natural do"
        },
        {
          "referencia": "Atos 19.1",
          "texto": "superiores, chegou a Efeso e, A. ali alguns discípulos,"
        },
        {
          "referencia": "Atos 21.2",
          "texto": "À, um navio que ia para a Fenícia, embarcamos"
        },
        {
          "referencia": "Atos 21.4",
          "texto": "E, À. discípulos, ficamos ali sete dias; e eles,"
        },
        {
          "referencia": "Atos 25.25",
          "texto": "Mas, À. eu que nenhuma coisa digna de morte"
        },
        {
          "referencia": "Atos 27.6",
          "texto": "À. ali o centurião um navio de Alexandria, que"
        },
        {
          "referencia": "Atos 28.14",
          "texto": "onde, Á. alguns irmãos, nos rogaram que por sete"
        }
      ]
    },
    {
      "palavra": "achando-a",
      "veja tambem": [
        "achar"
      ],
      "ocorrencias": 2,
      "fonte": "Strong's H4672 (מָצָא/matsa)",
      "concordancias": [
        {
          "referencia": "Lucas 15.5",
          "texto": "E, Á., a põe sobre seus ombros, cheio de júbilo;"
        },
        {
          "referencia": "Lucas 15.9",
          "texto": "E, Á., convoca as amigas e vizinhas, dizendo:"
        }
      ]
    },
    {
      "palavra": "achando-o",
      "veja tambem": [
        "achar"
      ],
      "ocorrencias": 3,
      "fonte": "Strong's H4672 (מָצָא/matsa)",
      "concordancias": [
        {
          "referencia": "Marcos 1.37",
          "texto": "E, A., lhe disseram: Todos te buscam."
        },
        {
          "referencia": "Jó 6.25",
          "texto": "E, À. no outro lado do mar, disseram-lhe:"
        },
        {
          "referencia": "Atos 11.25",
          "texto": "Tarso, a buscar Saulo; e, A., o conduziu"
        }
      ]
    }
  ]
}