{
  "a": [
    {
      "palavra": "achando-se",
      "veja tambem": [
        "achar",
        "achará"
      ],
      "ocorrencias": 4,
      "fonte": "Strong's H4672 (מָצָא/matsa)",
      "concordancias": [
        {
          "referencia": "Esdras 10.19",
          "texto": "despediriam suas mulheres, e, Á. culpados,"
        },
        {
          "referencia": "Provérbios 16.31",
          "texto": "Coroa de honra são as cãs, À. elas no caminho"
        },
        {
          "referencia": "Jeremias 15.16",
          "texto": "A. as tuas palavras, logo as comi, e a tua"
        },
        {
          "referencia": "Mateus 17.22",
          "texto": "Ora, À, eles na Galileia, disse-lhes Jesus:"
        }
      ]
    },
    {
      "palavra": "achara",
      "veja tambem": [
        "achar"
      ],
      "ocorrencias": 3,
      "fonte": "Dicionário Bíblico; Strong",
      "concordancias": [
        {
          "referencia": "2 Reis 23.24",
          "texto": "no livro que o sacerdote Hilquias A, na Casa do Se-"
        },
        {
          "referencia": "2 Crônicas 34.33",
          "texto": "e a todas quantos se Á, em Israel obrigou"
        },
        {
          "referencia": "Jó 4.52",
          "texto": "pois, a que hora se A. melhor; e"
        }
      ]
    },
    {
      "palavra": "achará",
      "veja tambem": [
        "achar"
      ],
      "ocorrencias": 24,
      "fonte": "Dicionário Bíblico; Strong",
      "concordancias": [
        {
          "referencia": "Deuteronômio 18.10",
          "texto": "Entre ti se não A. quem faça passar pelo fogo o"
        },
        {
          "referencia": "1 Samuel 20.18",
          "texto": "no teu lugar, pois o teu assento se À, vazio,"
        },
        {
          "referencia": "1 Samuel 23.17",
          "texto": "Não temas, que não te 4, a mão de Saul,"
        },
        {
          "referencia": "Jó 28.12",
          "texto": "Mas onde se À. a sabedoria? E onde está o lugar"
        },
        {
          "referencia": "Provérbios 6.33",
          "texto": "Á. castigo e vilipêndio, e o seu opróbrio nunca"
        },
        {
          "referencia": "Provérbios 8.35",
          "texto": "Porque o que me achar A. a vida e alcançará favor"
        },
        {
          "referencia": "Provérbios 16.20",
          "texto": "para a palavra Á. o bem, e o que"
        },
        {
          "referencia": "Provérbios 17.20",
          "texto": "perverso de coração nunca À. o bem; e o que tem"
        },
        {
          "referencia": "Provérbios 19.8",
          "texto": "a sua alma; o que conserva a inteligência À, o bem."
        },
        {
          "referencia": "Provérbios 20.6",
          "texto": "apregoa a sua bondade; mas o homem fiel, quem o A.?"
        },
        {
          "referencia": "Provérbios 21.21",
          "texto": "a justiça e a bondade Á. a vida, a justiça e"
        },
        {
          "referencia": "Provérbios 28.23",
          "texto": "O que repreende ao homem A. depois mais favor do"
        },
        {
          "referencia": "Provérbios 29.12",
          "texto": "às palavras mentirosas Á. que todos os seus"
        },
        {
          "referencia": "Provérbios 31.10",
          "texto": "Mulher virtuosa, quem a A.? O seu valor muito"
        },
        {
          "referencia": "Eclesiastes 7.24",
          "texto": "Longe está o que foi e profundíssimo; quem o A.?"
        },
        {
          "referencia": "Eclesiastes 8.17",
          "texto": "o homem para a buscar, não a A.; e, ainda que"
        },
        {
          "referencia": "Isaías 30.14",
          "texto": "não se compadecerá; não se A. entre os seus"
        },
        {
          "referencia": "Isaías 35.9",
          "texto": "feroz subirá a ele, nem se Á, nele; mas os"
        },
        {
          "referencia": "Oséias 2.7",
          "texto": "e buscá-los-á, mas não os A.; então, dirá:"
        },
        {
          "referencia": "Sofonias 3.13",
          "texto": "e na sua boca não se À. língua enganosa;"
        },
        {
          "referencia": "Zacarias 10.10",
          "texto": "Gileade e do Líbano, e não se A. lugar para eles."
        },
        {
          "referencia": "Lucas 18.8",
          "texto": "vier o Filho do Homem, porventura, A. fé na terra?"
        },
        {
          "referencia": "fo 10.9",
          "texto": "salvar-se-á, e entrará, e sairá, e A. pastagens."
        },
        {
          "referencia": "Apocalipse 18.22",
          "texto": "artífice de arte alguma se 4. mais em ti; e"
        }
      ]
    }
  ]
}