{
  "a": [
    {
      "palavra": "acharam",
      "veja tambem": [
        "achar"
      ],
      "ocorrencias": 71,
      "fonte": "Strong's H4672 (מָצָא/matsa)",
      "concordancias": [
        {
          "referencia": "Gênesis 11.2",
          "texto": "partindo eles do Oriente, A. um vale na terra"
        },
        {
          "referencia": "Gênesis 26.19",
          "texto": "de Isaque naquele vale e À, ali um poço de"
        },
        {
          "referencia": "Êxodo 15.22",
          "texto": "Sur; e andaram três dias no deserto e não À, água."
        },
        {
          "referencia": "Êxodo 16.27",
          "texto": "alguns do povo saíram para colher, mas não o A.."
        },
        {
          "referencia": "Números 15.32",
          "texto": "filhos de Israel no deserto, A, um homem"
        },
        {
          "referencia": "Números 15.33",
          "texto": "E os que o À. apanhando lenha o trouxeram a"
        },
        {
          "referencia": "Juízes 1.5",
          "texto": "E Á. a Adoni-Bezeque em Bezeque, e pelejaram"
        },
        {
          "referencia": "Juízes 20.48",
          "texto": "a todas as cidades quantas se A, puseram a fogo."
        },
        {
          "referencia": "Juízes 21.12",
          "texto": "E À. entre os moradores de Jabes-Gileade"
        },
        {
          "referencia": "1 Samuel 9.4",
          "texto": "terra de Salisa, porém não as Á.; depois,"
        },
        {
          "referencia": "1 Samuel 9.4",
          "texto": "passou à terra de Benjamim, porém tampouco as A.."
        },
        {
          "referencia": "1 Samuel 9.20",
          "texto": "com elas, porque já se A.. E para quem é"
        },
        {
          "referencia": "1 Samuel 10.16",
          "texto": "verdade, que as jumentas se A.. Porém o"
        },
        {
          "referencia": "1 Samuel 30.11",
          "texto": "E A, no campo um homem egípcio e o trouxeram a"
        },
        {
          "referencia": "1 Samuel 31.8",
          "texto": "dia a despojar os mortos, À. a Saul e a"
        },
        {
          "referencia": "1 Reis 1.3",
          "texto": "Israel uma moça formosa; e À, a Abisague,"
        },
        {
          "referencia": "2 Reis 2.17",
          "texto": "homens, que o buscaram três dias, porém não o A.."
        },
        {
          "referencia": "2 Reis 9.21",
          "texto": "e saíram ao encontro de Jeú, e o 4. no"
        },
        {
          "referencia": "2 Reis 9.35",
          "texto": "para a sepultar; porém não Á. dela senão"
        },
        {
          "referencia": "2 Reis 14.14",
          "texto": "e todos os utensílios que se A. na Casa do"
        },
        {
          "referencia": "2 Reis 25.19",
          "texto": "que viam a face do rei, e se À, na cidade, como"
        },
        {
          "referencia": "2 Reis 25.19",
          "texto": "homens do povo da terra, que se À, na cidade."
        },
        {
          "referencia": "1 Crônicas 4.41",
          "texto": "tendas e habitações dos que se À. ali e as"
        },
        {
          "referencia": "1 Crônicas 10.3",
          "texto": "Saul, e os flecheiros o A., e eletemeu"
        },
        {
          "referencia": "1 Crônicas 10.8",
          "texto": "a despojar os mortos, À, Saul e os seus"
        },
        {
          "referencia": "1 Crônicas 26.31",
          "texto": "reino de Davi, se buscaram e 4, entre eles"
        },
        {
          "referencia": "1 Crônicas 29.8",
          "texto": "E os que se À, com pedras preciosas as deram"
        },
        {
          "referencia": "2 Crônicas 5.11",
          "texto": "todos os sacerdotes, que se Á., se"
        },
        {
          "referencia": "2 Crônicas 15.15",
          "texto": "a sua vontade o buscaram, e o A.; eo Senhor"
        },
        {
          "referencia": "2 Crônicas 19.3",
          "texto": "Boas coisas, contudo, se Á, em ti, porque"
        },
        {
          "referencia": "2 Crônicas 20.25",
          "texto": "para saquear os despojos e Á. neles fazenda e"
        },
        {
          "referencia": "2 Crônicas 29.16",
          "texto": "Senhor, toda a imundicia que A. no templo do"
        },
        {
          "referencia": "2 Crônicas 29.29",
          "texto": "e todos quantos com ele se À, se prostraram e ado-"
        },
        {
          "referencia": "2 Crônicas 30.21",
          "texto": "os filhos de Israel que se A. em Jerusalém"
        },
        {
          "referencia": "2 Crônicas 34.32",
          "texto": "em pé a todos quantos se Á. em Jerusalém e em"
        },
        {
          "referencia": "2 Crônicas 35.17",
          "texto": "de Israel que ali se À, celebraram a"
        },
        {
          "referencia": "2 Crônicas 35.18",
          "texto": "todo o Judá e Israel que ali se A., eos"
        },
        {
          "referencia": "Esdras 2.62",
          "texto": "nas genealogias, mas não se Á, nelas; pelo que"
        },
        {
          "referencia": "Esdras 419",
          "texto": "ordenando-o eu, buscaram e À. que, de tempos"
        },
        {
          "referencia": "Neemias 5.8",
          "texto": "a nós? Então, se calaram e não A, que responder."
        },
        {
          "referencia": "Neemias 8.14",
          "texto": "E A. escrito na Lei que o Senhor ordenara pelo"
        },
        {
          "referencia": "Jó 42.15",
          "texto": "E em toda a terra não se A, mulheres tão"
        },
        {
          "referencia": "Salmos 107.4",
          "texto": "por caminhos solitários; não Á. cidade que habitas-"
        },
        {
          "referencia": "Isaías 22.3",
          "texto": "todos os que em ti se À. foram amarrados"
        },
        {
          "referencia": "Jeremias 2.5",
          "texto": "diz o Senhor: Que injustiça Á. vossos pais em"
        },
        {
          "referencia": "Jeremias 52.25",
          "texto": "viam a face do rei que se À. na cidade, como"
        },
        {
          "referencia": "Jeremias 52.25",
          "texto": "homens do povo da terra que se À. no meio da cidade."
        },
        {
          "referencia": "Ezequiel 22.9",
          "texto": "Homens caluniadores se À. em ti, para derramarem"
        },
        {
          "referencia": "Ezequiel 27.9",
          "texto": "do mar e os marinheiros se A. em ti, para"
        },
        {
          "referencia": "Daniel 6.11",
          "texto": "homens foram juntos e À, Daniel orando e"
        },
        {
          "referencia": "Mg 1.13",
          "texto": "de Sião), porque em ti se À. as"
        },
        {
          "referencia": "Mateus 2.11",
          "texto": "E, entrando na casa, À. o menino com Maria, sua"
        },
        {
          "referencia": "Marcos 14.16",
          "texto": "discípulos, foram à cidade, e A. como lhes tinha"
        },
        {
          "referencia": "Lucas 2.16",
          "texto": "E foram apressadamente e Á. Maria, e José, e o"
        },
        {
          "referencia": "Lucas 2.46",
          "texto": "que, passados três dias, o Á. no templo,"
        },
        {
          "referencia": "Lucas 7.10",
          "texto": "casa os que foram enviados, A, são o servo enfermo."
        },
        {
          "referencia": "Lucas 8.35",
          "texto": "e vieram ter com Jesus. Á., então, o homem"
        },
        {
          "referencia": "Lucas 19.32",
          "texto": "os que haviam sido mandados, 4. como lhes dissera."
        },
        {
          "referencia": "Lucas 22.13",
          "texto": "E, indo eles, A. como lhes havia sido dito; e"
        },
        {
          "referencia": "Lucas 24.2",
          "texto": "E À, a pedra do sepulcro removida."
        },
        {
          "referencia": "Lucas 24.3",
          "texto": "E, entrando, não À. o corpo do Senhor Jesus."
        },
        {
          "referencia": "Lucas 24.24",
          "texto": "foram ao sepulcro e À. ser assim como as"
        },
        {
          "referencia": "Lucas 24.33",
          "texto": "voltaram para Jerusalém e À. congregados os"
        },
        {
          "referencia": "Atos 13.6",
          "texto": "a ilha até Pafos, A. um certo judeu,"
        },
        {
          "referencia": "Atos 19.19",
          "texto": "feita a conta do seu preço, A que montava a"
        },
        {
          "referencia": "Atos 24.12",
          "texto": "e não me Á. no templo falando com alguém, nem"
        },
        {
          "referencia": "Atos 24.18",
          "texto": "Nisto, me Á. já santificado no templo, não em"
        },
        {
          "referencia": "Atos 24.20",
          "texto": "Ou digam estes mesmos se Á. em mim alguma"
        },
        {
          "referencia": "Atos 27.28",
          "texto": "E, lançando o prumo, À. vinte braças; passando"
        },
        {
          "referencia": "Atos 27.28",
          "texto": "tornando a lançar o prumo, À. quinze braças."
        },
        {
          "referencia": "Apocalipse 16.20",
          "texto": "E toda ilha fugiu; e os montes não se A.."
        }
      ]
    },
    {
      "palavra": "acharam-me",
      "veja tambem": [
        "achar"
      ],
      "ocorrencias": 2,
      "fonte": "Strong's H4672 (מָצָא/matsa)",
      "concordancias": [
        {
          "referencia": "Cânticos 3.3",
          "texto": "A. os guardas, que rondavam pela cidade; eu"
        },
        {
          "referencia": "Cânticos 5.7",
          "texto": "À, os guardas que rondavam pela cidade,"
        }
      ]
    },
    {
      "palavra": "acharam-na",
      "veja tambem": [
        "achar"
      ],
      "ocorrencias": 1,
      "fonte": "Strong's H4672 (מָצָא/matsa)",
      "concordancias": [
        {
          "referencia": "Atos 5.10",
          "texto": "E, entrando os jovens, Á. morta e a"
        }
      ]
    },
    {
      "palavra": "acharam-no",
      "veja tambem": [
        "achar"
      ],
      "ocorrencias": 1,
      "fonte": "Strong's H4672 (מָצָא/matsa)",
      "concordancias": [
        {
          "referencia": "Jeremias 41.12",
          "texto": "Ismael, filho de Netanias; e A. ao pé das"
        }
      ]
    },
    {
      "palavra": "acharam-se",
      "veja tambem": [
        "achar"
      ],
      "ocorrencias": 4,
      "fonte": "Strong's H4672 (מָצָא/matsa)",
      "concordancias": [
        {
          "referencia": "Josué 10.17",
          "texto": "anunciado a Josué, dizendo: À. os cinco reis"
        },
        {
          "referencia": "1 Samuel 10.2",
          "texto": "em Zelza, os quais te dirão: Á. as"
        },
        {
          "referencia": "1 Samuel 13.22",
          "texto": "com Saul e com Jônatas; porém A. com Saul e"
        },
        {
          "referencia": "2 Crônicas 2.17",
          "texto": "os contara Davi, seu pai; e À. cento e"
        }
      ]
    },
    {
      "palavra": "acharás",
      "veja tambem": [
        "achar"
      ],
      "ocorrencias": 8,
      "fonte": "Strong's H4672 (מָצָא/matsa)",
      "concordancias": [
        {
          "referencia": "Deuteronômio 4.29",
          "texto": "ao Senhor, teu Deus, e o Á., quando o"
        },
        {
          "referencia": "1 Samuel 10.2",
          "texto": "Partindo-te hoje de mim, Á. dois homens junto ao"
        },
        {
          "referencia": "1 Samuel 16.16",
          "texto": "então, ele tocará com a sua mão, e te A. melhor."
        },
        {
          "referencia": "Esdras 4.15",
          "texto": "de teus pais, e, então, 4. no livro das"
        },
        {
          "referencia": "Provérbios 2.5",
          "texto": "o temor do Senhor e Á. o conhecimento de Deus."
        },
        {
          "referencia": "Provérbios 3.4",
          "texto": "e À. graça e bom entendimento aos olhos de Deus"
        },
        {
          "referencia": "Isaías 41.12",
          "texto": "Buscá-los-ás, mas não os À.; e os que pelejarem"
        },
        {
          "referencia": "Apocalipse 18.14",
          "texto": "e excelentes se foram de ti, e não mais as Å.."
        }
      ]
    },
    {
      "palavra": "achardes",
      "veja tambem": [],
      "ocorrencias": 4,
      "fonte": "Strong's H4672 (מָצָא/matsa)",
      "concordancias": [
        {
          "referencia": "Gênesis 32.19",
          "texto": "esta mesma palavra, falareis a Esaú, quando o A.."
        },
        {
          "referencia": "Êxodo 5.11",
          "texto": "e tomai vós ballia de onde a Á.; porque nada se"
        },
        {
          "referencia": "Cânticos 5.8",
          "texto": "filhas de Jerusalém, que, se Á. o meu amado,"
        },
        {
          "referencia": "Mateus 2.8",
          "texto": "pelo menino, e, quando o A.,"
        }
      ]
    }
  ]
}