{
  "a": [
    {
      "palavra": "achareis",
      "veja tambem": [
        "achar"
      ],
      "ocorrencias": 12,
      "fonte": "Strong's H4672 (מָצָא/matsa)",
      "concordancias": [
        {
          "referencia": "Êxodo 16.25",
          "texto": "é o sábado do Senhor; hoje não o Á. no campo."
        },
        {
          "referencia": "1 Samuel 9.13",
          "texto": "vós na cidade, logo o Á., antes que suba"
        },
        {
          "referencia": "2 Crônicas 15.2",
          "texto": "com ele, e, se o buscardes, o A.; porém,"
        },
        {
          "referencia": "2 Crônicas 20.16",
          "texto": "pela ladeira de Ziz, e os Á. no fim do"
        },
        {
          "referencia": "Jeremias 6.16",
          "texto": "bom caminho, e andai por ele; e A. descanso"
        },
        {
          "referencia": "Jeremias 29.13",
          "texto": "E buscar-me-eis e me A. quando me buscardes de"
        },
        {
          "referencia": "Lucas 2.12",
          "texto": "E isto vos será por sinal: 4. o menino envolto"
        },
        {
          "referencia": "Lucas 11.9",
          "texto": "e dar-se-vos-á; buscai, e A.; batei, e abrir-se-vos-á;"
        },
        {
          "referencia": "Lucas 19.30",
          "texto": "defronte e aí, ao entrardes, A. preso um"
        },
        {
          "referencia": "Jó 7.34",
          "texto": "Vós me buscareis e não me Á.; e aonde eu estou"
        },
        {
          "referencia": "Jó 7.36",
          "texto": "Buscar-me-eis e não me A.; e: Aonde eu"
        },
        {
          "referencia": "Jó 21.6",
          "texto": "a rede à direita do barco e À,. Lançaram-na,"
        }
      ]
    },
    {
      "palavra": "acharemos",
      "veja tambem": [
        "achar"
      ],
      "ocorrencias": 3,
      "fonte": "Dicionário Bíblico; Strong",
      "concordancias": [
        {
          "referencia": "Provérbios 1.13",
          "texto": "A. toda sorte de fazenda preciosa; encheremos"
        },
        {
          "referencia": "Daniel 6.5",
          "texto": "estes homens disseram: Nunca A, ocasião alguma"
        },
        {
          "referencia": "Jó 7.35",
          "texto": "Para onde irá este, que o não A.? Irá,"
        }
      ]
    },
    {
      "palavra": "achares",
      "veja tambem": [
        "achar"
      ],
      "ocorrencias": 6,
      "fonte": "Dicionário Bíblico; Strong",
      "concordancias": [
        {
          "referencia": "Gênesis 31.32",
          "texto": "Com quem 4. os teus deuses, esse não viva;"
        },
        {
          "referencia": "m 22.3",
          "texto": "perder de teu irmão, e tu a A.; não te poderás escon-"
        },
        {
          "referencia": "1 Samuel 25.8",
          "texto": "a teus servos e a Davi, teu filho, o que Á, à mão."
        },
        {
          "referencia": "Esdras 7.16",
          "texto": "toda a prata e o ouro que A. em toda a"
        },
        {
          "referencia": "S110.15",
          "texto": "busca a sua impiedade até nada mais A. dela."
        },
        {
          "referencia": "Provérbios 24.14",
          "texto": "para a tua alma; se a A., haverá para ti"
        }
      ]
    },
    {
      "palavra": "acharia",
      "veja tambem": [
        "achar"
      ],
      "ocorrencias": 1,
      "fonte": "Dicionário Bíblico; Strong",
      "concordancias": [
        {
          "referencia": "Marcos 11.13",
          "texto": "folhas, foi ver se nela A. alguma coisa; e,"
        }
      ]
    },
    {
      "palavra": "achariam",
      "veja tambem": [],
      "ocorrencias": 2,
      "fonte": "Dicionário Bíblico; Strong",
      "concordancias": [
        {
          "referencia": "Juízes 5.30",
          "texto": "Porventura não Á. e repartiriam despojos? Uma"
        },
        {
          "referencia": "2 Crônicas 324",
          "texto": "que viriam os reis da Assíria e Á, tantas águas?"
        }
      ]
    },
    {
      "palavra": "acharíamos",
      "veja tambem": [
        "achar"
      ],
      "ocorrencias": 1,
      "fonte": "Dicionário Bíblico; Strong",
      "concordancias": [
        {
          "referencia": "Gênesis 41.38",
          "texto": "disse Faraó a seus servos: A. um varão como"
        }
      ]
    },
    {
      "palavra": "achasse",
      "veja tambem": [
        "achar"
      ],
      "ocorrencias": 3,
      "fonte": "Dicionário Bíblico; Strong",
      "concordancias": [
        {
          "referencia": "Gênesis 4.15",
          "texto": "em Caim, para que não o ferisse qualquer que o A.."
        },
        {
          "referencia": "Juízes 17.8",
          "texto": "peregrinar onde quer que Á. comodidade;"
        },
        {
          "referencia": "Cânticos 8.1",
          "texto": "de minha mãe! Quando te A. na rua,"
        }
      ]
    },
    {
      "palavra": "achassem",
      "veja tambem": [
        "achar"
      ],
      "ocorrencias": 1,
      "fonte": "Dicionário Bíblico; Strong",
      "concordancias": [
        {
          "referencia": "Atos 13.28",
          "texto": "E, embora não Á, alguma causa de morte, pediram"
        }
      ]
    },
    {
      "palavra": "achaste",
      "veja tambem": [],
      "ocorrencias": 13,
      "fonte": "Dicionário Bíblico; Strong",
      "concordancias": [
        {
          "referencia": "Gênesis 27.20",
          "texto": "Como é isto, que tão cedo a A., filho meu? E"
        },
        {
          "referencia": "Gênesis 31.37",
          "texto": "todos os meus móveis, que Á. de todos os"
        },
        {
          "referencia": "Gênesis 38.23",
          "texto": "que tenho enviado este cabrito, mas tu não a A.."
        },
        {
          "referencia": "Êxodo 33.12",
          "texto": "Conheço-te por teu nome; também Á. graça aos"
        },
        {
          "referencia": "Êxodo 33.17",
          "texto": "isto, que tens dito; porquanto A. graça aos meus"
        },
        {
          "referencia": "ISm 29.8",
          "texto": "Por quê? Que fiz? Ou que Á. no teu servo,"
        },
        {
          "referencia": "IRs 21.20",
          "texto": "disse Acabe a Elias: Já me Á., inimigo meu? E"
        },
        {
          "referencia": "Neemias 9.8",
          "texto": "E 4. o seu coração fiel perante ti e fizeste com"
        },
        {
          "referencia": "S117.3",
          "texto": "noite; examinaste-me e nada A.; o que pensei, a"
        },
        {
          "referencia": "Provérbios 25.16",
          "texto": "A. mel? Come o que te basta; para que,"
        },
        {
          "referencia": "Isaías 57.10",
          "texto": "há esperança; o que buscavas Á.; por isso, não ado-"
        },
        {
          "referencia": "Lucas 1.30",
          "texto": "anjo: Maria, não temas, porque Á. graça diante"
        },
        {
          "referencia": "Apocalipse 2.2",
          "texto": "ser apóstolos e o não são e tu os Å, mentirosos;"
        }
      ]
    },
    {
      "palavra": "achava",
      "veja tambem": [],
      "ocorrencias": 16,
      "fonte": "Dicionário Bíblico; Strong",
      "concordancias": [
        {
          "referencia": "Gênesis 2.20",
          "texto": "mas para o homem não se Á. adjutora que"
        },
        {
          "referencia": "Êxodo 35.24",
          "texto": "Senhor; e todo aquele que se Á. com madeira de"
        },
        {
          "referencia": "Juízes 20.48",
          "texto": "animais, tudo quanto ali se A., e também a"
        },
        {
          "referencia": "1 Samuel 13.19",
          "texto": "Israel nem um ferreiro se Á., porque os"
        },
        {
          "referencia": "1 Samuel 16.23",
          "texto": "então, Saul sentia alívio e se A. melhor e o"
        },
        {
          "referencia": "1 Samuel 22.2",
          "texto": "a ele todo homem que se À. em aperto, e todo"
        },
        {
          "referencia": "1 Samuel 30.4",
          "texto": "Então, Davi e o povo que se 4, com ele alçaram a"
        },
        {
          "referencia": "2 Reis 12.10",
          "texto": "e ensacavam o dinheiro que se A. na Casa do Senhor."
        },
        {
          "referencia": "2 Crônicas 15.4",
          "texto": "ao Senhor, Deus de Israel, e o buscava, o A.."
        },
        {
          "referencia": "Isaías 39.2",
          "texto": "casa de armas, e tudo quanto se A. nos seus"
        },
        {
          "referencia": "Isaías 63.3",
          "texto": "e dos povos ninguém se A. comigo; e os pisei"
        },
        {
          "referencia": "Ezequiel 8.11",
          "texto": "filho de Safã, que se À, no meio deles,"
        },
        {
          "referencia": "Ezequiel 35.10",
          "texto": "e os possuiremos, sendo que o Senhor se 4. ali,"
        },
        {
          "referencia": "Daniel 6.4",
          "texto": "porque ele era fiel, e não se À. nele nenhum"
        },
        {
          "referencia": "Lucas 24.27",
          "texto": "explicava-lhes o que dele se À, em todas as Escrituras."
        },
        {
          "referencia": "Jó 5.5",
          "texto": "homem que, havia trinta e oito anos, se À, enfermo."
        }
      ]
    },
    {
      "palavra": "achava-se",
      "veja tambem": [
        "achar"
      ],
      "ocorrencias": 1,
      "fonte": "Dicionário Bíblico; Strong",
      "concordancias": [
        {
          "referencia": "Jeremias 37.13",
          "texto": "ele à porta de Benjamim, A. ali um capitão"
        }
      ]
    },
    {
      "palavra": "achavam",
      "veja tambem": [],
      "ocorrencias": 19,
      "fonte": "Dicionário Bíblico; Strong",
      "concordancias": [
        {
          "referencia": "1 Samuel 30.9",
          "texto": "homens que com ele se A., e chegaram ao"
        },
        {
          "referencia": "2 Crônicas 31.1",
          "texto": "os israelitas que ali se À. saíram às"
        },
        {
          "referencia": "2 Crônicas 35.7",
          "texto": "mil, por todos que ali se A., e, de bois,"
        },
        {
          "referencia": "Ester 9.15",
          "texto": "os judeus que se À, em Susá também no"
        },
        {
          "referencia": "Ester 9.16",
          "texto": "os demais judeus que se À. nas províncias do"
        },
        {
          "referencia": "Ester 9.18",
          "texto": "Também os judeus que se 4, em Susã se ajuntaram"
        },
        {
          "referencia": "E 9.20",
          "texto": "a todos os judeus que se À. em todas as"
        },
        {
          "referencia": "Jeremias 41.3",
          "texto": "aos caldeus, homens de guerra, que se À, ali."
        },
        {
          "referencia": "Jeremias 50.7",
          "texto": "Todos os que as A. as devoraram; e os seus"
        },
        {
          "referencia": "Ezequiel 2.10",
          "texto": "dentro e por fora; e nele se À, escritas"
        },
        {
          "referencia": "Ezequiel 27.8",
          "texto": "teus sábios, ó Tiro, que se A. em ti, esses"
        },
        {
          "referencia": "Daniel 1.6",
          "texto": "E entre eles se A., dos filhos de Judá, Daniel,"
        },
        {
          "referencia": "Daniel 4.12",
          "texto": "dela, os animais do campo À. sombra, e as"
        },
        {
          "referencia": "Mateus 26.60",
          "texto": "e não o A., apesar de se apresentarem muitas"
        },
        {
          "referencia": "Marcos 1.32",
          "texto": "trouxeram-lhe todos os que se A. enfermos e os en-"
        },
        {
          "referencia": "Marcos 1.34",
          "texto": "E curou muitos que se À, enfermos de diversas"
        },
        {
          "referencia": "Marcos 6.55",
          "texto": "que sabiam que ele estava, os que se À, enfermos."
        },
        {
          "referencia": "Marcos 14.55",
          "texto": "testemunho contra Jesus, para o matar, e não o A.,"
        },
        {
          "referencia": "Lucas 19.48",
          "texto": "e não 4. meio de o fazer, porque todo o povo"
        }
      ]
    },
    {
      "palavra": "ache",
      "veja tambem": [
        "achar"
      ],
      "ocorrencias": 18,
      "fonte": "Dicionário Bíblico; Strong",
      "concordancias": [
        {
          "referencia": "Gênesis 32.5",
          "texto": "anunciar a meu senhor, para que Á. graça a teus olhos."
        },
        {
          "referencia": "Gênesis 33.15",
          "texto": "Para que é isso? Basta que eu À. graça aos olhos"
        },
        {
          "referencia": "Gênesis 34.11",
          "texto": "pai dela e aos irmãos dela: Á. eu graça a vossos"
        },
        {
          "referencia": "Êxodo 12.19",
          "texto": "Por sete dias não se A, nenhum fermento nas vossas"
        },
        {
          "referencia": "Êxodo 33.13",
          "texto": "e conhecer-te-ei, para que À, graça aos teus"
        },
        {
          "referencia": "Rute 2.13",
          "texto": "E disse ela: Á. eu graça em teus olhos, senhor meu,"
        },
        {
          "referencia": "1 Samuel 1.18",
          "texto": "E disse ela: A. a tua serva graça em teus olhos."
        },
        {
          "referencia": "2 Samuel 16.4",
          "texto": "Ziba: Eu me inclino e que eu À. graça aos teus"
        },
        {
          "referencia": "2 Samuel 17.13",
          "texto": "até ao ribeiro, até que não se A. ali nem uma só"
        },
        {
          "referencia": "2 Samuel 20.6",
          "texto": "para que, porventura, não À. para si"
        },
        {
          "referencia": "Jó 34.11",
          "texto": "lhe paga: e faz que cada um A. segundo o seu cami-"
        },
        {
          "referencia": "Eclesiastes 7.14",
          "texto": "àquele, para que o homem nada Á. que tenha de"
        },
        {
          "referencia": "Oséias 2.6",
          "texto": "parede de sebe, para que ela não Á. as suas veredas."
        },
        {
          "referencia": "Marcos 13.36",
          "texto": "para que, vindo de improviso, não vos A. dormindo."
        },
        {
          "referencia": "1 Coríntios 4.2",
          "texto": "requer-se nos despenseiros que cada um se À. fiel."
        },
        {
          "referencia": "2 Coríntios 12.20",
          "texto": "que, quando chegar, vos não À. como eu quereria, e"
        },
        {
          "referencia": "2 Timóteo 1.18",
          "texto": "conceda que, naquele Dia, A. misericórdia diante"
        },
        {
          "referencia": "1 Pedro 1.7",
          "texto": "e é provado pelo fogo, se Á. em louvor, e honra,"
        }
      ]
    },
    {
      "palavra": "achega-te",
      "veja tambem": [
        "achegar"
      ],
      "ocorrencias": 1,
      "fonte": "Dicionário Bíblico; Strong",
      "concordancias": [
        {
          "referencia": "Rute 2.14",
          "texto": "de comer, disse-lhe Boaz: A. aqui, e come"
        }
      ]
    },
    {
      "palavra": "achegais",
      "veja tambem": [
        "achegar"
      ],
      "ocorrencias": 1,
      "fonte": "Dicionário Bíblico; Strong",
      "concordancias": [
        {
          "referencia": "Deuteronômio 20.3",
          "texto": "Ouve, ó Israel, hoje vos A. à peleja"
        }
      ]
    },
    {
      "palavra": "achegando",
      "veja tambem": [
        "achegar"
      ],
      "ocorrencias": 1,
      "fonte": "Dicionário Bíblico; Strong",
      "concordancias": [
        {
          "referencia": "Deuteronômio 30.20",
          "texto": "dando ouvidos à sua voz e te A. a ele; pois"
        }
      ]
    },
    {
      "palavra": "achegaram",
      "veja tambem": [
        "achegar"
      ],
      "ocorrencias": 1,
      "fonte": "Dicionário Bíblico; Strong",
      "concordancias": [
        {
          "referencia": "Josué 21.1",
          "texto": "dos pais dos levitas se A. a Eleazar, o"
        }
      ]
    }
  ]
}