{
  "a": [
    {
      "palavra": "achegardes",
      "veja tambem": [
        "achegar"
      ],
      "ocorrencias": 3,
      "fonte": "Strong's H4672 (מָצָא/matsa)",
      "concordancias": [
        {
          "referencia": "Deuteronômio 11.22",
          "texto": "em todos os seus caminhos, e a ele vos Á.,"
        },
        {
          "referencia": "Deuteronômio 20.2",
          "texto": "E será que, quando vos Á. à peleja, o"
        },
        {
          "referencia": "Josué 23.12",
          "texto": "vos apartardes, e vos À. ao resto"
        }
      ]
    },
    {
      "palavra": "achegareis",
      "veja tambem": [
        "achegar"
      ],
      "ocorrencias": 2,
      "fonte": "Strong's H4672 (מָצָא/matsa)",
      "concordancias": [
        {
          "referencia": "Deuteronômio 134",
          "texto": "ouvireis, e a ele servireis, ca ele vos A.."
        },
        {
          "referencia": "Josué 23.8",
          "texto": "ao Senhor, vosso Deus, vos Á., como"
        }
      ]
    },
    {
      "palavra": "achegaremos",
      "veja tambem": [
        "achegar"
      ],
      "ocorrencias": 1,
      "fonte": "Strong's H4672 (מָצָא/matsa)",
      "concordancias": [
        {
          "referencia": "Josué 8.5",
          "texto": "o povo que está comigo nos À. à cidade; e"
        }
      ]
    },
    {
      "palavra": "achegares",
      "veja tambem": [
        "achegar"
      ],
      "ocorrencias": 1,
      "fonte": "Strong's H4672 (מָצָא/matsa)",
      "concordancias": [
        {
          "referencia": "Deuteronômio 20.10",
          "texto": "Quando te Á. a alguma cidade a combatê-la,"
        }
      ]
    },
    {
      "palavra": "achegassem",
      "veja tambem": [
        "achegar"
      ],
      "ocorrencias": 1,
      "fonte": "Strong's H4672 (מָצָא/matsa)",
      "concordancias": [
        {
          "referencia": "Ester 9.27",
          "texto": "e sobre todos os que se 4. a eles que"
        }
      ]
    },
    {
      "palavra": "achegastes",
      "veja tambem": [
        "ache-"
      ],
      "ocorrencias": 1,
      "fonte": "Strong's H4672 (מָצָא/matsa)",
      "concordancias": [
        {
          "referencia": "Deuteronômio 5.23",
          "texto": "o monte ardente em fogo, vos A. a mim, todos"
        }
      ]
    },
    {
      "palavra": "achegueis",
      "veja tambem": [
        "achegar"
      ],
      "ocorrencias": 1,
      "fonte": "Strong's H4672 (מָצָא/matsa)",
      "concordancias": [
        {
          "referencia": "Josué 22.5",
          "texto": "os seus mandamentos, e vos Á, a ele, e"
        }
      ]
    },
    {
      "palavra": "achei",
      "veja tambem": [
        "achar"
      ],
      "ocorrencias": 42,
      "fonte": "Strong's H4672 (מָצָא/matsa)",
      "concordancias": [
        {
          "referencia": "Top 363",
          "texto": "posição;"
        },
        {
          "referencia": "Gênesis 38.22",
          "texto": "a Judá e disse: Não a A.; e também disseram"
        },
        {
          "referencia": "Números 11.11",
          "texto": "a teu servo, e por que não À, graça aos teus"
        },
        {
          "referencia": "Deuteronômio 22.14",
          "texto": "mulher e me cheguei a ela, porém não a À. virgem;"
        },
        {
          "referencia": "Deuteronômio 22.17",
          "texto": "escandalosas, dizendo: Não À. virgem tua filha;"
        },
        {
          "referencia": "Rute 2.10",
          "texto": "à terra, e disse-lhe: Por que A. graça em teus"
        },
        {
          "referencia": "1 Samuel 20.3",
          "texto": "Mui bem sabe teu pai que A. graça a teus"
        },
        {
          "referencia": "1 Samuel 29.3",
          "texto": "dias ou anos? E coisa nenhuma A. nele, desde"
        },
        {
          "referencia": "1 Samuel 29.6",
          "texto": "olhos; porque nenhum mal em ti A., desde o dia em"
        },
        {
          "referencia": "2 Reis 22.8",
          "texto": "Hilquias ao escrivão Safã: À, o livro da Lei na"
        },
        {
          "referencia": "2 Crônicas 34.15",
          "texto": "e disse a Safã, o escrivão: À, o livro da Lei na"
        },
        {
          "referencia": "Esdras 8.15",
          "texto": "e para os sacerdotes e não A. ali nenhum dos"
        },
        {
          "referencia": "Neemias 7.5",
          "texto": "registrar as genealogias. E À, o livro da"
        },
        {
          "referencia": "Neemias 7.5",
          "texto": "dos que subiram primeiro e assim A. escrito nele:"
        },
        {
          "referencia": "Ester 5.8",
          "texto": "se À, graça aos olhos do rei, e se bem parecer ao"
        },
        {
          "referencia": "Ester 7.3",
          "texto": "Ester e disse: Se, ó rei, À. graça aos teus"
        },
        {
          "referencia": "Ester 8.5",
          "texto": "bem parecer ao rei, e se eu A. graça perante ele,"
        },
        {
          "referencia": "Jó 33.24",
          "texto": "dirá: Livra-o, que não desça a cova; já À. resgate."
        },
        {
          "referencia": "Salmos 69.20",
          "texto": "não houve nenhum; e por consoladores, mas não os"
        },
        {
          "referencia": "S189.20",
          "texto": "A. a Davi, meu servo; com o meu santo óleo o ungi;"
        },
        {
          "referencia": "Provérbios 5.14",
          "texto": "Quase que em todo o mal me À. no meio da"
        },
        {
          "referencia": "Provérbios 7.15",
          "texto": "a buscar diligentemente a tua face, e te A.."
        },
        {
          "referencia": "Eclesiastes 7.26",
          "texto": "E eu Á. uma coisa mais amarga do que a morte: a"
        },
        {
          "referencia": "Eclesiastes 7.27",
          "texto": "Vedes aqui, isso Á., diz o Pregador, conferindo"
        },
        {
          "referencia": "Eclesiastes 7.28",
          "texto": "alma ainda busca, mas não a A ; um homem entre mil"
        },
        {
          "referencia": "Eclesiastes 7.28",
          "texto": "A. eu, mas uma mulher entre todas estas não A.."
        },
        {
          "referencia": "Eclesiastes 7.29",
          "texto": "Vede, isto tão somente Á.: que Deus fez ao homem"
        },
        {
          "referencia": "Cânticos 3.1",
          "texto": "a quem ama a minha alma; busquei-o e não o A.."
        },
        {
          "referencia": "Cânticos 3.2",
          "texto": "a quem ama a minha alma; busquei-o e não o Á.."
        },
        {
          "referencia": "Cânticos 3.4",
          "texto": "eu um pouco deles, logo À. aquele a quem ama a"
        },
        {
          "referencia": "Cânticos 5.6",
          "texto": "ele falara; busquei-o e não o Á.; chamei-o, e não"
        },
        {
          "referencia": "Jeremias 23.11",
          "texto": "até na minha casa Á. a sua maldade, diz"
        },
        {
          "referencia": "Ezequiel 22.30",
          "texto": "para que eu não a destruísse; mas a ninguém A."
        },
        {
          "referencia": "Daniel 2.25",
          "texto": "do rei e disse-lhe assim: Á. um dentre os"
        },
        {
          "referencia": "Oséias 9.10",
          "texto": "A. Israel como uvas no deserto, vi a vossos pais"
        },
        {
          "referencia": "Lucas 15.9",
          "texto": "Alegrai-vos comigo, porque já A. a dracma perdida."
        },
        {
          "referencia": "Atos 13.22",
          "texto": "também deu testemunho e disse: A. a Davi, filho de"
        },
        {
          "referencia": "Atos 17.23",
          "texto": "vendo os vossos santuários, A. também um altar em"
        },
        {
          "referencia": "Atos 23.29",
          "texto": "E À, que o acusavam de algumas questões da sua"
        },
        {
          "referencia": "Romanos 7.10",
          "texto": "que era para vida, A. eu que me era para morte."
        },
        {
          "referencia": "2 Coríntios 2.13",
          "texto": "no meu espírito, porque não A. ali meu irmão Tito;"
        },
        {
          "referencia": "Apocalipse 3.2",
          "texto": "para morrer, porque não A. as tuas obras"
        }
      ]
    },
    {
      "palavra": "achei-te",
      "veja tambem": [
        "achar"
      ],
      "ocorrencias": 1,
      "fonte": "Strong's H4672 (מָצָא/matsa)",
      "concordancias": [
        {
          "referencia": "1 Reis 21.20",
          "texto": "inimigo meu? E ele disse: A.; porquanto já"
        }
      ]
    },
    {
      "palavra": "acheis",
      "veja tambem": [
        "achar"
      ],
      "ocorrencias": 1,
      "fonte": "Strong's H4672 (מָצָא/matsa)",
      "concordancias": [
        {
          "referencia": "Rute 1.9",
          "texto": "O Senhor vos dê que A. descanso cada uma em casa"
        }
      ]
    },
    {
      "palavra": "achem",
      "veja tambem": [
        "achegar"
      ],
      "ocorrencias": 2,
      "fonte": "Strong's H4672 (מָצָא/matsa)",
      "concordancias": [
        {
          "referencia": "1 Samuel 25.8",
          "texto": "to dirão; estes jovens, pois, À. graça a teus"
        },
        {
          "referencia": "Lucas 9.12",
          "texto": "aldeias ao redor, se agasalhem e À. o que comer,"
        }
      ]
    },
    {
      "palavra": "achemos",
      "veja tambem": [
        "achegar"
      ],
      "ocorrencias": 2,
      "fonte": "Strong's H4672 (מָצָא/matsa)",
      "concordancias": [
        {
          "referencia": "Gênesis 47.25",
          "texto": "A vida nos tens dado; À. graça aos olhos"
        },
        {
          "referencia": "1 Reis 18.5",
          "texto": "todos os rios; pode ser que A. erva, para que"
        }
      ]
    },
    {
      "palavra": "acho",
      "veja tambem": [
        "achar"
      ],
      "ocorrencias": 11,
      "fonte": "Strong's H4672 (מָצָא/matsa)",
      "concordancias": [
        {
          "referencia": "Jó 17.10",
          "texto": "vós e vinde cá; porque sábio nenhum A. entre vós."
        },
        {
          "referencia": "Provérbios 8.12",
          "texto": "habito com a prudência e A. a ciência dos conselhos."
        },
        {
          "referencia": "Jeremias 45.3",
          "texto": "dor! Estou cansado do meu gemido e não A, descanso."
        },
        {
          "referencia": "Lucas 13.7",
          "texto": "nesta figueira e não o À.; corta-a. Por que"
        },
        {
          "referencia": "Lucas 23.4",
          "texto": "e à multidão: Não A. culpa alguma neste homem."
        },
        {
          "referencia": "Lucas 23.14",
          "texto": "nenhuma culpa, das de que o acusais, À. neste ho-"
        },
        {
          "referencia": "Lucas 23.22",
          "texto": "Mas que mal fez este? Não A. nele culpa"
        },
        {
          "referencia": "Jó 18.38",
          "texto": "até os judeus e disse-lhes: Não A. nele crime algum."
        },
        {
          "referencia": "Jó 19.4",
          "texto": "fora, para que saibais que não A. nele crime algum."
        },
        {
          "referencia": "Jó 19.6",
          "texto": "vós e crucificai-o, porque eu nenhum crime Á. nele."
        },
        {
          "referencia": "Romanos 7.21",
          "texto": "Á., então, esta lei em mim: que, quando quero fazer"
        }
      ]
    },
    {
      "palavra": "abelhas",
      "veja tambem": [
        "achegar"
      ],
      "ocorrencias": 4,
      "fonte": "Strong's H4672 (מָצָא/matsa)",
      "concordancias": [
        {
          "referencia": "Deuteronômio 1.44",
          "texto": "perseguiram-vos, como fazem as A., evos"
        },
        {
          "referencia": "Juízes 14.8",
          "texto": "no corpo do leão, havia um enxame de À, com mel."
        },
        {
          "referencia": "SI 118.12",
          "texto": "Cercaram-me como A., mas apagaram-se como"
        },
        {
          "referencia": "Isaías 7.18",
          "texto": "dos rios do Egito e às A. que andam na"
        }
      ]
    },
    {
      "palavra": "abençoa",
      "veja tambem": [
        "abençoar"
      ],
      "ocorrencias": 7,
      "fonte": "Strong's H4672 (מָצָא/matsa)",
      "concordancias": [
        {
          "referencia": "Deuteronômio 26.15",
          "texto": "habitação, desde o céu, e A. o teu povo, a"
        },
        {
          "referencia": "Deuteronômio 33.11",
          "texto": "A. o seu poder, ó Senhor, e a obra das suas mãos"
        },
        {
          "referencia": "1 Samuel 9.13",
          "texto": "ele venha, porque ele é o que 4. o sacrifício,"
        },
        {
          "referencia": "Salmos 37.22",
          "texto": "Porque aqueles que ele A. herdarão a terra, e"
        },
        {
          "referencia": "S151.18",
          "texto": "A. a Sião, segundo a tua boa vontade; edifica os"
        },
        {
          "referencia": "Salmos 107.38",
          "texto": "E ele os A., de modo que se multiplicam muito; e"
        },
        {
          "referencia": "Salmos 109.28",
          "texto": "Amaldiçoem eles, mas A. tu; levantem-se, mas"
        }
      ]
    },
    {
      "palavra": "abençoa-me",
      "veja tambem": [
        "abençoar"
      ],
      "ocorrencias": 2,
      "fonte": "Strong's H4672 (מָצָא/matsa)",
      "concordancias": [
        {
          "referencia": "Gênesis 27.34",
          "texto": "brado e disse a seu pai: À. também a"
        },
        {
          "referencia": "Gênesis 27.38",
          "texto": "Tens uma só bênção, meu pai? 4. também a"
        }
      ]
    },
    {
      "palavra": "abençoada",
      "veja tambem": [
        "abençoar"
      ],
      "ocorrencias": 4,
      "fonte": "Strong's H4672 (מָצָא/matsa)",
      "concordancias": [
        {
          "referencia": "1 Crônicas 17.27",
          "texto": "Senhor, a abençoaste, e ficará À. para sempre."
        },
        {
          "referencia": "S137.26",
          "texto": "sempre, e empresta, e a sua descendência é Á.."
        },
        {
          "referencia": "Salmos 112.2",
          "texto": "poderosa na terra; a geração dos justos será Á.."
        },
        {
          "referencia": "Provérbios 10.7",
          "texto": "À memória do justo é À. mas o nome dos ímpios"
        }
      ]
    }
  ]
}