{
  "a": [
    {
      "palavra": "abençoado",
      "veja tambem": [
        "abençoar",
        "abençoar-me",
        "abençoar-os",
        "abençoar-vos"
      ],
      "ocorrencias": 16,
      "fonte": "Strong's H1288 (בָּרַךְ/barak)",
      "concordancias": [
        {
          "referencia": "Gênesis 17.20",
          "texto": "ouvido: eis aqui o tenho A., e fá-lo-ei"
        },
        {
          "referencia": "Gênesis 24.1",
          "texto": "em idade, e o Senhor havia À, a Abraão em tudo."
        },
        {
          "referencia": "Gênesis 27.41",
          "texto": "com que seu pai o tinha A.; e Esaú disse"
        },
        {
          "referencia": "Gênesis 30.30",
          "texto": "multidão; e o Senhor te tem 4. por meu"
        },
        {
          "referencia": "Números 22.6",
          "texto": "sei que a quem tu abençoares será À. e a quem"
        },
        {
          "referencia": "Números 23.20",
          "texto": "de abençoar; pois ele tem Á., e eu não o"
        },
        {
          "referencia": "Deuteronômio 14.24",
          "texto": "nome, quando o Senhor, teu Deus, te tiver Å.,"
        },
        {
          "referencia": "Deuteronômio 15.14",
          "texto": "que o Senhor, teu Deus, te tiver Á. lhe darás."
        },
        {
          "referencia": "Deuteronômio 16.10",
          "texto": "mão, segundo o Senhor, teu Deus, te tiver Á.."
        },
        {
          "referencia": "Josué 17.14",
          "texto": "povo, visto que o Senhor até aqui me tem A.?"
        },
        {
          "referencia": "1 Reis 2.45",
          "texto": "Mas o rei Salomão será Á., eo trono de Davi"
        },
        {
          "referencia": "1 Crônicas 26.5",
          "texto": "Peuletai, o oitavo; porque Deus o tinha A.."
        },
        {
          "referencia": "S141.2",
          "texto": "o conservará em vida; será À, na terra, e tu"
        },
        {
          "referencia": "Salmos 128.4",
          "texto": "Eis que assim será Á. o homem que teme ao Senhor!"
        },
        {
          "referencia": "Provérbios 22.9",
          "texto": "O que é de bons olhos será A., porque deu do"
        },
        {
          "referencia": "Hebreus 7.7",
          "texto": "sem contradição alguma, o menor é Á. pelo maior."
        }
      ]
    },
    {
      "palavra": "abençoador",
      "veja tambem": [
        "abençoa"
      ],
      "ocorrencias": 1,
      "fonte": "Dicionário Bíblico; Strong",
      "concordancias": [
        {
          "referencia": "S1119.68",
          "texto": "Tu és bom e Á.; ensina-me os teus estatutos."
        }
      ]
    },
    {
      "palavra": "abençoados",
      "veja tambem": [],
      "ocorrencias": 1,
      "fonte": "Dicionário Bíblico; Strong",
      "concordancias": [
        {
          "referencia": "S172.17",
          "texto": "sol durar; e os homens serão À, nele: todas"
        }
      ]
    },
    {
      "palavra": "abençoai",
      "veja tambem": [
        "aben-"
      ],
      "ocorrencias": 2,
      "fonte": "Dicionário Bíblico; Strong",
      "concordancias": [
        {
          "referencia": "Romanos 12.14",
          "texto": "Á. aos que vos perseguem: À, e não amaldiçoeis."
        },
        {
          "referencia": "Romanos 12.14",
          "texto": "aos que vos perseguem; 4. e não amaldiçoeis."
        }
      ]
    },
    {
      "palavra": "abençoai-me",
      "veja tambem": [
        "aben-"
      ],
      "ocorrencias": 1,
      "fonte": "Dicionário Bíblico; Strong",
      "concordancias": [
        {
          "referencia": "Êxodo 12.32",
          "texto": "como tendes dito; e ide e A. também a mim."
        }
      ]
    },
    {
      "palavra": "abençoamos",
      "veja tambem": [
        "abençoar"
      ],
      "ocorrencias": 2,
      "fonte": "Dicionário Bíblico; Strong",
      "concordancias": [
        {
          "referencia": "S1129.8",
          "texto": "seja sobre vós! Nós vos À. em nome do Senhor!"
        },
        {
          "referencia": "1 Coríntios 10.16",
          "texto": "o cálice de bênção que 4. não é a"
        }
      ]
    },
    {
      "palavra": "abençoando",
      "veja tambem": [
        "abençoar"
      ],
      "ocorrencias": 1,
      "fonte": "Dicionário Bíblico; Strong",
      "concordancias": [
        {
          "referencia": "Hebreus 6.14",
          "texto": "dizendo: Certamente, A., te abençoarei e,"
        }
      ]
    },
    {
      "palavra": "abençoando-o",
      "veja tambem": [
        "abençoar"
      ],
      "ocorrencias": 3,
      "fonte": "Dicionário Bíblico; Strong",
      "concordancias": [
        {
          "referencia": "Gênesis 28.6",
          "texto": "mulher para si dali, e que, A., lhe"
        },
        {
          "referencia": "Mateus 26.26",
          "texto": "comiam, Jesus tomou o pão, e, A., o partiu,"
        },
        {
          "referencia": "Mic 14.22",
          "texto": "eles, tomou Jesus pão, e, Á., o"
        }
      ]
    },
    {
      "palavra": "abençoando-os",
      "veja tambem": [],
      "ocorrencias": 0,
      "fonte": "Dicionário Bíblico; Strong",
      "concordancias": []
    },
    {
      "palavra": "abençoando-vos",
      "veja tambem": [
        "abençoar"
      ],
      "ocorrencias": 1,
      "fonte": "Dicionário Bíblico; Strong",
      "concordancias": [
        {
          "referencia": "Josué 24.10",
          "texto": "ouvir a Balaão, pelo que, À. ele, vos"
        }
      ]
    }
  ]
}