{
  "a": [
    {
      "palavra": "achou",
      "veja tambem": [
        "achar"
      ],
      "ocorrencias": 97,
      "fonte": "Strong's H4672 (מָצָא/matsa)",
      "concordancias": [
        {
          "referencia": "Gênesis 6.8",
          "texto": "Noé, porém, A. graça aos olhos do Senhor."
        },
        {
          "referencia": "Gênesis 8.9",
          "texto": "A pomba, porém, não À. repouso para a planta de"
        },
        {
          "referencia": "Gênesis 16.7",
          "texto": "E o Anjo do Senhor a À. junto a uma fonte de água"
        },
        {
          "referencia": "Gênesis 30.14",
          "texto": "nos dias da sega do trigo, e A. mandrágoras no"
        },
        {
          "referencia": "Gênesis 31.33",
          "texto": "de ambas as servas e não os Á.; e, saindo da"
        },
        {
          "referencia": "Gênesis 31.34",
          "texto": "eles; e apalpou Labão toda a tenda e não os Å.."
        },
        {
          "referencia": "Gênesis 31.35",
          "texto": "das mulheres. E ele procurou, mas não A. os ídolos."
        },
        {
          "referencia": "Gênesis 36.24",
          "texto": "Aiá e Aná; este é o Aná que Á. as caldas no"
        },
        {
          "referencia": "Gênesis 38.20",
          "texto": "tomar o penhor da mão da mulher; porém não a A.."
        },
        {
          "referencia": "Gênesis 39.4",
          "texto": "José À. graça a seus olhos e servia-o; e ele o pôs"
        },
        {
          "referencia": "Gênesis 44.16",
          "texto": "E como nos justificaremos? A. Deus a"
        },
        {
          "referencia": "Gênesis 47.14",
          "texto": "todo o dinheiro que se À. na terra do Egito e"
        },
        {
          "referencia": "Êxodo 35.23",
          "texto": "e todo homem que se 4. com pano azul, e púrpura, e"
        },
        {
          "referencia": "Levítico 6.3",
          "texto": "ou que À. o perdido, e o negar com falso"
        },
        {
          "referencia": "Levítico 64",
          "texto": "que lhe foi dado em guarda, ou o perdido que A.,"
        },
        {
          "referencia": "Números 31.50",
          "texto": "ao Senhor, cada um o que A.: vasos de ouro,"
        },
        {
          "referencia": "Deuteronômio 22.20",
          "texto": "for verdade, que a virgindade se não A. na moça,"
        },
        {
          "referencia": "Deuteronômio 22.27",
          "texto": "Pois a À. no campo; a moça desposada gritou, e não"
        },
        {
          "referencia": "Juízes 15.15",
          "texto": "E A. uma queixada fresca de um iumento, e estendeu"
        },
        {
          "referencia": "Juízes 21.9",
          "texto": "que nenhum dos moradores de Jabes-Gileade se A. ali."
        },
        {
          "referencia": "1 Samuel 10.21",
          "texto": "Saul, filho de Quis; e o buscaram, porém não se A.."
        },
        {
          "referencia": "1 Samuel 13.15",
          "texto": "e Saul contou o povo que À, com ele, uns"
        },
        {
          "referencia": "1 Samuel 13.16",
          "texto": "seu filho, e o povo que se À. com eles ficaram"
        },
        {
          "referencia": "1 Samuel 13.22",
          "texto": "no dia da peleja, se não A. nem espada, nem"
        },
        {
          "referencia": "1 Samuel 14.30",
          "texto": "comido do despojo que A. de seus inimigos."
        },
        {
          "referencia": "1 Samuel 16.22",
          "texto": "estar Davi perante mim, pois A. graça a meus olhos."
        },
        {
          "referencia": "2 Samuel 7.27",
          "texto": "casa. Portanto, o teu servo À. no seu"
        },
        {
          "referencia": "2 Samuel 20.1",
          "texto": "Então, se À, ali, por acaso, um homem de Belial,"
        },
        {
          "referencia": "1 Reis 11.19",
          "texto": "E A. Hadade grande mercê aos olhos de Faraó; de"
        },
        {
          "referencia": "1 Reis 13.14",
          "texto": "após o homem de Deus, e o À. assentado debaixo"
        },
        {
          "referencia": "1 Reis 13.28",
          "texto": "Então, foi e A. o seu cadáver lançado no caminho,"
        },
        {
          "referencia": "1 Reis 14.13",
          "texto": "em sepultura, porquanto se À. nele coisa boa"
        },
        {
          "referencia": "1 Reis 19.19",
          "texto": "Partiu, pois, Elias dali e A. a Eliseu, filho de"
        },
        {
          "referencia": "2 Reis 4.39",
          "texto": "ao campo a apanhar ervas, e A. uma parra brava, e"
        },
        {
          "referencia": "2 Reis 10.13",
          "texto": "Jeú Á. os irmãos de Acazias, rei de Judá, e disse:"
        },
        {
          "referencia": "2 Reis 12.18",
          "texto": "como também todo o ouro que se Á, nos"
        },
        {
          "referencia": "2 Reis 16.8",
          "texto": "a prata e o ouro que se À. na Casa do Senhor e"
        },
        {
          "referencia": "2 Reis 17.4",
          "texto": "Porém o rei da Assíria A. em Oseias conspiração,"
        },
        {
          "referencia": "2 Reis 18.15",
          "texto": "toda a prata que se À. na Casa do Senhor e"
        },
        {
          "referencia": "2 Reis 19.8",
          "texto": "Voltou, pois, Rabsaqué e Á. o rei da Assíria"
        },
        {
          "referencia": "2 Reis 20.13",
          "texto": "casa de armas, e tudo quanto se À. nos seus"
        },
        {
          "referencia": "2 Reis 22.9",
          "texto": "ajuntaram o dinheiro que se A, na casa e o"
        },
        {
          "referencia": "2 Reis 22.13",
          "texto": "palavras deste livro que se A.; porque grande é"
        },
        {
          "referencia": "2 Reis 23.2",
          "texto": "do livro do concerto, que se À. na Casa do Senhor."
        },
        {
          "referencia": "1 Crônicas 17.25",
          "texto": "casa; pelo que o teu servo À. confiança para"
        },
        {
          "referencia": "1 Crônicas 20.2",
          "texto": "do rei a coroa deste e À. nela o peso de um"
        },
        {
          "referencia": "2 Crônicas 21.17",
          "texto": "toda a fazenda que se Á. na casa do rei,"
        },
        {
          "referencia": "2 Crônicas 22.8",
          "texto": "contra a casa de Acabe, A. os príncipes de"
        },
        {
          "referencia": "2 Crônicas 25.5",
          "texto": "vinte anos e daí para cima e À, deles trezentos"
        },
        {
          "referencia": "2 Crônicas 34.14",
          "texto": "Senhor, Hilquias, o sacerdote, Á. o livro da Lei"
        },
        {
          "referencia": "2 Crônicas 34.17",
          "texto": "o dinheiro que se Á, na Casa do Senhor e"
        },
        {
          "referencia": "2 Crônicas 34.21",
          "texto": "palavras deste livro que se Á., porque grande é"
        },
        {
          "referencia": "2 Crônicas 36.8",
          "texto": "que fez, e ao mais que se A. nele, eis que"
        },
        {
          "referencia": "Esdras 6.2",
          "texto": "na província de Média, se Á. um rolo, e nele"
        },
        {
          "referencia": "Esdras 8.25",
          "texto": "e os seus príncipes, e todo o Israel que ali se A.."
        },
        {
          "referencia": "Neemias 7.64",
          "texto": "a sua geração, porém não se À.; elo que, como"
        },
        {
          "referencia": "Ester 1.5",
          "texto": "convite a todo o povo que se À. na fortaleza de"
        },
        {
          "referencia": "Jó 31.29",
          "texto": "que me tem ódio, e se eu exultei quando o malo 4."
        },
        {
          "referencia": "Isaías 10.14",
          "texto": "E A. a minha mão as riquezas dos povos como a um"
        },
        {
          "referencia": "Isaías 37.8",
          "texto": "Voltou, pois, Rabsaqué e A. o rei da Assíria"
        },
        {
          "referencia": "Jeremias 2.34",
          "texto": "orlas das tuas vestes se Á. o sangue da alma dos"
        },
        {
          "referencia": "Jeremias 11.9",
          "texto": "o Senhor: Uma conjuração se A. entre os homens de"
        },
        {
          "referencia": "Ezequiel 28.15",
          "texto": "em que foste criado, até que se A, iniquidade em ti."
        },
        {
          "referencia": "Daniel 1.20",
          "texto": "o rei lhes fez perguntas, os 4. dez vezes mais"
        },
        {
          "referencia": "Daniel 2.35",
          "texto": "eo vento os levou, e não se A. lugar algum"
        },
        {
          "referencia": "Daniel 5.11",
          "texto": "e nos dias de teu pai se A. nele luz, e"
        },
        {
          "referencia": "Daniel 5.12",
          "texto": "Porquanto se A. neste Daniel um espírito"
        },
        {
          "referencia": "Daniel 6.23",
          "texto": "da cova, e nenhum dano se A. nele, porque"
        },
        {
          "referencia": "Oséias 12.4",
          "texto": "e lhe suplicou; em Betelo A., e ali falou conosco;"
        },
        {
          "referencia": "Jonas 1.3",
          "texto": "Társis; e, Aes cend a Jope, Á. um navio que ia"
        },
        {
          "referencia": "MI 2.6",
          "texto": "boca, e a iniquidade não se A. nos seus lábios;"
        },
        {
          "referencia": "Mateus 13.44",
          "texto": "num campo que um homem Á. e escondeu; e, pelo"
        },
        {
          "referencia": "Mateus 21.19",
          "texto": "dirigiu-se a ela e não À. nela senão folhas."
        },
        {
          "referencia": "Marcos 4.10",
          "texto": "E, quando se Á. só, os que estavam junto dele com"
        },
        {
          "referencia": "Marcos 7.30",
          "texto": "E, indo ela para sua casa, A. a filha deitada"
        },
        {
          "referencia": "Marcos 11.13",
          "texto": "coisa; e, chegando a ela, não A. senão folhas,"
        },
        {
          "referencia": "Lucas 4.17",
          "texto": "e, quando abriu o livro, À. o lugar em que"
        },
        {
          "referencia": "Jó 1.41",
          "texto": "Este Á. primeiro a seu irmão Simão e disse-lhe:"
        },
        {
          "referencia": "Jó 1.43",
          "texto": "quis Jesus ir à Galileia, e Á. a Filipe, e"
        },
        {
          "referencia": "Jó 1.45",
          "texto": "Filipe Á, Natanael e disse-lhe: Havemos achado"
        },
        {
          "referencia": "Jó 2.14",
          "texto": "E À, no templo os que vendiam bois, e ovelhas, e"
        },
        {
          "referencia": "Jó 11.17",
          "texto": "Chegando, pois, Jesus, A. que já havia quatro dias"
        },
        {
          "referencia": "Jó 12.14",
          "texto": "E A, Jesus um jumentinho e assentou-se sobre ele,"
        },
        {
          "referencia": "Atos 7.46",
          "texto": "que À. graça diante de Deus e pediu que pudesse"
        },
        {
          "referencia": "Atos 8.40",
          "texto": "É Filipe se 4. em Azoto e, indo passando,"
        },
        {
          "referencia": "Atos 9.33",
          "texto": "E A. ali certo homem chamado Eneias, jazendo numa"
        },
        {
          "referencia": "Atos 10.27",
          "texto": "E, falando com ele, entrou e Á. muitos que ali se"
        },
        {
          "referencia": "Atos 12.19",
          "texto": "Herodes o procurou e o não Á., feita inquirição"
        },
        {
          "referencia": "2 Coríntios 7.14",
          "texto": "a nossa glória para com Tito se Á. verdadeira."
        },
        {
          "referencia": "a 1.17",
          "texto": "ele a Roma, com muito cuidado me procurou e me"
        },
        {
          "referencia": "Hebreus 12.17",
          "texto": "foi rejeitado, porque não A. lugar de"
        },
        {
          "referencia": "1 Pedro 2.22",
          "texto": "não cometeu pecado, nem na sua boca se À. engano,"
        },
        {
          "referencia": "Apocalipse 12.8",
          "texto": "prevaleceram; nem mais o seu lugar se À. nos céus."
        },
        {
          "referencia": "Apocalipse 14.5",
          "texto": "E na sua boca não se À. engano; porque são"
        },
        {
          "referencia": "Apocalipse 20.11",
          "texto": "fugiu a terra e o céu, e não se Á. lugar para eles."
        },
        {
          "referencia": "Gênesis 37.15",
          "texto": "E A. um varão, porque ele andava errado pelo"
        },
        {
          "referencia": "Deuteronômio 32.10",
          "texto": "A, na terra do deserto e num ermo solitário"
        }
      ]
    }
  ]
}