{
  "a": [
    {
      "palavra": "achou-os",
      "veja tambem": [
        "achar"
      ],
      "ocorrencias": 6,
      "fonte": "Strong's H4672 (מָצָא/matsa)",
      "concordancias": [
        {
          "referencia": "Gênesis 37.17",
          "texto": "José, pois, seguiu seus irmãos e A. em Dotã."
        },
        {
          "referencia": "Mateus 26.40",
          "texto": "para os seus discípulos, Á. adormecidos; e"
        },
        {
          "referencia": "Mateus 26.43",
          "texto": "É, voltando, A. outra vez adormecidos, porque"
        },
        {
          "referencia": "Marcos 14.37",
          "texto": "E, chegando, A. dormindo e disse a Pedro:"
        },
        {
          "referencia": "Marcos 14.40",
          "texto": "E, voltando, A. outra vez dormindo, porque os"
        },
        {
          "referencia": "Lucas 22.45",
          "texto": "ter com os seus discípulos e Á. dormindo de tristeza."
        }
      ]
    },
    {
      "palavra": "achou-se",
      "veja tambem": [
        "achar"
      ],
      "ocorrencias": 4,
      "fonte": "Strong's H4672 (מָצָא/matsa)",
      "concordancias": [
        {
          "referencia": "Gênesis 44.12",
          "texto": "e acabando no mais novo; e À. o copo no saco"
        },
        {
          "referencia": "1 Crônicas 24.4",
          "texto": "E À, que eram muitos mais os filhos de Eleazar"
        },
        {
          "referencia": "Neemias 13.1",
          "texto": "aos ouvidos do povo; e À. escrito nele"
        },
        {
          "referencia": "Mateus 1.18",
          "texto": "com José, antes de se ajuntarem, Á. ter"
        }
      ]
    },
    {
      "palavra": "acidente",
      "veja tambem": [],
      "ocorrencias": 1,
      "fonte": "Strong's H4672 (מָצָא/matsa)",
      "concordancias": [
        {
          "referencia": "Deuteronômio 23.10",
          "texto": "alguém que, por algum A. de noite, não"
        }
      ]
    },
    {
      "palavra": "acima",
      "veja tambem": [],
      "ocorrencias": 30,
      "fonte": "Strong's H4672 (מָצָא/matsa)",
      "concordancias": [
        {
          "referencia": "Gênesis 7.20",
          "texto": "Quinze côvados À. prevaleceram as águas; e os"
        },
        {
          "referencia": "Êxodo 38.26",
          "texto": "da idade de vinte anos e A., que foram"
        },
        {
          "referencia": "Levítico 27.7",
          "texto": "se for de sessenta anos e A., do varão a tua"
        },
        {
          "referencia": "1 Samuel 9.22",
          "texto": "à câmara; e deu-lhes lugar À. de todos os"
        },
        {
          "referencia": "IRs 21.9",
          "texto": "Apregoai um jejum e ponde Nabote Á. do povo."
        },
        {
          "referencia": "IRs 21.12",
          "texto": "Apregoaram um jejum e puseram Nabote Á. do"
        },
        {
          "referencia": "2 Reis 25.28",
          "texto": "e pôs o seu trono Á, do trono dos reis"
        },
        {
          "referencia": "2 Crônicas 24.20",
          "texto": "Joiada, o qual se pôs em pé Á. do povo e lhes"
        },
        {
          "referencia": "2 Crônicas 34.4",
          "texto": "imagens do sol, que estavam A. deles, e os"
        },
        {
          "referencia": "Neemias 8.5",
          "texto": "todo o povo; porque estava 4. de todo o povo; e,"
        },
        {
          "referencia": "Ester 3.1",
          "texto": "eo exaltou; e pôs o seu lugar A. de todos os"
        },
        {
          "referencia": "S195.3",
          "texto": "é Deus grande e Rei grande 4, de todos os deuses."
        },
        {
          "referencia": "S1103.11",
          "texto": "quanto o céu está elevado A. da terra, assim é"
        },
        {
          "referencia": "SI 108.4",
          "texto": "a tua benignidade se eleva A. dos céus, e a tua"
        },
        {
          "referencia": "SI 109.6",
          "texto": "Põe À, do meu inimigo um ímpio, e Satanás esteja à"
        },
        {
          "referencia": "SI 113.4",
          "texto": "Exaltado está o Senhor, 4. de todas as nações, e a"
        },
        {
          "referencia": "SI 135.5",
          "texto": "e que o nosso Deus está A. de todos os deuses."
        },
        {
          "referencia": "Isaías 6.2",
          "texto": "Os serafins estavam Á. dele; cada um tinha seis"
        },
        {
          "referencia": "Isaías 14.13",
          "texto": "Eu subirei ao céu, e, À. das estrelas de"
        },
        {
          "referencia": "Isaías 14.14",
          "texto": "Subirei Á. das mais altas nuvens e serei"
        },
        {
          "referencia": "Jeremias 52.32",
          "texto": "e pôs o seu trono Á. dos tronos dos reis"
        },
        {
          "referencia": "Ezequiel 41.20",
          "texto": "Desde o chão até A. da entrada, estavam feitos os"
        },
        {
          "referencia": "Zacarias 12.7",
          "texto": "de Jerusalém não sejam exaltadas A. de Judá."
        },
        {
          "referencia": "1 Coríntios 10.13",
          "texto": "que vos não deixará tentar Á. do que podeis;"
        },
        {
          "referencia": "2 Coríntios 8.3",
          "texto": "eu mesmo testifico) e ainda A. do seu poder,"
        },
        {
          "referencia": "Efésios 1.21",
          "texto": "A, de todo principado, e poder, e potestade, e"
        },
        {
          "referencia": "Efésios 3.3",
          "texto": "pela revelação como AÁ., em pouco, vos escrevi,"
        },
        {
          "referencia": "Efésios 4.10",
          "texto": "é também o mesmo que subiu Á. de todos os céus,"
        },
        {
          "referencia": "1 Timóteo 3.16",
          "texto": "gentios, crido no mundo e recebido A., na glória."
        },
        {
          "referencia": "Hebreus 10.8",
          "texto": "Como Á, diz: Sacrifício, e oferta, e holocaustos,"
        }
      ]
    },
    {
      "palavra": "aclame",
      "veja tambem": [
        "aclamações"
      ],
      "ocorrencias": 1,
      "fonte": "Strong's H4672 (מָצָא/matsa)",
      "concordancias": [
        {
          "referencia": "2 Samuel 12.28",
          "texto": "que, tomando eu a cidade, não se A. sobre ela o"
        }
      ]
    },
    {
      "palavra": "aclararam",
      "veja tambem": [],
      "ocorrencias": 1,
      "fonte": "Strong's H4672 (מָצָא/matsa)",
      "concordancias": [
        {
          "referencia": "ISm 14.29",
          "texto": "a terra; ora, vede como se me Á. os olhos por"
        }
      ]
    },
    {
      "palavra": "aclararam-se",
      "veja tambem": [
        "aclararam"
      ],
      "ocorrencias": 1,
      "fonte": "Strong's H4672 (מָצָא/matsa)",
      "concordancias": [
        {
          "referencia": "ISm 14.27",
          "texto": "mel; e, tornando a mão à boca, A, os seus olhos."
        }
      ]
    },
    {
      "palavra": "acmetá",
      "veja tambem": [],
      "ocorrencias": 0,
      "fonte": "Strong's H4672 (מָצָא/matsa)",
      "concordancias": []
    },
    {
      "palavra": "aco",
      "veja tambem": [],
      "ocorrencias": 1,
      "fonte": "Strong's H4672 (מָצָא/matsa)",
      "concordancias": [
        {
          "referencia": "Juízes 1.31",
          "texto": "expeliu os moradores de A., nem os moradores de"
        }
      ]
    },
    {
      "palavra": "aço",
      "veja tambem": [],
      "ocorrencias": 2,
      "fonte": "Strong's H4672 (מָצָא/matsa)",
      "concordancias": [
        {
          "referencia": "Jó 20.24",
          "texto": "fuja das armas de ferro, o arco de À. o atravessará."
        },
        {
          "referencia": "Je 15.12",
          "texto": "alguém quebrar o ferro, o ferro do Norte, ou o À.?"
        }
      ]
    },
    {
      "palavra": "acode",
      "veja tambem": [
        "acudir"
      ],
      "ocorrencias": 1,
      "fonte": "Strong's H4672 (מָצָא/matsa)",
      "concordancias": [
        {
          "referencia": "2 Reis 6.27",
          "texto": "disse: Se o Senhor te não A., de onde te"
        }
      ]
    },
    {
      "palavra": "acode-me",
      "veja tambem": [
        "acudir"
      ],
      "ocorrencias": 1,
      "fonte": "Strong's H4672 (מָצָא/matsa)",
      "concordancias": [
        {
          "referencia": "2 Reis 6.26",
          "texto": "mulher lhe bradou, dizendo: A., ó rei, meu senhor."
        }
      ]
    },
    {
      "palavra": "açoita",
      "veja tambem": [
        "açoitar"
      ],
      "ocorrencias": 1,
      "fonte": "Strong's H4672 (מָצָא/matsa)",
      "concordancias": [
        {
          "referencia": "Hebreus 12.6",
          "texto": "Senhor corrige o que ama e À, a qualquer que"
        }
      ]
    },
    {
      "palavra": "açoitá-los",
      "veja tambem": [
        "açoitar"
      ],
      "ocorrencias": 1,
      "fonte": "Strong's H4672 (מָצָא/matsa)",
      "concordancias": [
        {
          "referencia": "Atos 16.22",
          "texto": "rasgando-lhes as vestes, mandaram 4. com varas."
        }
      ]
    },
    {
      "palavra": "açoitado",
      "veja tambem": [
        "açoitar"
      ],
      "ocorrencias": 5,
      "fonte": "Strong's H4672 (מָצָא/matsa)",
      "concordancias": [
        {
          "referencia": "Mateus 14.24",
          "texto": "estava já no meio do mar, A. pelas ondas,"
        },
        {
          "referencia": "Marcos 15.15",
          "texto": "soltou-lhes Barrabás, e, A. Jesus, o"
        },
        {
          "referencia": "Lucas 18.33",
          "texto": "e, havendo-o Á., o matarão; e, ao terceiro dia, res-"
        },
        {
          "referencia": "Atos 5.40",
          "texto": "os apóstolos e tendo-os Á., mandaram que"
        },
        {
          "referencia": "2 Coríntios 11.25",
          "texto": "três vezes fui A. com varas, uma vez fui"
        }
      ]
    },
    {
      "palavra": "açoitados",
      "veja tambem": [
        "açoitar"
      ],
      "ocorrencias": 4,
      "fonte": "Strong's H4672 (מָצָא/matsa)",
      "concordancias": [
        {
          "referencia": "Êxodo 5.14",
          "texto": "E foram À. os oficiais dos filhos de Israel,"
        },
        {
          "referencia": "Êxodo 5.16",
          "texto": "e eis que teus servos são A.; porém o teu"
        },
        {
          "referencia": "Levítico 19.20",
          "texto": "dado liberdade, então, serão A.; não"
        },
        {
          "referencia": "Marcos 13.9",
          "texto": "e às sinagogas; sereis A. e sereis"
        }
      ]
    },
    {
      "palavra": "açoitar",
      "veja tambem": [],
      "ocorrencias": 3,
      "fonte": "Strong's H4672 (מָצָא/matsa)",
      "concordancias": [
        {
          "referencia": "Deuteronômio 25.2",
          "texto": "juiz o fará deitar e o fará À. diante de si,"
        },
        {
          "referencia": "Mateus 27.26",
          "texto": "Barrabás e, tendo mandado A. a Jesus,"
        },
        {
          "referencia": "Atos 22.25",
          "texto": "que ali estava: É-vos lícito A. um romano, sem"
        }
      ]
    },
    {
      "palavra": "açoitaram-nos",
      "veja tambem": [
        "açoitar"
      ],
      "ocorrencias": 1,
      "fonte": "Strong's H4672 (מָצָא/matsa)",
      "concordancias": [
        {
          "referencia": "Atos 16.37",
          "texto": "Mas Paulo replicou: À, publicamente, e,"
        }
      ]
    },
    {
      "palavra": "açoitareis",
      "veja tambem": [
        "açoi-"
      ],
      "ocorrencias": 1,
      "fonte": "Strong's H4672 (מָצָא/matsa)",
      "concordancias": [
        {
          "referencia": "Mateus 23.34",
          "texto": "e a outros deles A. nas vossas"
        }
      ]
    },
    {
      "palavra": "açoitava",
      "veja tambem": [
        "açoitar"
      ],
      "ocorrencias": 1,
      "fonte": "Strong's H4672 (מָצָא/matsa)",
      "concordancias": [
        {
          "referencia": "Atos 22.19",
          "texto": "que eu lançava na prisão e Á. nas sinagogas"
        }
      ]
    },
    {
      "palavra": "açoite",
      "veja tambem": [
        "açoitar"
      ],
      "ocorrencias": 7,
      "fonte": "Strong's H4672 (מָצָא/matsa)",
      "concordancias": [
        {
          "referencia": "Josué 23.13",
          "texto": "mas vos serão por laço, e rede, e À, às vossas"
        },
        {
          "referencia": "Jó 5.21",
          "texto": "Do À. da língua estarás abrigado; e não temerás a"
        },
        {
          "referencia": "Jó 9.23",
          "texto": "Matando o A de repente, então, se ri da prova"
        },
        {
          "referencia": "Provérbios 26.3",
          "texto": "O À, é para o cavalo, o freio, para o jumento, e"
        },
        {
          "referencia": "Isaías 28.15",
          "texto": "quando passar o dilúvio do A., não chegará a"
        },
        {
          "referencia": "Isaías 28.18",
          "texto": "e, quando o dilúvio do A. passar, então,"
        },
        {
          "referencia": "Naum 3.2",
          "texto": "Estrépito de À, há, e o estrondo do ruído das"
        }
      ]
    },
    {
      "palavra": "açoitem",
      "veja tambem": [
        "açoitar"
      ],
      "ocorrencias": 1,
      "fonte": "Strong's H4672 (מָצָא/matsa)",
      "concordancias": [
        {
          "referencia": "Mateus 20.19",
          "texto": "que dele escarneçam, eo Á., e crucifiquem, e"
        }
      ]
    },
    {
      "palavra": "açoites",
      "veja tambem": [
        "açoitar"
      ],
      "ocorrencias": 20,
      "fonte": "Strong's H4672 (מָצָא/matsa)",
      "concordancias": [
        {
          "referencia": "Deuteronômio 25.2",
          "texto": "que, se o injusto merecer Á., o juiz o fará"
        },
        {
          "referencia": "Deuteronômio 25.3",
          "texto": "Quarenta A. lhe fará dar, não mais; para que,"
        },
        {
          "referencia": "Deuteronômio 25.3",
          "texto": "se lhe fizer dar mais 4. do que estes,"
        },
        {
          "referencia": "2 Samuel 7.14",
          "texto": "com vara de homens e com À. de filhos de homens."
        },
        {
          "referencia": "1 Reis 12.11",
          "texto": "meu pai vos castigou com A., porém eu vos"
        },
        {
          "referencia": "IRs 12.14",
          "texto": "jugo; meu pai vos castigou com Á., porém eu vos"
        },
        {
          "referencia": "2 Crônicas 10.11",
          "texto": "meu pai vos castigou com A., porém eu vos"
        },
        {
          "referencia": "2 Crônicas 10.14",
          "texto": "mais; meu pai vos castigou com A., porém eu vos"
        },
        {
          "referencia": "Provérbios 17.10",
          "texto": "a repreensão no prudente do que cem A. no tolo."
        },
        {
          "referencia": "Provérbios 18.6",
          "texto": "entram na contenda, e a sua boca brada por A.."
        },
        {
          "referencia": "Provérbios 19.29",
          "texto": "os escarnecedores e os À. para as costas dos tolos."
        },
        {
          "referencia": "Lucas 12.47",
          "texto": "a sua vontade, será castigado com muitos Á.."
        },
        {
          "referencia": "Lucas 12.48",
          "texto": "e fez coisas dignas de À, com poucos À."
        },
        {
          "referencia": "Lucas 12.48",
          "texto": "de À. com poucos A. será castigado. E"
        },
        {
          "referencia": "Atos 16.22",
          "texto": "E, havendo-lhes dado muitos Á., os lançaram na"
        },
        {
          "referencia": "Atos 22.24",
          "texto": "que o examinassem com Á., para saber por"
        },
        {
          "referencia": "2 Coríntios 6.5",
          "texto": "nos Á., nas prisões, nos tumultos, nos"
        },
        {
          "referencia": "2 Coríntios 11.23",
          "texto": "em trabalhos, muito mais; em Á., mais do que"
        },
        {
          "referencia": "2 Coríntios 11.24",
          "texto": "dos judeus cinco quarentenas de Á. menos um;"
        },
        {
          "referencia": "Hebreus 11.36",
          "texto": "experimentaram escárnios e A., e até cadeias e pri-"
        }
      ]
    },
    {
      "palavra": "açoitou",
      "veja tambem": [
        "açoitar"
      ],
      "ocorrencias": 1,
      "fonte": "Strong's H4672 (מָצָא/matsa)",
      "concordancias": [
        {
          "referencia": "Jó 19.1",
          "texto": "Pilatos, pois, tomou, então, a Jesus e o A."
        }
      ]
    },
    {
      "palavra": "acolá",
      "veja tambem": [],
      "ocorrencias": 1,
      "fonte": "Strong's H4672 (מָצָא/matsa)",
      "concordancias": [
        {
          "referencia": "Mateus 17.20",
          "texto": "a este monte: Passa daqui para 4, — e há de"
        }
      ]
    },
    {
      "palavra": "acolha",
      "veja tambem": [
        "aco-"
      ],
      "ocorrencias": 4,
      "fonte": "Strong's H4672 (מָצָא/matsa)",
      "concordancias": [
        {
          "referencia": "Números 35.6",
          "texto": "para que o homicida ali se A.; e, além destas,"
        },
        {
          "referencia": "Números 35.11",
          "texto": "de refúgio, para que ali se Á. o homicida que"
        },
        {
          "referencia": "Números 35.15",
          "texto": "meio deles, para que ali se A. aquele que ferir"
        },
        {
          "referencia": "Deuteronômio 19.3",
          "texto": "três; e isto será para que todo homicida se Á. ali"
        }
      ]
    }
  ]
}