{
  "a": [
    {
      "palavra": "acolhe",
      "veja tambem": [
        "acolher"
      ],
      "ocorrencias": 1,
      "fonte": "Strong's H622 (אָסַף/asaf)",
      "concordancias": [
        {
          "referencia": "Deuteronômio 19.11",
          "texto": "na vida, de modo que morra, e se Á. em alguma"
        }
      ]
    },
    {
      "palavra": "acolhe-te",
      "veja tambem": [
        "acolher"
      ],
      "ocorrencias": 1,
      "fonte": "Strong's H622 (אָסַף/asaf)",
      "concordancias": [
        {
          "referencia": "Gênesis 27.43",
          "texto": "ouve a minha voz: levanta-te e 4, a Labão, meu"
        }
      ]
    },
    {
      "palavra": "acolhendo",
      "veja tambem": [
        "acolher"
      ],
      "ocorrencias": 1,
      "fonte": "Strong's H622 (אָסַף/asaf)",
      "concordancias": [
        {
          "referencia": "Hebreus 11.31",
          "texto": "não pereceu com os incrédulos, Á. em paz os espias."
        }
      ]
    },
    {
      "palavra": "acolher",
      "veja tambem": [],
      "ocorrencias": 3,
      "fonte": "Strong's H622 (אָסַף/asaf)",
      "concordancias": [
        {
          "referencia": "Números 35.32",
          "texto": "expiação por aquele que se A, à cidade do seu"
        },
        {
          "referencia": "Deuteronômio 19.4",
          "texto": "tocante ao homicida que se A, ali, para que"
        },
        {
          "referencia": "Deuteronômio 23.15",
          "texto": "a seu senhor o servo que se 4. a ti de seu senhor."
        }
      ]
    },
    {
      "palavra": "acolherá",
      "veja tambem": [
        "acolher"
      ],
      "ocorrencias": 1,
      "fonte": "Strong's H622 (אָסַף/asaf)",
      "concordancias": [
        {
          "referencia": "Deuteronômio 19.5",
          "texto": "seu próximo, e morrer, o tal se Á. a uma"
        }
      ]
    },
    {
      "palavra": "acolheram",
      "veja tambem": [],
      "ocorrencias": 2,
      "fonte": "Strong's H622 (אָסַף/asaf)",
      "concordancias": [
        {
          "referencia": "Juízes 9.51",
          "texto": "os cidadãos da cidade se A. a ela, e"
        },
        {
          "referencia": "Ezequiel 31.13",
          "texto": "os animais do campo se À. sob os seus ramos;"
        }
      ]
    },
    {
      "palavra": "acolhesse",
      "veja tambem": [],
      "ocorrencias": 3,
      "fonte": "Strong's H622 (אָסַף/asaf)",
      "concordancias": [
        {
          "referencia": "Deuteronômio 4.42",
          "texto": "para que ali se A. o homicida que, por erro,"
        },
        {
          "referencia": "Deuteronômio 442",
          "texto": "não tivesse ódio algum; e se À. a uma destas"
        },
        {
          "referencia": "Josué 20.9",
          "texto": "entre eles; para que se À, a elas todo"
        }
      ]
    },
    {
      "palavra": "acolhido",
      "veja tambem": [
        "aco-"
      ],
      "ocorrencias": 2,
      "fonte": "Strong's H622 (אָסַף/asaf)",
      "concordancias": [
        {
          "referencia": "Números 35.25",
          "texto": "seu refúgio onde se tinha A.; e ali ficará"
        },
        {
          "referencia": "Números 35.26",
          "texto": "da cidade do seu refúgio, onde se tinha A.,"
        }
      ]
    },
    {
      "palavra": "acomete-nos",
      "veja tambem": [
        "acometer"
      ],
      "ocorrencias": 1,
      "fonte": "Strong's H622 (אָסַף/asaf)",
      "concordancias": [
        {
          "referencia": "Juízes 8.21",
          "texto": "e Salmuna: Levanta-te tue A.; porque,"
        }
      ]
    },
    {
      "palavra": "acometerá",
      "veja tambem": [],
      "ocorrencias": 2,
      "fonte": "Strong's H622 (אָסַף/asaf)",
      "concordancias": [
        {
          "referencia": "Gênesis 49.19",
          "texto": "uma tropa o A.; mas ele a À. por fim."
        },
        {
          "referencia": "Daniel 11.40",
          "texto": "com ele, e o rei do Norte o À. com carros, e"
        }
      ]
    },
    {
      "palavra": "acometeram",
      "veja tambem": [
        "acometer"
      ],
      "ocorrencias": 1,
      "fonte": "Strong's H622 (אָסַף/asaf)",
      "concordancias": [
        {
          "referencia": "Habacuque 3.14",
          "texto": "seus guerreiros; eles me Á, tempestuosos"
        }
      ]
    },
    {
      "palavra": "acometereis",
      "veja tambem": [
        "aco-"
      ],
      "ocorrencias": 1,
      "fonte": "Strong's H622 (אָסַף/asaf)",
      "concordancias": [
        {
          "referencia": "Juízes 15.12",
          "texto": "lhes disse: Jurai-me que vós mesmos me não Á.."
        }
      ]
    },
    {
      "palavra": "acometeu",
      "veja tambem": [],
      "ocorrencias": 2,
      "fonte": "Strong's H622 (אָסַף/asaf)",
      "concordancias": [
        {
          "referencia": "Juízes 20.37",
          "texto": "a emboscada se apressou e À. a Gibeá; e a"
        },
        {
          "referencia": "Atos 28.3",
          "texto": "fogo, uma víbora, fugindo do calor, lhe A. a mão."
        }
      ]
    },
    {
      "palavra": "acometidos",
      "veja tambem": [
        "aco-"
      ],
      "ocorrencias": 0,
      "fonte": "Strong's H622 (אָסַף/asaf)",
      "concordancias": []
    },
    {
      "palavra": "acomodado",
      "veja tambem": [],
      "ocorrencias": 1,
      "fonte": "Strong's H622 (אָסַף/asaf)",
      "concordancias": [
        {
          "referencia": "IRs 6.35",
          "texto": "flores abertas e as cobriu de ouro A. ao lavor."
        }
      ]
    },
    {
      "palavra": "acomodai-vos",
      "veja tambem": [
        "acomodado"
      ],
      "ocorrencias": 1,
      "fonte": "Strong's H622 (אָסַף/asaf)",
      "concordancias": [
        {
          "referencia": "Romanos 12.16",
          "texto": "coisas altas, mas Á. às"
        }
      ]
    },
    {
      "palavra": "acompanha",
      "veja tambem": [],
      "ocorrencias": 2,
      "fonte": "Strong's H622 (אָסַף/asaf)",
      "concordancias": [
        {
          "referencia": "Eclesiastes 9.4",
          "texto": "Ora, para o que 4. com todos os vivos há"
        },
        {
          "referencia": "K3.13",
          "texto": "A., com muito cuidado, Zenas, doutor da lei, e"
        }
      ]
    },
    {
      "palavra": "acompanhados",
      "veja tambem": [],
      "ocorrencias": 1,
      "fonte": "Strong's H622 (אָסַף/asaf)",
      "concordancias": [
        {
          "referencia": "Atos 15.3",
          "texto": "E eles, sendo Á. pela igreja, passaram pela"
        }
      ]
    },
    {
      "palavra": "acompanhai-o",
      "veja tambem": [
        "acompanhar"
      ],
      "ocorrencias": 1,
      "fonte": "Strong's H622 (אָסַף/asaf)",
      "concordancias": [
        {
          "referencia": "1 Coríntios 16.11",
          "texto": "ninguém o despreze, mas À. em paz,"
        }
      ]
    },
    {
      "palavra": "acompanham",
      "veja tambem": [
        "acom-"
      ],
      "ocorrencias": 2,
      "fonte": "Strong's H622 (אָסַף/asaf)",
      "concordancias": [
        {
          "referencia": "Salmos 45.14",
          "texto": "bordadas; as virgens que a Á. a trarão a ti."
        },
        {
          "referencia": "Hebreus 6.9",
          "texto": "coisas melhores e coisas que 4. a salvação,"
        }
      ]
    },
    {
      "palavra": "acompanhando-nos",
      "veja tambem": [
        "acompanhar"
      ],
      "ocorrencias": 1,
      "fonte": "Strong's H622 (אָסַף/asaf)",
      "concordancias": [
        {
          "referencia": "Atos 21.5",
          "texto": "e seguimos nosso caminho, A. todos,"
        }
      ]
    },
    {
      "palavra": "acompanhando-os",
      "veja tambem": [
        "acompanhar"
      ],
      "ocorrencias": 1,
      "fonte": "Strong's H622 (אָסַף/asaf)",
      "concordancias": [
        {
          "referencia": "Gênesis 18.16",
          "texto": "banda de Sodoma; e Abraão ia com eles, Á.."
        }
      ]
    },
    {
      "palavra": "acompanhar",
      "veja tambem": [],
      "ocorrencias": 1,
      "fonte": "Strong's H622 (אָסַף/asaf)",
      "concordancias": [
        {
          "referencia": "2 Samuel 19.31",
          "texto": "com o rei o Jordão, para o Á. à outra"
        }
      ]
    },
    {
      "palavra": "acompanhará",
      "veja tambem": [
        "acompanhar"
      ],
      "ocorrencias": 2,
      "fonte": "Strong's H622 (אָסַף/asaf)",
      "concordancias": [
        {
          "referencia": "S149.17",
          "texto": "nada levará consigo, nem a sua glóriao Á.."
        },
        {
          "referencia": "Eclesiastes 8.15",
          "texto": "e alegrar-se; porque isso o Á. no seu"
        }
      ]
    },
    {
      "palavra": "acompanharam",
      "veja tambem": [
        "acompanhar"
      ],
      "ocorrencias": 1,
      "fonte": "Strong's H622 (אָסַף/asaf)",
      "concordancias": [
        {
          "referencia": "Atos 9.30",
          "texto": "porém, os irmãos, o À. até"
        }
      ]
    },
    {
      "palavra": "acompanharam-no",
      "veja tambem": [
        "acompanhar"
      ],
      "ocorrencias": 2,
      "fonte": "Strong's H622 (אָסַף/asaf)",
      "concordancias": [
        {
          "referencia": "Gênesis 12.20",
          "texto": "varões a seu respeito, e Á. a ele, e"
        },
        {
          "referencia": "Atos 20.38",
          "texto": "veriam mais o seu rosto. E À. até ao navio."
        }
      ]
    },
    {
      "palavra": "acompanhava",
      "veja tambem": [
        "acompanhar"
      ],
      "ocorrencias": 1,
      "fonte": "Strong's H622 (אָסַף/asaf)",
      "concordancias": [
        {
          "referencia": "Juízes 14.20",
          "texto": "Sansão foi dada ao seu companheiro, que o A.."
        }
      ]
    },
    {
      "palavra": "acompanhavam",
      "veja tambem": [
        "acompanhar"
      ],
      "ocorrencias": 3,
      "fonte": "Strong's H622 (אָסַף/asaf)",
      "concordancias": [
        {
          "referencia": "Ezequiel 10.19",
          "texto": "quando saíram; e as rodas os Á, e pararam à"
        },
        {
          "referencia": "Ezequiel 11.22",
          "texto": "as suas asas, e as rodas as Á.; ea glória"
        },
        {
          "referencia": "Atos 17.15",
          "texto": "E os que 4, Paulo o levaram até Atenas e,"
        }
      ]
    },
    {
      "palavra": "acompanheis",
      "veja tambem": [
        "acompanhar"
      ],
      "ocorrencias": 1,
      "fonte": "Strong's H622 (אָסַף/asaf)",
      "concordancias": [
        {
          "referencia": "1 Coríntios 16.6",
          "texto": "o inverno, para que me À, aonde quer"
        }
      ]
    },
    {
      "palavra": "acompanhes",
      "veja tambem": [
        "acompanhar"
      ],
      "ocorrencias": 1,
      "fonte": "Strong's H622 (אָסַף/asaf)",
      "concordancias": [
        {
          "referencia": "Provérbios 22.24",
          "texto": "Não A. o iracundo, nem andes com o homem colé-"
        }
      ]
    },
    {
      "palavra": "acompanhou",
      "veja tambem": [
        "acompanhar"
      ],
      "ocorrencias": 1,
      "fonte": "Strong's H622 (אָסַף/asaf)",
      "concordancias": [
        {
          "referencia": "Atos 15.38",
          "texto": "tinha apartado deles e não os À, naquela obra."
        }
      ]
    },
    {
      "palavra": "aconselhado",
      "veja tambem": [
        "acon-"
      ],
      "ocorrencias": 3,
      "fonte": "Strong's H622 (אָסַף/asaf)",
      "concordancias": [
        {
          "referencia": "1 Reis 12.8",
          "texto": "que os anciãos lhe tinham A. e teve"
        },
        {
          "referencia": "IRs 12.13",
          "texto": "o conselho que os anciãos lhe haviam A.."
        },
        {
          "referencia": "Jó 18.14",
          "texto": "Ora, Caifás era quem tinha A. aos judeus que"
        }
      ]
    },
    {
      "palavra": "aconselhais",
      "veja tambem": [],
      "ocorrencias": 4,
      "fonte": "Strong's H622 (אָסַף/asaf)",
      "concordancias": [
        {
          "referencia": "IRs 12.6",
          "texto": "ainda vivia, dizendo: Como À. vós que se"
        },
        {
          "referencia": "IRs 12.9",
          "texto": "E disse-lhes: Que A. vós que respondamos a"
        },
        {
          "referencia": "2 Crônicas 10.6",
          "texto": "enquanto viveu, dizendo: Como A. vós que se"
        },
        {
          "referencia": "2 Crônicas 10.9",
          "texto": "E disse-lhes: Que A. vós que respondamos a"
        }
      ]
    },
    {
      "palavra": "aconselham",
      "veja tambem": [],
      "ocorrencias": 2,
      "fonte": "Strong's H622 (אָסַף/asaf)",
      "concordancias": [
        {
          "referencia": "Provérbios 12.20",
          "texto": "maquinam mal, mas alegria têm os que A. a paz."
        },
        {
          "referencia": "Provérbios 13.10",
          "texto": "contenda, mas com os que se 4. se acha a sabedoria."
        }
      ]
    },
    {
      "palavra": "aconselhando-te",
      "veja tambem": [
        "aconselhar"
      ],
      "ocorrencias": 1,
      "fonte": "Strong's H622 (אָסַף/asaf)",
      "concordancias": [
        {
          "referencia": "Jeremias 38.15",
          "texto": "com certeza, não me matarás? E, À. eu, ouvir-me-ás?"
        }
      ]
    },
    {
      "palavra": "aconselharei",
      "veja tambem": [],
      "ocorrencias": 1,
      "fonte": "Strong's H622 (אָסַף/asaf)",
      "concordancias": [
        {
          "referencia": "Êxodo 18.19",
          "texto": "agora a minha voz; eu te Á., e Deus será"
        }
      ]
    },
    {
      "palavra": "aconselhaste",
      "veja tambem": [
        "aconselhar"
      ],
      "ocorrencias": 1,
      "fonte": "Strong's H622 (אָסַף/asaf)",
      "concordancias": [
        {
          "referencia": "Jó 26.3",
          "texto": "Como Á. aquele que não tinha sabedoria e"
        }
      ]
    },
    {
      "palavra": "aconselhava",
      "veja tambem": [
        "aconse-"
      ],
      "ocorrencias": 2,
      "fonte": "Strong's H622 (אָסַף/asaf)",
      "concordancias": [
        {
          "referencia": "2 Samuel 16.23",
          "texto": "o conselho de Aitofel, que Á, naqueles"
        },
        {
          "referencia": "Atos 15.37",
          "texto": "E Barnabé À, que tomassem consigo a João,"
        }
      ]
    },
    {
      "palavra": "aconselhei",
      "veja tambem": [],
      "ocorrencias": 1,
      "fonte": "Strong's H622 (אָסַף/asaf)",
      "concordancias": [
        {
          "referencia": "2 Samuel 17.15",
          "texto": "anciãos de Israel; porém assim e assim Á. eu."
        }
      ]
    },
    {
      "palavra": "aconselho",
      "veja tambem": [
        "acon-"
      ],
      "ocorrencias": 1,
      "fonte": "Strong's H622 (אָסַף/asaf)",
      "concordancias": [
        {
          "referencia": "2 Samuel 17.11",
          "texto": "Eu, porém, À. que, com toda a pressa, se"
        }
      ]
    },
    {
      "palavra": "aconselho-te",
      "veja tambem": [],
      "ocorrencias": 1,
      "fonte": "Strong's H622 (אָסַף/asaf)",
      "concordancias": [
        {
          "referencia": "Apocalipse 3.18",
          "texto": "À. que de mim compres ouro provado no fogo,"
        }
      ]
    },
    {
      "palavra": "aconselhou-se",
      "veja tambem": [],
      "ocorrencias": 1,
      "fonte": "Strong's H622 (אָסַף/asaf)",
      "concordancias": [
        {
          "referencia": "2 Crônicas 20.21",
          "texto": "E À. com o povo e ordenou cantores para o"
        }
      ]
    },
    {
      "palavra": "aconteça",
      "veja tambem": [
        "acontecer"
      ],
      "ocorrencias": 16,
      "fonte": "Strong's H622 (אָסַף/asaf)",
      "concordancias": [
        {
          "referencia": "Deuteronômio 29.19",
          "texto": "e À, que, ouvindo as palavras desta maldição,"
        },
        {
          "referencia": "Josué 22.29",
          "texto": "Nunca tal nos Á., que nos rebelássemos contra o"
        },
        {
          "referencia": "Josué 24.16",
          "texto": "o povo e disse: Nunca nos Á. que deixemos o"
        },
        {
          "referencia": "2 Reis 20.10",
          "texto": "sombra decline dez graus; não Á. isso, mas"
        },
        {
          "referencia": "Mateus 5.25",
          "texto": "com ele, para que não À, que o"
        },
        {
          "referencia": "Mateus 246",
          "texto": "porque é mister que isso tudo Á., mas ainda não"
        },
        {
          "referencia": "po 24.20",
          "texto": "para que a vossa fuga não Á. no inverno nem no sá-"
        },
        {
          "referencia": "Mateus 26.54",
          "texto": "as Escrituras, que dizem que assim convém que A.?"
        },
        {
          "referencia": "Lucas 14.8",
          "texto": "primeiro lugar, para que não Á. que esteja"
        },
        {
          "referencia": "Lucas 14.29",
          "texto": "Para que não À. que, depois de haver posto os"
        },
        {
          "referencia": "Lucas 21.9",
          "texto": "Porque é necessário que isso À. primeiro, mas"
        },
        {
          "referencia": "Lucas 21.32",
          "texto": "que não passará esta geração até que tudo Á.."
        },
        {
          "referencia": "Lucas 21.34",
          "texto": "olhai por vós, para que não À. que o vosso"
        },
        {
          "referencia": "Jó 13.19",
          "texto": "agora, vo-lo digo, antesque Å., para que,"
        },
        {
          "referencia": "Jó 14.29",
          "texto": "disse, agora, antes que À., para que,"
        },
        {
          "referencia": "Atos 5.39",
          "texto": "desfazê-la, para que não Á. serdes também"
        }
      ]
    },
    {
      "palavra": "aconteçam",
      "veja tambem": [
        "acontecer"
      ],
      "ocorrencias": 2,
      "fonte": "Strong's H622 (אָסַף/asaf)",
      "concordancias": [
        {
          "referencia": "Marcos 13.30",
          "texto": "esta geração sem que todas essas coisas Á.."
        },
        {
          "referencia": "Lucas 1.20",
          "texto": "ao dia em que estas coisas Á., porquanto não"
        }
      ]
    },
    {
      "palavra": "acontece",
      "veja tambem": [],
      "ocorrencias": 2,
      "fonte": "Strong's H622 (אָסַף/asaf)",
      "concordancias": [
        {
          "referencia": "Eclesiastes 2.15",
          "texto": "disse no meu coração: Como A. ao tolo, assim"
        },
        {
          "referencia": "Lamentações 3.37",
          "texto": "é aquele que diz, e assim Á., quando o Senhor"
        }
      ]
    },
    {
      "palavra": "acontecendo",
      "veja tambem": [
        "acontecer"
      ],
      "ocorrencias": 1,
      "fonte": "Strong's H622 (אָסַף/asaf)",
      "concordancias": [
        {
          "referencia": "Daniel 8.2",
          "texto": "E vi na visão (A., quando vi, que eu estava"
        }
      ]
    }
  ]
}