{
  "a": [
    {
      "palavra": "adversários",
      "veja tambem": [
        "inimigo",
        "opositor",
        "rival",
        "contraditor"
      ],
      "ocorrencias": 41,
      "fonte": "Strong's H6862 (צַר/tsar), G480 (ἀντίκειμαι/antikeimai)",
      "concordancias": [
        {
          "referencia": "Êxodo 23.22",
          "texto": "dos teus inimigos e adversário dos teus Á.."
        },
        {
          "referencia": "Deuteronômio 32.27",
          "texto": "inimigo, para que os seus À, o não"
        },
        {
          "referencia": "Deuteronômio 32.41",
          "texto": "a vingança sobre os meus À. e"
        },
        {
          "referencia": "Deuteronômio 32.43",
          "texto": "seus servos, e sobre os seus À, fará"
        },
        {
          "referencia": "2 Samuel 19.22",
          "texto": "para que hoje me sejais 4.? Morreria"
        },
        {
          "referencia": "1 Crônicas 21.12",
          "texto": "te consumas diante de teus Á., e a espada"
        },
        {
          "referencia": "Esdras 4.1",
          "texto": "Ouvindo, pois, os À. de Judá e Benjamim que"
        },
        {
          "referencia": "S13.1",
          "texto": "se têm multiplicado os meus Á.! São muitos"
        },
        {
          "referencia": "SI 8.2",
          "texto": "força, por causa dos teus Á., para fazeres"
        },
        {
          "referencia": "S110.5",
          "texto": "grande altura; trata com desprezo os seus Á.."
        },
        {
          "referencia": "SI 13.4",
          "texto": "contra ele; e os meus Á, se não"
        },
        {
          "referencia": "S127.2",
          "texto": "Quando os malvados, meus Á. e meus inimigos,"
        },
        {
          "referencia": "S127.12",
          "texto": "à vontade dos meus Á., pois se"
        },
        {
          "referencia": "SI 38.20",
          "texto": "dão mal pelo bem são meus A., porque eu"
        },
        {
          "referencia": "S142.10",
          "texto": "ossos, me afrontam os meus A., quando todo"
        },
        {
          "referencia": "S169.19",
          "texto": "confusão; diante de ti estão todos os meus Á.."
        },
        {
          "referencia": "S171.13",
          "texto": "e consumidos os que são Á. da minha alma;"
        },
        {
          "referencia": "S178.66",
          "texto": "E feriu os seus A., que fugiram, e os pôs em"
        },
        {
          "referencia": "Salmos 81.14",
          "texto": "e voltaria a minha mão contra os seus A.."
        },
        {
          "referencia": "S1106.11",
          "texto": "As águas cobriram os seus Á.; nem um só"
        },
        {
          "referencia": "Salmos 109.4",
          "texto": "paga ao meu amor, são meus À.; mas eu faço oração."
        },
        {
          "referencia": "Isaías 1.24",
          "texto": "Consolar-me-ei acerca dos meus Á., e"
        },
        {
          "referencia": "Isaías 9.11",
          "texto": "suscitará contra ele os À. de Rezim e"
        },
        {
          "referencia": "Isaías 11.13",
          "texto": "a inveja de Efraim, e os 4. de Judá serão"
        },
        {
          "referencia": "Isaías 26.11",
          "texto": "do teu povo; e o fogo consumirá os teus Á.."
        },
        {
          "referencia": "Isaías 59.18",
          "texto": "retribuição; furor, aos seus Å., e"
        },
        {
          "referencia": "Isaías 63.18",
          "texto": "pelo teu santo povo; nossos Á. pisaram o"
        },
        {
          "referencia": "Isaías 64.2",
          "texto": "notório o teu nome aos teus Á., assim as"
        },
        {
          "referencia": "Jeremias 30.16",
          "texto": "devorados; e todos os teus A. irão, todos"
        },
        {
          "referencia": "Jeremias 46.10",
          "texto": "para se vingar dos seus Á.; e a espada"
        },
        {
          "referencia": "Jeremias 48.5",
          "texto": "na descida de Horonaim, os À, de Moabe"
        },
        {
          "referencia": "Jeremias 50.7",
          "texto": "as devoraram; e os seus Á. diziam: Culpa"
        },
        {
          "referencia": "Lamentações 1.5",
          "texto": "Os seus À. a dominaram, os seus inimigos"
        },
        {
          "referencia": "Lamentações 1.7",
          "texto": "não tinha quem a socorresse, os À. a viram"
        },
        {
          "referencia": "Lamentações 2.17",
          "texto": "por tua causa, exaltou o poder dos teus Á.."
        },
        {
          "referencia": "Ezequiel 39.23",
          "texto": "os entreguei nas mãos de seus À,, e todos"
        },
        {
          "referencia": "Miquéias 5.9",
          "texto": "se exaltará sobre os teus Á.; e todos os"
        },
        {
          "referencia": "Naum 1.2",
          "texto": "toma vingança contra os seus À. e guarda a"
        },
        {
          "referencia": "Lucas 13.17",
          "texto": "ele isso, todos os seus À, ficaram"
        },
        {
          "referencia": "1 Coríntios 16.9",
          "texto": "grande e eficaz se me abriu; e há muitos A.."
        },
        {
          "referencia": "Hebreus 10.27",
          "texto": "e ardor de fogo, que há de devorar os A.."
        }
      ]
    },
    {
      "palavra": "adversidade",
      "veja tambem": [
        "aflição",
        "calamidade",
        "tribulação",
        "sofrimento"
      ],
      "ocorrencias": 4,
      "fonte": "Strong's H7451 (רַע/ra), H6869 (צָרָה/tsarah)",
      "concordancias": [
        {
          "referencia": "S110.6",
          "texto": "serei abalado, porque nunca me verei na A.."
        },
        {
          "referencia": "S135.15",
          "texto": "Mas eles com a minha A. se alegravam e se"
        },
        {
          "referencia": "Provérbios 27.10",
          "texto": "de teu irmão no dia da tua A.; melhor é o"
        },
        {
          "referencia": "Eclesiastes 7.14",
          "texto": "goza do bem, mas, no dia da A., considera;"
        }
      ]
    },
    {
      "palavra": "adverte",
      "veja tambem": [
        "advertir",
        "perceber",
        "notar",
        "observar"
      ],
      "ocorrencias": 2,
      "fonte": "Strong's H3045 (יָדַע/yada)",
      "concordancias": [
        {
          "referencia": "1 Samuel 24.11",
          "texto": "eua orla do manto, te não matei. A., pois, e vê"
        },
        {
          "referencia": "Eclesiastes 3.21",
          "texto": "Quem À. que o fôlego dos filhos dos homens sobe"
        }
      ]
    },
    {
      "palavra": "adverti",
      "veja tambem": [
        "advertir",
        "atentar",
        "ter cuidado",
        "avisar"
      ],
      "ocorrencias": 1,
      "fonte": "Strong's G3708 (ὁράω/horaó)",
      "concordancias": [
        {
          "referencia": "Mateus 16.6",
          "texto": "E Jesus disse-lhes: Á. e acautelai-vos do"
        }
      ]
    },
    {
      "palavra": "advertia",
      "veja tambem": [
        "advertir",
        "avisar",
        "instruir",
        "exortar"
      ],
      "ocorrencias": 1,
      "fonte": "Strong's G5537 (χρηματίζω/chrématizó)",
      "concordancias": [
        {
          "referencia": "Hebreus 12.25",
          "texto": "rejeitaram o que na terra os Á., muito menos"
        }
      ]
    },
    {
      "palavra": "advertida",
      "veja tambem": [
        "advertir",
        "repreendida",
        "justificada",
        "corrigida"
      ],
      "ocorrencias": 1,
      "fonte": "Strong's H3198 (יָכַח/yakach)",
      "concordancias": [
        {
          "referencia": "Gênesis 20.16",
          "texto": "e até para com todos os outros; e estás Á.."
        }
      ]
    },
    {
      "palavra": "advertindo-o",
      "veja tambem": [
        "advertir",
        "repreendendo-o",
        "corrigindo-o"
      ],
      "ocorrencias": 1,
      "fonte": "Strong's G1691 (ἐμβριμάομαι/embrimaomai)",
      "concordancias": [
        {
          "referencia": "Marcos 1.43",
          "texto": "E, A. severamente, logo o despediu."
        }
      ]
    },
    {
      "palavra": "advertires",
      "veja tambem": [
        "advertir",
        "ordenar",
        "instruir",
        "exortar"
      ],
      "ocorrencias": 1,
      "fonte": "Strong's G3853 (παραγγέλλω/paraggelló)",
      "concordancias": [
        {
          "referencia": "YIm 1.3",
          "texto": "que ficasses em Éfeso, para A. a alguns que"
        }
      ]
    },
    {
      "palavra": "advertisse",
      "veja tambem": [
        "advertir",
        "percebesse",
        "notasse",
        "observasse"
      ],
      "ocorrencias": 1,
      "fonte": "Strong's H3045 (יָדַע/yada)",
      "concordancias": [
        {
          "referencia": "ISm 26.12",
          "texto": "houve que o visse, nem que o Á., nem que"
        }
      ]
    },
    {
      "palavra": "advogado",
      "veja tambem": [
        "intercessor",
        "consolador",
        "defensor",
        "mediador"
      ],
      "ocorrencias": 1,
      "fonte": "Strong's G3875 (παράκλητος/paraklétos)",
      "concordancias": [
        {
          "referencia": "1 João 2.1",
          "texto": "e, se alguém pecar, temos um A. para com o"
        }
      ]
    },
    {
      "palavra": "advogará",
      "veja tambem": [
        "advogado",
        "pleitear",
        "defender",
        "interceder"
      ],
      "ocorrencias": 1,
      "fonte": "Strong's H7378 (רִיב/rib)",
      "concordancias": [
        {
          "referencia": "1 Samuel 24.15",
          "texto": "entre mim e ti, e verá, e A. a minha"
        }
      ]
    },
    {
      "palavra": "aer",
      "veja tambem": [
        "Hupim",
        "Ir",
        "Husim",
        "genealogia"
      ],
      "ocorrencias": 1,
      "fonte": "Strong's H279 (אַחֵר/Acher)",
      "concordancias": [
        {
          "referencia": "1 Crônicas 7.12",
          "texto": "e Hupim, filho de Ir; e Husim, dos filhos de A.."
        }
      ]
    },
    {
      "palavra": "afadiga",
      "veja tambem": [
        "afadigar",
        "preocupar-se",
        "ansiar",
        "inquietar-se"
      ],
      "ocorrencias": 1,
      "fonte": "Strong's H1672 (דָּאַג/daag)",
      "concordancias": [
        {
          "referencia": "Jeremias 17.8",
          "texto": "e, no ano de seguidão, não se Á, nem deixa de"
        }
      ]
    },
    {
      "palavra": "afadigada",
      "veja tambem": [
        "afadigar",
        "perturbada",
        "inquieta",
        "ansiosa"
      ],
      "ocorrencias": 1,
      "fonte": "Strong's G5182 (τυρβάζω/turbazó)",
      "concordancias": [
        {
          "referencia": "Lucas 10.41",
          "texto": "Marta, Marta, estás ansiosa e Á, com muitas coisas,"
        }
      ]
    },
    {
      "palavra": "afadigado",
      "veja tambem": [
        "afadigar",
        "cansado",
        "fatigado",
        "exausto"
      ],
      "ocorrencias": 1,
      "fonte": "Strong's H3021 (יָגַע/yaga)",
      "concordancias": [
        {
          "referencia": "Isaías 28.20",
          "texto": "Porque o leito será tão curto, que nele não se poderá estender, e a coberta tão estreita, que nela não se poderá envolver."
        }
      ]
    },
    {
      "palavra": "afadigamos",
      "veja tambem": [
        "afadigar",
        "trabalhar",
        "esforçar-se"
      ],
      "ocorrencias": 1,
      "fonte": "Strong's G2872 (κοπιάω/kopiaó)",
      "concordancias": [
        {
          "referencia": "1 Coríntios 4.12",
          "texto": "e nos Á., trabalhando com nossas próprias"
        }
      ]
    },
    {
      "palavra": "afadigardes",
      "veja tambem": [
        "afadigar",
        "cansar",
        "incomodar"
      ],
      "ocorrencias": 1,
      "fonte": "Strong's H3811 (לָאָה/laah)",
      "concordancias": [
        {
          "referencia": "Isaías 7.13",
          "texto": "ó casa de Davi! Pouco vos é 4. os"
        }
      ]
    },
    {
      "palavra": "afadigareis",
      "veja tambem": [
        "afadigar",
        "cansar",
        "incomodar"
      ],
      "ocorrencias": 1,
      "fonte": "Strong's H3811 (לָאָה/laah)",
      "concordancias": [
        {
          "referencia": "Isaías 7.13",
          "texto": "os homens, senão que ainda Á. também"
        }
      ]
    },
    {
      "palavra": "afadigarem",
      "veja tambem": [
        "afadigar",
        "apressar",
        "forçar"
      ],
      "ocorrencias": 1,
      "fonte": "Strong's H1826 (דָּפַק/daphaq)",
      "concordancias": [
        {
          "referencia": "Gênesis 33.13",
          "texto": "e vacas de leite; se as A, somente um"
        }
      ]
    },
    {
      "palavra": "afaga",
      "veja tambem": [
        "lisonjear",
        "adular"
      ],
      "ocorrencias": 1,
      "fonte": "Strong's H6601 (פָּתָה/pathah)",
      "concordancias": [
        {
          "referencia": "Provérbios 20.19",
          "texto": "segredo; pelo que, com o que 4. com seus lábios,"
        }
      ]
    },
    {
      "palavra": "ão",
      "veja tambem": [
        "afagar",
        "acariciar"
      ],
      "ocorrencias": 1,
      "fonte": "Strong's H8173 (שָׁעַע/shaa)",
      "concordancias": [
        {
          "referencia": "Isaías 66.12",
          "texto": "ao colo vos trarão e sobre os joelhos vos A.."
        }
      ]
    },
    {
      "palavra": "afamada",
      "veja tambem": [
        "famosa",
        "célebre",
        "renomada"
      ],
      "ocorrencias": 3,
      "fonte": "Strong's H8416 (תְּהִלָּה/tehillah), H8034 (שֵׁם/shem)",
      "concordancias": [
        {
          "referencia": "Jeremias 49.25",
          "texto": "Como não está abandonada a Á. cidade, a cidade"
        },
        {
          "referencia": "Ezequiel 23.10",
          "texto": "ela, mataram-na à espada; e foi A. entre as"
        },
        {
          "referencia": "Ezequiel 26.17",
          "texto": "pereceste, ó bem povoada e Á. cidade, que"
        }
      ]
    },
    {
      "palavra": "afamado",
      "veja tambem": [
        "famoso",
        "ilustre",
        "renomado"
      ],
      "ocorrencias": 2,
      "fonte": "Strong's H8034 (שֵׁם/shem), H3513 (כָּבֵד/kabed)",
      "concordancias": [
        {
          "referencia": "Rute 4.14",
          "texto": "de te dar remidor, e seja o seu nome A. em Israel."
        },
        {
          "referencia": "Esdras 4.10",
          "texto": "povos, que o grande e A. Osnapar"
        }
      ]
    },
    {
      "palavra": "afamados",
      "veja tambem": [
        "afamar",
        "renomados",
        "ilustres"
      ],
      "ocorrencias": 1,
      "fonte": "Strong's H7121 (קָרָא/qara)",
      "concordancias": [
        {
          "referencia": "Ezequiel 23.23",
          "texto": "todos eles, capitães e homens A., todos"
        }
      ]
    },
    {
      "palavra": "afarsaquitas",
      "veja tambem": [],
      "ocorrencias": 3,
      "fonte": "Strong's H671 (אֲפָרְסְכָי/Apharsekay)",
      "concordancias": [
        {
          "referencia": "Esdras 4.9",
          "texto": "da sua companhia: dinaítas e A.,"
        },
        {
          "referencia": "Esdras 5.6",
          "texto": "e os seus companheiros, os A., que"
        },
        {
          "referencia": "Esdras 6.6",
          "texto": "e os seus companheiros, os Á., que"
        }
      ]
    },
    {
      "palavra": "afarsitas",
      "veja tambem": [],
      "ocorrencias": 1,
      "fonte": "Strong's H670 (אֲפָרְסָי/Apharsay)",
      "concordancias": [
        {
          "referencia": "Esdras 4.9",
          "texto": "e afarsaquitas, tarpelitas, A.,"
        }
      ]
    },
    {
      "palavra": "afasta",
      "veja tambem": [
        "afastar",
        "remover",
        "distanciar"
      ],
      "ocorrencias": 8,
      "fonte": "Strong's H7368 (רָחַק/rachaq), H5493 (סוּר/sur)",
      "concordancias": [
        {
          "referencia": "Jó 22.23",
          "texto": "serás edificado; A. a iniquidade da"
        },
        {
          "referencia": "St 103.12",
          "texto": "Oriente do Ocidente, assim Á. de nós as nossas"
        },
        {
          "referencia": "Provérbios 5.8",
          "texto": "A. dela o teu caminho e não te aproximes da porta"
        },
        {
          "referencia": "Provérbios 30.8",
          "texto": "A, de mim a vaidade e a palavra mentirosa; não me"
        },
        {
          "referencia": "Eclesiastes 11.10",
          "texto": "Á., pois, a ira do teu coração e remove da tua"
        },
        {
          "referencia": "Isaías 29.13",
          "texto": "me honra, mas o seu coração se À. para longe de"
        },
        {
          "referencia": "Amós 5.23",
          "texto": "À. de mim o estrépito dos teus cânticos; porque"
        },
        {
          "referencia": "Marcos 14.36",
          "texto": "as coisas te são possíveis; A. de mim este"
        }
      ]
    },
    {
      "palavra": "afasta-te",
      "veja tambem": [
        "afastar",
        "evita",
        "desvia-te"
      ],
      "ocorrencias": 1,
      "fonte": "Strong's G665 (ἀποτρέπω/apotrepó)",
      "concordancias": [
        {
          "referencia": "2 Timóteo 3.5",
          "texto": "piedade, mas negando a eficácia dela. Destes A.."
        }
      ]
    },
    {
      "palavra": "afastadas",
      "veja tambem": [
        "afastar",
        "distantes",
        "desviadas"
      ],
      "ocorrencias": 1,
      "fonte": "Strong's H3885 (לוּז/luz)",
      "concordancias": [
        {
          "referencia": "Jeremias 18.15",
          "texto": "para que andassem por veredas Á., não aplainadas;"
        }
      ]
    },
    {
      "palavra": "afastado",
      "veja tambem": [
        "afastar",
        "desviado",
        "pervertido"
      ],
      "ocorrencias": 1,
      "fonte": "Strong's G645 (ἀποστρέφω/apostéphó)",
      "concordancias": [
        {
          "referencia": "Atos 19.26",
          "texto": "este Paulo tem convencido e A. uma grande"
        }
      ]
    },
    {
      "palavra": "afastai",
      "veja tambem": [
        "afastar",
        "removei"
      ],
      "ocorrencias": 1,
      "fonte": "Strong's H5493 (סוּר/sur)",
      "concordancias": [
        {
          "referencia": "Ezequiel 45.9",
          "texto": "já, ó príncipes de Israel; A. a violência e a"
        }
      ]
    },
    {
      "palavra": "afastai-vos",
      "veja tambem": [
        "afastar",
        "cessai",
        "deixai"
      ],
      "ocorrencias": 1,
      "fonte": "Strong's H2308 (חָדַל/chadal)",
      "concordancias": [
        {
          "referencia": "Isaías 2.22",
          "texto": "A., pois, do homem cujo fôlego está no seu"
        }
      ]
    },
    {
      "palavra": "afastam",
      "veja tambem": [
        "afastar",
        "impedem",
        "retiram"
      ],
      "ocorrencias": 1,
      "fonte": "Strong's H4513 (מָנַע/mana)",
      "concordancias": [
        {
          "referencia": "Jeremias 5.25",
          "texto": "estas coisas, e os vossos pecados À. de vós o bem."
        }
      ]
    },
    {
      "palavra": "afastam-se",
      "veja tambem": [
        "afastar",
        "desviam-se",
        "distanciam-se"
      ],
      "ocorrencias": 2,
      "fonte": "Strong's H5975 (עָמַד/amad), H7368 (רָחַק/rachaq)",
      "concordancias": [
        {
          "referencia": "S138.11",
          "texto": "e os meus propínquos A. da minha chaga;"
        },
        {
          "referencia": "SI 119.150",
          "texto": "os que seguem aos malvados; Á. da tua lei."
        }
      ]
    },
    {
      "palavra": "afastando",
      "veja tambem": [
        "afastar",
        "impedindo"
      ],
      "ocorrencias": 2,
      "fonte": "Strong's H5520 (סֹכֵך/sokek), G645 (ἀποστρέφω/apostéphó)",
      "concordancias": [
        {
          "referencia": "2 Reis 11.6",
          "texto": "assim, fareis a guarda desta casa, A. a todos."
        },
        {
          "referencia": "2 Pedro 2.18",
          "texto": "aqueles que se estavam 4. dos que andam"
        }
      ]
    },
    {
      "palavra": "afastando-se",
      "veja tambem": [
        "distanciando-se"
      ],
      "ocorrencias": 1,
      "fonte": "Strong's H7368 (רָחַק/rachaq)",
      "concordancias": [
        {
          "referencia": "Gênesis 21.16",
          "texto": "e assentou-se em frente, A. a distância"
        }
      ]
    },
    {
      "palavra": "afastar",
      "veja tambem": [
        "expiar",
        "remover"
      ],
      "ocorrencias": 1,
      "fonte": "Strong's H3722 (כָּפַר/kaphar)",
      "concordancias": [
        {
          "referencia": "Isaías 47.11",
          "texto": "sobre ti, que a não poderás A.; porque virá"
        }
      ]
    },
    {
      "palavra": "afastar-se",
      "veja tambem": [
        "distanciar-se"
      ],
      "ocorrencias": 2,
      "fonte": "Strong's H7368 (רָחַק/rachaq)",
      "concordancias": [
        {
          "referencia": "Eclesiastes 3.5",
          "texto": "tempo de abraçar e tempo de A. de abraçar;"
        },
        {
          "referencia": "Jeremias 14.10",
          "texto": "Pois que tanto amaram o Á. e não"
        }
      ]
    },
    {
      "palavra": "afastarás",
      "veja tambem": [
        "afastar",
        "distanciarás"
      ],
      "ocorrencias": 1,
      "fonte": "Strong's H7368 (רָחַק/rachaq)",
      "concordancias": [
        {
          "referencia": "Êxodo 23.7",
          "texto": "palavras de falsidade te À, e não matarás o"
        }
      ]
    },
    {
      "palavra": "afastarem",
      "veja tambem": [
        "desviar",
        "distanciar"
      ],
      "ocorrencias": 2,
      "fonte": "Strong's H7368 (רָחַק/rachaq), H7725 (שׁוּב/shub)",
      "concordancias": [
        {
          "referencia": "Jeremias 2.5",
          "texto": "vossos pais em mim, para se Á, de mim, indo"
        },
        {
          "referencia": "Lamentações 2.14",
          "texto": "a tua maldade, para Á. o teu"
        }
      ]
    }
  ]
}