{
  "a": [
    {
      "palavra": "abiatar",
      "veja tambem": [],
      "ocorrencias": 32,
      "fonte": "",
      "concordancias": [
        {
          "referencia": "Top 376",
          "texto": "posição;"
        },
        {
          "referencia": "1 Samuel 22.20",
          "texto": "de Aitube, cujo nome era A., o qual fugiu"
        },
        {
          "referencia": "1 Samuel 22.21",
          "texto": "E À, anunciou a Davi que Saul tinha matado os"
        },
        {
          "referencia": "1 Samuel 22.22",
          "texto": "Então, Davi disse a A.: Bem sabia eu, naquele"
        },
        {
          "referencia": "1 Samuel 23.6",
          "texto": "E sucedeu que, quando Á., filho de Aimeleque,"
        },
        {
          "referencia": "1 Samuel 23.9",
          "texto": "esse mal contra ele, disse a A., sacerdote:"
        },
        {
          "referencia": "1 Samuel 30.7",
          "texto": "E disse Davi a A., o sacerdote, filho de"
        },
        {
          "referencia": "1 Samuel 30.7",
          "texto": "peço-te, aqui o éfode. E À. trouxe o"
        },
        {
          "referencia": "2 Samuel 8.17",
          "texto": "Aitube, e Áimeleque, filho de A., eram"
        },
        {
          "referencia": "2 Samuel 15.24",
          "texto": "ali a arca de Deus; e subiu Á., até que todo o"
        },
        {
          "referencia": "2 Samuel 15.27",
          "texto": "filhos, Aimaás, teu filho, e Jônatas, filho de A.."
        },
        {
          "referencia": "2 Samuel 15.29",
          "texto": "Zadoque, pois, e À. tornaram a levar para"
        },
        {
          "referencia": "2 Samuel 15.35",
          "texto": "ali contigo Zadoque e A., sacerdotes? E"
        },
        {
          "referencia": "2 Samuel 15.35",
          "texto": "do rei farás saber a Zadoque e a Á., sacerdotes."
        },
        {
          "referencia": "2 Samuel 15.36",
          "texto": "Zadoque, e Jônatas, filho de Á.; pela mão"
        },
        {
          "referencia": "2 Samuel 17.15",
          "texto": "disse Husai a Zadoque ea A., sacerdotes: Assim"
        },
        {
          "referencia": "2 Samuel 19.11",
          "texto": "Davi enviou a Zadoque ea Á., sacerdotes,"
        },
        {
          "referencia": "2 Samuel 20.25",
          "texto": "e Seva, o escrivão; e Zadoque e Á., os sacerdotes;"
        },
        {
          "referencia": "1 Reis 1.7",
          "texto": "filho de Zeruia, e com Á., o sacerdote, os"
        },
        {
          "referencia": "1 Reis 1.19",
          "texto": "todos os filhos do rei ea Á., o sacerdote, e"
        },
        {
          "referencia": "1 Reis 1.25",
          "texto": "e os capitães do exército, e a Á., o sacerdote,"
        },
        {
          "referencia": "IRs 1.42",
          "texto": "que vem Jônatas, filho de A., o sacerdote, e"
        },
        {
          "referencia": "1 Reis 2.22",
          "texto": "para ele, digo, e também para A.,"
        },
        {
          "referencia": "1 Reis 2.26",
          "texto": "Ea A., o sacerdote, disse o rei: Para Anatote"
        },
        {
          "referencia": "1 Reis 2.27",
          "texto": "Lançou, pois, Salomão fora a A., para que não"
        },
        {
          "referencia": "1 Reis 2.35",
          "texto": "a Zadoque, o sacerdote, pôs o rei em lugar de A.."
        },
        {
          "referencia": "1 Reis 4.4",
          "texto": "do exército; Zadoque e Á. eram sacerdotes."
        },
        {
          "referencia": "1 Crônicas 15.11",
          "texto": "os sacerdotes Zadoque e A. e os levitas"
        },
        {
          "referencia": "1 Crônicas 18.16",
          "texto": "e Abimelegue, filho de A., eram"
        },
        {
          "referencia": "1 Crônicas 24.6",
          "texto": "o sacerdote, e Aimeleque, filho de A., eos"
        },
        {
          "referencia": "1 Crônicas 27.34",
          "texto": "Joiada, filho de Benaia, e A.; porém Joabe"
        },
        {
          "referencia": "Marcos 2.26",
          "texto": "Casa de Deus, no tempo de Á., sumo sacerdote,"
        }
      ]
    },
    {
      "palavra": "abibe",
      "veja tambem": [],
      "ocorrencias": 6,
      "fonte": "",
      "concordancias": [
        {
          "referencia": "Êxodo 13.4",
          "texto": "Hoje, no mês de Á., vós saís."
        },
        {
          "referencia": "Êxodo 23.15",
          "texto": "ao tempo apontado no mês de À.; porque nele"
        },
        {
          "referencia": "Êxodo 34.18",
          "texto": "ao tempo apontado do mês de 4.; porque no mês de"
        },
        {
          "referencia": "Êxodo 34.18",
          "texto": "mês de 4.; porque no mês de A, saíste do Egito."
        },
        {
          "referencia": "Deuteronômio 16.1",
          "texto": "Guarda o mês de À. e celebra a Páscoa ao Senhor,"
        },
        {
          "referencia": "Deuteronômio 16.1",
          "texto": "teu Deus; porque, no mês de A., o Senhor, teu"
        }
      ]
    },
    {
      "palavra": "abida",
      "veja tambem": [],
      "ocorrencias": 2,
      "fonte": "",
      "concordancias": [
        {
          "referencia": "Gênesis 25.4",
          "texto": "Efá, e Efer, e Enoque, e A., e Elda; estes"
        },
        {
          "referencia": "1 Crônicas 1.33",
          "texto": "Efá, e Efer, e Enoque, e Á., e Elda; todos"
        }
      ]
    },
    {
      "palavra": "abiel",
      "veja tambem": [],
      "ocorrencias": 2,
      "fonte": "",
      "concordancias": [
        {
          "referencia": "1 Samuel 14.51",
          "texto": "pai de Saul, e Ner, pai de Abner, eram filhos de Á.."
        },
        {
          "referencia": "1 Crônicas 11.32",
          "texto": "Hurai, do ribeiro de Gaás; A., o arbatita;"
        }
      ]
    },
    {
      "palavra": "ajuda-nos",
      "veja tambem": [
        "ajudar"
      ],
      "ocorrencias": 5,
      "fonte": "",
      "concordancias": [
        {
          "referencia": "Josué 10.6",
          "texto": "a nós, elivra-nos, e Á.,"
        },
        {
          "referencia": "2 Crônicas 14.11",
          "texto": "quer o de nenhuma força; Á., pois,"
        },
        {
          "referencia": "S179.9",
          "texto": "A., ó Deus da nossa salvação, pela glória do"
        },
        {
          "referencia": "Marcos 9.22",
          "texto": "fazer alguma coisa, tem compaixão de nós e A."
        },
        {
          "referencia": "Atos 16.9",
          "texto": "e lhe rogava, dizendo: Passa à Macedônia e A.!"
        }
      ]
    },
    {
      "palavra": "ajudado",
      "veja tambem": [],
      "ocorrencias": 2,
      "fonte": "",
      "concordancias": [
        {
          "referencia": "2 Crônicas 26.15",
          "texto": "porque foi maravilhosamente A. até que se"
        },
        {
          "referencia": "Isaías 31.3",
          "texto": "terra, tanto o auxiliador como o AÁ., etodos"
        }
      ]
    },
    {
      "palavra": "ajudador",
      "veja tambem": [
        "ajuda"
      ],
      "ocorrencias": 3,
      "fonte": "",
      "concordancias": [
        {
          "referencia": "Jó 30.13",
          "texto": "a minha miséria; umia gen que não tem nenhum AÁ.."
        },
        {
          "referencia": "S154.4",
          "texto": "Eis que Deus é o meu À.; o Senhor está com"
        },
        {
          "referencia": "Oséias 13.9",
          "texto": "Israel, te rebelaste contra mim, contra o teu A.."
        }
      ]
    },
    {
      "palavra": "ajudados",
      "veja tambem": [
        "ajudar"
      ],
      "ocorrencias": 3,
      "fonte": "",
      "concordancias": [
        {
          "referencia": "1 Crônicas 5.20",
          "texto": "E foram À. contra eles, e os hagarenos e todos"
        },
        {
          "referencia": "Daniel 11.34",
          "texto": "E, caindo eles, serão A. com pequeno socorro;"
        },
        {
          "referencia": "Hebreus 4.16",
          "texto": "e achar graça, a fim de sermos Å. em tempo oportuno."
        }
      ]
    },
    {
      "palavra": "ajudai-me",
      "veja tambem": [
        "ajudar"
      ],
      "ocorrencias": 1,
      "fonte": "",
      "concordancias": [
        {
          "referencia": "Josué 10.4",
          "texto": "Subi a mim e A.; e firamos a Gibeão, porquanto"
        }
      ]
    },
    {
      "palavra": "ajudam",
      "veja tambem": [
        "aju-"
      ],
      "ocorrencias": 1,
      "fonte": "",
      "concordancias": [
        {
          "referencia": "2 Crônicas 28.23",
          "texto": "deuses dos reis da Síria os Á., eu lhes"
        }
      ]
    },
    {
      "palavra": "ajudando",
      "veja tambem": [
        "ajudar"
      ],
      "ocorrencias": 1,
      "fonte": "",
      "concordancias": [
        {
          "referencia": "1 Crônicas 15.26",
          "texto": "E sucedeu que, Á. Deus os levitas que levavam a"
        }
      ]
    },
    {
      "palavra": "ajudando-nos",
      "veja tambem": [],
      "ocorrencias": 1,
      "fonte": "",
      "concordancias": [
        {
          "referencia": "2 Coríntios 1.11",
          "texto": "A. também vós, com orações por nós, para"
        }
      ]
    },
    {
      "palavra": "ajudar",
      "veja tambem": [],
      "ocorrencias": 11,
      "fonte": "",
      "concordancias": [
        {
          "referencia": "Top 397",
          "texto": "posição; Palavras Relacionadas: (ajuda-15; ajudado-2;"
        },
        {
          "referencia": "Josué 10.33",
          "texto": "Horão, rei de Gezer, subiu a À. a Laquis; porém"
        },
        {
          "referencia": "1 Crônicas 12.17",
          "texto": "mim pacificamente e para me Á., o meu coração se"
        },
        {
          "referencia": "1 Crônicas 12.22",
          "texto": "em dia, vinham a Davi para o Á., até que se fez"
        },
        {
          "referencia": "1 Crônicas 18.5",
          "texto": "os siros de Damasco a A. a Hadadezer rei de"
        },
        {
          "referencia": "2 Crônicas 14.11",
          "texto": "disse: Senhor, nada para tié Å., quero"
        },
        {
          "referencia": "2 Crônicas 19.2",
          "texto": "disse ao rei Josafá: Devias tu Á. ao ímpio e amar"
        },
        {
          "referencia": "2 Crônicas 25.8",
          "texto": "porque força há em Deus para A. e para fazer cair."
        },
        {
          "referencia": "2 Crônicas 26.13",
          "texto": "com força belicosa, para À. o rei contra os inimigos."
        },
        {
          "referencia": "2 Crônicas 32.8",
          "texto": "ò Senhor, nosso Deus, para nos Á. e para guerrear"
        },
        {
          "referencia": "Lucas 5.7",
          "texto": "barco, para que os fossem A.. E forame"
        }
      ]
    },
    {
      "palavra": "ajudar-me",
      "veja tambem": [],
      "ocorrencias": 3,
      "fonte": "",
      "concordancias": [
        {
          "referencia": "S170.1",
          "texto": "ó Deus, em me livrar; Senhor, apressa-teem Á.."
        },
        {
          "referencia": "S171.12",
          "texto": "te alongues de mim; meu Deus, apressa-te em A.."
        },
        {
          "referencia": "Daniel 10.13",
          "texto": "príncipes, veio para Á., e eu fiquei"
        }
      ]
    },
    {
      "palavra": "ajudará",
      "veja tambem": [],
      "ocorrencias": 4,
      "fonte": "",
      "concordancias": [
        {
          "referencia": "Gênesis 49.25",
          "texto": "Deus de teu pai, o qual te A., e pelo"
        },
        {
          "referencia": "S146.5",
          "texto": "não será abalada; Deus a A. ao romper da manhã."
        },
        {
          "referencia": "Isaías 30.7",
          "texto": "Porque o Egito os A. em vão e para nenhum fim;"
        },
        {
          "referencia": "Isaías 44.2",
          "texto": "desde o ventre, e que te Á.: Não temas, ó"
        }
      ]
    },
    {
      "palavra": "ajudaram",
      "veja tambem": [
        "ajudar"
      ],
      "ocorrencias": 9,
      "fonte": "",
      "concordancias": [
        {
          "referencia": "Top 399",
          "texto": "posição;"
        },
        {
          "referencia": "1 Crônicas 12.1",
          "texto": "de Quis; e eram dos valentes que À. nesta guerra."
        },
        {
          "referencia": "1 Crônicas 12.19",
          "texto": "contra Saul, ainda que não A. os filisteus;"
        },
        {
          "referencia": "1 Crônicas 12.21",
          "texto": "E estes Á. a Davi contra aquela tropa, porque"
        },
        {
          "referencia": "2 Crônicas 20.23",
          "texto": "eles com os moradores de Seir, A. uns aos"
        },
        {
          "referencia": "2 Crônicas 29.34",
          "texto": "que seus irmãos, os levitas, os Á., até a obra"
        },
        {
          "referencia": "2 Crônicas 32.3",
          "texto": "das águas que havia fora da cidade; e eles o A.."
        },
        {
          "referencia": "Esdras 8.36",
          "texto": "de aquém do rio; e Á. o povo e a Casa"
        },
        {
          "referencia": "Esdras 10.15",
          "texto": "este negócio; e Mesulão e Sabetai, levita, os Á.."
        }
      ]
    },
    {
      "palavra": "ajudarás",
      "veja tambem": [
        "ajudar"
      ],
      "ocorrencias": 1,
      "fonte": "",
      "concordancias": [
        {
          "referencia": "Êxodo 23.5",
          "texto": "de ajudá-lo? Certamente o Á, juntamente"
        }
      ]
    },
    {
      "palavra": "ajudardes",
      "veja tambem": [
        "ajudar"
      ],
      "ocorrencias": 1,
      "fonte": "",
      "concordancias": [
        {
          "referencia": "Êxodo 1.16",
          "texto": "e disse: Quando Á. no parto as hebreias e as"
        }
      ]
    },
    {
      "palavra": "ajudares",
      "veja tambem": [
        "ajudar"
      ],
      "ocorrencias": 2,
      "fonte": "",
      "concordancias": [
        {
          "referencia": "S159.4",
          "texto": "sem culpa minha; desperta para me A, e olha."
        },
        {
          "referencia": "S186.17",
          "texto": "confundam, quando tu, Senhor, me A. econsolares."
        }
      ]
    },
    {
      "palavra": "ajudasse",
      "veja tambem": [],
      "ocorrencias": 5,
      "fonte": "",
      "concordancias": [
        {
          "referencia": "2 Reis 14.26",
          "texto": "havia encerrado, nem livre, nem quem A, a Israel."
        },
        {
          "referencia": "SI 107.12",
          "texto": "com trabalho; tropeçaram, e não houve quem os A.."
        },
        {
          "referencia": "Isaías 63.5",
          "texto": "olhei, e não havia quem me ,; e espantei-me"
        },
        {
          "referencia": "1 Crônicas 22.17",
          "texto": "os príncipes de Israel que À, a Salomão, seu"
        },
        {
          "referencia": "2 Crônicas 28.16",
          "texto": "Acaz mandou pedir aos reis da Assíria, que o A.."
        }
      ]
    },
    {
      "palavra": "ajudaste",
      "veja tambem": [
        "ajudar"
      ],
      "ocorrencias": 1,
      "fonte": "",
      "concordancias": [
        {
          "referencia": "Jó 26.2",
          "texto": "Como A. aquele que não tinha força e"
        }
      ]
    },
    {
      "palavra": "ajudava",
      "veja tambem": [
        "ajudar"
      ],
      "ocorrencias": 1,
      "fonte": "",
      "concordancias": [
        {
          "referencia": "2 Samuel 8.14",
          "texto": "servos de Davi; e o Senhor Á. a Davi por onde"
        }
      ]
    },
    {
      "palavra": "ajudavam",
      "veja tambem": [],
      "ocorrencias": 3,
      "fonte": "",
      "concordancias": [
        {
          "referencia": "1 Reis 1.7",
          "texto": "o sacerdote; os quais o A., seguindo a Adonias."
        },
        {
          "referencia": "1 Reis 20.16",
          "texto": "ele e os reis, os trinta e dois reis, que o Å.."
        },
        {
          "referencia": "Esdras 5.2",
          "texto": "e com eles os profetas de Deus, que os A.."
        }
      ]
    }
  ]
}