{
  "a": [
    {
      "palavra": "acontecer",
      "veja tambem": [
        "acontecera",
        "aconteceram",
        "aconteceria",
        "acontecesse"
      ],
      "ocorrencias": 27,
      "fonte": "Strong's H1961 (הָיָה/hayah)",
      "concordancias": [
        {
          "referencia": "Top 380",
          "texto": "posição; Palavras Relacionadas: (aconteça-17; aconte-"
        },
        {
          "referencia": "Gênesis 46.33",
          "texto": "Quando, pois, A. que Faraó vos chamar e"
        },
        {
          "referencia": "Gênesis 49.1",
          "texto": "o que vos há de Á. nos"
        },
        {
          "referencia": "Êxodo 2.4",
          "texto": "de longe, para saber o que lhe havia de A.."
        },
        {
          "referencia": "Êxodo 4.9",
          "texto": "e, se A. que ainda não creiam a estes dois"
        },
        {
          "referencia": "Êxodo 13.14",
          "texto": "Se À, que teu filho no tempo futuro te"
        },
        {
          "referencia": "Josué 3.13",
          "texto": "porque há de À, que, assim que as plantas dos"
        },
        {
          "referencia": "Isaías 7.18",
          "texto": "Porque há de Å. que, naquele dia, assobiará o"
        },
        {
          "referencia": "Isaías 11.11",
          "texto": "Porque há de A., naquele dia, que o Senhor"
        },
        {
          "referencia": "Isaías 41.22",
          "texto": "as coisas que hão de À.; anunciai-nos as"
        },
        {
          "referencia": "Daniel 8.19",
          "texto": "te farei caber o que há de Á. no último tempo"
        },
        {
          "referencia": "Daniel 10.14",
          "texto": "entender o que há de 4. ao teu povo nos"
        },
        {
          "referencia": "Zacarias 8.13",
          "texto": "E há de A., ó casa de Judá e ó casa de Israel,"
        },
        {
          "referencia": "Marcos 13.7",
          "texto": "perturbeis, porque assim deve A.; mas ainda"
        },
        {
          "referencia": "Lucas 21.7",
          "texto": "É que sinal haverá quando isso estiver para A.?"
        },
        {
          "referencia": "Lucas 21.28",
          "texto": "essas coisas começarem a Á., olhai para"
        },
        {
          "referencia": "Lucas 21.31",
          "texto": "também vós, quando virdes A. essas coisas,"
        },
        {
          "referencia": "Lucas 21.36",
          "texto": "todas essas coisas que hão de À. e de estar"
        },
        {
          "referencia": "Jó 13.19",
          "texto": "que aconteça, para que, quando A., acrediteis"
        },
        {
          "referencia": "Jó 14.29",
          "texto": "que aconteça, para que, quando Á., vós acrediteis."
        },
        {
          "referencia": "Atos 20.22",
          "texto": "Jerusalém, não sabendo o que lá me há de A.,"
        },
        {
          "referencia": "Atos 26.22",
          "texto": "que os profetas e Moisés disseram que devia Á.,"
        },
        {
          "referencia": "Atos 27.25",
          "texto": "creio em Deus que há de À, assim como a"
        },
        {
          "referencia": "Apocalipse 1.1",
          "texto": "coisas que brevemente devem 4.; e pelo seu"
        },
        {
          "referencia": "Apocalipse 1.19",
          "texto": "e as que são, e as que depois destas hão de A.:"
        },
        {
          "referencia": "Apocalipse 4.1",
          "texto": "as coisas que depois destas devem Á.."
        },
        {
          "referencia": "Apocalipse 22.6",
          "texto": "seus servos as coisas que em breve hão de A.."
        }
      ]
    },
    {
      "palavra": "acontecera",
      "veja tambem": [
        "acontecer"
      ],
      "ocorrencias": 8,
      "fonte": "Dicionário Bíblico; Strong",
      "concordancias": [
        {
          "referencia": "Josué 2.23",
          "texto": "de Num, e contaram-lhe tudo quanto lhes A.;"
        },
        {
          "referencia": "Mateus 8.33",
          "texto": "divulgaram tudo o que À. aos endemoninhados."
        },
        {
          "referencia": "Marcos 1.45",
          "texto": "coisas e a divulgar o que A.; de sorte que"
        },
        {
          "referencia": "Marcos 5.16",
          "texto": "visto contaram-lhes o que A, ao"
        },
        {
          "referencia": "Lucas 8.34",
          "texto": "os guardavam, vendo o que Á., fugiram e"
        },
        {
          "referencia": "Lucas 24.35",
          "texto": "lhes contaram o que lhes A. no caminho, e"
        },
        {
          "referencia": "Atos 3.10",
          "texto": "cheios de pasmo e assombro pelo que lhe A.."
        },
        {
          "referencia": "Atos 4.21",
          "texto": "porque todos glorificavam a Deus pelo que A.,"
        }
      ]
    },
    {
      "palavra": "aconteceram",
      "veja tambem": [
        "acontecer"
      ],
      "ocorrencias": 6,
      "fonte": "Dicionário Bíblico; Strong",
      "concordancias": [
        {
          "referencia": "1 Samuel 10.9",
          "texto": "outro; e todos aqueles sinais A. aquele"
        },
        {
          "referencia": "Isaías 51.19",
          "texto": "Essas duas coisas te A.; quem terá compaixão"
        },
        {
          "referencia": "Lucas 24.21",
          "texto": "hoje o terceiro dia desde que essas coisas Á.."
        },
        {
          "referencia": "Jó 1.28",
          "texto": "Essas coisas A. em Betânia, do outro lado do"
        },
        {
          "referencia": "Filipenses 1.12",
          "texto": "saibais que as coisas que me A. contribuíram"
        },
        {
          "referencia": "2 Timóteo 3.11",
          "texto": "e aflições tais quais me Á. em Antioquia,"
        }
      ]
    },
    {
      "palavra": "aconteceria",
      "veja tambem": [
        "acontecer"
      ],
      "ocorrencias": 1,
      "fonte": "Dicionário Bíblico; Strong",
      "concordancias": [
        {
          "referencia": "Jonas 45",
          "texto": "dela, à sombra, até ver o que A. à cidade."
        }
      ]
    },
    {
      "palavra": "acontecesse",
      "veja tambem": [],
      "ocorrencias": 2,
      "fonte": "Dicionário Bíblico; Strong",
      "concordancias": [
        {
          "referencia": "Isaías 48.5",
          "texto": "eto fiz ouvir antes que Á., para que não"
        },
        {
          "referencia": "1 Pedro 4.12",
          "texto": "vos tentar, como se coisa estranha vos A.;"
        }
      ]
    }
  ]
}