{
  "a": [
    {
      "palavra": "aconteceu",
      "veja tambem": [],
      "ocorrencias": 181,
      "fonte": "Strong's H1961 (הָיָה/hayah)",
      "concordancias": [
        {
          "referencia": "Gênesis 4.3",
          "texto": "E A., ao cabo de dias, que Caim trouxe do"
        },
        {
          "referencia": "Gênesis 6.1",
          "texto": "E Á, que, como os homens começaram a"
        },
        {
          "referencia": "Gênesis 7.10",
          "texto": "E À. que, passados sete dias, vieram sobre a"
        },
        {
          "referencia": "Gênesis 8.6",
          "texto": "EÁ. que, ao cabo de quarenta dias, abriu Noé"
        },
        {
          "referencia": "Gênesis 11.2",
          "texto": "E À, que, partindo eles do Oriente, acharam um"
        },
        {
          "referencia": "Gênesis 12.11",
          "texto": "EA. que, chegando ele para entrar no Egito,"
        },
        {
          "referencia": "Gênesis 12.14",
          "texto": "E A, que, entrando Abrão no Egito, viram os"
        },
        {
          "referencia": "Gênesis 19.17",
          "texto": "E À. que, tirando-os fora, disse: Escapa-te"
        },
        {
          "referencia": "Gênesis 19.29",
          "texto": "E À. que, destruindo Deus as cidades da"
        },
        {
          "referencia": "Gênesis 22.1",
          "texto": "E A., depois destas coisas, que tentou Deus a"
        },
        {
          "referencia": "Gênesis 24.22",
          "texto": "E À. que, acabando os camelos de beber, tomou"
        },
        {
          "referencia": "Gênesis 24.30",
          "texto": "E 4, que, quando ele viu o pendente e as"
        },
        {
          "referencia": "Gênesis 24.52",
          "texto": "E A. que o servo de Abraão, ouvindo as suas"
        },
        {
          "referencia": "Gênesis 25.11",
          "texto": "E A., depois da morte de Abraão, que Deus"
        },
        {
          "referencia": "Gênesis 26.8",
          "texto": "E Á. que, como ele esteve ali muito tempo,"
        },
        {
          "referencia": "Gênesis 26.32",
          "texto": "E A., naquele mesmo dia, que vieram os servos"
        },
        {
          "referencia": "Gênesis 27.1",
          "texto": "E À. que, como Isaque envelheceu, e os seus"
        },
        {
          "referencia": "Gênesis 27.30",
          "texto": "E À. que, acabando Isaque de abençoar a Jacó,"
        },
        {
          "referencia": "Gênesis 29.10",
          "texto": "E À. que, vendo Jacó a Raquel, filha de Labão,"
        },
        {
          "referencia": "Gênesis 29.13",
          "texto": "E Á. que, ouvindo Labão as novas de Jacó,"
        },
        {
          "referencia": "Gênesis 29.23",
          "texto": "E A., à tarde, que tomou Leia, sua filha, e"
        },
        {
          "referencia": "Gênesis 29.25",
          "texto": "E 4. pela manhã ver que era Leia; pelo que"
        },
        {
          "referencia": "Gênesis 30.25",
          "texto": "E À. que, quando Ra teve a José, disse"
        },
        {
          "referencia": "Gênesis 34.25",
          "texto": "E À, que, ao terceiro dia, quando estavam com"
        },
        {
          "referencia": "Gênesis 35.17",
          "texto": "E 4. que, tendo ela trabalho em seu parto, lhe"
        },
        {
          "referencia": "Gênesis 35.18",
          "texto": "E A. que, saindo-se-lhe a alma (porque"
        },
        {
          "referencia": "Gênesis 35.22",
          "texto": "E À, que, habitando Israel naquela terra, foi"
        },
        {
          "referencia": "Gênesis 37.23",
          "texto": "E 4, que, chegando José a seus irmãos, tiraram"
        },
        {
          "referencia": "Gênesis 38.1",
          "texto": "E A., no mesmo tempo, que Judá desceu de entre"
        },
        {
          "referencia": "Gênesis 38.9",
          "texto": "não havia de ser para ele; e À. que, quando"
        },
        {
          "referencia": "Gênesis 38.24",
          "texto": "E À. que, quase três meses depois, deram aviso"
        },
        {
          "referencia": "Gênesis 38.27",
          "texto": "E A., ao tempo de dar à luz, que havia gêmeos"
        },
        {
          "referencia": "Gênesis 38.28",
          "texto": "E A., dando à luz, que um pôs fora a mão, e a"
        },
        {
          "referencia": "Gênesis 38.29",
          "texto": "Mas A. que, tornando ele a recolher a sua mão,"
        },
        {
          "referencia": "Gênesis 39.5",
          "texto": "E À. que, desde que o pusera sobre a sua casa"
        },
        {
          "referencia": "Gênesis 39.7",
          "texto": "E Á., depois destas coisas, que a mulher de"
        },
        {
          "referencia": "Gênesis 39.10",
          "texto": "E Á. que, falando ela cada dia a José, e não"
        },
        {
          "referencia": "Gênesis 39.13",
          "texto": "E 4. que, vendo ela que deixara a sua veste em"
        },
        {
          "referencia": "Gênesis 39.15",
          "texto": "E À. que, ouvindo ele que eu levantava a minha"
        },
        {
          "referencia": "Gênesis 39.18",
          "texto": "E A. que, levantando eu a minha voz e"
        },
        {
          "referencia": "Gênesis 39.19",
          "texto": "E Á. que, ouvindo o seu senhor as palavras de"
        },
        {
          "referencia": "Gênesis 40.1",
          "texto": "E Á., depois destas coisas, que pecaram o"
        },
        {
          "referencia": "Gênesis 40.20",
          "texto": "E A., ao terceiro dia, o dia do nascimento de"
        },
        {
          "referencia": "Gênesis 41.1",
          "texto": "E À, que, ao fim de dois anos inteiros, Faraó"
        },
        {
          "referencia": "Gênesis 41.8",
          "texto": "E A. que, pela manhã, o seu espírito"
        },
        {
          "referencia": "Gênesis 42.29",
          "texto": "e contaram-lhe tudo o que lhes A., dizendo:"
        },
        {
          "referencia": "Gênesis 42.35",
          "texto": "E 4. que, despejando eles os seus sacos, eis"
        },
        {
          "referencia": "Gênesis 43.2",
          "texto": "E À, que, como acabaram de comer o mantimento"
        },
        {
          "referencia": "Gênesis 43.21",
          "texto": "e A. que, chegando nós à venda e abrindo os"
        },
        {
          "referencia": "Gênesis 44.24",
          "texto": "E A. que, subindo nós a teu servo, meu pai, e"
        },
        {
          "referencia": "Êxodo 1.21",
          "texto": "E A. que, como as parteiras temeram a Deus,"
        },
        {
          "referencia": "Êxodo 2.11",
          "texto": "E À. naqueles dias que, sendo Moisés já"
        },
        {
          "referencia": "Êxodo 2.23",
          "texto": "E A., depois de muitos destes dias, morrendo o"
        },
        {
          "referencia": "Êxodo 4.24",
          "texto": "E À. no caminho, numa estalagem, que o Senhor"
        },
        {
          "referencia": "Êxodo 6.28",
          "texto": "E A. que, naquele dia, quando o Senhor falou a"
        },
        {
          "referencia": "Êxodo 10.13",
          "texto": "dia e toda aquela noite; e A. que pela"
        },
        {
          "referencia": "Êxodo 12.41",
          "texto": "E À. que, passados os quatrocentos e trinta"
        },
        {
          "referencia": "Êxodo 12.51",
          "texto": "E Á., naquele mesmo dia, que o Senhor tirou os"
        },
        {
          "referencia": "Êxodo 13.17",
          "texto": "E 4. que, quando Faraó deixou ir o povo, Deus"
        },
        {
          "referencia": "Êxodo 16.10",
          "texto": "E À. que, quando falou Arão a toda a"
        },
        {
          "referencia": "Êxodo 16.13",
          "texto": "E À. que, à tarde, subiram codornizes e"
        },
        {
          "referencia": "Êxodo 16.22",
          "texto": "E À. que, ao sexto dia, colheram pão em dobro,"
        },
        {
          "referencia": "Êxodo 16.27",
          "texto": "E Á., ao sétimo dia, que alguns do povo saíram"
        },
        {
          "referencia": "Êxodo 18.13",
          "texto": "E 4. que, ao outro dia, Moisés assentou-se"
        },
        {
          "referencia": "Êxodo 19.16",
          "texto": "E Á. ao terceiro dia, ao amanhecer, que houve"
        },
        {
          "referencia": "Êxodo 32.19",
          "texto": "E A. que, chegando ele ao arraial e vendo o"
        },
        {
          "referencia": "Êxodo 32.30",
          "texto": "E A. que, no dia seguinte, Moisés disse ao"
        },
        {
          "referencia": "Êxodo 33.7",
          "texto": "a tenda da congregação; e À, que todo"
        },
        {
          "referencia": "Êxodo 33.8",
          "texto": "E 4. que, saindo Moisés à tenda, todo o povo"
        },
        {
          "referencia": "Êxodo 33.9",
          "texto": "E 4. que, entrando Moisés na tenda, descia a"
        },
        {
          "referencia": "Êxodo 34.29",
          "texto": "E A. que, descendo Moisés do monte Sinai (e"
        },
        {
          "referencia": "Êxodo 40.17",
          "texto": "E À. no mês primeiro, no ano segundo, ao"
        },
        {
          "referencia": "Números 7.1",
          "texto": "E Á., no dia em que Moisés acabou de levantar"
        },
        {
          "referencia": "Números 10.11",
          "texto": "E A., no segundo ano, no segundo mês, aos"
        },
        {
          "referencia": "Números 11.1",
          "texto": "E Á. que, queixando-se o povo, era mal aos"
        },
        {
          "referencia": "Números 11.25",
          "texto": "aqueles setenta anciãos; e À. que, quando"
        },
        {
          "referencia": "Números 16.31",
          "texto": "E Á. que, acabando ele de falar todas estas"
        },
        {
          "referencia": "Números 16.42",
          "texto": "E 4. que, ajuntando-se a congregação contra"
        },
        {
          "referencia": "Números 26.1",
          "texto": "Á., pois, que, depois daquela praga, falou o"
        },
        {
          "referencia": "Deuteronômio 31.24",
          "texto": "E À. que, acabando Moisés de escrever as"
        },
        {
          "referencia": "Josué 2.5",
          "texto": "E Á, que, havendo-se de fechar a porta, sendo"
        },
        {
          "referencia": "Josué 3.14",
          "texto": "E À, que, partindo o povo das suas tendas,"
        },
        {
          "referencia": "Josué 4.18",
          "texto": "E Á. que, como os sacerdotes que levavam a"
        },
        {
          "referencia": "Josué 5.8",
          "texto": "E A. que, acabando de circuncidar toda a"
        },
        {
          "referencia": "Juízes 11.4",
          "texto": "E A. que, depois de alguns dias, os filhos de"
        },
        {
          "referencia": "Juízes 11.5",
          "texto": "Á., pois, que, como os filhos de Amom"
        },
        {
          "referencia": "Juízes 11.35",
          "texto": "E Á. que, quando a viu, rasgou as suas vestes"
        },
        {
          "referencia": "Juízes 15.1",
          "texto": "E Á., depois de alguns dias, que na sega do"
        },
        {
          "referencia": "Juízes 15.17",
          "texto": "E À. que, acabando ele de falar, lançou a"
        },
        {
          "referencia": "Juízes 16.4",
          "texto": "E, depois disto, À. que se afeiçoou a uma"
        },
        {
          "referencia": "Juízes 19.1",
          "texto": "A. também, naqueles dias em que não havia rei"
        },
        {
          "referencia": "1 Samuel 10.11",
          "texto": "E Á. que, como todos os que dantes o conheciam"
        },
        {
          "referencia": "1 Samuel 18.10",
          "texto": "E A., ao outro dia, que o mau espírito, da"
        },
        {
          "referencia": "1 Samuel 20.35",
          "texto": "E A., pela manhã, que Jônatas saiu ao campo,"
        },
        {
          "referencia": "1 Samuel 25.38",
          "texto": "E À. que, passados quase dez dias, feriu o"
        },
        {
          "referencia": "2 Samuel 10.1",
          "texto": "E Á., depois disso, que morreu o rei dos"
        },
        {
          "referencia": "2 Samuel 11.1",
          "texto": "E Á, que, tendo decorrido um ano, no tempo em"
        },
        {
          "referencia": "2 Samuel 11.16",
          "texto": "Á., pois, que, tendo Joabe observado bem a"
        },
        {
          "referencia": "2 Samuel 13.1",
          "texto": "E A., depois disso, que, tendo Absalão, filho"
        },
        {
          "referencia": "2 Samuel 13.23",
          "texto": "E 4. que, passados dois anos inteiros, Absalão"
        },
        {
          "referencia": "2 Samuel 13.30",
          "texto": "E 4. que, estando eles ainda no caminho, veio"
        },
        {
          "referencia": "2 Samuel 13.36",
          "texto": "E À. que, quando acabou de falar, os filhos do"
        },
        {
          "referencia": "2 Samuel 15.1",
          "texto": "E Á., depois disso, que Absalão fez aparelhar"
        },
        {
          "referencia": "2 Samuel 15.7",
          "texto": "E Á., pois, ao cabo de quarenta anos, que"
        },
        {
          "referencia": "2 Samuel 15.32",
          "texto": "E À. que, chegando Davi ao cume, para adorar"
        },
        {
          "referencia": "2 Samuel 21.18",
          "texto": "E Á., depois disso, que houve em Gobe ainda"
        },
        {
          "referencia": "1 Reis 5.7",
          "texto": "E A. que, ouvindo Hirão as palavras de"
        },
        {
          "referencia": "2 Reis 19.1",
          "texto": "E À. que Ezequias, tendo-o ouvido, rasgou as"
        },
        {
          "referencia": "1 Crônicas 18.1",
          "texto": "E, depois disso, À. que Davi feriu os"
        },
        {
          "referencia": "1 Crônicas 19.1",
          "texto": "E A., depois disso, que Naás, rei dos filhos"
        },
        {
          "referencia": "1 Crônicas 20.1",
          "texto": "A., pois, que, no decurso de um ano, no tempo"
        },
        {
          "referencia": "1 Crônicas 20.4",
          "texto": "E, depois disso, À. que, levantando-se guerra"
        },
        {
          "referencia": "Jó 3.25",
          "texto": "o que eu temia me veio, e o que receava me Å.."
        },
        {
          "referencia": "Isaías 36.1",
          "texto": "E A., no ano décimo quarto do rei Ezequias,"
        },
        {
          "referencia": "Isaías 37.1",
          "texto": "E À. que, tendo ouvido isso o rei Ezequias,"
        },
        {
          "referencia": "Jeremias 41.13",
          "texto": "E À. que, vendo todo o povo que estava com"
        },
        {
          "referencia": "Ezequiel 11.13",
          "texto": "E Á. que, profetizando eu, morreu Pelatias,"
        },
        {
          "referencia": "Ezequiel 20.1",
          "texto": "E Á., no sétimo ano, no mês quinto, aos dez do"
        },
        {
          "referencia": "Daniel 8.15",
          "texto": "E A. que, havendo eu, Daniel, visto a visão,"
        },
        {
          "referencia": "Daniel 9.12",
          "texto": "nunca debaixo de todo o céu A. como em Jerusalém."
        },
        {
          "referencia": "Zacarias 7.1",
          "texto": "Á., pois, no ano quarto do rei Dario, que a"
        },
        {
          "referencia": "Mateus 1.22",
          "texto": "Tudo isso À, para que se cumprisse o que foi"
        },
        {
          "referencia": "Mateus 7.28",
          "texto": "EÁ. que, concluindo Jesus este discurso, a"
        },
        {
          "referencia": "Mateus 9.10",
          "texto": "E A. que, estando ele em casa sentado à mesa,"
        },
        {
          "referencia": "Mateus 11.1",
          "texto": "E À. que, acabando Jesus de dar instruções aos"
        },
        {
          "referencia": "Mateus 13.53",
          "texto": "E À. que Jesus, concluindo essas parábolas, se"
        },
        {
          "referencia": "Mateus 19.1",
          "texto": "E A. que, concluindo Jesus esses discursos,"
        },
        {
          "referencia": "Mateus 21.4",
          "texto": "Ora, tudo isso À. para que se cumprisse o que"
        },
        {
          "referencia": "Mateus 26.1",
          "texto": "E À. que, quando Jesus concluiu todos esses"
        },
        {
          "referencia": "Mateus 26.56",
          "texto": "Mas tudo isso À, para que se cumpram as"
        },
        {
          "referencia": "Marcos 2.15",
          "texto": "E A. que, estando sentado à mesa em casa"
        },
        {
          "referencia": "Marcos 2.23",
          "texto": "E À, que, passando ele num sábado pelas"
        },
        {
          "referencia": "Marcos 4.4",
          "texto": "E À. que, semeando ele, uma parte da semente"
        },
        {
          "referencia": "Lucas 1.8",
          "texto": "E 4. que, exercendo ele o sacerdócio diante de"
        },
        {
          "referencia": "Lucas 2.6",
          "texto": "E À. que, estando eles ali, se cumpriram os"
        },
        {
          "referencia": "Lucas 2.15",
          "texto": "E À. que, ausentando-se deles os anjos para o"
        },
        {
          "referencia": "Lucas 2.15",
          "texto": "até Belém e vejamos isso que Á. e que o"
        },
        {
          "referencia": "Lucas 3.21",
          "texto": "E À. que, como todo o povo se batizava, sendo"
        },
        {
          "referencia": "Lucas 5.1",
          "texto": "E A. que, apertando-o a multidão para ouvir a"
        },
        {
          "referencia": "Lucas 5.17",
          "texto": "E À, que, em um daqueles dias, estava"
        },
        {
          "referencia": "Lucas 6.1",
          "texto": "E A. que, num sábado, passou pelas searas, e"
        },
        {
          "referencia": "Lucas 6.6",
          "texto": "E A. também, em outro sábado, que entrou na"
        },
        {
          "referencia": "Lucas 6.12",
          "texto": "E À, que, naqueles dias, subiu ao monte a orar"
        },
        {
          "referencia": "Lucas 7.11",
          "texto": "E A., pouco depois, ir ele à cidade chamada"
        },
        {
          "referencia": "Lucas 8.1",
          "texto": "E A., depois disso, que andava de cidade em"
        },
        {
          "referencia": "Lucas 8.22",
          "texto": "E Á. que, num daqueles dias, entrou num barco"
        },
        {
          "referencia": "Lucas 9.18",
          "texto": "E A. que, estando ele orando em particular,"
        },
        {
          "referencia": "Lucas 9.28",
          "texto": "E À, que, quase oito dias depois dessas"
        },
        {
          "referencia": "Lucas 9.37",
          "texto": "E Á., no dia seguinte, que, descendo eles do"
        },
        {
          "referencia": "Lucas 9.51",
          "texto": "E A. que, completando-se os dias para a sua"
        },
        {
          "referencia": "Lucas 9.57",
          "texto": "E À. que, indo eles pelo caminho, the disse"
        },
        {
          "referencia": "Lucas 10.38",
          "texto": "E A. que, indo eles de caminho, entrou numa"
        },
        {
          "referencia": "Lucas 11.14",
          "texto": "demônio, o qual era mudo. E À. que, saindo o"
        },
        {
          "referencia": "Lucas 11.27",
          "texto": "E À. que, dizendo ele essas coisas, uma mulher"
        },
        {
          "referencia": "Lucas 141",
          "texto": "A., num sábado, que, entrando ele em casa de"
        },
        {
          "referencia": "Lucas 16.22",
          "texto": "E À, que o mendigo morreu e foi levado pelos"
        },
        {
          "referencia": "Lucas 17.11",
          "texto": "E À. que, indo ele a Jerusalém, passou pelo"
        },
        {
          "referencia": "Lucas 17.14",
          "texto": "mostrai-vos aos sacerdotes. E À. que, indo"
        },
        {
          "referencia": "Lucas 17.26",
          "texto": "E, como À. nos dias de Noé, assim será também"
        },
        {
          "referencia": "Lucas 17.28",
          "texto": "também da mesma maneira Å. nos dias de Ló:"
        },
        {
          "referencia": "Lucas 18.35",
          "texto": "E A. que, chegando ele perto de Jericó, estava"
        },
        {
          "referencia": "Lucas 19.15",
          "texto": "E À. que, voltando ele, depois de ter tomado o"
        },
        {
          "referencia": "Lucas 19.29",
          "texto": "E A. que, chegando perto de Betfagé e de"
        },
        {
          "referencia": "Lucas 20.1",
          "texto": "E A., num daqueles dias, que, estando ele"
        },
        {
          "referencia": "Lucas 24.4",
          "texto": "E À, que, estando elas perplexas a esse"
        },
        {
          "referencia": "Lucas 24.15",
          "texto": "E À. que, indo eles falando entre si e fazendo"
        },
        {
          "referencia": "Lucas 24.30",
          "texto": "E A. que, estando com eles à mesa, tomando o"
        },
        {
          "referencia": "Lucas 24.51",
          "texto": "E Á. que, abençoando-os ele, se apartou deles"
        },
        {
          "referencia": "Jó 19.36",
          "texto": "Porque isso Á. para que se cumprisse a"
        },
        {
          "referencia": "Atos 7.40",
          "texto": "da terra do Egito, não sabemos o que lhe A.."
        },
        {
          "referencia": "Atos 9.3",
          "texto": "E, indo no caminho, À. que, chegando perto de"
        },
        {
          "referencia": "Atos 9.32",
          "texto": "E À. que, passando Pedro por toda parte, veio"
        },
        {
          "referencia": "Atos 10.16",
          "texto": "E À, isto por três vezes; e o vaso tornou a"
        },
        {
          "referencia": "Atos 10.25",
          "texto": "E À. que, entrando Pedro, saiu Cornélio a"
        },
        {
          "referencia": "Atos 11.28",
          "texto": "fome em todo o mundo, e isso A. no tempo"
        },
        {
          "referencia": "Atos 14.1",
          "texto": "E À, que, em Icônio, entraram juntos na"
        },
        {
          "referencia": "Atos 21.1",
          "texto": "E À, que, separando-nos deles, navegamos e"
        },
        {
          "referencia": "Atos 22.6",
          "texto": "Ora, À. que, indo eu já de caminho e chegando"
        },
        {
          "referencia": "Atos 22.17",
          "texto": "E À, que, tornando eu para Jerusalém, quando"
        },
        {
          "referencia": "Atos 27.44",
          "texto": "em coisas do navio. E assim À, que todos"
        },
        {
          "referencia": "Atos 28.8",
          "texto": "A. estar de cama enfermo de febres e"
        },
        {
          "referencia": "Atos 28.17",
          "texto": "E À, que, três dias depois, Paulo convocou os"
        }
      ]
    }
  ]
}