{
  "a": [
    {
      "palavra": "abençoar",
      "veja tambem": [
        "abençoar"
      ],
      "ocorrencias": 12,
      "fonte": "Strong's H1288 (בָּרַךְ/barak)",
      "concordancias": [
        {
          "referencia": "Gênesis 17.16",
          "texto": "Porque eu a hei de 4. e te hei de dar a ti dela"
        },
        {
          "referencia": "Gênesis 27.30",
          "texto": "que, acabando Isaque de À, a Jacó, apenas"
        },
        {
          "referencia": "Números 23.20",
          "texto": "Eis que recebi mandado de A.; pois ele tem"
        },
        {
          "referencia": "Deuteronômio 10.8",
          "texto": "Senhor, para o servir e para A. em seu nome"
        },
        {
          "referencia": "Deuteronômio 12.7",
          "texto": "e as vossas casas, no que te 4. o Senhor,"
        },
        {
          "referencia": "Deuteronômio 16.15",
          "texto": "o Senhor, teu Deus, te há de A. em toda a"
        },
        {
          "referencia": "Josué 8.33",
          "texto": "servo do Senhor, ordenara, para A."
        },
        {
          "referencia": "2 Samuel 6.20",
          "texto": "E, voltando Davi para Á. a sua casa, Mical,"
        },
        {
          "referencia": "2 Samuel 7.29",
          "texto": "Sê, pois, agora servido de Á. a casa de teu"
        },
        {
          "referencia": "1 Reis 1.47",
          "texto": "os servos do rei vieram Å. nosso senhor, o"
        },
        {
          "referencia": "1 Crônicas 16.43",
          "texto": "a sua casa; e tornou Davi, para À. a sua casa."
        },
        {
          "referencia": "1 Crônicas 18.10",
          "texto": "como estava, e para o A., por haver"
        }
      ]
    },
    {
      "palavra": "abençoar-te-á",
      "veja tambem": [
        "abençoar"
      ],
      "ocorrencias": 1,
      "fonte": "",
      "concordancias": [
        {
          "referencia": "Deuteronômio 7.13",
          "texto": "e amar-te-á,e Á., ete fará multiplicar,"
        }
      ]
    },
    {
      "palavra": "abençoar-te-ei",
      "veja tambem": [
        "abençoar"
      ],
      "ocorrencias": 1,
      "fonte": "",
      "concordancias": [
        {
          "referencia": "Gênesis 12.2",
          "texto": "uma grande nação, e Á., e"
        }
      ]
    },
    {
      "palavra": "abençoara",
      "veja tambem": [],
      "ocorrencias": 1,
      "fonte": "",
      "concordancias": [
        {
          "referencia": "Gênesis 28.6",
          "texto": "Vendo, pois, Esaú que Isaque A. a Jacó, e o"
        }
      ]
    },
    {
      "palavra": "abençoará",
      "veja tambem": [
        "abençoar"
      ],
      "ocorrencias": 19,
      "fonte": "",
      "concordancias": [
        {
          "referencia": "Top 388",
          "texto": "posição;"
        },
        {
          "referencia": "Gênesis 48.20",
          "texto": "dia, dizendo: Em ti Israel A., dizendo:"
        },
        {
          "referencia": "Gênesis 49.25",
          "texto": "pelo Todo-Poderoso, o qual te A. com bênçãos"
        },
        {
          "referencia": "Êxodo 23.25",
          "texto": "ao Senhor, vosso Deus, e ele À. o vosso pão e"
        },
        {
          "referencia": "Deuteronômio 7.13",
          "texto": "ete fará multiplicar, e Á. o fruto do"
        },
        {
          "referencia": "Deuteronômio 15.4",
          "texto": "o Senhor abundantemente te À. na terra que o"
        },
        {
          "referencia": "Deuteronômio 15.6",
          "texto": "o Senhor, teu Deus, te A., como te tem"
        },
        {
          "referencia": "Deuteronômio 15.10",
          "texto": "deres; pois por esta causa te À. o Senhor, teu"
        },
        {
          "referencia": "Deuteronômio 15.18",
          "texto": "assim, o Senhor, teu Deus, te A. em tudo o"
        },
        {
          "referencia": "Deuteronômio 28.8",
          "texto": "que puseres a tua mão; e te À. na terra que te"
        },
        {
          "referencia": "S129.11",
          "texto": "Prea ao seu povo; o Senhor À. o seu povo com paz."
        },
        {
          "referencia": "Salmos 67.6",
          "texto": "dará o seu fruto; e Deus, o nosso Deus, nos A.."
        },
        {
          "referencia": "S167.7",
          "texto": "Deus nos A., e todas as extremidades da terra"
        },
        {
          "referencia": "S1115.12",
          "texto": "que se lembrou de nós, A.; A. a"
        },
        {
          "referencia": "S1115.12",
          "texto": "A. a casa de Israel; A. a casa de Arão."
        },
        {
          "referencia": "Salmos 11913",
          "texto": "Á. os que temem ao Senhor, tanto pequenos como"
        },
        {
          "referencia": "a 128.5",
          "texto": "O Senhor te 4. desde Sião, e tu verás o bem de"
        },
        {
          "referencia": "Provérbios 3.33",
          "texto": "do ímpio, mas a habitação dos justos ele A.."
        },
        {
          "referencia": "Isaías 19.25",
          "texto": "o Senhor dos Exércitos os A., dizendo:"
        }
      ]
    },
    {
      "palavra": "abençoaram",
      "veja tambem": [
        "abençoar"
      ],
      "ocorrencias": 5,
      "fonte": "",
      "concordancias": [
        {
          "referencia": "Gênesis 24.60",
          "texto": "E À, Rebeca e disseram-lhe: Ô nossa irmã,"
        },
        {
          "referencia": "Levítico 9.23",
          "texto": "congregação; depois, saíram e À. o povo; e a"
        },
        {
          "referencia": "1 Reis 8.66",
          "texto": "dia, despediu o povo, e eles Å. o rei;"
        },
        {
          "referencia": "2 Crônicas 30.27",
          "texto": "os levitas se levantaram e À. o povo; e a"
        },
        {
          "referencia": "Jó 31.20",
          "texto": "se os seus lombos me não Å., se ele não se"
        }
      ]
    },
    {
      "palavra": "abençoarás",
      "veja tambem": [],
      "ocorrencias": 2,
      "fonte": "",
      "concordancias": [
        {
          "referencia": "Números 23.25",
          "texto": "totalmente o amaldiçoarás, nem totalmente o A.."
        },
        {
          "referencia": "S15.12",
          "texto": "Pois tu, Senhor, A. ao justo; circundá-lo-ás"
        }
      ]
    },
    {
      "palavra": "abençoarei",
      "veja tambem": [
        "abençoar"
      ],
      "ocorrencias": 8,
      "fonte": "",
      "concordancias": [
        {
          "referencia": "Gênesis 17.16",
          "texto": "dar a ti dela um filho; ea A., eserá mãe"
        },
        {
          "referencia": "Gênesis 22.17",
          "texto": "que deveras te A. e grandissimamente"
        },
        {
          "referencia": "Gênesis 26.3",
          "texto": "terra, e serei contigo e te A.; porque atie"
        },
        {
          "referencia": "Êxodo 20.24",
          "texto": "a memória do meu nome, virei a ti e te A.."
        },
        {
          "referencia": "Números 6.27",
          "texto": "meu nome sobre os filhos de Israel, e eu os A.."
        },
        {
          "referencia": "Salmos 132.15",
          "texto": "A. abundantemente o seu mantimento; fartarei"
        },
        {
          "referencia": "Ageu 2.19",
          "texto": "dado os seus frutos; mas desde este dia vos Á.."
        },
        {
          "referencia": "Hebreus 6.14",
          "texto": "Certamente, abençoando, te A. e,"
        }
      ]
    },
    {
      "palavra": "aconteceu-lhe",
      "veja tambem": [],
      "ocorrencias": 1,
      "fonte": "",
      "concordancias": [
        {
          "referencia": "1 Samuel 20.26",
          "texto": "disse Saul nada, porque dizia: À. alguma"
        }
      ]
    },
    {
      "palavra": "acontecia",
      "veja tambem": [
        "acontecer"
      ],
      "ocorrencias": 1,
      "fonte": "",
      "concordancias": [
        {
          "referencia": "Mateus 18.31",
          "texto": "os seus conservos o que À.,"
        }
      ]
    },
    {
      "palavra": "acontecido",
      "veja tambem": [
        "acontecer"
      ],
      "ocorrencias": 8,
      "fonte": "",
      "concordancias": [
        {
          "referencia": "Mateus 28.11",
          "texto": "dos sacerdotes todas as coisas que haviam A.."
        },
        {
          "referencia": "Marcos 5.14",
          "texto": "muitos a ver o que era aquilo que tinha A.."
        },
        {
          "referencia": "Marcos 5.33",
          "texto": "que sabia o que lhe tinha A., temendo e"
        },
        {
          "referencia": "Lucas 8.35",
          "texto": "E saíram a ver o que tinha A. e vieram ter"
        },
        {
          "referencia": "Lucas 23.47",
          "texto": "vendo o que tinha A., deu glória a"
        },
        {
          "referencia": "Lucas 23.48",
          "texto": "vendo o que havia A., voltava"
        },
        {
          "referencia": "Atos 5.7",
          "texto": "também sua mulher, não sabendo o que havia A.."
        },
        {
          "referencia": "Atos 13.12",
          "texto": "procônsul, vendo o que havia A., creu,"
        }
      ]
    },
    {
      "palavra": "acor",
      "veja tambem": [],
      "ocorrencias": 5,
      "fonte": "",
      "concordancias": [
        {
          "referencia": "Josué 7.24",
          "texto": "e a tudo quanto tinha e levaram-nos ao vale de A.."
        },
        {
          "referencia": "Josué 7.26",
          "texto": "nome daquele lugar o vale de A., até ao dia de hoje."
        },
        {
          "referencia": "Josué 15.7",
          "texto": "a Debir, desde o vale de A., e olhará pelo norte"
        },
        {
          "referencia": "Isaías 65.10",
          "texto": "de ovelhas, e o vale de A., de lugar de repouso"
        },
        {
          "referencia": "Oséias 2.15",
          "texto": "vinhas dali e o vale de A., por porta de"
        }
      ]
    },
    {
      "palavra": "acorda",
      "veja tambem": [],
      "ocorrencias": 3,
      "fonte": "",
      "concordancias": [
        {
          "referencia": "SI 35.23",
          "texto": "desperta e Á. para o meu julgamento, para a minha"
        },
        {
          "referencia": "S173.20",
          "texto": "faz com um sonho o que Á., assim, ó Senhor,"
        },
        {
          "referencia": "Habacuque 2.19",
          "texto": "Ai daquele que diz ao pau: A.! E à pedra muda:"
        }
      ]
    },
    {
      "palavra": "acordado",
      "veja tambem": [
        "acordar"
      ],
      "ocorrencias": 1,
      "fonte": "",
      "concordancias": [
        {
          "referencia": "Gênesis 28.16",
          "texto": "Á., pois, Jacó do seu sono, disse: Na verdade o"
        }
      ]
    },
    {
      "palavra": "acordando",
      "veja tambem": [],
      "ocorrencias": 3,
      "fonte": "",
      "concordancias": [
        {
          "referencia": "Isaías 29.8",
          "texto": "sonha que está comendo, mas, Á., sente a sua"
        },
        {
          "referencia": "Isaías 29.8",
          "texto": "que sonha que está bebendo, mas, Á., eis que"
        },
        {
          "referencia": "Atos 16.27",
          "texto": "A. o carcereiro e vendo abertas as portas da"
        }
      ]
    },
    {
      "palavra": "acordar",
      "veja tambem": [],
      "ocorrencias": 2,
      "fonte": "",
      "concordancias": [
        {
          "referencia": "Top 406",
          "texto": "posição; Palavras Relacionadas: (acorda-4; Acordado-1;"
        },
        {
          "referencia": "Salmos 17.15",
          "texto": "eu me satisfarei da tua semelhança quando A.."
        }
      ]
    },
    {
      "palavra": "acordará",
      "veja tambem": [
        "acordar"
      ],
      "ocorrencias": 1,
      "fonte": "",
      "concordancias": [
        {
          "referencia": "Jó 14.12",
          "texto": "que não haja mais céus, não Á., nem se erguerá"
        }
      ]
    },
    {
      "palavra": "acordares",
      "veja tambem": [],
      "ocorrencias": 2,
      "fonte": "",
      "concordancias": [
        {
          "referencia": "S173.20",
          "texto": "assim, ó Senhor, quando Á., desprezarás"
        },
        {
          "referencia": "Provérbios 6.22",
          "texto": "deitares, te guardará; quando Á., falará contigo."
        }
      ]
    },
    {
      "palavra": "acordasse",
      "veja tambem": [
        "acordar"
      ],
      "ocorrencias": 1,
      "fonte": "",
      "concordancias": [
        {
          "referencia": "1 Samuel 26.12",
          "texto": "nem que o advertisse, nem que Á.; porque"
        }
      ]
    },
    {
      "palavra": "acordei",
      "veja tambem": [
        "acor-"
      ],
      "ocorrencias": 2,
      "fonte": "",
      "concordancias": [
        {
          "referencia": "Gênesis 41.21",
          "texto": "seu aspecto era feio como no princípio. Então, A.."
        },
        {
          "referencia": "S13.5",
          "texto": "Eu me deitei e dormi; A., porque o Senhor me sustentou."
        }
      ]
    },
    {
      "palavra": "acordeis",
      "veja tambem": [],
      "ocorrencias": 3,
      "fonte": "",
      "concordancias": [
        {
          "referencia": "Cânticos 2.7",
          "texto": "e cervas do campo, que não A, nem desperteis"
        },
        {
          "referencia": "Cânticos 3.5",
          "texto": "e cervas do campo, que não A. nem desperteis"
        },
        {
          "referencia": "Cânticos 8.4",
          "texto": "filhas de Jerusalém, que não A. nem desperteis"
        }
      ]
    },
    {
      "palavra": "acordo",
      "veja tambem": [
        "acordar"
      ],
      "ocorrencias": 6,
      "fonte": "",
      "concordancias": [
        {
          "referencia": "Josué 9.2",
          "texto": "se ajuntaram eles de comum A., para pelejar"
        },
        {
          "referencia": "S1139.18",
          "texto": "do que a areia; quando 4., ainda estou contigo."
        },
        {
          "referencia": "Eclesiastes 10.4",
          "texto": "deixes o teu lugar, porque o À. é um remédio que"
        },
        {
          "referencia": "Jeremias 5.5",
          "texto": "seu Deus; mas estes, de comum Á., quebraram o"
        },
        {
          "referencia": "Amós 3.3",
          "texto": "Andarão dois juntos, se não estiverem de A.?"
        },
        {
          "referencia": "Atos 12.20",
          "texto": "mas estes, vindo de comum Á, ter com ele e"
        }
      ]
    },
    {
      "palavra": "acordou",
      "veja tambem": [],
      "ocorrencias": 3,
      "fonte": "",
      "concordancias": [
        {
          "referencia": "Gênesis 414",
          "texto": "vacas formosas à vista e gordas. Então, A. Faraó."
        },
        {
          "referencia": "Gênesis 41.7",
          "texto": "grandes e cheias. Então, A. Faraó, e eis que"
        },
        {
          "referencia": "1 Reis 3.15",
          "texto": "É 4. Salomão, e eis que era sonho. E veio a"
        }
      ]
    },
    {
      "palavra": "acorrem",
      "veja tambem": [],
      "ocorrencias": 1,
      "fonte": "",
      "concordancias": [
        {
          "referencia": "S194.21",
          "texto": "Á. em tropel contra a vida do justo e condenam o"
        }
      ]
    },
    {
      "palavra": "acostumada",
      "veja tambem": [],
      "ocorrencias": 2,
      "fonte": "",
      "concordancias": [
        {
          "referencia": "Provérbios 30.8",
          "texto": "a riqueza; mantém-me do pão da minha porção A.;"
        },
        {
          "referencia": "Jeremias 2.24",
          "texto": "jumenta montês, À, ao deserto e que, conforme"
        }
      ]
    },
    {
      "palavra": "açougue",
      "veja tambem": [],
      "ocorrencias": 1,
      "fonte": "",
      "concordancias": [
        {
          "referencia": "1 Coríntios 10.25",
          "texto": "de tudo quanto se vende no Á., sem perguntar"
        }
      ]
    },
    {
      "palavra": "acrabim",
      "veja tambem": [],
      "ocorrencias": 3,
      "fonte": "",
      "concordancias": [
        {
          "referencia": "Números 34.4",
          "texto": "do sul para a subida de 4. e passará até Zim;"
        },
        {
          "referencia": "Josué 15.3",
          "texto": "para o sul, até à subida de A., e passa a Zim, e"
        },
        {
          "referencia": "Juízes 1.36",
          "texto": "amorreus desde a subida de A., e desde a penha,"
        }
      ]
    },
    {
      "palavra": "acreditava",
      "veja tambem": [
        "acreditar"
      ],
      "ocorrencias": 1,
      "fonte": "",
      "concordancias": [
        {
          "referencia": "Gênesis 45.26",
          "texto": "E o seu coração desmaiou, porque não os Á.."
        }
      ]
    }
  ]
}