{
  "a": [
    {
      "palavra": "acrediteis",
      "veja tambem": [],
      "ocorrencias": 7,
      "fonte": "",
      "concordancias": [
        {
          "referencia": "Mateus 24.26",
          "texto": "Eis que ele está no interior da casa, não A."
        },
        {
          "referencia": "Marcos 13.21",
          "texto": "Eis aqui o Cristo, ou: Ei-lo ali, não A.."
        },
        {
          "referencia": "Jó 10.37",
          "texto": "Se não faço as obras de meu Pai, não me Á.."
        },
        {
          "referencia": "Jó 10.38",
          "texto": "obras, para que conheçais e A. que o Pai"
        },
        {
          "referencia": "Jó 11.15",
          "texto": "eu lá não estivesse, para que A.. Mas vamos"
        },
        {
          "referencia": "Jó 13.19",
          "texto": "para que, quando acontecer, A, que eu sou."
        },
        {
          "referencia": "Jó 14.29",
          "texto": "aconteça, para que, quando acontecer, vós Á.."
        }
      ]
    },
    {
      "palavra": "acreditemos",
      "veja tambem": [
        "acreditar"
      ],
      "ocorrencias": 1,
      "fonte": "Strong's G4100 (πιστεύω/pisteuō)",
      "concordancias": [
        {
          "referencia": "Marcos 15.32",
          "texto": "da cruz, para que o vejamos e AÅ.. Também os"
        }
      ]
    },
    {
      "palavra": "acremente",
      "veja tambem": [],
      "ocorrencias": 1,
      "fonte": "",
      "concordancias": [
        {
          "referencia": "Juízes 5.23",
          "texto": "Meroz, diz o Anjo do Senhor; A, amaldiçoai os"
        }
      ]
    },
    {
      "palavra": "acrescenta",
      "veja tambem": [
        "acrescentar"
      ],
      "ocorrencias": 7,
      "fonte": "",
      "concordancias": [
        {
          "referencia": "Jó 34.37",
          "texto": "Porque ao seu pecado Á. a transgressão; entre"
        },
        {
          "referencia": "S169.27",
          "texto": "A, iniquidade à iniquidade deles, e não"
        },
        {
          "referencia": "Provérbios 10.22",
          "texto": "do Senhor é que enriquece, e ele não A. dores."
        },
        {
          "referencia": "Provérbios 11.24",
          "texto": "espalham, e ainda se lhes A. mais; e"
        },
        {
          "referencia": "Provérbios 16.23",
          "texto": "sábio instrui a sua boca e Á. doutrina aos"
        },
        {
          "referencia": "Gálatas 3.15",
          "texto": "ninguém o anula nem lhe 4. alguma coisa."
        },
        {
          "referencia": "Hebreus 10.16",
          "texto": "e as escreverei em seus entendimentos, A.:"
        }
      ]
    },
    {
      "palavra": "acrescenta-nos",
      "veja tambem": [
        "acrescentar"
      ],
      "ocorrencias": 1,
      "fonte": "",
      "concordancias": [
        {
          "referencia": "Lucas 17.5",
          "texto": "então, os apóstolos ao Senhor: À, a fé."
        }
      ]
    },
    {
      "palavra": "acrescentada",
      "veja tambem": [
        "acrescentar"
      ],
      "ocorrencias": 2,
      "fonte": "",
      "concordancias": [
        {
          "referencia": "Números 36.3",
          "texto": "da herança de nossos pais e Á. à herança"
        },
        {
          "referencia": "Marcos 4.24",
          "texto": "vos medirão a vós, e ser-vos-á ainda Á.."
        }
      ]
    },
    {
      "palavra": "acrescentadas",
      "veja tambem": [],
      "ocorrencias": 2,
      "fonte": "",
      "concordancias": [
        {
          "referencia": "Mateus 6.33",
          "texto": "justiça, e todas essas coisas vos serão Á.."
        },
        {
          "referencia": "Lucas 12.31",
          "texto": "de Deus, e todas essas coisas vos serão Á.."
        }
      ]
    },
    {
      "palavra": "acrescentado",
      "veja tambem": [],
      "ocorrencias": 1,
      "fonte": "",
      "concordancias": [
        {
          "referencia": "1 Samuel 12.19",
          "texto": "todos os nossos pecados temos Á. este mal,"
        }
      ]
    },
    {
      "palavra": "acrescentai",
      "veja tambem": [
        "acrescentar"
      ],
      "ocorrencias": 2,
      "fonte": "",
      "concordancias": [
        {
          "referencia": "Isaías 29.1",
          "texto": "Davi assentou o seu arraial! A. ano a ano,"
        },
        {
          "referencia": "2 Pedro 1.5",
          "texto": "mesmo toda a diligência, A. à vossa fé a"
        }
      ]
    },
    {
      "palavra": "acrescentais",
      "veja tambem": [
        "acrescentar"
      ],
      "ocorrencias": 1,
      "fonte": "",
      "concordancias": [
        {
          "referencia": "Neemias 13.18",
          "texto": "esta cidade? E vós ainda mais A. o ardor de"
        }
      ]
    },
    {
      "palavra": "acrescentar",
      "veja tambem": [],
      "ocorrencias": 9,
      "fonte": "",
      "concordancias": [
        {
          "referencia": "Números 32.14",
          "texto": "vossos pais para ainda mais A. o ardor da"
        },
        {
          "referencia": "Deuteronômio 8.13",
          "texto": "e as tuas ovelhas, e se Á. a prata e o"
        },
        {
          "referencia": "Deuteronômio 29.19",
          "texto": "bom parecer do meu coração; para À. à sede a be-"
        },
        {
          "referencia": "2 Crônicas 28.13",
          "texto": "contra o Senhor, vós intentais Á. mais a"
        },
        {
          "referencia": "Eclesiastes 3.14",
          "texto": "nada se lhe deve A. e nada se lhe"
        },
        {
          "referencia": "Mateus 6.27",
          "texto": "com todos os seus cuidados, A. um cóvado à"
        },
        {
          "referencia": "Lucas 12.25",
          "texto": "de vós, sendo solícito, pode Á. um côvado à"
        },
        {
          "referencia": "Filipenses 1.17",
          "texto": "não puramente, julgando A. aflição às"
        },
        {
          "referencia": "Apocalipse 22.18",
          "texto": "livro que, se alguem lhes A. alguma coisa,"
        }
      ]
    },
    {
      "palavra": "acrescentará",
      "veja tambem": [
        "acrescentar"
      ],
      "ocorrencias": 10,
      "fonte": "",
      "concordancias": [
        {
          "referencia": "Levítico 5.16",
          "texto": "sagradas, e ainda de mais A, o seu"
        },
        {
          "referencia": "Levítico 6.5",
          "texto": "cabedal e ainda sobre isso 4. o quinto;"
        },
        {
          "referencia": "Levítico 22.14",
          "texto": "comer a coisa santa, sobre ela A. seu"
        },
        {
          "referencia": "Levítico 27.13",
          "texto": "maneira o resgatar, então, A. o seu"
        },
        {
          "referencia": "Levítico 27.15",
          "texto": "resgatar a sua casa, então, À. o quinto a"
        },
        {
          "referencia": "Levítico 27.19",
          "texto": "maneira o resgatar, então, A. o quinto a"
        },
        {
          "referencia": "Levítico 27.27",
          "texto": "a tua estimação, e sobre ele 4. o seu"
        },
        {
          "referencia": "Levítico 27.31",
          "texto": "resgatar alguma coisa, A. o seu"
        },
        {
          "referencia": "Números 5.7",
          "texto": "segundo a soma total, e lhe A. o seu"
        },
        {
          "referencia": "Salmos 120.3",
          "texto": "Que te dará, ou que te A. a língua enganadora?"
        }
      ]
    },
    {
      "palavra": "acrescentaram",
      "veja tambem": [],
      "ocorrencias": 1,
      "fonte": "",
      "concordancias": [
        {
          "referencia": "Jeremias 36.32",
          "texto": "de Judá, tinha queimado; e ainda se A. a"
        }
      ]
    },
    {
      "palavra": "acrescentarás",
      "veja tambem": [],
      "ocorrencias": 2,
      "fonte": "",
      "concordancias": [
        {
          "referencia": "Deuteronômio 12.32",
          "texto": "ordeno observarás; nada lhe A, nem diminuirás."
        },
        {
          "referencia": "Deuteronômio 19.9",
          "texto": "caminhos todos os dias), então, Á. outras"
        }
      ]
    },
    {
      "palavra": "acrescentarei",
      "veja tambem": [
        "acrescentar"
      ],
      "ocorrencias": 5,
      "fonte": "",
      "concordancias": [
        {
          "referencia": "2 Reis 20.6",
          "texto": "E À. aos teus dias quinze anos e das mãos"
        },
        {
          "referencia": "2 Crônicas 10.11",
          "texto": "de um jugo pesado, eu ainda A. sobre o"
        },
        {
          "referencia": "2 Crônicas 10.14",
          "texto": "o vosso jugo, porém eu lhes Á. mais; meu"
        },
        {
          "referencia": "Isaías 15.9",
          "texto": "de sangue, porque ainda A. maisa"
        },
        {
          "referencia": "Isaías 38.5",
          "texto": "e vi as tuas lágrimas; eis que Á. aos"
        }
      ]
    },
    {
      "palavra": "acrescentareis",
      "veja tambem": [],
      "ocorrencias": 1,
      "fonte": "",
      "concordancias": [
        {
          "referencia": "Deuteronômio 4.2",
          "texto": "Nada A. à palavra que vos mando, nem"
        }
      ]
    },
    {
      "palavra": "acrescentarem",
      "veja tambem": [],
      "ocorrencias": 1,
      "fonte": "",
      "concordancias": [
        {
          "referencia": "Isaías 30.1",
          "texto": "mas não do meu Espírito, para A. pecado"
        }
      ]
    },
    {
      "palavra": "acrescentaria",
      "veja tambem": [
        "acrescentar"
      ],
      "ocorrencias": 2,
      "fonte": "",
      "concordancias": [
        {
          "referencia": "Números 36.4",
          "texto": "de Israel, a sua herança se Á. à herança"
        },
        {
          "referencia": "2 Samuel 12.8",
          "texto": "e, se isto é pouco, mais te À. tais e"
        }
      ]
    },
    {
      "palavra": "acrescentava",
      "veja tambem": [
        "acrescentar"
      ],
      "ocorrencias": 1,
      "fonte": "",
      "concordancias": [
        {
          "referencia": "Atos 2.47",
          "texto": "o povo. E todos os dias À. o Senhor à"
        }
      ]
    },
    {
      "palavra": "acrescente",
      "veja tambem": [
        "acrescentar"
      ],
      "ocorrencias": 2,
      "fonte": "",
      "concordancias": [
        {
          "referencia": "Gênesis 30.24",
          "texto": "nome José, dizendo: O Senhor me A. outro filho."
        },
        {
          "referencia": "1 Crônicas 21.3",
          "texto": "Então, disse Joabe: O Senhor Á, ao seu povo"
        }
      ]
    },
    {
      "palavra": "acrescentes",
      "veja tambem": [
        "acres-"
      ],
      "ocorrencias": 1,
      "fonte": "",
      "concordancias": [
        {
          "referencia": "Provérbios 30.6",
          "texto": "Nada Á. às suas palavras, para que não te"
        }
      ]
    },
    {
      "palavra": "acrescentou",
      "veja tambem": [
        "acrescentar"
      ],
      "ocorrencias": 4,
      "fonte": "",
      "concordancias": [
        {
          "referencia": "Deuteronômio 5.22",
          "texto": "com grande voz, e nada Á.; eas"
        },
        {
          "referencia": "Jó 42.10",
          "texto": "seus amigos; e o Senhor À. a Jó outro"
        },
        {
          "referencia": "Jeremias 45.3",
          "texto": "Ai de mim agora, porque me À. o Senhor"
        },
        {
          "referencia": "Lucas 3.20",
          "texto": "Á. a todas as outras ainda esta, a de"
        }
      ]
    },
    {
      "palavra": "acresceram",
      "veja tambem": [],
      "ocorrencias": 1,
      "fonte": "",
      "concordancias": [
        {
          "referencia": "Gênesis 12.5",
          "texto": "adquirido, e as almas que lhe 4. em Harã;"
        }
      ]
    },
    {
      "palavra": "acsa",
      "veja tambem": [],
      "ocorrencias": 5,
      "fonte": "",
      "concordancias": [
        {
          "referencia": "Josué 15.16",
          "texto": "e a tomar, lhe darei a minha filha A. por mulher."
        },
        {
          "referencia": "Josué 15.17",
          "texto": "de Calebe, e este deu-lhe a sua filha A. por mulher."
        },
        {
          "referencia": "Juízes 1.12",
          "texto": "ea tomar, lhe darei a minha filha A. por mulher."
        },
        {
          "referencia": "Juízes 1.13",
          "texto": "que ele; e Calebe lhe deu a sua filha À. por mulher."
        },
        {
          "referencia": "1 Crônicas 2.49",
          "texto": "Macbena e pai de Gibeá; e foi a filha de Calebe A.."
        }
      ]
    },
    {
      "palavra": "acsafe",
      "veja tambem": [],
      "ocorrencias": 3,
      "fonte": "",
      "concordancias": [
        {
          "referencia": "Josué 11.1",
          "texto": "rei de Madom, e ao rei de Sinrom, e ao rei de A.;"
        },
        {
          "referencia": "Josué 12.20",
          "texto": "o rei de Sinrom-Merom, outro; o rei de Á., outro;"
        },
        {
          "referencia": "Josué 19.25",
          "texto": "E foi o seu termo Helcate, e Hali, e Béten, e A,"
        }
      ]
    },
    {
      "palavra": "acube",
      "veja tambem": [],
      "ocorrencias": 8,
      "fonte": "",
      "concordancias": [
        {
          "referencia": "1 Crônicas 3.24",
          "texto": "e Eliasibe, e Pelaías, e A., eJoanã, e"
        },
        {
          "referencia": "1 Crônicas 9.17",
          "texto": "E foram porteiros: Salum, e A., e Talmom, e Aimã e"
        },
        {
          "referencia": "Esdras 2.42",
          "texto": "filhos de Talmom, os filhos de A., os filhos de"
        },
        {
          "referencia": "Esdras 2.45",
          "texto": "de Lebana, os filhos de Hagaba, os filhos de A.,"
        },
        {
          "referencia": "Neemias 7.45",
          "texto": "filhos de Talmom, os filhos de A., os filhos de"
        },
        {
          "referencia": "Neemias 8.7",
          "texto": "e Bani, e Serebias, e Jamim, e A., e Sabetai, e"
        },
        {
          "referencia": "Neemias 11.19",
          "texto": "E os porteiros: A., Talmom, com seus irmãos, os"
        },
        {
          "referencia": "Neemias 12.25",
          "texto": "Obadias, Mesulão, Talmom e A, eram porteiros"
        }
      ]
    },
    {
      "palavra": "acudi",
      "veja tambem": [
        "acudir"
      ],
      "ocorrencias": 1,
      "fonte": "",
      "concordancias": [
        {
          "referencia": "Atos 21.28",
          "texto": "clamando: Varões israelitas, A.! Este é o homem"
        }
      ]
    },
    {
      "palavra": "acudirei",
      "veja tambem": [
        "acudir"
      ],
      "ocorrencias": 1,
      "fonte": "",
      "concordancias": [
        {
          "referencia": "2 Reis 6.27",
          "texto": "te não acode, de onde te À. eu, da eira ou"
        }
      ]
    },
    {
      "palavra": "acumularam",
      "veja tambem": [],
      "ocorrencias": 1,
      "fonte": "",
      "concordancias": [
        {
          "referencia": "Apocalipse 18.5",
          "texto": "já os seus pecados se Á. até ao céu, e"
        }
      ]
    },
    {
      "palavra": "acúmulo",
      "veja tambem": [
        "acumula-"
      ],
      "ocorrencias": 1,
      "fonte": "",
      "concordancias": [
        {
          "referencia": "Tiago 1.21",
          "texto": "rejeitando toda imundícia e A. de malícia,"
        }
      ]
    },
    {
      "palavra": "acusa",
      "veja tambem": [
        "acusar"
      ],
      "ocorrencias": 1,
      "fonte": "",
      "concordancias": [
        {
          "referencia": "Jó 5.45",
          "texto": "com o Pai. Há um que vos Á., Moisés, em quem"
        }
      ]
    },
    {
      "palavra": "acusá-lo",
      "veja tambem": [],
      "ocorrencias": 2,
      "fonte": "",
      "concordancias": [
        {
          "referencia": "Lucas 23.2",
          "texto": "E começaram a Á., dizendo: Havemos achado este"
        },
        {
          "referencia": "Atos 24.2",
          "texto": "E, sendo chamado, Tértulo começou a Á., dizendo:"
        }
      ]
    },
    {
      "palavra": "acusado",
      "veja tambem": [
        "acusar"
      ],
      "ocorrencias": 7,
      "fonte": "",
      "concordancias": [
        {
          "referencia": "Daniel 6.24",
          "texto": "aqueles homens que tinham A. Daniel e foram"
        },
        {
          "referencia": "Mateus 27.12",
          "texto": "E, sendo A. pelos príncipes dos sacerdotes e"
        },
        {
          "referencia": "Lucas 16.1",
          "texto": "tinha um mordomo; e este foi A, perante ele de"
        },
        {
          "referencia": "Atos 22.30",
          "texto": "certo a causa por que era A. p los judeus,"
        },
        {
          "referencia": "Atos 25.16",
          "texto": "homem à morte, sem que o À. tenha presentes"
        },
        {
          "referencia": "Atos 26.2",
          "texto": "de todas as coisas de que sou A, pelos judeus,"
        },
        {
          "referencia": "Atos 26.7",
          "texto": "esperança, ó rei Agripa, eu sou À. pelos judeus."
        }
      ]
    },
    {
      "palavra": "acusador",
      "veja tambem": [],
      "ocorrencias": 2,
      "fonte": "",
      "concordancias": [
        {
          "referencia": "Top 406",
          "texto": "posição; Palavras Relacionadas: (acusadores-6); Total de"
        },
        {
          "referencia": "Apocalipse 12.10",
          "texto": "poder do seu Cristo; porque já o A. de nossos"
        }
      ]
    }
  ]
}