{
  "a": [
    {
      "palavra": "acusadores",
      "veja tambem": [],
      "ocorrencias": 6,
      "fonte": "Strong's G2723 (κατηγορέω/kategoreō)",
      "concordancias": [
        {
          "referencia": "Jó 8.10",
          "texto": "onde estão aqueles teus A.? Ninguém te condenou?"
        },
        {
          "referencia": "Atos 23.30",
          "texto": "enviei, mandando também aos A. que perante"
        },
        {
          "referencia": "Atos 23.35",
          "texto": "também aqui vierem os teus A.. E mandou que"
        },
        {
          "referencia": "Atos 24.8",
          "texto": "mandando aos seus Á. que viessem a ti; e dele"
        },
        {
          "referencia": "Atos 25.16",
          "texto": "tenha presentes os seus À, e possa"
        },
        {
          "referencia": "Atos 25.18",
          "texto": "dele, estando presentes os A., nenhuma coisa"
        }
      ]
    },
    {
      "palavra": "acusados",
      "veja tambem": [],
      "ocorrencias": 2,
      "fonte": "",
      "concordancias": [
        {
          "referencia": "Atos 19.40",
          "texto": "de que, por hoje, sejamos À. de sedição,"
        },
        {
          "referencia": "Tito 1.6",
          "texto": "fiéis, que não possam ser À, de dissolução"
        }
      ]
    },
    {
      "palavra": "acusais",
      "veja tambem": [
        "acusar"
      ],
      "ocorrencias": 1,
      "fonte": "",
      "concordancias": [
        {
          "referencia": "Lucas 23.14",
          "texto": "nenhuma culpa, das de que o` Á., acho neste homem."
        }
      ]
    },
    {
      "palavra": "acusam",
      "veja tambem": [
        "acusar"
      ],
      "ocorrencias": 2,
      "fonte": "",
      "concordancias": [
        {
          "referencia": "Pi 24.13",
          "texto": "tampouco podem provar as coisas de que agora me"
        },
        {
          "referencia": "Atos 25.11",
          "texto": "há das coisas de que estes me Å., ninguém me pode"
        }
      ]
    },
    {
      "palavra": "acusamos",
      "veja tambem": [
        "acusar"
      ],
      "ocorrencias": 1,
      "fonte": "",
      "concordancias": [
        {
          "referencia": "Atos 24.8",
          "texto": "poderás entender tudo o de que o A.."
        }
      ]
    },
    {
      "palavra": "acusando-o",
      "veja tambem": [
        "acusar"
      ],
      "ocorrencias": 1,
      "fonte": "",
      "concordancias": [
        {
          "referencia": "Lucas 23.10",
          "texto": "sacerdotes e os escribas A. com grande veemência."
        }
      ]
    },
    {
      "palavra": "acusando-os",
      "veja tambem": [
        "acusar"
      ],
      "ocorrencias": 1,
      "fonte": "",
      "concordancias": [
        {
          "referencia": "Romanos 2.15",
          "texto": "eos seus pensamentos, quer Å., quer defendendo-os,"
        }
      ]
    },
    {
      "palavra": "acusar",
      "veja tambem": [],
      "ocorrencias": 4,
      "fonte": "",
      "concordancias": [
        {
          "referencia": "Lucas 6.7",
          "texto": "se o curaria no sábado, para acharem de que o A.."
        },
        {
          "referencia": "Jó 5.45",
          "texto": "cuideis que eu vos hei de 4, para com o Pai. Há"
        },
        {
          "referencia": "Jó 8.6",
          "texto": "para que tivessem de que o A.. Mas Jesus,"
        },
        {
          "referencia": "Atos 28.19",
          "texto": "César, não tendo, contudo, de que A. a minha nação."
        }
      ]
    },
    {
      "palavra": "acusará",
      "veja tambem": [
        "acusar"
      ],
      "ocorrencias": 1,
      "fonte": "",
      "concordancias": [
        {
          "referencia": "Jó 21.31",
          "texto": "Quem Á. diante dele o seu caminho? E quem lhe"
        }
      ]
    },
    {
      "palavra": "acusaram",
      "veja tambem": [
        "acusar"
      ],
      "ocorrencias": 1,
      "fonte": "",
      "concordancias": [
        {
          "referencia": "Daniel 3.8",
          "texto": "se chegaram alguns homens caldeus e 4. os judeus."
        }
      ]
    },
    {
      "palavra": "acusarem",
      "veja tambem": [],
      "ocorrencias": 3,
      "fonte": "",
      "concordancias": [
        {
          "referencia": "Mateus 12.10",
          "texto": "mãos mirrada; e eles, para Á. Jesus, o"
        },
        {
          "referencia": "Marcos 3.2",
          "texto": "observando-o se curaria no sábado, para o Á.."
        },
        {
          "referencia": "Lucas 11.54",
          "texto": "de apanharem da sua boca alguma coisa para o Á.."
        }
      ]
    },
    {
      "palavra": "acusassem",
      "veja tambem": [
        "acusar"
      ],
      "ocorrencias": 1,
      "fonte": "",
      "concordancias": [
        {
          "referencia": "Atos 24.19",
          "texto": "presentes perante tie me Á., se alguma coisa"
        }
      ]
    },
    {
      "palavra": "acusava",
      "veja tambem": [
        "acusar"
      ],
      "ocorrencias": 1,
      "fonte": "",
      "concordancias": [
        {
          "referencia": "Apocalipse 12.10",
          "texto": "o qual diante do nosso Deus os À. de dia e de noite."
        }
      ]
    },
    {
      "palavra": "acusavam",
      "veja tambem": [],
      "ocorrencias": 4,
      "fonte": "",
      "concordancias": [
        {
          "referencia": "Marcos 15.3",
          "texto": "dos sacerdotes o Á. de muitas coisas,"
        },
        {
          "referencia": "Atos 23.28",
          "texto": "saber a causa por que o Á., o levei ao seu conselho."
        },
        {
          "referencia": "Atos 23.29",
          "texto": "E achei que o À. de algumas questões da sua"
        },
        {
          "referencia": "Atos 24.9",
          "texto": "E também os judeus o A., dizendo serem estas"
        }
      ]
    },
    {
      "palavra": "acusem",
      "veja tambem": [
        "acusar"
      ],
      "ocorrencias": 1,
      "fonte": "",
      "concordancias": [
        {
          "referencia": "Atos 19.38",
          "texto": "e há procônsules; que se À. uns aos outros."
        }
      ]
    },
    {
      "palavra": "acusem-no",
      "veja tambem": [
        "acu-"
      ],
      "ocorrencias": 1,
      "fonte": "",
      "concordancias": [
        {
          "referencia": "Atos 25.5",
          "texto": "comigo e, se neste varão houver algum crime, Á.."
        }
      ]
    },
    {
      "palavra": "acusou",
      "veja tambem": [
        "acusar"
      ],
      "ocorrencias": 1,
      "fonte": "",
      "concordancias": [
        {
          "referencia": "2 Samuel 19.27",
          "texto": "De mais disso, falsamente Á, o teu servo diante"
        }
      ]
    },
    {
      "palavra": "acutilará",
      "veja tambem": [],
      "ocorrencias": 1,
      "fonte": "",
      "concordancias": [
        {
          "referencia": "Ezequiel 23.47",
          "texto": "apedrejará com pedras e as A. com as suas"
        }
      ]
    },
    {
      "palavra": "aczibe",
      "veja tambem": [],
      "ocorrencias": 4,
      "fonte": "",
      "concordancias": [
        {
          "referencia": "Josué 15.44",
          "texto": "e Queila, e A., e Maressa: nove cidades e as suas al-"
        },
        {
          "referencia": "Josué 19.29",
          "texto": "para o mar, desde o quinhão da terra até A.;"
        },
        {
          "referencia": "Juízes 1.31",
          "texto": "de Sidom, nem Alabe, nem A., nem Helba, nem"
        },
        {
          "referencia": "Miquéias 1.14",
          "texto": "a Moresete-Gate; as casas de À. serão uma mentira"
        }
      ]
    },
    {
      "palavra": "ada",
      "veja tambem": [],
      "ocorrencias": 8,
      "fonte": "",
      "concordancias": [
        {
          "referencia": "Gênesis 4.19",
          "texto": "mulheres; o nome de uma era Å., eo nome da outra,"
        },
        {
          "referencia": "Gênesis 4.20",
          "texto": "E À. teve a Jabal; este foi o pai dos que habitam em"
        },
        {
          "referencia": "Gênesis 4.23",
          "texto": "Lameque a suas mulheres: A. e Zilá, ouvi a minha"
        },
        {
          "referencia": "Gênesis 36.2",
          "texto": "das filhas de Canaã: A., filha de Elom,"
        },
        {
          "referencia": "Gênesis 36.4",
          "texto": "E A. teve de Esaú a Elifaz; e Basemate teve a Reuel;"
        },
        {
          "referencia": "Gênesis 36.10",
          "texto": "de Esaú: Elifaz, filho de A., mulher de Esaú;"
        },
        {
          "referencia": "Gênesis 36.12",
          "texto": "a Amaleque; estes são os filhos de A., mulher de"
        },
        {
          "referencia": "Gênesis 36.16",
          "texto": "Elifaz, na terra de Edom; estes são os filhos de A.."
        }
      ]
    },
    {
      "palavra": "adaías",
      "veja tambem": [],
      "ocorrencias": 9,
      "fonte": "",
      "concordancias": [
        {
          "referencia": "2 Reis 22.1",
          "texto": "o nome de sua mãe, Jedida, filha de A., de Bozcate."
        },
        {
          "referencia": "1 Crônicas 6.41",
          "texto": "filho de Etni, filho de Zerá, filho de A.,"
        },
        {
          "referencia": "1 Crônicas 8.21",
          "texto": "e A. e Beraías, e Sinrate, filhos de Simei."
        },
        {
          "referencia": "1 Crônicas 9.12",
          "texto": "Á., filho de Jeroão, filho de Pasur, filho de"
        },
        {
          "referencia": "2 Crônicas 23.1",
          "texto": "filho de Obede, e Maaseias, filho de A., e"
        },
        {
          "referencia": "Esdras 10.29",
          "texto": "Bani: Mesulão, e Maluque, e A., e Jasube, e"
        },
        {
          "referencia": "Esdras 10.39",
          "texto": "Selemias, Natã, A.,"
        },
        {
          "referencia": "Neemias 11.5",
          "texto": "filho de Hazaías, filho de A., filho de"
        },
        {
          "referencia": "Neemias 11.12",
          "texto": "oitocentos e vinte e dois; e A., filho de"
        }
      ]
    },
    {
      "palavra": "adalia",
      "veja tambem": [],
      "ocorrencias": 1,
      "fonte": "",
      "concordancias": [
        {
          "referencia": "Ester 9.8",
          "texto": "e a Porata,e a A., ea Aridata,"
        }
      ]
    },
    {
      "palavra": "adamá",
      "veja tambem": [],
      "ocorrencias": 1,
      "fonte": "",
      "concordancias": [
        {
          "referencia": "Josué 19.36",
          "texto": "e A., e Ramá, e Hazor,"
        }
      ]
    },
    {
      "palavra": "adami-nequebe",
      "veja tambem": [],
      "ocorrencias": 1,
      "fonte": "",
      "concordancias": [
        {
          "referencia": "Josué 19.33",
          "texto": "e desde Alom em Zaananim, e A., e Jabneel,"
        }
      ]
    },
    {
      "palavra": "adar",
      "veja tambem": [],
      "ocorrencias": 11,
      "fonte": "",
      "concordancias": [
        {
          "referencia": "Josué 15.3",
          "texto": "e passa por Hezrom, e sobe a A., e rodeia a Carca;"
        },
        {
          "referencia": "1 Crônicas 8.3",
          "texto": "e Belá teve estes filhos: Å., e Gera, e Abiúde,"
        },
        {
          "referencia": "Esdras 6.15",
          "texto": "no dia terceiro do mês de A., que era o sexto ano"
        },
        {
          "referencia": "Ester 3.7",
          "texto": "mês em mês, até ao duodécimo mês, que é o mês de A.."
        },
        {
          "referencia": "Ester 3.13",
          "texto": "do duodécimo mês (que é mês de A.), e que"
        },
        {
          "referencia": "Ester 8.12",
          "texto": "no dia treze do duodécimo mês, que é o mês de A.."
        },
        {
          "referencia": "Ester 9.1",
          "texto": "duodécimo, que é o mês de A., no dia treze do"
        },
        {
          "referencia": "Ester 9.15",
          "texto": "no dia catorze do mês de A. e mataram em Susã a"
        },
        {
          "referencia": "Ester 9.17",
          "texto": "no dia treze do mês de A.; e repousaram no dia"
        },
        {
          "referencia": "Ester 9.19",
          "texto": "do dia catorze do mês de A. dia de alegria e de"
        },
        {
          "referencia": "Ester 9.21",
          "texto": "o dia catorze do mês de A. e o dia quinze do"
        }
      ]
    },
    {
      "palavra": "adbeel",
      "veja tambem": [],
      "ocorrencias": 1,
      "fonte": "",
      "concordancias": [
        {
          "referencia": "1 Crônicas 1.29",
          "texto": "de Ismael foi Nebaiote, e Quedar, e A., e Mibsão,"
        }
      ]
    },
    {
      "palavra": "adentadas",
      "veja tambem": [],
      "ocorrencias": 1,
      "fonte": "",
      "concordancias": [
        {
          "referencia": "1 Samuel 13.21",
          "texto": "Tinham, porém, limas A. para os seus sachos, e"
        }
      ]
    },
    {
      "palavra": "adereçada",
      "veja tambem": [
        "adereçar"
      ],
      "ocorrencias": 1,
      "fonte": "",
      "concordancias": [
        {
          "referencia": "Apocalipse 21.2",
          "texto": "que de Deus descia do céu, A. como uma"
        }
      ]
    },
    {
      "palavra": "adereçar",
      "veja tambem": [],
      "ocorrencias": 2,
      "fonte": "",
      "concordancias": [
        {
          "referencia": "Top 406",
          "texto": "posição; Palavras Relacionadas: (adereçada-1); Total de"
        },
        {
          "referencia": "Números 4.26",
          "texto": "ministério, com tudo o que se A. para eles,"
        }
      ]
    },
    {
      "palavra": "aderem",
      "veja tambem": [],
      "ocorrencias": 1,
      "fonte": "",
      "concordancias": [
        {
          "referencia": "Jó 41.17",
          "texto": "às outras se ligam; tanto A. entre si, que não"
        }
      ]
    },
    {
      "palavra": "aderiram",
      "veja tambem": [],
      "ocorrencias": 1,
      "fonte": "",
      "concordancias": [
        {
          "referencia": "Neemias 10.29",
          "texto": "firmemente Å. a seus irmãos, os mais nobres de"
        }
      ]
    },
    {
      "palavra": "aderiu",
      "veja tambem": [],
      "ocorrencias": 1,
      "fonte": "",
      "concordancias": [
        {
          "referencia": "2 Reis 3.3",
          "texto": "Contudo, À. aos pecados de Jeroboão, filho de"
        }
      ]
    },
    {
      "palavra": "adestra",
      "veja tambem": [],
      "ocorrencias": 1,
      "fonte": "",
      "concordancias": [
        {
          "referencia": "S118.34",
          "texto": "A. as minhas mãos para o combate, de sorte que"
        }
      ]
    },
    {
      "palavra": "adi",
      "veja tambem": [],
      "ocorrencias": 2,
      "fonte": "",
      "concordancias": [
        {
          "referencia": "Lucas 3.28",
          "texto": "Neri, de Melqui, e Melqui, de A., e A., de Cosă, e"
        },
        {
          "referencia": "Lucas 3.28",
          "texto": "de Melqui, e Melqui, de 4., e À., de Cosã, e Cosã,"
        }
      ]
    },
    {
      "palavra": "adianta",
      "veja tambem": [
        "adiantar"
      ],
      "ocorrencias": 1,
      "fonte": "",
      "concordancias": [
        {
          "referencia": "Esdras 5.8",
          "texto": "obra apressuradamente se faz e se A. em suas mãos."
        }
      ]
    },
    {
      "palavra": "adiantado",
      "veja tambem": [
        "adiantar"
      ],
      "ocorrencias": 4,
      "fonte": "",
      "concordancias": [
        {
          "referencia": "Gênesis 24.1",
          "texto": "E era Abraão já velho e A, em idade, e o"
        },
        {
          "referencia": "1 Samuel 17.12",
          "texto": "Saul, era este homem já velho e Á. na idade"
        },
        {
          "referencia": "Marcos 6.35",
          "texto": "como o dia fosse já muito A., os seus"
        },
        {
          "referencia": "Marcos 6.35",
          "texto": "O lugar é deserto, e o dia está já muito À.;"
        }
      ]
    },
    {
      "palavra": "adiantando-se",
      "veja tambem": [
        "adiantar"
      ],
      "ocorrencias": 2,
      "fonte": "",
      "concordancias": [
        {
          "referencia": "2 Samuel 20.8",
          "texto": "em seus lombos, na sua bainha; e, A. ele,"
        },
        {
          "referencia": "Mateus 4.21",
          "texto": "E, A. dali, viu outros dois irmãos: Tiago,"
        }
      ]
    },
    {
      "palavra": "adiantar-se-á",
      "veja tambem": [],
      "ocorrencias": 1,
      "fonte": "",
      "concordancias": [
        {
          "referencia": "2 Reis 20.9",
          "texto": "cumprirá a palavra que disse: 4. a sombra"
        }
      ]
    },
    {
      "palavra": "adiantará",
      "veja tambem": [
        "adian-"
      ],
      "ocorrencias": 1,
      "fonte": "",
      "concordancias": [
        {
          "referencia": "Deuteronômio 20.2",
          "texto": "à peleja, o sacerdote se A., efalará ao povo,"
        }
      ]
    },
    {
      "palavra": "adiantarem",
      "veja tambem": [
        "adiantar"
      ],
      "ocorrencias": 1,
      "fonte": "",
      "concordancias": [
        {
          "referencia": "2 Crônicas 34.12",
          "texto": "dos filhos dos coatitas, para A. a obra, e"
        }
      ]
    }
  ]
}