{
  "a": [
    {
      "palavra": "adiante",
      "veja tambem": [
        "adiantar"
      ],
      "ocorrencias": 87,
      "fonte": "Strong's H6923 (קָדַם/qadam)",
      "concordancias": [
        {
          "referencia": "Gênesis 18.5",
          "texto": "coração; depois, passareis A., porquanto por"
        },
        {
          "referencia": "Gênesis 24.7",
          "texto": "terra, ele enviará o seu Anjo À. da tua"
        },
        {
          "referencia": "Gênesis 32.16",
          "texto": "e disse a seus servos: Passai A. da minha face e"
        },
        {
          "referencia": "Gênesis 33.3",
          "texto": "E ele mesmo passou Á. deles e inclinou-se à"
        },
        {
          "referencia": "Gênesis 33.12",
          "texto": "Caminhemos, e andemos; e eu partirei À, de ti."
        },
        {
          "referencia": "Êxodo 13.21",
          "texto": "E o Senhor ia À. deles, de dia numa coluna de"
        },
        {
          "referencia": "Êxodo 14.19",
          "texto": "E o Anjo de Deus, que ia À. do exército de"
        },
        {
          "referencia": "Êxodo 32.1",
          "texto": "faze-nos deuses que vão À. de nós; porque"
        },
        {
          "referencia": "Êxodo 32.23",
          "texto": "Faze-nos deuses que vão À. de nós; porque"
        },
        {
          "referencia": "Êxodo 32.34",
          "texto": "dito; eis que o meu Anio irá Å., de ti; porém,"
        },
        {
          "referencia": "Êxodo 33.2",
          "texto": "E enviarei um Anjo À. de ti (e lançarei fora os"
        },
        {
          "referencia": "Números 14.14",
          "texto": "nuvem está sobre eles e que vais A. deles numa"
        },
        {
          "referencia": "Números 22.26",
          "texto": "Anjo do Senhor passou mais À. e pôs-se num"
        },
        {
          "referencia": "Números 32.19",
          "texto": "dalém do Jordão, nem mais A.; porquanto nós já"
        },
        {
          "referencia": "Deuteronômio 1.22",
          "texto": "e dissestes: Mandemos homens Á. de nós, para que"
        },
        {
          "referencia": "Deuteronômio 1.30",
          "texto": "Senhor, vosso Deus, que vai 4. de vós, por vós"
        },
        {
          "referencia": "Deuteronômio 1.33",
          "texto": "que foi A. de vós por todo o caminho, para vos"
        },
        {
          "referencia": "Deuteronômio 3.18",
          "texto": "vós, todos os homens valentes, Á. de"
        },
        {
          "referencia": "Deuteronômio 3.28",
          "texto": "conforta-o; porque ele passará A. deste povo e"
        },
        {
          "referencia": "Deuteronômio 6.20",
          "texto": "te perguntar, pelo tempo A., dizendo: Cis"
        },
        {
          "referencia": "Deuteronômio 21.16",
          "texto": "ao filho da amada, A. do filho da"
        },
        {
          "referencia": "Deuteronômio 31.3",
          "texto": "O Senhor, teu Deus, passará A. de ti; ele"
        },
        {
          "referencia": "Deuteronômio 31.3",
          "texto": "que as possuas; Josué passará Á. de ti, como o"
        },
        {
          "referencia": "Deuteronômio 31.8",
          "texto": "pois, é aquele que vai A. de ti; ele será"
        },
        {
          "referencia": "Josué 3.6",
          "texto": "a arca do concerto e passai A. deste povo."
        },
        {
          "referencia": "Josué 3.6",
          "texto": "a arca do concerto e foram andando À. do povo."
        },
        {
          "referencia": "Josué 6.7",
          "texto": "e quem estiver armado passe A. da arca do Senhor."
        },
        {
          "referencia": "Josué 6.9",
          "texto": "E os armados iam Á. dos sacerdotes que tocavam"
        },
        {
          "referencia": "Josué 6.13",
          "texto": "buzinas; e os armados iam A. deles, e a"
        },
        {
          "referencia": "Juízes 3.27",
          "texto": "desceram com ele das montanhas, e ele A. deles."
        },
        {
          "referencia": "Juízes 19.14",
          "texto": "Passaram, pois, A. e caminharam, e o sol se lhes"
        },
        {
          "referencia": "1 Samuel 8.11",
          "texto": "cavaleiros, para que corram Å. dos seus carros;"
        },
        {
          "referencia": "1 Samuel 8.20",
          "texto": "rei nos julgará, e sairá A. de nós, e fará"
        },
        {
          "referencia": "1 Samuel 9.27",
          "texto": "Saul: Dize ao moço que passe 4. de nós (e"
        },
        {
          "referencia": "1 Samuel 10.3",
          "texto": "quando dali passares mais A. e chegares ao"
        },
        {
          "referencia": "1 Samuel 23.24",
          "texto": "eles e se foram a Zife, A. de Saul; Davi,"
        },
        {
          "referencia": "1 Samuel 25.19",
          "texto": "disse aos seus jovens: Ide A. de mim, eis que"
        },
        {
          "referencia": "2 Samuel 6.4",
          "texto": "em Geba, com a arca de Deus, Aiô ia À. da arca."
        },
        {
          "referencia": "2 Samuel 15.1",
          "texto": "cavalos, e cinquenta homens que corressem À, dele."
        },
        {
          "referencia": "2 Samuel 15.22",
          "texto": "a Itai: Vem, pois, e passa Á.. Assim, passou"
        },
        {
          "referencia": "2 Samuel 16.1",
          "texto": "passando Davi um pouco mais A. do cume, eis que"
        },
        {
          "referencia": "2 Samuel 18.9",
          "texto": "e o mulo, que estava debaixo dele, passou Á.."
        },
        {
          "referencia": "2 Samuel 19.17",
          "texto": "ele; e prontamente passaram o Jordão Á. do rei."
        },
        {
          "referencia": "1 Reis 1.5",
          "texto": "e cinquenta homens que corressem À. dele."
        },
        {
          "referencia": "1 Reis 19.19",
          "texto": "com doze juntas de bois A. dele; e ele"
        },
        {
          "referencia": "2 Reis 4.31",
          "texto": "E Geazi passou Á. deles e pôs o bordão sobre o"
        },
        {
          "referencia": "2 Crônicas 21.9",
          "texto": "Pelo que Jeorão passou À. com os seus chefes, e"
        },
        {
          "referencia": "Neemias 12.36",
          "texto": "homem de Deus; e Esdras, o escriba, ia A. deles."
        },
        {
          "referencia": "Jó 38.11",
          "texto": "Até aqui virás, e não mais Á., e aqui se"
        },
        {
          "referencia": "S150.3",
          "texto": "nosso Deus e não se calará; A. dele um fogo irá"
        },
        {
          "referencia": "S185.13",
          "texto": "A justiça irá Á. dele, e ele nos fará andar no"
        },
        {
          "referencia": "S189.14",
          "texto": "trono; misericórdia e verdade vão A. do teu rosto."
        },
        {
          "referencia": "S197.3",
          "texto": "A. dele vai um fogo que abrasa os seus inimigos"
        },
        {
          "referencia": "Salmos 105.17",
          "texto": "Mandou A. deles um varão, que foi vendido por"
        },
        {
          "referencia": "Isaías 45.2",
          "texto": "Eu irei A. de ti, e endireitarei os caminhos"
        },
        {
          "referencia": "Isaías 58.8",
          "texto": "brotará, e a tua justiça irá A. da tua face, e"
        },
        {
          "referencia": "J12.2",
          "texto": "depois dele haverá pelos anos A., de geração"
        },
        {
          "referencia": "Mg 2.13",
          "texto": "e sairão por ela; e o rei irá À, deles, e o"
        },
        {
          "referencia": "Habacuque 3.5",
          "texto": "A, dele ia a peste, e raios de fogo, sob os seus pés."
        },
        {
          "referencia": "Mateus 2.9",
          "texto": "tinham visto no Oriente ia A. deles, até que,"
        },
        {
          "referencia": "Mateus 9.9",
          "texto": "E Jesus, passando A. dali, viu assentado na"
        },
        {
          "referencia": "Mateus 14.22",
          "texto": "no barco e fossem A., para a outra"
        },
        {
          "referencia": "Mateus 21.9",
          "texto": "multidões, tanto as que iam A. como as que o"
        },
        {
          "referencia": "Mateus 21.31",
          "texto": "e as meretrizes entram À. de vós no"
        },
        {
          "referencia": "Mateus 26.32",
          "texto": "de eu ressuscitar, irei Á, de vós para a Galileia."
        },
        {
          "referencia": "Mateus 26.39",
          "texto": "E, indo um pouco Á., prostrou-se sobre o seu"
        },
        {
          "referencia": "Mateus 28.7",
          "texto": "dos mortos. E eis que ele vai A, de vós para a"
        },
        {
          "referencia": "Marcos 1.19",
          "texto": "passando dali um pouco mais Á., viu Tiago, filho"
        },
        {
          "referencia": "Marcos 6.45",
          "texto": "para o barco, e passar A., para o outro"
        },
        {
          "referencia": "Marcos 6.48",
          "texto": "andando sobre o mar, e queria passar À. deles,"
        },
        {
          "referencia": "Marcos 10.32",
          "texto": "para Jerusalém; e Jesus ia 4. deles. E eles"
        },
        {
          "referencia": "Marcos 11.9",
          "texto": "E aqueles que iam À. e os que seguiam clamavam,"
        },
        {
          "referencia": "Marcos 14.28",
          "texto": "eu houver ressuscitado, irei A. de vós para a Galileia."
        },
        {
          "referencia": "Marcos 14.35",
          "texto": "E, tendo ido um pouco mais Á., prostrou-se em"
        },
        {
          "referencia": "Marcos 16.7",
          "texto": "e a Pedro que ele vai A. de vós para a"
        },
        {
          "referencia": "Lucas 1.17",
          "texto": "e irá À, dele no espírito e virtude de Elias,"
        },
        {
          "referencia": "Lucas 10.1",
          "texto": "outros setenta e mandou-os À. da sua face, de"
        },
        {
          "referencia": "Lucas 19.4",
          "texto": "E, correndo A., subiu a uma figueira brava para"
        },
        {
          "referencia": "a 19.28",
          "texto": "E, dito isso, ia caminhando A., subindo para Jeru-"
        },
        {
          "referencia": "Lucas 22.47",
          "texto": "doze, que se chamava Judas, ia À. dela e"
        },
        {
          "referencia": "Jó 3.28",
          "texto": "eu não sou o Cristo, mas sou enviado À. dele."
        },
        {
          "referencia": "Jó 10.4",
          "texto": "fora as suas ovelhas, vai A. delas, e as"
        },
        {
          "referencia": "Atos 7.40",
          "texto": "Faze-nos deuses que vão À. de nós; porque a"
        },
        {
          "referencia": "Atos 20.5",
          "texto": "Estes, indo Á., nos esperaram em Trôade."
        },
        {
          "referencia": "Atos 20.16",
          "texto": "tinha determinado passar Á. de Éfeso, para não"
        },
        {
          "referencia": "Atos 27.7",
          "texto": "permitindo o vento ir mais Á., navegamos"
        },
        {
          "referencia": "Atos 27.28",
          "texto": "passando um pouco mais A., tornando a"
        }
      ]
    },
    {
      "palavra": "adianto",
      "veja tambem": [
        "adiantar"
      ],
      "ocorrencias": 1,
      "fonte": "",
      "concordancias": [
        {
          "referencia": "Jó 23.8",
          "texto": "Eis que, se me A., ali não está; se torno para"
        }
      ]
    },
    {
      "palavra": "adiantou-se",
      "veja tambem": [
        "adian-"
      ],
      "ocorrencias": 1,
      "fonte": "",
      "concordancias": [
        {
          "referencia": "Jó 18.4",
          "texto": "que sobre ele haviam de vir, 4. e"
        }
      ]
    },
    {
      "palavra": "adiel",
      "veja tambem": [],
      "ocorrencias": 3,
      "fonte": "",
      "concordancias": [
        {
          "referencia": "1 Crônicas 4.36",
          "texto": "e Jesoaías, e Asaías, e A., e Jesimiel, e Benaia,"
        },
        {
          "referencia": "1 Crônicas 9.12",
          "texto": "de Malquias, e Masai, filho de A., filho de"
        },
        {
          "referencia": "1 Crônicas 27.25",
          "texto": "estava Azmavete, filho de A.; e sobre os"
        }
      ]
    },
    {
      "palavra": "adim",
      "veja tambem": [],
      "ocorrencias": 4,
      "fonte": "",
      "concordancias": [
        {
          "referencia": "Esdras 2.15",
          "texto": "Os filhos de A., quatrocentos e cinquenta e quatro."
        },
        {
          "referencia": "Esdras 8.6",
          "texto": "e dos filhos de A., Ebede, filho de Jônatas, e, com"
        },
        {
          "referencia": "Neemias 7.20",
          "texto": "Os filhos de A., seiscentos e cinquenta e cinco."
        },
        {
          "referencia": "Neemias 10.16",
          "texto": "Adonias, Bigvai, A.,"
        }
      ]
    },
    {
      "palavra": "adina",
      "veja tambem": [],
      "ocorrencias": 1,
      "fonte": "",
      "concordancias": [
        {
          "referencia": "1 Crônicas 11.42",
          "texto": "A., filho de Siza, o rubenita, chefe dos"
        }
      ]
    },
    {
      "palavra": "adino",
      "veja tambem": [],
      "ocorrencias": 1,
      "fonte": "",
      "concordancias": [
        {
          "referencia": "2 Samuel 23.8",
          "texto": "dos capitães; este era A., o eznita, que"
        }
      ]
    },
    {
      "palavra": "aditaim",
      "veja tambem": [],
      "ocorrencias": 1,
      "fonte": "",
      "concordancias": [
        {
          "referencia": "Josué 15.36",
          "texto": "e Saaraim, e A., e Gedera, e Gederotaim: catorze"
        }
      ]
    }
  ]
}