{
  "a": [
    {
      "palavra": "adivinha",
      "veja tambem": [
        "adivinhar",
        "adivinhadora",
        "adivinhador",
        "adivinho"
      ],
      "ocorrencias": 2,
      "fonte": "Strong's H5172 (נָחַשׁ/nachash)",
      "concordancias": [
        {
          "referencia": "Gênesis 44.5",
          "texto": "senhor? E em que ele bem 4.? Fizestes mal no"
        },
        {
          "referencia": "Gênesis 44.15",
          "texto": "Não sabeis vós que tal homem como eu bem A.?"
        }
      ]
    },
    {
      "palavra": "adivinhador",
      "veja tambem": [
        "adivinhar",
        "adivinha",
        "adivinhadora"
      ],
      "ocorrencias": 1,
      "fonte": "Strong's H6049 (עָנַן/anan)",
      "concordancias": [
        {
          "referencia": "Deuteronômio 18.10",
          "texto": "filho ou a sua filha, nem A., nem"
        }
      ]
    },
    {
      "palavra": "adivinhadora",
      "veja tambem": [
        "adivinha",
        "adivinhar"
      ],
      "ocorrencias": 1,
      "fonte": "Strong's H178 (אוֹב/ob)",
      "concordancias": [
        {
          "referencia": "1 Crônicas 10.13",
          "texto": "e também porque buscou a Á, para a consultar"
        }
      ]
    },
    {
      "palavra": "adivinhadores",
      "veja tambem": [
        "adivinha"
      ],
      "ocorrencias": 8,
      "fonte": "",
      "concordancias": [
        {
          "referencia": "Gênesis 41.8",
          "texto": "e enviou e chamou todos os À. do Egito"
        },
        {
          "referencia": "Levítico 19.31",
          "texto": "Não vos virareis para os À, e"
        },
        {
          "referencia": "Levítico 20.6",
          "texto": "uma alma se virar para os Á, e"
        },
        {
          "referencia": "Deuteronômio 18.14",
          "texto": "os prognosticadores eos A.; porém a"
        },
        {
          "referencia": "1 Samuel 6.2",
          "texto": "os sacerdotes e os A., dizendo:"
        },
        {
          "referencia": "Daniel 5.7",
          "texto": "astrólogos, os caldeus e os A.; e falou"
        },
        {
          "referencia": "Daniel 5.11",
          "texto": "magos, dos astrólogos, dos caldeus e dos A.."
        },
        {
          "referencia": "Mg 3.7",
          "texto": "se envergonharão, e os À. se"
        }
      ]
    },
    {
      "palavra": "adivinham",
      "veja tambem": [],
      "ocorrencias": 3,
      "fonte": "",
      "concordancias": [
        {
          "referencia": "Ezequiel 13.9",
          "texto": "que veem vaidade e que A. mentira; na"
        },
        {
          "referencia": "Ezequiel 21.29",
          "texto": "vaidade, entretanto que te A. mentiras para"
        },
        {
          "referencia": "Miquéias 3.11",
          "texto": "eos seus profetas A. por dinheiro;"
        }
      ]
    },
    {
      "palavra": "adivinhando",
      "veja tambem": [
        "adivinhar"
      ],
      "ocorrencias": 1,
      "fonte": "Strong's G3132 (μαντεύομαι/manteuomai)",
      "concordancias": [
        {
          "referencia": "Atos 16.16",
          "texto": "de adivinhação, a qual, A., dava"
        }
      ]
    },
    {
      "palavra": "adivinhante",
      "veja tambem": [
        "adivinhador",
        "adivinhar"
      ],
      "ocorrencias": 1,
      "fonte": "Strong's H6049 (עָנַן/anan)",
      "concordancias": [
        {
          "referencia": "Deuteronômio 18.11",
          "texto": "quem consulte um espírito Å., nem mágico,"
        }
      ]
    },
    {
      "palavra": "adivinhar",
      "veja tambem": [
        "adivinha",
        "adivinhador",
        "adivinhadora"
      ],
      "ocorrencias": 4,
      "fonte": "Strong's H5172 (נָחַשׁ/nachash)",
      "concordancias": [
        {
          "referencia": "Juízes 14.12",
          "texto": "Eu vos darei um enigma a Á., e, se nos"
        },
        {
          "referencia": "Juízes 14.13",
          "texto": "Dá-nos o teu enigma a A., paa que o ouçamos."
        },
        {
          "referencia": "Juízes 14.16",
          "texto": "do meu povo um enigma a Á, e ainda mo não"
        },
        {
          "referencia": "1 Samuel 28.7",
          "texto": "En-Dor há uma mulher que tem o espírito de Á.."
        }
      ]
    },
    {
      "palavra": "adivinhareis",
      "veja tambem": [
        "adi-"
      ],
      "ocorrencias": 1,
      "fonte": "",
      "concordancias": [
        {
          "referencia": "Levítico 19.26",
          "texto": "alguma com sangue; não agourareis, nem Á.."
        }
      ]
    },
    {
      "palavra": "adivinhava",
      "veja tambem": [
        "adivinhar"
      ],
      "ocorrencias": 1,
      "fonte": "",
      "concordancias": [
        {
          "referencia": "2 Reis 21.6",
          "texto": "a seu filho pelo fogo, e A. pelas nuvens,"
        }
      ]
    },
    {
      "palavra": "adivinhes",
      "veja tambem": [
        "adi-"
      ],
      "ocorrencias": 1,
      "fonte": "",
      "concordancias": [
        {
          "referencia": "1 Samuel 28.8",
          "texto": "e disse: Peço-te que me 4. pelo"
        }
      ]
    },
    {
      "palavra": "adivinho",
      "veja tambem": [],
      "ocorrencias": 3,
      "fonte": "",
      "concordancias": [
        {
          "referencia": "Ly 20.27",
          "texto": "em si tiver um espírito Á, ou for"
        },
        {
          "referencia": "Josué 13.22",
          "texto": "a Balaão, filho de Beor, o Á., como os mais"
        },
        {
          "referencia": "Isaías 3.2",
          "texto": "eo juiz, eo profeta, eo Á., co ancião;"
        }
      ]
    },
    {
      "palavra": "adivinhos",
      "veja tambem": [
        "adivinho"
      ],
      "ocorrencias": 12,
      "fonte": "",
      "concordancias": [
        {
          "referencia": "1 Samuel 28.3",
          "texto": "e Saul tinha desterrado os À. e os encantadores."
        },
        {
          "referencia": "1 Samuel 28.9",
          "texto": "tem destruído da terra os Á. e os"
        },
        {
          "referencia": "2 Reis 21.6",
          "texto": "e era agoureiro, e instituiu Å. e"
        },
        {
          "referencia": "2 Reis 23.24",
          "texto": "E também os Á., e os feiticeiros, e os"
        },
        {
          "referencia": "2 Crônicas 33.6",
          "texto": "e de feitiçarias, e consultou À. e"
        },
        {
          "referencia": "Isaías 8.19",
          "texto": "espíritos familiares e os A., que chilreiam"
        },
        {
          "referencia": "Isaías 19.3",
          "texto": "os seus ídolos, e encantadores, e A., e mágicos."
        },
        {
          "referencia": "Isaías 44.25",
          "texto": "mentiras e enlouqueço os A.; que faço tornar"
        },
        {
          "referencia": "Jeremias 27.9",
          "texto": "profetas, e aos vossos Á., e aos vossos"
        },
        {
          "referencia": "Jeremias 29.8",
          "texto": "no meio de vós, nem os vossos Á., nem deis"
        },
        {
          "referencia": "Daniel 2.27",
          "texto": "nem astrólogos, nem magos, nem A. o podem"
        },
        {
          "referencia": "Zacarias 10.2",
          "texto": "têm falado vaidade, e os À. têm visto"
        }
      ]
    },
    {
      "palavra": "adjacente",
      "veja tambem": [],
      "ocorrencias": 1,
      "fonte": "",
      "concordancias": [
        {
          "referencia": "Mateus 3.5",
          "texto": "toda a Judeia, e toda a província A, ao Jordão;"
        }
      ]
    },
    {
      "palavra": "adjutora",
      "veja tambem": [],
      "ocorrencias": 2,
      "fonte": "",
      "concordancias": [
        {
          "referencia": "Gênesis 2.18",
          "texto": "esteja só; far-lhe-ei uma Á. que esteja como"
        },
        {
          "referencia": "Gênesis 2.20",
          "texto": "para o homem não se achava A. que estivesse"
        }
      ]
    },
    {
      "palavra": "adlai",
      "veja tambem": [],
      "ocorrencias": 1,
      "fonte": "",
      "concordancias": [
        {
          "referencia": "1 Crônicas 27.29",
          "texto": "porém sobre os gados dos vales, Safate, filho de A.;"
        }
      ]
    },
    {
      "palavra": "admá",
      "veja tambem": [],
      "ocorrencias": 5,
      "fonte": "",
      "concordancias": [
        {
          "referencia": "Gênesis 10.19",
          "texto": "indo para Sodoma, e Gomorra, e A., e Zeboim, até"
        },
        {
          "referencia": "Gênesis 14.2",
          "texto": "de Gomorra, a Sinabe, rei de A., ea Semeber,"
        },
        {
          "referencia": "Gênesis 14.8",
          "texto": "o rei de Gomorra, eo rei de Á., eo rei de"
        },
        {
          "referencia": "Deuteronômio 29.23",
          "texto": "de Sodoma e de Gomorra, de A. e de Zeboim, que"
        },
        {
          "referencia": "Oséias 11.8",
          "texto": "ó Israel? Como te faria como A.? Pór-te-ia como"
        }
      ]
    },
    {
      "palavra": "admata",
      "veja tambem": [],
      "ocorrencias": 1,
      "fonte": "",
      "concordancias": [
        {
          "referencia": "Ester 1.14",
          "texto": "a ele eram: Carsena, Setar, A., Társis, Meres,"
        }
      ]
    },
    {
      "palavra": "admim",
      "veja tambem": [],
      "ocorrencias": 2,
      "fonte": "",
      "concordancias": [
        {
          "referencia": "Lucas 3.33",
          "texto": "de Aminadabe, e Aminadabe, de A., e A., de"
        },
        {
          "referencia": "Lucas 3.33",
          "texto": "e Aminadabe, de A., e A., de Arni, e"
        }
      ]
    },
    {
      "palavra": "administram",
      "veja tambem": [
        "administrar"
      ],
      "ocorrencias": 1,
      "fonte": "",
      "concordancias": [
        {
          "referencia": "1 Coríntios 9.13",
          "texto": "Não sabeis vós que os que Á., o que é sagrado"
        }
      ]
    },
    {
      "palavra": "administrar",
      "veja tambem": [],
      "ocorrencias": 8,
      "fonte": "",
      "concordancias": [
        {
          "referencia": "Levítico 7.35",
          "texto": "em que os apresentou para À. o sacerdócio"
        },
        {
          "referencia": "Levítico 16.32",
          "texto": "e que for sagrado para 4. o sacerdócio"
        },
        {
          "referencia": "Números 3.3",
          "texto": "mãos foram sagradas para À, o sacerdócio."
        },
        {
          "referencia": "Números 3.7",
          "texto": "tenda da congregação, para 4. o ministério"
        },
        {
          "referencia": "Números 3.8",
          "texto": "dos filhos de Israel, para Á. o ministério"
        },
        {
          "referencia": "Números 16.9",
          "texto": "vos fazer chegar a si, a À, o ministério"
        },
        {
          "referencia": "Números 18.6",
          "texto": "em dádiva pelo Senhor, para A. o"
        },
        {
          "referencia": "1 Pedro 4.11",
          "texto": "palavras de Deus; se alguém A., administre"
        }
      ]
    },
    {
      "palavra": "administraram",
      "veja tambem": [
        "administrar"
      ],
      "ocorrencias": 1,
      "fonte": "",
      "concordancias": [
        {
          "referencia": "Números 3.4",
          "texto": "porém Eleazar e Itamar À. o"
        }
      ]
    },
    {
      "palavra": "administrareis",
      "veja tambem": [
        "administrar"
      ],
      "ocorrencias": 1,
      "fonte": "",
      "concordancias": [
        {
          "referencia": "Números 18.7",
          "texto": "estiver dentro do véu, isto À.; eu vos"
        }
      ]
    },
    {
      "palavra": "administravam",
      "veja tambem": [
        "administrar"
      ],
      "ocorrencias": 1,
      "fonte": "",
      "concordancias": [
        {
          "referencia": "1 Crônicas 24.2",
          "texto": "filhos; e Eleazar e Itamar Á. o sacerdócio."
        }
      ]
    },
    {
      "palavra": "administre",
      "veja tambem": [
        "administrar"
      ],
      "ocorrencias": 4,
      "fonte": "",
      "concordancias": [
        {
          "referencia": "Êxodo 28.3",
          "texto": "santificá-lo, para que me A. o ofício sacerdotal."
        },
        {
          "referencia": "Êxodo 40.13",
          "texto": "e o santificarás, para que me A. o sacerdócio."
        },
        {
          "referencia": "1 Pedro 4.10",
          "texto": "Cada um Á. aos outros o dom como o recebeu,"
        },
        {
          "referencia": "1 Pedro 4.11",
          "texto": "Deus; se alguém administrar, Á, segundo o"
        }
      ]
    },
    {
      "palavra": "abençoareis",
      "veja tambem": [],
      "ocorrencias": 1,
      "fonte": "",
      "concordancias": [
        {
          "referencia": "Números 6.23",
          "texto": "seus filhos, dizendo: Assim A. os filhos de"
        }
      ]
    },
    {
      "palavra": "abençoarem",
      "veja tambem": [
        "abençoar"
      ],
      "ocorrencias": 5,
      "fonte": "",
      "concordancias": [
        {
          "referencia": "Gênesis 12.3",
          "texto": "E abençoarei os que te Å. e amaldiçoarei os"
        },
        {
          "referencia": "Gênesis 27.29",
          "texto": "te amaldiçoem, e benditos sejam os que te Á.."
        },
        {
          "referencia": "Números 24.9",
          "texto": "Benditos os que te A., e malditos"
        },
        {
          "referencia": "Deuteronômio 21.5",
          "texto": "escolheu para o servirem, e para A. em nome"
        },
        {
          "referencia": "Deuteronômio 27.12",
          "texto": "sobre o monte Gerizim, para À. o povo:"
        }
      ]
    },
    {
      "palavra": "abençoares",
      "veja tambem": [
        "abençoar"
      ],
      "ocorrencias": 4,
      "fonte": "",
      "concordancias": [
        {
          "referencia": "Gênesis 32.26",
          "texto": "ele disse: Não te deixarei ir, se me não A.."
        },
        {
          "referencia": "Números 22.6",
          "texto": "porque eu sei que a quem tu À. será"
        },
        {
          "referencia": "1 Crônicas 4.10",
          "texto": "de Israel, dizendo: Se me A. muitíssimo e"
        },
        {
          "referencia": "1 Crônicas 17.27",
          "texto": "Agora, pois, foste servido A. a casa de teu"
        }
      ]
    },
    {
      "palavra": "abençoado",
      "veja tambem": [
        "abençoar"
      ],
      "ocorrencias": 1,
      "fonte": "",
      "concordancias": [
        {
          "referencia": "Gênesis 27.33",
          "texto": "de tudo, antes que tu viesses, e A.; também"
        }
      ]
    },
    {
      "palavra": "abençoasse",
      "veja tambem": [
        "abençoar"
      ],
      "ocorrencias": 2,
      "fonte": "",
      "concordancias": [
        {
          "referencia": "Números 24.1",
          "texto": "aos olhos do Senhor que A. a Israel, não"
        },
        {
          "referencia": "Atos 3.26",
          "texto": "a vós, para que nisso vos À., e vos"
        }
      ]
    },
    {
      "palavra": "abençoaste",
      "veja tambem": [
        "abençoar"
      ],
      "ocorrencias": 5,
      "fonte": "",
      "concordancias": [
        {
          "referencia": "Números 23.11",
          "texto": "meus inimigos, mas eis que inteiramente os Á.."
        },
        {
          "referencia": "Números 24.10",
          "texto": "porém agora já três vezes os A. inteiramente."
        },
        {
          "referencia": "1 Crônicas 17.27",
          "texto": "de ti; porque tu, Senhor, a A., e ficará"
        },
        {
          "referencia": "Jó 1.10",
          "texto": "tem? A obra de suas mãos Á., eo seu"
        },
        {
          "referencia": "S185.1",
          "texto": "Á., Senhor, a tua terra; fizeste regressar os"
        }
      ]
    },
    {
      "palavra": "abençoava",
      "veja tambem": [],
      "ocorrencias": 2,
      "fonte": "",
      "concordancias": [
        {
          "referencia": "Gênesis 26.12",
          "texto": "mesmo ano, cem medidas, porque o Senhor o A.."
        },
        {
          "referencia": "1 Samuel 2.20",
          "texto": "E Eli A. a Elcana e à sua mulher e dizia:"
        }
      ]
    },
    {
      "palavra": "administrem",
      "veja tambem": [],
      "ocorrencias": 4,
      "fonte": "",
      "concordancias": [
        {
          "referencia": "Êxodo 28.41",
          "texto": "e os santificarás, para que me Á. o sacerdócio."
        },
        {
          "referencia": "Êxodo 29.1",
          "texto": "os santificar, para que me 4. o"
        },
        {
          "referencia": "Êxodo 29.44",
          "texto": "e seus filhos, para que me 4. o sacerdócio."
        },
        {
          "referencia": "Êxodo 40.15",
          "texto": "a seu pai, para que me 4. o sacerdócio;"
        }
      ]
    },
    {
      "palavra": "administrou",
      "veja tambem": [],
      "ocorrencias": 2,
      "fonte": "",
      "concordancias": [
        {
          "referencia": "Deuteronômio 10.6",
          "texto": "E Eleazar, seu filho, A. o"
        },
        {
          "referencia": "1 Crônicas 6.10",
          "texto": "a Azarias; este é o que À. o sacerdócio"
        }
      ]
    },
    {
      "palavra": "admirada",
      "veja tambem": [
        "admirar"
      ],
      "ocorrencias": 1,
      "fonte": "",
      "concordancias": [
        {
          "referencia": "Marcos 11.18",
          "texto": "porque toda a multidão estava A. acerca da sua dou-"
        }
      ]
    },
    {
      "palavra": "admirado",
      "veja tambem": [
        "admirar"
      ],
      "ocorrencias": 2,
      "fonte": "",
      "concordancias": [
        {
          "referencia": "Gênesis 24.21",
          "texto": "E o varão estava 4. de vê-la, calando-se, para"
        },
        {
          "referencia": "Marcos 6.6",
          "texto": "E estava À, da incredulidade deles. E percorreu"
        }
      ]
    },
    {
      "palavra": "admirai-vos",
      "veja tambem": [
        "admirar"
      ],
      "ocorrencias": 1,
      "fonte": "",
      "concordancias": [
        {
          "referencia": "Habacuque 1.5",
          "texto": "e olhai, e maravilhai-vos, e 4.; porque"
        }
      ]
    },
    {
      "palavra": "admirando",
      "veja tambem": [],
      "ocorrencias": 2,
      "fonte": "",
      "concordancias": [
        {
          "referencia": "Lucas 24.12",
          "texto": "lenços ali postos; e retirou-se, A. consigo"
        },
        {
          "referencia": "Judas 1.16",
          "texto": "diz coisas mui arrogantes, A. as pessoas"
        }
      ]
    }
  ]
}