{
  "a": [
    {
      "palavra": "admirando-se",
      "veja tambem": [
        "admirar"
      ],
      "ocorrencias": 1,
      "fonte": "Strong's G2296 (θαυμάζω/thaumazō)",
      "concordancias": [
        {
          "referencia": "Marcos 7.37",
          "texto": "E, À. sobremaneira, diziam: Tudo faz bem;"
        }
      ]
    },
    {
      "palavra": "admiraram",
      "veja tambem": [],
      "ocorrencias": 3,
      "fonte": "",
      "concordancias": [
        {
          "referencia": "Marcos 1.27",
          "texto": "E todos se Á., a ponto de perguntarem entre"
        },
        {
          "referencia": "Marcos 2.12",
          "texto": "todos, de sorte que todos se À. e"
        },
        {
          "referencia": "Marcos 10.24",
          "texto": "E os discípulos se À, destas suas palavras;"
        }
      ]
    },
    {
      "palavra": "admiraram-se",
      "veja tambem": [
        "admirar"
      ],
      "ocorrencias": 1,
      "fonte": "",
      "concordancias": [
        {
          "referencia": "Mateus 19.25",
          "texto": "discípulos, ouvindo isso, A. muito,"
        }
      ]
    },
    {
      "palavra": "admiras",
      "veja tambem": [
        "admirar"
      ],
      "ocorrencias": 1,
      "fonte": "",
      "concordancias": [
        {
          "referencia": "Apocalipse 17.7",
          "texto": "o anjo me disse: Por que te A.? Fu te direi o"
        }
      ]
    },
    {
      "palavra": "admirava",
      "veja tambem": [
        "admirar"
      ],
      "ocorrencias": 1,
      "fonte": "",
      "concordancias": [
        {
          "referencia": "Mateus 12.23",
          "texto": "E toda a multidão se A. e dizia: Não é este o"
        }
      ]
    },
    {
      "palavra": "admiravam",
      "veja tambem": [],
      "ocorrencias": 3,
      "fonte": "",
      "concordancias": [
        {
          "referencia": "Marcos 6.2",
          "texto": "e muitos, ouvindo-o, se A., dizendo:"
        },
        {
          "referencia": "Marcos 10.26",
          "texto": "E eles se À, ainda mais, dizendo entre si:"
        },
        {
          "referencia": "Lucas 2.47",
          "texto": "E todos os que o ouviam À. a sua inteligência"
        }
      ]
    },
    {
      "palavra": "admiravam-se",
      "veja tambem": [
        "admirar"
      ],
      "ocorrencias": 1,
      "fonte": "",
      "concordancias": [
        {
          "referencia": "Lucas 4.32",
          "texto": "E À, da sua doutrina, porque a sua palavra"
        }
      ]
    },
    {
      "palavra": "admirável",
      "veja tambem": [
        "admirar"
      ],
      "ocorrencias": 3,
      "fonte": "",
      "concordancias": [
        {
          "referencia": "SI 8.9",
          "texto": "O Senhor, Senhor nosso, quão A. é o teu nome"
        },
        {
          "referencia": "2 Tessalonicenses 1.10",
          "texto": "santos e para se fazer Å., naquele Dia, em"
        },
        {
          "referencia": "Apocalipse 15.1",
          "texto": "E vi outro grande e À. sinal no céu: sete"
        }
      ]
    },
    {
      "palavra": "admirou",
      "veja tambem": [],
      "ocorrencias": 2,
      "fonte": "",
      "concordancias": [
        {
          "referencia": "Mateus 7.28",
          "texto": "este discurso, a multidão se À. da sua doutrina,"
        },
        {
          "referencia": "Marcos 15.44",
          "texto": "E Pilatos se À, de que já estivesse morto. E,"
        }
      ]
    },
    {
      "palavra": "admirou-se",
      "veja tambem": [
        "ad-"
      ],
      "ocorrencias": 1,
      "fonte": "",
      "concordancias": [
        {
          "referencia": "Lucas 11.38",
          "texto": "Mas o fariseu A., vendo que se não lavara"
        }
      ]
    },
    {
      "palavra": "admitas",
      "veja tambem": [],
      "ocorrencias": 2,
      "fonte": "",
      "concordancias": [
        {
          "referencia": "1 Samuel 2.36",
          "texto": "pão, e dirá: Rogo-te que me A. a algum"
        },
        {
          "referencia": "1 Timóteo 5.11",
          "texto": "Mas não Á. as viúvas mais novas, porque, quando"
        }
      ]
    },
    {
      "palavra": "admitir",
      "veja tambem": [],
      "ocorrencias": 1,
      "fonte": "",
      "concordancias": [
        {
          "referencia": "Jeremias 31.15",
          "texto": "Raquel chora seus filhos, sem À. consolação"
        }
      ]
    },
    {
      "palavra": "admitirás",
      "veja tambem": [
        "admitir"
      ],
      "ocorrencias": 1,
      "fonte": "",
      "concordancias": [
        {
          "referencia": "Êxodo 23.1",
          "texto": "Não A. falso rumor e não porás a tua mão com o"
        }
      ]
    },
    {
      "palavra": "admoesta-os",
      "veja tambem": [
        "admoestar"
      ],
      "ocorrencias": 2,
      "fonte": "",
      "concordancias": [
        {
          "referencia": "1 Timóteo 5.1",
          "texto": "asperamente os anciãos, mas A. como a pais;"
        },
        {
          "referencia": "Tito 3.1",
          "texto": "Á. a que se sujeitem aos principados e"
        }
      ]
    },
    {
      "palavra": "admoestado",
      "veja tambem": [
        "admoestar"
      ],
      "ocorrencias": 1,
      "fonte": "",
      "concordancias": [
        {
          "referencia": "Salmos 19.11",
          "texto": "Também por eles é Á. o teu servo; e em os"
        }
      ]
    },
    {
      "palavra": "admoestai-o",
      "veja tambem": [
        "admoestar"
      ],
      "ocorrencias": 1,
      "fonte": "",
      "concordancias": [
        {
          "referencia": "2 Tessalonicenses 3.15",
          "texto": "não o tenhais como inimigo, mas Á. como irmão."
        }
      ]
    },
    {
      "palavra": "admoestai-os",
      "veja tambem": [],
      "ocorrencias": 1,
      "fonte": "",
      "concordancias": [
        {
          "referencia": "2 Crônicas 19.10",
          "texto": "entre estatutos e juízos, A. que se"
        }
      ]
    },
    {
      "palavra": "admoestam",
      "veja tambem": [
        "ad-"
      ],
      "ocorrencias": 1,
      "fonte": "",
      "concordancias": [
        {
          "referencia": "1 Tessalonicenses 5.12",
          "texto": "e que presidem sobre vós no Senhor, e vos A.;"
        }
      ]
    },
    {
      "palavra": "admoestamos",
      "veja tambem": [
        "admoestar"
      ],
      "ocorrencias": 1,
      "fonte": "",
      "concordancias": [
        {
          "referencia": "Atos 5.28",
          "texto": "Não vos Á, nós expressamente que não"
        }
      ]
    },
    {
      "palavra": "admoestando",
      "veja tambem": [
        "admoestar"
      ],
      "ocorrencias": 1,
      "fonte": "",
      "concordancias": [
        {
          "referencia": "Colossenses 1.28",
          "texto": "a quem anunciamos, A. a todo homem e"
        }
      ]
    },
    {
      "palavra": "admoestando-nos",
      "veja tambem": [
        "admoestar"
      ],
      "ocorrencias": 1,
      "fonte": "",
      "concordancias": [
        {
          "referencia": "Hebreus 10.25",
          "texto": "é costume de alguns; antes, Á. uns aos"
        }
      ]
    },
    {
      "palavra": "admoestando-os",
      "veja tambem": [
        "admoestar"
      ],
      "ocorrencias": 2,
      "fonte": "",
      "concordancias": [
        {
          "referencia": "Lucas 3.18",
          "texto": "E assim Á., muitas outras coisas também"
        },
        {
          "referencia": "Lucas 9.21",
          "texto": "E, Á., mandou que a ninguém referissem isso,"
        }
      ]
    },
    {
      "palavra": "admoestando-vos",
      "veja tambem": [
        "admoestar"
      ],
      "ocorrencias": 1,
      "fonte": "",
      "concordancias": [
        {
          "referencia": "Colossenses 13.16",
          "texto": "a sabedoria, ensinando-vos e À. uns aos"
        }
      ]
    },
    {
      "palavra": "admoestar",
      "veja tambem": [],
      "ocorrencias": 3,
      "fonte": "",
      "concordancias": [
        {
          "referencia": "Eclesiastes 4.13",
          "texto": "rei velho e insensato, que se não deixa mais Á.."
        },
        {
          "referencia": "Atos 20.31",
          "texto": "não cessei, noite e dia, de A., com"
        },
        {
          "referencia": "Tito 1.9",
          "texto": "que seja poderoso, tanto para À. com a sã"
        }
      ]
    },
    {
      "palavra": "admoestar-vos",
      "veja tambem": [
        "admoestar"
      ],
      "ocorrencias": 1,
      "fonte": "",
      "concordancias": [
        {
          "referencia": "Romanos 15.14",
          "texto": "de todo o conhecimento, podendo 4. uns"
        }
      ]
    },
    {
      "palavra": "admoestarei",
      "veja tambem": [
        "admoestar"
      ],
      "ocorrencias": 1,
      "fonte": "",
      "concordancias": [
        {
          "referencia": "Salmos 81.8",
          "texto": "Ouve-me, povo meu, e eu te A.. Ah! Israel,"
        }
      ]
    },
    {
      "palavra": "admoestava",
      "veja tambem": [
        "admoestar"
      ],
      "ocorrencias": 1,
      "fonte": "",
      "concordancias": [
        {
          "referencia": "Atos 27.9",
          "texto": "também o jejum já tinha passado, Paulo os Á.,"
        }
      ]
    },
    {
      "palavra": "admoesteis",
      "veja tambem": [
        "ad-"
      ],
      "ocorrencias": 1,
      "fonte": "",
      "concordancias": [
        {
          "referencia": "1 Tessalonicenses 5.14",
          "texto": "também, irmãos, que À. os"
        }
      ]
    },
    {
      "palavra": "admoesto",
      "veja tambem": [
        "admoestar"
      ],
      "ocorrencias": 2,
      "fonte": "",
      "concordancias": [
        {
          "referencia": "Atos 27.22",
          "texto": "Mas, agora, vos À. a que tenhais bom ânimo,"
        },
        {
          "referencia": "1 Pedro 5.1",
          "texto": "que estão entre vós, Á. eu, que sou"
        }
      ]
    },
    {
      "palavra": "admoesto-te",
      "veja tambem": [
        "admoestar"
      ],
      "ocorrencias": 1,
      "fonte": "",
      "concordancias": [
        {
          "referencia": "1 Timóteo 2.1",
          "texto": "Á., pois, antes de tudo, que se façam"
        }
      ]
    },
    {
      "palavra": "admoesto-vos",
      "veja tambem": [],
      "ocorrencias": 2,
      "fonte": "",
      "concordancias": [
        {
          "referencia": "1 Coríntios 4.14",
          "texto": "para vos envergonhar; mas Á. como meus"
        },
        {
          "referencia": "1 Coríntios 4.16",
          "texto": "Á., portanto, a que sejais meus imitadores."
        }
      ]
    },
    {
      "palavra": "admoestou-os",
      "veja tambem": [
        "admoestar"
      ],
      "ocorrencias": 0,
      "fonte": "",
      "concordancias": []
    },
    {
      "palavra": "adna",
      "veja tambem": [],
      "ocorrencias": 4,
      "fonte": "",
      "concordancias": [
        {
          "referencia": "1 Crônicas 12.20",
          "texto": "passaram para ele, de Manassés, Á., e Jozabade, e"
        },
        {
          "referencia": "2 Crônicas 17.14",
          "texto": "chefes dos milhares: o chefe A., e, com ele,"
        },
        {
          "referencia": "Esdras 10.30",
          "texto": "dos filhos de Paate-Moabe: A., e Quelal, e Benaia,"
        },
        {
          "referencia": "Neemias 12.15",
          "texto": "de Harim, A.; de Meraiote, Helcai;"
        }
      ]
    },
    {
      "palavra": "adoeces",
      "veja tambem": [
        "adoecer"
      ],
      "ocorrencias": 2,
      "fonte": "",
      "concordancias": [
        {
          "referencia": "Isaías 57.10",
          "texto": "o que buscavas achaste; por isso, não Á.."
        },
        {
          "referencia": "Isaías 14.10",
          "texto": "e te dirão: Tu também A. como nós e"
        }
      ]
    },
    {
      "palavra": "adoeceu",
      "veja tambem": [
        "adoecer"
      ],
      "ocorrencias": 8,
      "fonte": "",
      "concordancias": [
        {
          "referencia": "2 Samuel 12.15",
          "texto": "de Urias dera a Davi; e a criança Á, gravemente."
        },
        {
          "referencia": "IRs 14.1",
          "texto": "Naquele tempo, A. Abias, filho de Jeroboão."
        },
        {
          "referencia": "IRs 17.17",
          "texto": "destas coisas, sucedeu gue A. o filho desta"
        },
        {
          "referencia": "2 Reis 1.2",
          "texto": "que tinha em Samaria, e À.; e enviou"
        },
        {
          "referencia": "2 Reis 20.1",
          "texto": "Naqueles dias, A. Ezequias de morte; e o profeta"
        },
        {
          "referencia": "2 Crônicas 32.24",
          "texto": "Naqueles dias, Ezequias Á. de morte e orou ao"
        },
        {
          "referencia": "Isaías 38.1",
          "texto": "Naquele dias, Ezequias À, de uma enfermidade"
        },
        {
          "referencia": "Isaías 38.9",
          "texto": "rei de Judá, de quando 4. e sarou de sua enfermidade."
        }
      ]
    },
    {
      "palavra": "adoeci",
      "veja tambem": [],
      "ocorrencias": 2,
      "fonte": "",
      "concordancias": [
        {
          "referencia": "1 Samuel 30.13",
          "texto": "e meu senhor me deixou, porque À. há três dias."
        },
        {
          "referencia": "Mateus 25.36",
          "texto": "estava nu, e vestistes-me; A., e visitastes-me;"
        }
      ]
    },
    {
      "palavra": "adom",
      "veja tambem": [],
      "ocorrencias": 1,
      "fonte": "",
      "concordancias": [
        {
          "referencia": "Neemias 7.61",
          "texto": "Tel-Melá, Tel-Harsa, Querube, À. e Imer, porém não"
        }
      ]
    },
    {
      "palavra": "adoni-bezeque",
      "veja tambem": [],
      "ocorrencias": 3,
      "fonte": "",
      "concordancias": [
        {
          "referencia": "Juízes 1.5",
          "texto": "E acharam a Á. em Bezeque, e pelejaram"
        },
        {
          "referencia": "Juízes 1.6",
          "texto": "Porém A. fugiu; e o seguiram, e o"
        },
        {
          "referencia": "Juízes 1.7",
          "texto": "Então, disse A,: Setenta reis, com os"
        }
      ]
    },
    {
      "palavra": "adoni-zedeque",
      "veja tambem": [],
      "ocorrencias": 2,
      "fonte": "",
      "concordancias": [
        {
          "referencia": "Josué 10.1",
          "texto": "E sucedeu que, ouvindo A., rei de"
        },
        {
          "referencia": "Josué 10.3",
          "texto": "Pelo que A., rei de Jerusalém, enviou"
        }
      ]
    },
    {
      "palavra": "adonias",
      "veja tambem": [],
      "ocorrencias": 26,
      "fonte": "",
      "concordancias": [
        {
          "referencia": "2 Samuel 34",
          "texto": "e o quarto, A., filho de Hagite; e o quinto,"
        },
        {
          "referencia": "1 Reis 1.5",
          "texto": "Então, A., filho de Hagite, se levantou,"
        },
        {
          "referencia": "1 Reis 1.7",
          "texto": "o sacerdote, os quais o ajudavam, seguindo a Á.."
        },
        {
          "referencia": "1 Reis 1.8",
          "texto": "e os valentes que Davi tinha não estavam com A.."
        },
        {
          "referencia": "1 Reis 1.9",
          "texto": "E matou À. ovelhas, e vacas, e bestas cevadas,"
        },
        {
          "referencia": "IRs 1.11",
          "texto": "dizendo: Não ouviste que A., filho de"
        },
        {
          "referencia": "1 Reis 1.13",
          "texto": "assentará no meu trono? Por que, pois, reina A.?"
        },
        {
          "referencia": "IRs 1.18",
          "texto": "E, agora, eis que Å. reina, e, agora, ó rei, meu"
        },
        {
          "referencia": "1 Reis 1.24",
          "texto": "rei, meu senhor, disseste tu: À, reinará depois"
        },
        {
          "referencia": "1 Reis 1.25",
          "texto": "e bebendo perante ele; e dizem: Viva o rei À.!"
        },
        {
          "referencia": "1 Reis 1.41",
          "texto": "E o ouviu Å., e todos os convidados que estavam"
        },
        {
          "referencia": "1 Reis 1.42",
          "texto": "Abiatar, o sacerdote, e disse A.: Entra, porque"
        },
        {
          "referencia": "IRs 1.43",
          "texto": "Jônatas e disse a Á.: Certamente nosso"
        },
        {
          "referencia": "1 Reis 1.49",
          "texto": "convidados que estavam com A.; e cada um se foi"
        },
        {
          "referencia": "1 Reis 1.50",
          "texto": "Porém A. temeu a Salomão, e levantou-se, e foi,"
        },
        {
          "referencia": "IRs 1.51",
          "texto": "a Salomão, dizendo: Eis que À. teme ao rei"
        },
        {
          "referencia": "1 Reis 2.13",
          "texto": "Então, veio A., filho de Hagite, a Bate-Seba,"
        },
        {
          "referencia": "1 Reis 2.19",
          "texto": "rei Salomão, a falar-lhe por 4.; eo rei se"
        },
        {
          "referencia": "IRs 2.21",
          "texto": "Dê-se Abisague, a sunamita, a A., teu irmão, por"
        },
        {
          "referencia": "1 Reis 2.22",
          "texto": "a Abisague, a sunamita, para 4.? Pede também"
        },
        {
          "referencia": "IRs 2.23",
          "texto": "e outro tanto, se não falou Å. esta palavra"
        },
        {
          "referencia": "IRs 2.24",
          "texto": "feito casa, como tinha dito, que hoje morrerá Á.."
        },
        {
          "referencia": "IRs 2.28",
          "texto": "tinha desviado seguindo a A. ainda que se não"
        },
        {
          "referencia": "1 Crônicas 3.2",
          "texto": "Talmai, rei de Gesur; o quarto, A., filho de Hagite;"
        },
        {
          "referencia": "2 Crônicas 17.8",
          "texto": "Asael, e Semiramote, e Jônatas, e A., e Tobias,"
        },
        {
          "referencia": "Neemias 10.16",
          "texto": "A., Bigvai, Adim,"
        }
      ]
    },
    {
      "palavra": "adora",
      "veja tambem": [
        "adorar"
      ],
      "ocorrencias": 4,
      "fonte": "",
      "concordancias": [
        {
          "referencia": "Neemias 9.6",
          "texto": "em vida a todos, e o exército dos céus te Á.."
        },
        {
          "referencia": "2 Tessalonicenses 2.4",
          "texto": "o que se chama Deus ou se A.; de sorte que se"
        },
        {
          "referencia": "Apocalipse 19.10",
          "texto": "que têm o testemunho de Jesus; A. a Deus; porque"
        },
        {
          "referencia": "Apocalipse 22.9",
          "texto": "dos que guardam as palavras deste livro. A. a Deus."
        }
      ]
    },
    {
      "palavra": "adorá-lo",
      "veja tambem": [],
      "ocorrencias": 2,
      "fonte": "",
      "concordancias": [
        {
          "referencia": "Sofonias 2.11",
          "texto": "da terra; e todos virão A., cada um desde"
        },
        {
          "referencia": "Mateus 2.2",
          "texto": "vimos a sua estrela no Oriente e viemos a Á.."
        }
      ]
    },
    {
      "palavra": "adorado",
      "veja tambem": [
        "adorar"
      ],
      "ocorrencias": 1,
      "fonte": "",
      "concordancias": [
        {
          "referencia": "Gênesis 22.5",
          "texto": "iremos até ali: e, havendo A., tornaremos a vós."
        }
      ]
    }
  ]
}