{
  "a": [
    {
      "palavra": "adoradores",
      "veja tambem": [
        "adorar"
      ],
      "ocorrencias": 2,
      "fonte": "Strong's H7812 (שָׁחָה/shachah)",
      "concordancias": [
        {
          "referencia": "Sofonias 3.10",
          "texto": "da Etiópia os meus zelosos Á., a filha da"
        },
        {
          "referencia": "Jó 4.23",
          "texto": "é, em que os verdadeiros Á. adorarão o"
        }
      ]
    },
    {
      "palavra": "adorai",
      "veja tambem": [
        "adorar"
      ],
      "ocorrencias": 4,
      "fonte": "Strong's H7812 (שָׁחָה/shachah)",
      "concordancias": [
        {
          "referencia": "1 Crônicas 16.29",
          "texto": "e vinde perante ele; A. ao Senhor na"
        },
        {
          "referencia": "S129.2",
          "texto": "glória devida ao seu nome; Á. o Senhor na beleza"
        },
        {
          "referencia": "S196.9",
          "texto": "A. ao Senhor na beleza da santidade; tremei"
        },
        {
          "referencia": "Apocalipse 14.7",
          "texto": "éa hora do seu juízo. E À. aquele que fez o"
        }
      ]
    },
    {
      "palavra": "adoraio",
      "veja tambem": [
        "adorar"
      ],
      "ocorrencias": 1,
      "fonte": "Strong's H7812 (שָׁחָה/shachah)",
      "concordancias": [
        {
          "referencia": "S199.9",
          "texto": "ao Senhor, nosso Deus, e Á, no seu santo"
        }
      ]
    },
    {
      "palavra": "adoraim",
      "veja tambem": [],
      "ocorrencias": 0,
      "fonte": "",
      "concordancias": []
    },
    {
      "palavra": "adorais",
      "veja tambem": [
        "adorar"
      ],
      "ocorrencias": 2,
      "fonte": "Strong's H7812 (שָׁחָה/shachah)",
      "concordancias": [
        {
          "referencia": "Daniel 3.14",
          "texto": "não servis a meus deuses nem Á. a estátua de"
        },
        {
          "referencia": "Jó 4.22",
          "texto": "Vós À. o que não sabeis; nós adoramos o que"
        }
      ]
    },
    {
      "palavra": "adoram",
      "veja tambem": [],
      "ocorrencias": 4,
      "fonte": "Strong's H7812 (שָׁחָה/shachah)",
      "concordancias": [
        {
          "referencia": "Mateus 15.9",
          "texto": "Mas em vão me A., ensinando doutrinas que são"
        },
        {
          "referencia": "Jó 4.24",
          "texto": "e importa que os que o 4. o adorem em"
        },
        {
          "referencia": "Apocalipse 11.1",
          "texto": "mede o templo de Deus, e o altar, e os que nele A.."
        },
        {
          "referencia": "Apocalipse 14.11",
          "texto": "de dia nem de noite, os que À. a besta e a sua"
        }
      ]
    },
    {
      "palavra": "adoramos",
      "veja tambem": [
        "adorar"
      ],
      "ocorrencias": 1,
      "fonte": "Strong's H7812 (שָׁחָה/shachah)",
      "concordancias": [
        {
          "referencia": "Jó 4.22",
          "texto": "o que não sabeis; nós 4. o que sabemos"
        }
      ]
    },
    {
      "palavra": "adorando",
      "veja tambem": [
        "adorar"
      ],
      "ocorrencias": 1,
      "fonte": "Strong's H7812 (שָׁחָה/shachah)",
      "concordancias": [
        {
          "referencia": "2 Crônicas 20.18",
          "texto": "se lançaram perante o Senhor, 4. o Senhor."
        }
      ]
    },
    {
      "palavra": "adorando-o",
      "veja tambem": [],
      "ocorrencias": 2,
      "fonte": "Strong's H7812 (שָׁחָה/shachah)",
      "concordancias": [
        {
          "referencia": "Mateus 20.20",
          "texto": "de Zebedeu, com seus filhos, À. e"
        },
        {
          "referencia": "Lucas 24.52",
          "texto": "E, À. eles, tornaram com grande júbilo para Jerusalém."
        }
      ]
    },
    {
      "palavra": "adorar",
      "veja tambem": [],
      "ocorrencias": 17,
      "fonte": "Strong's H7812 (שָׁחָה/shachah)",
      "concordancias": [
        {
          "referencia": "1 Samuel 1.3",
          "texto": "sua cidade de ano em ano a À. e a sacrificar ao"
        },
        {
          "referencia": "2 Samuel 15.32",
          "texto": "chegando Davi ao cume, para A. ali a Deus, eis"
        },
        {
          "referencia": "1 Reis 12.30",
          "texto": "em pecado, pois que o povo ia até Da, cada um a A.."
        },
        {
          "referencia": "2 Reis 5.18",
          "texto": "na casa de Rimom, para ali A., e ele se"
        },
        {
          "referencia": "Isaías 66.23",
          "texto": "outro, virá toda a carne a Á, perante mim, diz"
        },
        {
          "referencia": "Jeremias 26.2",
          "texto": "as cidades de Judá que vêm A. à Casa do Senhor"
        },
        {
          "referencia": "Jeremias 44.19",
          "texto": "fizemos-lhe bolos para a A. e oferecemos-lhe"
        },
        {
          "referencia": "Ezequiel 46.9",
          "texto": "da porta do norte, para A., sairá pelo"
        },
        {
          "referencia": "Daniel 3.6",
          "texto": "se não prostrar e não a Á. será na mesma hora"
        },
        {
          "referencia": "Zacarias 14.17",
          "texto": "não subir a Jerusalém, para Á, o Rei, o Senhor"
        },
        {
          "referencia": "Jó 4.20",
          "texto": "dizeis que é em Jerusalém o lugar onde se deve A.."
        },
        {
          "referencia": "Jó 12.20",
          "texto": "entre os que tinham subido a À, no dia da festa."
        },
        {
          "referencia": "Atos 7.43",
          "texto": "que vós fizestes para as Á.."
        },
        {
          "referencia": "Atos 24.11",
          "texto": "não há mais de doze dias que subi a Jerusalém a 4.;"
        },
        {
          "referencia": "Apocalipse 149",
          "texto": "com grande voz: Se alguém A. a besta e a sua"
        },
        {
          "referencia": "Apocalipse 19.10",
          "texto": "a seus pés para o Á., mas ele disse-me:"
        },
        {
          "referencia": "Apocalipse 22.8",
          "texto": "aos pés do anjo que mas mostrava para o A.."
        }
      ]
    },
    {
      "palavra": "adorará",
      "veja tambem": [],
      "ocorrencias": 1,
      "fonte": "Strong's H7812 (שָׁחָה/shachah)",
      "concordancias": [
        {
          "referencia": "1 Coríntios 14.25",
          "texto": "sobre o seu rosto, À. a Deus,"
        }
      ]
    },
    {
      "palavra": "adoraram",
      "veja tambem": [],
      "ocorrencias": 21,
      "fonte": "Strong's H7812 (שָׁחָה/shachah)",
      "concordancias": [
        {
          "referencia": "Êxodo 4.31",
          "texto": "e que via a sua aflição; e inclinaram-se e Å.."
        },
        {
          "referencia": "1 Samuel 1.19",
          "texto": "de madrugada, e À. perante o"
        },
        {
          "referencia": "2 Crônicas 7.3",
          "texto": "em terra sobre o pavimento, e Å., e louvaram o"
        },
        {
          "referencia": "2 Crônicas 29.29",
          "texto": "quantos com ele se acharam se prostrarame Á.."
        },
        {
          "referencia": "2 Crônicas 29.30",
          "texto": "E o louvaram com alegria, e se inclinaram, e A.."
        },
        {
          "referencia": "Neemias 8.6",
          "texto": "as mãos; e inclinaram-se e À. o Senhor,"
        },
        {
          "referencia": "Neemias 9.3",
          "texto": "quarta parte, fizeram confissão; e À, o Senhor,"
        },
        {
          "referencia": "Daniel 3.7",
          "texto": "os povos, nações e línguas e 4. a estátua"
        },
        {
          "referencia": "Daniel 3.12",
          "texto": "nem a estátua de ouro, que levantaste, A.."
        },
        {
          "referencia": "Mateus 2.11",
          "texto": "sua mãe, e, prostrando-se, o À.; e, abrindo"
        },
        {
          "referencia": "Mateus 28.9",
          "texto": "E elas, chegando, abraçaram os seus pés e o A.."
        },
        {
          "referencia": "Mateus 28.17",
          "texto": "E, quando o viram, o A.; mas alguns duvidaram."
        },
        {
          "referencia": "Jó 4.20",
          "texto": "Nossos pais À. neste monte, e vós dizeis que é"
        },
        {
          "referencia": "Apocalipse 5.14",
          "texto": "anciãos prostraram-se e À, ao que vive"
        },
        {
          "referencia": "Apocalipse 7.11",
          "texto": "diante do trono sobre seu rosto e À, a Deus,"
        },
        {
          "referencia": "Apocalipse 11.16",
          "texto": "Deus, prostraram-se sobre seu rosto e À. a Deus,"
        },
        {
          "referencia": "Apocalipse 13.4",
          "texto": "E À, o dragão que deu à besta o seu poder; e"
        },
        {
          "referencia": "Apocalipse 134",
          "texto": "deu à besta o seu poder; e À. a besta,"
        },
        {
          "referencia": "Apocalipse 19.4",
          "texto": "animais prostraram-se e A. a Deus, assentado"
        },
        {
          "referencia": "Apocalipse 19.20",
          "texto": "receberam o sinal da besta e À, a sua"
        },
        {
          "referencia": "Apocalipse 20.4",
          "texto": "palavra de Deus, e que não Á. a besta nem a"
        }
      ]
    },
    {
      "palavra": "adoraram-na",
      "veja tambem": [
        "adorar"
      ],
      "ocorrencias": 1,
      "fonte": "Strong's H7812 (שָׁחָה/shachah)",
      "concordancias": [
        {
          "referencia": "Apocalipse 13.8",
          "texto": "E À. todos os que habitam sobre a terra,"
        }
      ]
    },
    {
      "palavra": "adoraram-no",
      "veja tambem": [
        "adorar"
      ],
      "ocorrencias": 1,
      "fonte": "Strong's H7812 (שָׁחָה/shachah)",
      "concordancias": [
        {
          "referencia": "Mateus 14.33",
          "texto": "os que estavam no barco e A., dizendo: És"
        }
      ]
    },
    {
      "palavra": "adorarás",
      "veja tambem": [],
      "ocorrencias": 2,
      "fonte": "Strong's H7812 (שָׁחָה/shachah)",
      "concordancias": [
        {
          "referencia": "Mateus 4.10",
          "texto": "escrito: Ao Senhor, teu Deus, À. e só a ele servirás."
        },
        {
          "referencia": "Lucas 4.8",
          "texto": "Satanás, porque está escrito: Á, o Senhor,"
        }
      ]
    },
    {
      "palavra": "adorardes",
      "veja tambem": [],
      "ocorrencias": 3,
      "fonte": "Strong's H7812 (שָׁחָה/shachah)",
      "concordancias": [
        {
          "referencia": "Jeremias 7.2",
          "texto": "que entrais por estas portas, para 4. ao Senhor."
        },
        {
          "referencia": "Daniel 3.15",
          "texto": "de música, para vos prostrardes e À, a"
        },
        {
          "referencia": "Daniel 3.15",
          "texto": "estátua que fiz, bom é; mas, sea não A.,"
        }
      ]
    },
    {
      "palavra": "adorareis",
      "veja tambem": [
        "adorar"
      ],
      "ocorrencias": 2,
      "fonte": "Strong's H7812 (שָׁחָה/shachah)",
      "concordancias": [
        {
          "referencia": "Daniel 3.5",
          "texto": "de música, vos prostrareis e À, a imagem"
        },
        {
          "referencia": "Jó 4.21",
          "texto": "que nem neste monte nem em Jerusalém A, o Pai."
        }
      ]
    },
    {
      "palavra": "adorarem",
      "veja tambem": [
        "adorar"
      ],
      "ocorrencias": 2,
      "fonte": "Strong's H7812 (שָׁחָה/shachah)",
      "concordancias": [
        {
          "referencia": "Zacarias 14.16",
          "texto": "subirão de ano em ano para Á. o Rei, o Senhor"
        },
        {
          "referencia": "Apocalipse 9.20",
          "texto": "obras de suas mãos, para não Á. os demônios e"
        }
      ]
    },
    {
      "palavra": "adorares",
      "veja tambem": [],
      "ocorrencias": 2,
      "fonte": "Strong's H7812 (שָׁחָה/shachah)",
      "concordancias": [
        {
          "referencia": "Mateus 4.9",
          "texto": "Tudo isto te darei se, prostrado, me A.."
        },
        {
          "referencia": "Lucas 4.7",
          "texto": "Portanto, se tu me Á., tudo será teu."
        }
      ]
    },
    {
      "palavra": "adoraria",
      "veja tambem": [
        "adorar"
      ],
      "ocorrencias": 1,
      "fonte": "Strong's H7812 (שָׁחָה/shachah)",
      "concordancias": [
        {
          "referencia": "Daniel 3.10",
          "texto": "sorte de música se prostraria e A. a estátua"
        }
      ]
    },
    {
      "palavra": "adorasse",
      "veja tambem": [
        "adorar"
      ],
      "ocorrencias": 1,
      "fonte": "Strong's H7812 (שָׁחָה/shachah)",
      "concordancias": [
        {
          "referencia": "Daniel 3.11",
          "texto": "que se não prostrasse e A, seria lançado"
        }
      ]
    },
    {
      "palavra": "adorassem",
      "veja tambem": [
        "adorar"
      ],
      "ocorrencias": 2,
      "fonte": "Strong's H7812 (שָׁחָה/shachah)",
      "concordancias": [
        {
          "referencia": "Daniel 3.28",
          "texto": "para que não servissem nem Á, algum"
        },
        {
          "referencia": "Apocalipse 13.15",
          "texto": "mortos todos os que não Á. a imagem da besta."
        }
      ]
    },
    {
      "palavra": "adoravam",
      "veja tambem": [
        "adorar"
      ],
      "ocorrencias": 4,
      "fonte": "Strong's H7812 (שָׁחָה/shachah)",
      "concordancias": [
        {
          "referencia": "Ezequiel 8.16",
          "texto": "o rosto para o oriente; e eles A. o sol,"
        },
        {
          "referencia": "Marcos 15.19",
          "texto": "e cuspiram nele, e, postos de joelhos, o A.."
        },
        {
          "referencia": "Apocalipse 4.10",
          "texto": "assentado sobre o trono, Å. o que vive para"
        },
        {
          "referencia": "Apocalipse 16.2",
          "texto": "tinham o sinal da besta e que Á. a sua imagem."
        }
      ]
    },
    {
      "palavra": "adore",
      "veja tambem": [],
      "ocorrencias": 3,
      "fonte": "Strong's H7812 (שָׁחָה/shachah)",
      "concordancias": [
        {
          "referencia": "1 Samuel 15.25",
          "texto": "o meu pecado e volta comigo, para Rad o Senhor."
        },
        {
          "referencia": "1 Samuel 15.30",
          "texto": "Israel; e volta comigo, para que Á. o Senhor, teu"
        },
        {
          "referencia": "Mateus 2.8",
          "texto": "participai-mo, para que também eu váe o Á.."
        }
      ]
    },
    {
      "palavra": "adorei",
      "veja tambem": [
        "adorar"
      ],
      "ocorrencias": 1,
      "fonte": "Strong's H7812 (שָׁחָה/shachah)",
      "concordancias": [
        {
          "referencia": "Gênesis 24.48",
          "texto": "E, inclinando-me, Á. ao Senhor e bendisse ao"
        }
      ]
    },
    {
      "palavra": "adorem",
      "veja tambem": [],
      "ocorrencias": 5,
      "fonte": "Strong's H7812 (שָׁחָה/shachah)",
      "concordancias": [
        {
          "referencia": "Jó 4.23",
          "texto": "porque o Pai procura a tais que assim o Á.."
        },
        {
          "referencia": "Jó 4.24",
          "texto": "que os que o adoram o À. em espírito e em verdade."
        },
        {
          "referencia": "Hebreus 1.6",
          "texto": "o Primogênito, diz: E todos os anjos de Deus o A.."
        },
        {
          "referencia": "Apocalipse 3.9",
          "texto": "eis que eu farei que venham, e Á. prostrados a"
        },
        {
          "referencia": "Apocalipse 13.12",
          "texto": "eos que nela habitam A. a primeira besta,"
        }
      ]
    },
    {
      "palavra": "adoremos",
      "veja tambem": [
        "adorar"
      ],
      "ocorrencias": 1,
      "fonte": "Strong's H7812 (שָׁחָה/shachah)",
      "concordancias": [
        {
          "referencia": "S195.6",
          "texto": "Ô, vinde, A. e prostremo-nos! Ajoelhemos diante"
        }
      ]
    },
    {
      "palavra": "adormeça",
      "veja tambem": [
        "adormecer"
      ],
      "ocorrencias": 1,
      "fonte": "Strong's H7812 (שָׁחָה/shachah)",
      "concordancias": [
        {
          "referencia": "S113.3",
          "texto": "alumia os meus olhos para que eu não Á. na morte;"
        }
      ]
    },
    {
      "palavra": "adormecem",
      "veja tambem": [],
      "ocorrencias": 1,
      "fonte": "Strong's H7812 (שָׁחָה/shachah)",
      "concordancias": [
        {
          "referencia": "Jó 33.15",
          "texto": "cai sono profundo sobre os homens, e À. na cama,"
        }
      ]
    },
    {
      "palavra": "adormecera",
      "veja tambem": [
        "adormecer"
      ],
      "ocorrencias": 1,
      "fonte": "Strong's H7812 (שָׁחָה/shachah)",
      "concordancias": [
        {
          "referencia": "1 Reis 11.21",
          "texto": "Hadade no Egito que Davi Á. com seus pais"
        }
      ]
    },
    {
      "palavra": "adormeceram",
      "veja tambem": [],
      "ocorrencias": 1,
      "fonte": "Strong's H7812 (שָׁחָה/shachah)",
      "concordancias": [
        {
          "referencia": "Mateus 25.5",
          "texto": "tardando o esposo, tosquenejaram todas e Á.."
        }
      ]
    },
    {
      "palavra": "adormeceu",
      "veja tambem": [
        "adormecer"
      ],
      "ocorrencias": 5,
      "fonte": "Strong's H7812 (שָׁחָה/shachah)",
      "concordancias": [
        {
          "referencia": "Gênesis 2.21",
          "texto": "pesado sobre Adão, e este À.; etomou uma"
        },
        {
          "referencia": "1 Reis 1143",
          "texto": "E Á. Salomão com seus pais e foi sepultado na"
        },
        {
          "referencia": "2 Crônicas 26.2",
          "texto": "a Judá, depois que o rei A. com seus pais."
        },
        {
          "referencia": "Lucas 8.23",
          "texto": "E, navegando eles, A.; e sobreveio uma"
        },
        {
          "referencia": "Atos 7.60",
          "texto": "imputes este pecado. E, tendo dito isto, A.."
        }
      ]
    },
    {
      "palavra": "adormecido",
      "veja tambem": [
        "adormecer"
      ],
      "ocorrencias": 2,
      "fonte": "Strong's H7812 (שָׁחָה/shachah)",
      "concordancias": [
        {
          "referencia": "Daniel 8.18",
          "texto": "caí com o meu rosto em terra, Á.; ele, pois,"
        },
        {
          "referencia": "Daniel 10.9",
          "texto": "caí com o meu rosto em terra, profundamente A.."
        }
      ]
    }
  ]
}