{
  "a": [
    {
      "palavra": "adormecidos",
      "veja tambem": [],
      "ocorrencias": 4,
      "fonte": "Strong's H3462 (יָשֵׁן/yashen)",
      "concordancias": [
        {
          "referencia": "Isaías 56.10",
          "texto": "mudos, não podem ladrar; andam A., estão"
        },
        {
          "referencia": "Mateus 26.40",
          "texto": "os seus discípulos, achou-os Á,; e disse a"
        },
        {
          "referencia": "Mateus 26.43",
          "texto": "voltando, achou-os outra vez Á., porque os"
        },
        {
          "referencia": "Judas 1.8",
          "texto": "também estes, semelhantemente Á., contaminam"
        }
      ]
    },
    {
      "palavra": "adorna",
      "veja tambem": [],
      "ocorrencias": 2,
      "fonte": "",
      "concordancias": [
        {
          "referencia": "Provérbios 15.2",
          "texto": "A língua dos sábios À. a sabedoria, mas a boca"
        },
        {
          "referencia": "Isaías 61.10",
          "texto": "justiça, como um noivo que se À. com atavios e"
        }
      ]
    },
    {
      "palavra": "adornada",
      "veja tambem": [
        "adornar"
      ],
      "ocorrencias": 5,
      "fonte": "",
      "concordancias": [
        {
          "referencia": "Jeremias 31.4",
          "texto": "virgem de Israel! Ainda serás Á. com os teus"
        },
        {
          "referencia": "Mateus 12.44",
          "texto": "E, voltando, acha-a desocupada, varridae Á.."
        },
        {
          "referencia": "Lucas 11.25",
          "texto": "E, chegando, acha-a varrida e A.."
        },
        {
          "referencia": "Apocalipse 17.4",
          "texto": "de púrpura e de escarlata, Á. com ouro, e"
        },
        {
          "referencia": "Apocalipse 18.16",
          "texto": "fino, de púrpura, de escarlata, Á. com ouro e"
        }
      ]
    },
    {
      "palavra": "adornados",
      "veja tambem": [
        "adornar"
      ],
      "ocorrencias": 1,
      "fonte": "",
      "concordancias": [
        {
          "referencia": "Ezequiel 16.16",
          "texto": "e fizeste lugares altos A. de diversas"
        }
      ]
    },
    {
      "palavra": "adornais",
      "veja tambem": [
        "adornar"
      ],
      "ocorrencias": 1,
      "fonte": "",
      "concordancias": [
        {
          "referencia": "Mateus 23.29",
          "texto": "os sepulcros dos profetas e Á. os monumentos"
        }
      ]
    },
    {
      "palavra": "adornará",
      "veja tambem": [
        "adornar"
      ],
      "ocorrencias": 1,
      "fonte": "",
      "concordancias": [
        {
          "referencia": "Salmos 149.4",
          "texto": "se agrada do seu povo; ele Á. os mansos com a sal-"
        }
      ]
    },
    {
      "palavra": "adornavam",
      "veja tambem": [
        "adornar"
      ],
      "ocorrencias": 1,
      "fonte": "",
      "concordancias": [
        {
          "referencia": "1 Pedro 3.5",
          "texto": "Porque assim se A. também antigamente as"
        }
      ]
    },
    {
      "palavra": "adornes",
      "veja tambem": [
        "adornar"
      ],
      "ocorrencias": 1,
      "fonte": "",
      "concordancias": [
        {
          "referencia": "Jeremias 4.30",
          "texto": "de carmesimy ainda que te À. com enfeites"
        }
      ]
    },
    {
      "palavra": "adorno",
      "veja tambem": [
        "ador-"
      ],
      "ocorrencias": 2,
      "fonte": "",
      "concordancias": [
        {
          "referencia": "St73.6",
          "texto": "um colar; vestem-se de violência como de um A.."
        },
        {
          "referencia": "Ezequiel 23.26",
          "texto": "as tuas vestes e te tomarão as tuas joias de A.."
        }
      ]
    },
    {
      "palavra": "adornou",
      "veja tambem": [],
      "ocorrencias": 2,
      "fonte": "",
      "concordancias": [
        {
          "referencia": "2 Crônicas 3.6",
          "texto": "Também a casa 4. de pedras preciosas para"
        },
        {
          "referencia": "Oséias 2.13",
          "texto": "lhe queimou incenso, e se 4. dos seus"
        }
      ]
    },
    {
      "palavra": "adorou",
      "veja tambem": [],
      "ocorrencias": 14,
      "fonte": "",
      "concordancias": [
        {
          "referencia": "Gênesis 24.26",
          "texto": "Então, inclinou-se aquele varão, e À, ao Senhor,"
        },
        {
          "referencia": "Êxodo 12.27",
          "texto": "as nossas casas. Então, o povo inclinou-se e Á.."
        },
        {
          "referencia": "Josué 5.14",
          "texto": "sobre o seu rosto na terra, eo Á., e disse-lhe:"
        },
        {
          "referencia": "Juízes 7.15",
          "texto": "sonho e a sua explicação, A.; e tornou ao"
        },
        {
          "referencia": "1 Samuel 1.28",
          "texto": "pois ao Senhor foi pedido. E ele A. ali ao Senhor."
        },
        {
          "referencia": "1 Samuel 15.31",
          "texto": "se tornou atrás de Saul, e Saul A, ao Senhor."
        },
        {
          "referencia": "2 Samuel 12.20",
          "texto": "e entrou na Casa do Senhor, e A.; então, veio"
        },
        {
          "referencia": "Jó 1.20",
          "texto": "e rapou a sua cabeça, e se lançou em terra, e A."
        },
        {
          "referencia": "Daniel 2.46",
          "texto": "caiu sobre o seu rosto, e A, a Daniel, e"
        },
        {
          "referencia": "Mateus 8.2",
          "texto": "que veio um leproso eo A., dizendo: Senhor,"
        },
        {
          "referencia": "Mateus 9.18",
          "texto": "eis que chegou um chefe eo A., dizendo: Minha"
        },
        {
          "referencia": "Jó 9.38",
          "texto": "Ele disse: Creio, Senhor. E o A.."
        },
        {
          "referencia": "Atos 10.25",
          "texto": "a recebê-lo e, prostrando-se a seus pés, o Á.."
        },
        {
          "referencia": "Hebreus 11.21",
          "texto": "cada um dos filhos de José e A. encostado à"
        }
      ]
    },
    {
      "palavra": "adorou-o",
      "veja tambem": [],
      "ocorrencias": 2,
      "fonte": "",
      "concordancias": [
        {
          "referencia": "Mateus 15.25",
          "texto": "Então, chegou ela e A., dizendo: Senhor, socorre-me."
        },
        {
          "referencia": "Marcos 5.6",
          "texto": "E, quando viu Jesus ao longe, correu e A.."
        }
      ]
    },
    {
      "palavra": "adotou",
      "veja tambem": [],
      "ocorrencias": 1,
      "fonte": "",
      "concordancias": [
        {
          "referencia": "Êxodo 2.10",
          "texto": "à filha de Faraó, a qual o A.; e chamou o seu"
        }
      ]
    },
    {
      "palavra": "adquire",
      "veja tambem": [],
      "ocorrencias": 7,
      "fonte": "",
      "concordancias": [
        {
          "referencia": "Provérbios 3.13",
          "texto": "que acha sabedoria, e o homem que A. conhecimento."
        },
        {
          "referencia": "Provérbios 45",
          "texto": "A. a sabedoria, Á. a inteligência e não te"
        },
        {
          "referencia": "Provérbios 47",
          "texto": "éa coisa principal; A., pois, a"
        },
        {
          "referencia": "Provérbios 4.7",
          "texto": "sim, com tudo o que possuis, Á, o conhecimento."
        },
        {
          "referencia": "Provérbios 15.32",
          "texto": "mas o que escuta a repreensão A. entendimento."
        },
        {
          "referencia": "Provérbios 18.15",
          "texto": "O coração do sábio Á. o conhecimento, e o ouvido"
        },
        {
          "referencia": "Provérbios 19.80",
          "texto": "que A. entendimento ama a sua alma; o que"
        }
      ]
    },
    {
      "palavra": "adquiri",
      "veja tambem": [
        "adquirir"
      ],
      "ocorrencias": 1,
      "fonte": "",
      "concordancias": [
        {
          "referencia": "Eclesiastes 2.7",
          "texto": "À, servos e servas e tive servos nascidos em"
        }
      ]
    },
    {
      "palavra": "adquirido",
      "veja tambem": [
        "adquirir"
      ],
      "ocorrencias": 6,
      "fonte": "",
      "concordancias": [
        {
          "referencia": "Gênesis 12.5",
          "texto": "toda a sua fazenda, que haviam A., e as almas"
        },
        {
          "referencia": "Gênesis 31.18",
          "texto": "a sua fazenda que havia A., o gado que"
        },
        {
          "referencia": "Gênesis 36.6",
          "texto": "e toda a sua fazenda, que havia À. na terra"
        },
        {
          "referencia": "Gênesis 46.6",
          "texto": "e a sua fazenda que tinham A. na terra de"
        },
        {
          "referencia": "Oséias 12.8",
          "texto": "tenho-me enriquecido, tenho A. para mim"
        },
        {
          "referencia": "1 Pedro 2.9",
          "texto": "real, a nação santa, o povo A., para que"
        }
      ]
    },
    {
      "palavra": "adquiridos",
      "veja tambem": [
        "adquirido"
      ],
      "ocorrencias": 1,
      "fonte": "",
      "concordancias": [
        {
          "referencia": "Habacuque 2.9",
          "texto": "em sua casa bens mal Á., para pôr o seu"
        }
      ]
    },
    {
      "palavra": "adquirir",
      "veja tambem": [],
      "ocorrencias": 4,
      "fonte": "",
      "concordancias": [
        {
          "referencia": "Provérbios 15",
          "texto": "em sabedoria, e o instruído À. sábios conselhos;"
        },
        {
          "referencia": "Provérbios 16.16",
          "texto": "Quanto melhor é À, a sabedoria do que o ouro! E"
        },
        {
          "referencia": "Provérbios 16.16",
          "texto": "E quanto mais excelente, À, a prudência do"
        },
        {
          "referencia": "Isaías 11.11",
          "texto": "a estender a mão para Å, outra vez os"
        }
      ]
    },
    {
      "palavra": "adquiriram",
      "veja tambem": [
        "ad-"
      ],
      "ocorrencias": 1,
      "fonte": "",
      "concordancias": [
        {
          "referencia": "Deuteronômio 8.17",
          "texto": "ea fortaleza de meu braço me A. este poder."
        }
      ]
    },
    {
      "palavra": "adquirirei",
      "veja tambem": [
        "adquirir"
      ],
      "ocorrencias": 1,
      "fonte": "",
      "concordancias": [
        {
          "referencia": "Eclesiastes 7.23",
          "texto": "e disse: Sabedoria A.; mas ela ainda"
        }
      ]
    },
    {
      "palavra": "adquirires",
      "veja tambem": [
        "ad-"
      ],
      "ocorrencias": 1,
      "fonte": "",
      "concordancias": [
        {
          "referencia": "Deuteronômio 8.18",
          "texto": "ele é o que te dá força para 4. poder; para"
        }
      ]
    },
    {
      "palavra": "adquiriste",
      "veja tambem": [
        "adquirir"
      ],
      "ocorrencias": 3,
      "fonte": "",
      "concordancias": [
        {
          "referencia": "Êxodo 15.16",
          "texto": "ó Senhor, até que passe este povo que A.."
        },
        {
          "referencia": "Neemias 9.10",
          "texto": "os trataram; e assim te Á. nome, como"
        },
        {
          "referencia": "Ezequiel 28.4",
          "texto": "alcançaste o teu poder e À. ouro e prata"
        }
      ]
    },
    {
      "palavra": "adquiriu",
      "veja tambem": [
        "adquirir"
      ],
      "ocorrencias": 3,
      "fonte": "",
      "concordancias": [
        {
          "referencia": "Deuteronômio 32.6",
          "texto": "Não é ele teu Pai, que te Å., te fez e te estabeleceu?"
        },
        {
          "referencia": "S178.54",
          "texto": "santuário, até este monte que a sua destra A.,"
        },
        {
          "referencia": "Atos 1.18",
          "texto": "Ora, este A. um campo com o galardão da"
        }
      ]
    },
    {
      "palavra": "adrameleque",
      "veja tambem": [],
      "ocorrencias": 3,
      "fonte": "",
      "concordancias": [
        {
          "referencia": "2 Reis 17.31",
          "texto": "seus filhos no fogo a Å. ea"
        },
        {
          "referencia": "2 Reis 19.37",
          "texto": "casa de Nisroque, seu deus, A. e Sarezer,"
        },
        {
          "referencia": "Isaías 37.38",
          "texto": "casa de Nisroque, seu deus, À. e Sarezer,"
        }
      ]
    },
    {
      "palavra": "adramitino",
      "veja tambem": [],
      "ocorrencias": 1,
      "fonte": "",
      "concordancias": [
        {
          "referencia": "Atos 27.2",
          "texto": "embarcando nós em um navio Á., partimos"
        }
      ]
    },
    {
      "palavra": "adriático",
      "veja tambem": [],
      "ocorrencias": 1,
      "fonte": "",
      "concordancias": [
        {
          "referencia": "Atos 27.27",
          "texto": "de uma e outra banda no mar Á., lá pela"
        }
      ]
    },
    {
      "palavra": "adriel",
      "veja tambem": [],
      "ocorrencias": 2,
      "fonte": "",
      "concordancias": [
        {
          "referencia": "1 Samuel 18.19",
          "texto": "a Davi, ela foi dada por mulher a A., meolatita."
        },
        {
          "referencia": "2 Samuel 21.8",
          "texto": "filha de Saul, que tivera de A., filho de"
        }
      ]
    },
    {
      "palavra": "adubada",
      "veja tambem": [],
      "ocorrencias": 5,
      "fonte": "",
      "concordancias": [
        {
          "referencia": "Ezequiel 13.10",
          "texto": "parede de lodo, e outros a rebocam de cal não A.,"
        },
        {
          "referencia": "Ezequiel 13.11",
          "texto": "aos que rebocam de cal não À. que ela cairá."
        },
        {
          "referencia": "Ezequiel 13.14",
          "texto": "que rebocastes de cal não Á. e darei com ela"
        },
        {
          "referencia": "Ezequiel 13.15",
          "texto": "os que a rebocam de cal não A. e vos direi: A"
        },
        {
          "referencia": "Ezequiel 22.28",
          "texto": "eles reboco de cal não A., vendo vaidade, e"
        }
      ]
    },
    {
      "palavra": "adubará",
      "veja tambem": [],
      "ocorrencias": 1,
      "fonte": "",
      "concordancias": [
        {
          "referencia": "Lucas 14.34",
          "texto": "Bom é o sal, mas, se ele degenerar, com que se A.?"
        }
      ]
    },
    {
      "palavra": "adubareis",
      "veja tambem": [],
      "ocorrencias": 1,
      "fonte": "",
      "concordancias": [
        {
          "referencia": "Marcos 9.50",
          "texto": "se tornar insulso, com que o A.? Tende sal em"
        }
      ]
    },
    {
      "palavra": "adufe",
      "veja tambem": [],
      "ocorrencias": 1,
      "fonte": "",
      "concordancias": [
        {
          "referencia": "S181.2",
          "texto": "o saltério etrazeio Á., a harpa suave e o alaúde."
        }
      ]
    },
    {
      "palavra": "adufes",
      "veja tambem": [
        "adufe"
      ],
      "ocorrencias": 4,
      "fonte": "",
      "concordancias": [
        {
          "referencia": "Juízes 11.34",
          "texto": "filha lhe saiu ao encontro com A. e com danças; e"
        },
        {
          "referencia": "1 Samuel 18.6",
          "texto": "Saul, cantando e em danças, com Á., com alegria"
        },
        {
          "referencia": "S168.25",
          "texto": "atrás; entre eles, as donzelas tocando Á.."
        },
        {
          "referencia": "Jeremias 31.4",
          "texto": "serás adornada com os teus Á. e sairás com o"
        }
      ]
    },
    {
      "palavra": "adulamita",
      "veja tambem": [],
      "ocorrencias": 2,
      "fonte": "",
      "concordancias": [
        {
          "referencia": "Gênesis 38.12",
          "texto": "ovelhas, em Timna, ele e Hira, seu amigo, o A.."
        },
        {
          "referencia": "Gênesis 38.20",
          "texto": "por mão do seu amigo, o Á., para tomar o"
        }
      ]
    },
    {
      "palavra": "adultera",
      "veja tambem": [],
      "ocorrencias": 5,
      "fonte": "",
      "concordancias": [
        {
          "referencia": "Provérbios 6.32",
          "texto": "O que Á, com uma mulher é falto de"
        },
        {
          "referencia": "Marcos 10.11",
          "texto": "a sua mulher e casar com outra Å. contra ela."
        },
        {
          "referencia": "Marcos 10.12",
          "texto": "mulher deixar a seu marido e casar com outro, Á.."
        },
        {
          "referencia": "Lucas 16.18",
          "texto": "mulher e casa com outra 4.; e aquele que"
        },
        {
          "referencia": "Lucas 16.18",
          "texto": "que casa com a repudiada pelo marido A. também."
        }
      ]
    }
  ]
}