{
  "a": [
    {
      "palavra": "ajudei",
      "veja tambem": [
        "ajudar"
      ],
      "ocorrencias": 1,
      "fonte": "Strong's H5826 (עָזַר/azar)",
      "concordancias": [
        {
          "referencia": "Isaías 49.8",
          "texto": "ouvi e, no dia da salvação, te A., ete"
        }
      ]
    },
    {
      "palavra": "ajudeis",
      "veja tambem": [
        "ajudar"
      ],
      "ocorrencias": 1,
      "fonte": "Strong's H5826 (עָזַר/azar)",
      "concordancias": [
        {
          "referencia": "Romanos 16.2",
          "texto": "como convém aos santos, e a Á, em qualquer"
        }
      ]
    },
    {
      "palavra": "ajudem",
      "veja tambem": [
        "aju-"
      ],
      "ocorrencias": 2,
      "fonte": "Strong's H5826 (עָזַר/azar)",
      "concordancias": [
        {
          "referencia": "Deuteronômio 32.38",
          "texto": "o vinho? Levantem-se e vos Á., para que haja"
        },
        {
          "referencia": "2 Crônicas 28.23",
          "texto": "lhes sacrificarei, para que me A.. Porém eles"
        }
      ]
    },
    {
      "palavra": "ajudes",
      "veja tambem": [
        "ajudar"
      ],
      "ocorrencias": 1,
      "fonte": "Strong's H5826 (עָזַר/azar)",
      "concordancias": [
        {
          "referencia": "Filipenses 4.3",
          "texto": "verdadeiro companheiro, que A. essas mulheres"
        }
      ]
    },
    {
      "palavra": "ajudo",
      "veja tambem": [
        "ajudar"
      ],
      "ocorrencias": 3,
      "fonte": "Strong's H5826 (עָזַר/azar)",
      "concordancias": [
        {
          "referencia": "Isaías 41.10",
          "texto": "o teu Deus; eu te esforço, e te Å., e te sustento"
        },
        {
          "referencia": "Isaías 41.13",
          "texto": "tua mão direita e te digo: não temas, ae eute Á.."
        },
        {
          "referencia": "Isaías 41.14",
          "texto": "povozinho de Israel; eu te A., diz o Senhor e"
        }
      ]
    },
    {
      "palavra": "ajudou",
      "veja tambem": [
        "ajudar"
      ],
      "ocorrencias": 7,
      "fonte": "Strong's H5826 (עָזַר/azar)",
      "concordancias": [
        {
          "referencia": "1 Samuel 7.12",
          "texto": "nome Ebenézer, e disse: Até aqui nos Å. o Senhor."
        },
        {
          "referencia": "2 Crônicas 18.31",
          "texto": "porém Josafá clamou, e o Senhor o Á.. E Deus os"
        },
        {
          "referencia": "2 Crônicas 26.7",
          "texto": "E Deus o À, contra os filisteus, e contra os"
        },
        {
          "referencia": "2 Crônicas 28.21",
          "texto": "ea deu ao rei da Assíria; porém não o A.."
        },
        {
          "referencia": "Isaías 41.6",
          "texto": "Um ao outro À. e ao seu companheiro disse: Esforça-te!"
        },
        {
          "referencia": "2 Timóteo 1.18",
          "texto": "diante do Senhor. E, quanto me À. em Éfeso,"
        },
        {
          "referencia": "Apocalipse 12.16",
          "texto": "E a terra A. a mulher; e a terra abriu a boca e"
        }
      ]
    },
    {
      "palavra": "ajunta",
      "veja tambem": [
        "ajuntar"
      ],
      "ocorrencias": 29,
      "fonte": "Strong's H622 (אָסַף/asaph)",
      "concordancias": [
        {
          "referencia": "Êxodo 3.16",
          "texto": "Vai, e À. os anciãos de Israel, e dize-lhes: O"
        },
        {
          "referencia": "Levítico 8.3",
          "texto": "e À, toda a congregação à porta da tenda da congrega-"
        },
        {
          "referencia": "Números 20.8",
          "texto": "Toma a vara e Á. a congregação, tu e Arão, teu"
        },
        {
          "referencia": "Números 21.16",
          "texto": "qual o Senhor disse a Moisés: À. o povo, e lhe"
        },
        {
          "referencia": "2 Samuel 12.28",
          "texto": "Á., pois, agora o resto do povo, e cerca a"
        },
        {
          "referencia": "1 Reis 18.19",
          "texto": "Agora, pois, envia, À, a mim todo o Israel no"
        },
        {
          "referencia": "Ester 4.16",
          "texto": "Vai, e À. todos os judeus que se acharem em Susã,"
        },
        {
          "referencia": "S133.7",
          "texto": "Ele À. as águas do mar como num montão; põe os"
        },
        {
          "referencia": "Provérbios 6.8",
          "texto": "no verão o seu pão; na sega Á. o seu mantimento."
        },
        {
          "referencia": "Provérbios 10.5",
          "texto": "O que À. no verão é filho sábio, mas o que dorme"
        },
        {
          "referencia": "Provérbios 13.11",
          "texto": "diminuirá, mas quem a Á. pelo trabalho terá aumen-"
        },
        {
          "referencia": "Provérbios 27.25",
          "texto": "aparecerem os renovos, então, A. as ervas dos mon-"
        },
        {
          "referencia": "Isaías 56.8",
          "texto": "diz o Senhor Jeová, que À, os dispersos de"
        },
        {
          "referencia": "Jeremias 10.17",
          "texto": "A. da terra a tua mercadoria, ó habitante da fortaleza."
        },
        {
          "referencia": "Jeremias 17.11",
          "texto": "Como a perdiz que A. ovos que não choca, assim é"
        },
        {
          "referencia": "Jeremias 17.11",
          "texto": "choca, assim é aquele que A. riquezas, mas não"
        },
        {
          "referencia": "Ezequiel 24.4",
          "texto": "e À, nela bons pedaços de carne, todos os bons"
        },
        {
          "referencia": "Ezequiel 37.17",
          "texto": "E À, um ao outro, para que se unam e se tornem um"
        },
        {
          "referencia": "Habacuque 1.15",
          "texto": "com a sua rede, e os 4. na sua rede"
        },
        {
          "referencia": "Habacuque 2.5",
          "texto": "e, como a morte, que não se farta, A. a si todas"
        },
        {
          "referencia": "Habacuque 2.9",
          "texto": "Ai daquele que A. em sua casa bens mal"
        },
        {
          "referencia": "Mi 12.30",
          "texto": "comigo é contra mim; e quem comigo não A. espa-"
        },
        {
          "referencia": "Mateus 23.37",
          "texto": "os teus filhos, como a galinha À, os seus pintos"
        },
        {
          "referencia": "Lucas 11.23",
          "texto": "comigo é contra mim; e quem comigo não A. espalha."
        },
        {
          "referencia": "Lucas 12.21",
          "texto": "Assim é aquele que para si À, tesouros e não é"
        },
        {
          "referencia": "Lucas 13.34",
          "texto": "os teus filhos, como a galinha A. os seus pintos"
        },
        {
          "referencia": "Jó 436",
          "texto": "ceifa recebe galardão e À. fruto para a vida"
        },
        {
          "referencia": "1 Coríntios 6.16",
          "texto": "Ou não sabeis que o que se À, com a meretriz"
        },
        {
          "referencia": "1 Coríntios 6.17",
          "texto": "Mas o que se 4. com o Senhor é um mesmo espírito."
        }
      ]
    },
    {
      "palavra": "ajunta-a",
      "veja tambem": [
        "ajuntar"
      ],
      "ocorrencias": 2,
      "fonte": "Strong's H622 (אָסַף/asaph)",
      "concordancias": [
        {
          "referencia": "Gênesis 6.21",
          "texto": "toda comida que se come e À, para ti; e te"
        },
        {
          "referencia": "Provérbios 28.8",
          "texto": "fazenda com usura e onzena Á. para o que se"
        }
      ]
    },
    {
      "palavra": "ajuntá-lo",
      "veja tambem": [
        "ajuntar"
      ],
      "ocorrencias": 1,
      "fonte": "Strong's H622 (אָסַף/asaph)",
      "concordancias": [
        {
          "referencia": "Naum 3.18",
          "texto": "pelos montes, sem que haja quem possa A.."
        }
      ]
    },
    {
      "palavra": "ajuntá-los-ei",
      "veja tambem": [],
      "ocorrencias": 2,
      "fonte": "Strong's H622 (אָסַף/asaph)",
      "concordancias": [
        {
          "referencia": "Jeremias 21.4",
          "texto": "têm cercado fora dos muros; e À. no meio"
        },
        {
          "referencia": "Ezequiel 16.37",
          "texto": "todos os que aborreceste, e À. contra"
        }
      ]
    },
    {
      "palavra": "ajunta-me",
      "veja tambem": [],
      "ocorrencias": 2,
      "fonte": "Strong's H622 (אָסַף/asaph)",
      "concordancias": [
        {
          "referencia": "Números 11.16",
          "texto": "E disse o Senhor a Moisés: Á. setenta homens"
        },
        {
          "referencia": "Deuteronômio 4.10",
          "texto": "em Horebe, o Senhor me disse: A. este povo, e"
        }
      ]
    },
    {
      "palavra": "ajunta-nos",
      "veja tambem": [
        "ajun-"
      ],
      "ocorrencias": 1,
      "fonte": "Strong's H622 (אָסַף/asaph)",
      "concordancias": [
        {
          "referencia": "1 Crônicas 16.35",
          "texto": "ó Deus da nossa salvação, e Á., elivra-nos"
        }
      ]
    },
    {
      "palavra": "ajunta-te",
      "veja tambem": [],
      "ocorrencias": 2,
      "fonte": "Strong's H622 (אָסַף/asaph)",
      "concordancias": [
        {
          "referencia": "Mg 5.1",
          "texto": "Agora, A. em esquadrões, ó filha de"
        },
        {
          "referencia": "Atos 8.29",
          "texto": "o Espírito a Filipe: Chega-te e A. a esse carro."
        }
      ]
    },
    {
      "palavra": "ajuntado",
      "veja tambem": [
        "ajuntar"
      ],
      "ocorrencias": 10,
      "fonte": "Strong's H622 (אָסַף/asaph)",
      "concordancias": [
        {
          "referencia": "1 Samuel 13.11",
          "texto": "e os filisteus já se tinham A. em Micmás,"
        },
        {
          "referencia": "2 Reis 22.20",
          "texto": "a teus pais, e tu serás À. em paz à tua"
        },
        {
          "referencia": "2 Crônicas 30.3",
          "texto": "e o povo se não tinha Á. em Jerusalém."
        },
        {
          "referencia": "Ezequiel 29.5",
          "texto": "não serás recolhido nem 4.; aos animais"
        },
        {
          "referencia": "Ezequiel 39.27",
          "texto": "entre os povos, e os houver À. das terras de"
        },
        {
          "referencia": "Jó 20.19",
          "texto": "com medo dos judeus, se tinham A., chegou"
        },
        {
          "referencia": "Atos 10.27",
          "texto": "ele, entrou e achou muitos que ali se haviam A.."
        },
        {
          "referencia": "Atos 19.25",
          "texto": "aos quais, havendo-os A. com os oficiais de"
        },
        {
          "referencia": "Atos 19.32",
          "texto": "mais deles não sabiam por que causa se tinham A.."
        },
        {
          "referencia": "Atos 28.3",
          "texto": "E, havendo Paulo A. uma quantidade de vides e"
        }
      ]
    },
    {
      "palavra": "ajuntados",
      "veja tambem": [
        "ajuntar"
      ],
      "ocorrencias": 1,
      "fonte": "Strong's H622 (אָסַף/asaph)",
      "concordancias": [
        {
          "referencia": "Ly 26.25",
          "texto": "a vingança do concerto; e A. estareis nas"
        }
      ]
    },
    {
      "palavra": "ajuntai",
      "veja tambem": [],
      "ocorrencias": 5,
      "fonte": "Strong's H622 (אָסַף/asaph)",
      "concordancias": [
        {
          "referencia": "Gênesis 31.46",
          "texto": "E disse Jacó a seus irmãos: A. pedras. E tomaram"
        },
        {
          "referencia": "Deuteronômio 31.28",
          "texto": "A. perante mim todos os anciãos das vossas"
        },
        {
          "referencia": "2 Crônicas 24.5",
          "texto": "Saí pelas cidades de Judá e A. dinheiro de"
        },
        {
          "referencia": "Jeremias 7.21",
          "texto": "Exércitos, o Deus de Israel: Á. os vossos"
        },
        {
          "referencia": "Mateus 6.20",
          "texto": "Mas A. tesouros no céu, onde nem a traça nem a"
        }
      ]
    },
    {
      "palavra": "ajuntai-o",
      "veja tambem": [
        "ajuntar"
      ],
      "ocorrencias": 1,
      "fonte": "Strong's H622 (אָסַף/asaph)",
      "concordancias": [
        {
          "referencia": "Mateus 13.30",
          "texto": "para o queimar; mas o trigo, A. no meu celeiro."
        }
      ]
    },
    {
      "palavra": "ajuntai-vos",
      "veja tambem": [
        "ajuntar"
      ],
      "ocorrencias": 10,
      "fonte": "Strong's H622 (אָסַף/asaph)",
      "concordancias": [
        {
          "referencia": "Gênesis 49.1",
          "texto": "Jacó a seus filhos e disse: A., e"
        },
        {
          "referencia": "Gênesis 49.2",
          "texto": "A. e ouvi, filhos de Jacó; e ouvi a Israel,"
        },
        {
          "referencia": "Isaías 48.14",
          "texto": "Á., todos vós, e ouvi: Quem, dentre eles,"
        },
        {
          "referencia": "Jeremias 4.5",
          "texto": "Gritai em alta voz, dizendo: Á., e"
        },
        {
          "referencia": "Jeremias 12.9",
          "texto": "ela em redor; vinde, pois, A., todos os"
        },
        {
          "referencia": "Jeremias 49.14",
          "texto": "às nações, para lhes dizer: A., evinde"
        },
        {
          "referencia": "Ezequiel 39.17",
          "texto": "e a todos os animais do campo: A., evinde,"
        },
        {
          "referencia": "Amós 3.9",
          "texto": "da terra do Egito e dizei: Á. sobre os"
        },
        {
          "referencia": "1 Coríntios 7.5",
          "texto": "aplicardes à oração; e, depois, À. outra"
        },
        {
          "referencia": "Apocalipse 19.17",
          "texto": "pelo meio do céu: Vinde e À. à ceia do"
        }
      ]
    },
    {
      "palavra": "ajuntais",
      "veja tambem": [
        "ajun-"
      ],
      "ocorrencias": 5,
      "fonte": "Strong's H622 (אָסַף/asaph)",
      "concordancias": [
        {
          "referencia": "1 Coríntios 11.17",
          "texto": "não vos louvo, porquanto vos Á., não para"
        },
        {
          "referencia": "1 Coríntios 11.18",
          "texto": "de tudo, ouço que, quando vos A. na igreja, há"
        },
        {
          "referencia": "1 Coríntios 11.20",
          "texto": "De sorte que, quando vos A. num lugar, não é"
        },
        {
          "referencia": "1 Coríntios 11.33",
          "texto": "meus irmãos, quando vos Á, para comer,"
        },
        {
          "referencia": "1 Coríntios 14.26",
          "texto": "pois, irmãos? Quando vos Á., cada um de"
        }
      ]
    },
    {
      "palavra": "ajuntam",
      "veja tambem": [
        "ajuntar"
      ],
      "ocorrencias": 11,
      "fonte": "Strong's H622 (אָסַף/asaph)",
      "concordancias": [
        {
          "referencia": "2 Samuel 14.14",
          "texto": "na terra, que não se A. mais. Deus, pois,"
        },
        {
          "referencia": "Jó 16.10",
          "texto": "me feriram nos queixos e contra mim se Á, todos."
        },
        {
          "referencia": "S159.3",
          "texto": "à minha alma; os fortes se 4. contra mim, sem"
        },
        {
          "referencia": "S1140.2",
          "texto": "mal no coração; continuamente se 4. para a guerra."
        },
        {
          "referencia": "Isaías 5.8",
          "texto": "Ai dos que Á. casa a casa, reúnem herdade a"
        },
        {
          "referencia": "Isaías 10.14",
          "texto": "como a um ninho; e, como se À. os ovos"
        },
        {
          "referencia": "Isaías 49.18",
          "texto": "e olha; todos estes que se A. veem a ti; vivo"
        },
        {
          "referencia": "Ezequiel 22.20",
          "texto": "Como se A. a prata, e o bronze, eo ferro, e o"
        },
        {
          "referencia": "Oséias 7.14",
          "texto": "o trigo e para o vinho se Á., mas contra mim"
        },
        {
          "referencia": "Mateus 6.26",
          "texto": "não semeiam, nem segam, nem A. em celeiros; e"
        },
        {
          "referencia": "Jó 18.20",
          "texto": "onde todos os judeus se Á., e nada disse"
        }
      ]
    },
    {
      "palavra": "ajuntam-se",
      "veja tambem": [
        "ajun-"
      ],
      "ocorrencias": 1,
      "fonte": "Strong's H622 (אָסַף/asaph)",
      "concordancias": [
        {
          "referencia": "Salmos 56.6",
          "texto": "A., escondem-se, espiam os meus passos, como"
        }
      ]
    }
  ]
}