{
  "a": [
    {
      "palavra": "adúltera",
      "veja tambem": [
        "adúltero",
        "adulterar",
        "adultério"
      ],
      "ocorrencias": 10,
      "fonte": "Strong's G3432 (μοιχαλίς/moichalis)",
      "concordancias": [
        {
          "referencia": "Levítico 20.10",
          "texto": "próximo, certamente morrerá o adúltero ea Á.."
        },
        {
          "referencia": "Provérbios 6.26",
          "texto": "pedir um bocado de pão; e a À. anda à caça de"
        },
        {
          "referencia": "Provérbios 30.20",
          "texto": "Tal é o caminho da mulher A.: ela come, e limpa"
        },
        {
          "referencia": "Ezequiel 16.32",
          "texto": "foste como a mulher A., que, em lugar de seu"
        },
        {
          "referencia": "Oséias 3.1",
          "texto": "mulher, amada de seu amigo e A., como o Senhor"
        },
        {
          "referencia": "Mateus 12.39",
          "texto": "e disse: Uma geração má e 4. pede um sinal,"
        },
        {
          "referencia": "Mateus 16.4",
          "texto": "Uma geração má e À. pede um sinal, e nenhum"
        },
        {
          "referencia": "Marcos 8.38",
          "texto": "que, entre esta geração A, e pecadora, se"
        },
        {
          "referencia": "Romanos 7.3",
          "texto": "o marido, será chamada À. se for doutro"
        },
        {
          "referencia": "Romanos 7.3",
          "texto": "está da lei e assim não será A, se for"
        }
      ]
    },
    {
      "palavra": "adulterado",
      "veja tambem": [
        "adulterar",
        "adúltero"
      ],
      "ocorrencias": 1,
      "fonte": "Strong's G3428 (μοιχεύω/moicheuō)",
      "concordancias": [
        {
          "referencia": "Iv 20.10",
          "texto": "a mulher de outro, havendo A. com a mulher"
        }
      ]
    },
    {
      "palavra": "adulteram",
      "veja tambem": [
        "adulterar"
      ],
      "ocorrencias": 3,
      "fonte": "",
      "concordancias": [
        {
          "referencia": "Oséias 4.13",
          "texto": "filhas se prostituem, e as vossas noras Å.."
        },
        {
          "referencia": "Oséias 4.14",
          "texto": "nem vossas noras, quando À.; porque eles"
        },
        {
          "referencia": "Apocalipse 2.22",
          "texto": "numa cama, e sobre os que 4. com ela virá"
        }
      ]
    },
    {
      "palavra": "adulterando",
      "veja tambem": [
        "adulterar"
      ],
      "ocorrencias": 2,
      "fonte": "",
      "concordancias": [
        {
          "referencia": "Números 15.39",
          "texto": "após os vossos olhos, após os quais andais 4.."
        },
        {
          "referencia": "Jó 8.4",
          "texto": "esta mulher foi apanhada, no próprio ato, Á.,"
        }
      ]
    },
    {
      "palavra": "adulterar",
      "veja tambem": [],
      "ocorrencias": 3,
      "fonte": "",
      "concordancias": [
        {
          "referencia": "Levítico 20.10",
          "texto": "Também o homem que A. com a mulher de outro,"
        },
        {
          "referencia": "Oséias 4.2",
          "texto": "eo matar, eo furta, eo A., ehá"
        },
        {
          "referencia": "Romanos 2.22",
          "texto": "que dizes que não se deve Á., adulteras? Tu,"
        }
      ]
    },
    {
      "palavra": "adulteraram",
      "veja tambem": [],
      "ocorrencias": 3,
      "fonte": "",
      "concordancias": [
        {
          "referencia": "Jeremias 5.7",
          "texto": "depois de os eu ter fartado, A, e em casa"
        },
        {
          "referencia": "Ezequiel 23.37",
          "texto": "Porque A., e sangue se acha nas suas mãos;"
        },
        {
          "referencia": "Ezequiel 23.37",
          "texto": "mãos; com os seus ídolos Á., e até os"
        }
      ]
    },
    {
      "palavra": "adulterarás",
      "veja tambem": [
        "adulterar"
      ],
      "ocorrencias": 4,
      "fonte": "",
      "concordancias": [
        {
          "referencia": "Êxodo 20.14",
          "texto": "Não A.."
        },
        {
          "referencia": "Marcos 10.19",
          "texto": "sabes os mandamentos: Não A.; não matarás;"
        },
        {
          "referencia": "Lucas 18.20",
          "texto": "Sabes os mandamentos: Não A., não matarás,"
        },
        {
          "referencia": "Romanos 13.9",
          "texto": "Com efeito: Não A., não matarás, não"
        }
      ]
    },
    {
      "palavra": "adulteras",
      "veja tambem": [
        "adulterar"
      ],
      "ocorrencias": 1,
      "fonte": "",
      "concordancias": [
        {
          "referencia": "Romanos 2.22",
          "texto": "que não se deve adulterar, A.? Tu, que"
        }
      ]
    },
    {
      "palavra": "adúlteras",
      "veja tambem": [],
      "ocorrencias": 4,
      "fonte": "",
      "concordancias": [
        {
          "referencia": "Ezequiel 16.38",
          "texto": "como são julgadas as Å. e as que"
        },
        {
          "referencia": "Ezequiel 23.45",
          "texto": "julgarão como se julgam as 4. e como se julgam"
        },
        {
          "referencia": "Ezequiel 23.45",
          "texto": "derramam o sangue; porque A. são, e sangue"
        },
        {
          "referencia": "Tiago 44",
          "texto": "Adúlteros e AÁ., não sabeis vós que a amizade"
        }
      ]
    },
    {
      "palavra": "adultério",
      "veja tambem": [],
      "ocorrencias": 16,
      "fonte": "",
      "concordancias": [
        {
          "referencia": "Gênesis 38.24",
          "texto": "e eis que está pejada do A.. Então,"
        },
        {
          "referencia": "Isaías 57.3",
          "texto": "da agoureira, semente de A. e de prostituição."
        },
        {
          "referencia": "Jeremias 3.8",
          "texto": "tudo isso, por ter cometido A., a rebelde"
        },
        {
          "referencia": "Jeremias 7.9",
          "texto": "e matareis, e cometereis A., e jurareis"
        },
        {
          "referencia": "Jeremias 29.23",
          "texto": "em Israel, e cometeram Å. com as mulheres"
        },
        {
          "referencia": "Mateus 5.27",
          "texto": "que foi dito aos antigos: Não cometerás A.."
        },
        {
          "referencia": "Mateus 5.28",
          "texto": "a cobiçar já em seu coração cometeu A. com ela."
        },
        {
          "referencia": "Mateus 5.32",
          "texto": "faz que ela cometa 4.; e qualquer"
        },
        {
          "referencia": "Mateus 5.32",
          "texto": "e qualquer que casar com a repudiada comete A.."
        },
        {
          "referencia": "Mateus 19.9",
          "texto": "e casar com outra, comete A.; eo que"
        },
        {
          "referencia": "Mateus 19.9",
          "texto": "e o que casar com a repudiada também comete A.."
        },
        {
          "referencia": "Mateus 19.18",
          "texto": "Não matarás, não cometerás Å., não"
        },
        {
          "referencia": "Jó 8.3",
          "texto": "trouxeram-lhe uma mulher apanhada em A.."
        },
        {
          "referencia": "Tiago 2.11",
          "texto": "que disse: Não cometerás A. também disse:"
        },
        {
          "referencia": "Tiago 2.11",
          "texto": "Se tu, pois, não cometeres Á., mas"
        },
        {
          "referencia": "2 Pedro 2.14",
          "texto": "tendo os olhos cheios de À. e não cessando de"
        }
      ]
    },
    {
      "palavra": "adultérios",
      "veja tambem": [
        "adultério"
      ],
      "ocorrencias": 6,
      "fonte": "",
      "concordancias": [
        {
          "referencia": "J 13.27",
          "texto": "tuas abominações, e os teus Á., eosteus"
        },
        {
          "referencia": "Jeremias 23.14",
          "texto": "uma coisa horrenda: cometem Á., e andam com"
        },
        {
          "referencia": "Ezequiel 23.43",
          "texto": "disse eu à envelhecida em A.: Agora deveras"
        },
        {
          "referencia": "Oséias 2.2",
          "texto": "da sua face e os seus Á. de entre os"
        },
        {
          "referencia": "Mateus 15.19",
          "texto": "os maus pensamentos, mortes, Á.,"
        },
        {
          "referencia": "Marcos 7.21",
          "texto": "os maus pensamentos, os A. as"
        }
      ]
    },
    {
      "palavra": "adultero",
      "veja tambem": [],
      "ocorrencias": 2,
      "fonte": "",
      "concordancias": [
        {
          "referencia": "Levítico 20.10",
          "texto": "próximo, certamente morrerá o Á. e a adúltera."
        },
        {
          "referencia": "Jó 24.15",
          "texto": "Assim como os olhos do À. aguardam o"
        }
      ]
    },
    {
      "palavra": "adúlteros",
      "veja tambem": [
        "adúltero"
      ],
      "ocorrencias": 9,
      "fonte": "",
      "concordancias": [
        {
          "referencia": "S150.18",
          "texto": "consentes com ele; e tens a tua parte com Á.."
        },
        {
          "referencia": "Jeremias 9.2",
          "texto": "dele, porque todos eles são A., são um bando"
        },
        {
          "referencia": "Jeremias 23.10",
          "texto": "a terra está cheia de Á. e a terra chora"
        },
        {
          "referencia": "Oséias 7.4",
          "texto": "Todos eles são A.: semelhantes são ao forno"
        },
        {
          "referencia": "MI3.5",
          "texto": "os feiticeiros, e contra os Á., e contra os"
        },
        {
          "referencia": "Lucas 18.11",
          "texto": "homens, roubadores, injustos e A.; nem"
        },
        {
          "referencia": "1 Coríntios 6.10",
          "texto": "nem os idólatras, nem os Á., nem os"
        },
        {
          "referencia": "Hebreus 13.4",
          "texto": "se dão à prostituição e aos À, Deus os julgará."
        },
        {
          "referencia": "Tiago 4.4",
          "texto": "A. e adúlteras, não sabeis vós que a amizade"
        }
      ]
    },
    {
      "palavra": "adulterou",
      "veja tambem": [
        "adulterar"
      ],
      "ocorrencias": 3,
      "fonte": "",
      "concordancias": [
        {
          "referencia": "Gênesis 38.24",
          "texto": "Judá, dizendo: Tamar, tua nora, À. e eis que"
        },
        {
          "referencia": "Juízes 19.2",
          "texto": "Porém a sua concubina Á. contra ele, e foi"
        },
        {
          "referencia": "Jeremias 3.9",
          "texto": "contaminou a terra; porque Á. com a pedra e"
        }
      ]
    },
    {
      "palavra": "adultos",
      "veja tambem": [],
      "ocorrencias": 1,
      "fonte": "",
      "concordancias": [
        {
          "referencia": "1 Coríntios 14.20",
          "texto": "mas sede meninos na malícia e Á, no entendimento."
        }
      ]
    },
    {
      "palavra": "adumim",
      "veja tambem": [],
      "ocorrencias": 2,
      "fonte": "",
      "concordancias": [
        {
          "referencia": "Josué 15.7",
          "texto": "a qual está à subida de A., que está para o"
        },
        {
          "referencia": "Josué 18.17",
          "texto": "está defronte da subida de A., e descia à"
        }
      ]
    },
    {
      "palavra": "advenha",
      "veja tambem": [],
      "ocorrencias": 1,
      "fonte": "",
      "concordancias": [
        {
          "referencia": "MI 3.10",
          "texto": "uma bênção tal, que dela vos A. a maior abastança."
        }
      ]
    },
    {
      "palavra": "adversário",
      "veja tambem": [],
      "ocorrencias": 26,
      "fonte": "",
      "concordancias": [
        {
          "referencia": "Êxodo 23.22",
          "texto": "inimigo dos teus inimigos e A. dos teus adversários."
        },
        {
          "referencia": "Números 22.22",
          "texto": "pôs-se-lhe no caminho por 4.; e ele ia"
        },
        {
          "referencia": "Números 22.32",
          "texto": "Eis que eu saí para ser teu A., porquanto o"
        },
        {
          "referencia": "1 Samuel 29.4",
          "texto": "não se nos torne na batalha em A.; porque com"
        },
        {
          "referencia": "1 Reis 5.4",
          "texto": "descanso de todos os lados; À. não há, nem"
        },
        {
          "referencia": "1 Reis 11.14",
          "texto": "pois, o Senhor a Salomão um A., a Hadade, o"
        },
        {
          "referencia": "IRs 11.23",
          "texto": "Deus lhe levantou outro A., a Rezom, filho"
        },
        {
          "referencia": "1 Reis 11.25",
          "texto": "E foi À. de Israel por todos os dias de"
        },
        {
          "referencia": "Ester 3.10",
          "texto": "filho de Hamedata, agagita, A. dos judeus."
        },
        {
          "referencia": "Jó 16.9",
          "texto": "dentes contra mim; aguça o meu À. os olhos"
        },
        {
          "referencia": "Jó 31.35",
          "texto": "me responda e que o meu À, escreva um livro."
        },
        {
          "referencia": "S174.10",
          "texto": "ó Deus, nos afrontará o 4.? Blasfemará o"
        },
        {
          "referencia": "S178.42",
          "texto": "da sua mão, nem do dia em que os livrou do À.;"
        },
        {
          "referencia": "Isaías 50.8",
          "texto": "juntamente; quem é meu Á,? Chegue-se"
        },
        {
          "referencia": "Lamentações 1.5",
          "texto": "filhinhos vão em cativeiro na frente do A.."
        },
        {
          "referencia": "Lamentações 1.7",
          "texto": "caía o seu povo na mão do Á., e ela não"
        },
        {
          "referencia": "Lamentações 1.10",
          "texto": "Estendeu o À. a sua mão a todas as coisas"
        },
        {
          "referencia": "Lamentações 2.4",
          "texto": "firmou a sua destra como Á, e matou tudo o"
        },
        {
          "referencia": "Lamentações 4.12",
          "texto": "do mundo, que entrasse o Á. e o inimigo"
        },
        {
          "referencia": "Mateus 5.25",
          "texto": "depressa com o teu A., enquanto estás"
        },
        {
          "referencia": "Mateus 5.25",
          "texto": "para que não aconteça que o À. te entregue"
        },
        {
          "referencia": "Lucas 12.58",
          "texto": "Quando, pois, vais com o teu À. ao"
        },
        {
          "referencia": "Lucas 18.3",
          "texto": "ele, dizendo: Faze-me justiça contra o meu A.."
        },
        {
          "referencia": "1 Timóteo 5.14",
          "texto": "a casa e não deem ocasião ao À. de maldizer."
        },
        {
          "referencia": "Tito 2.8",
          "texto": "irrepreensível, para que o A.se envergonhe,"
        },
        {
          "referencia": "1 Pedro 5.8",
          "texto": "vigiai, porque o diabo, vosso Á., anda em"
        }
      ]
    },
    {
      "palavra": "adoração",
      "veja tambem": [
        "louvor",
        "culto",
        "reverência"
      ],
      "ocorrencias": 2,
      "fonte": "Strong's H7812 (שָׁחָה/shachah)",
      "concordancias": [
        {
          "referencia": "João 4:23",
          "texto": "Mas a hora vem, e agora é, em que os verdadeiros adoradores adorarão o Pai em espírito e em verdade; porque o Pai procura a tais que assim o adorem."
        },
        {
          "referencia": "Apocalipse 7:11",
          "texto": "E todos os anjos estavam ao redor do trono, e dos anciãos, e dos quatro animais; e prostraram-se sobre seus rostos diante do trono, e adoraram a Deus."
        }
      ]
    }
  ]
}