{
  "a": [
    {
      "palavra": "amém",
      "veja tambem": [
        "assim seja",
        "verdade",
        "certamente"
      ],
      "ocorrencias": 2,
      "fonte": "Strong's H543 (אָמֵן/amen) e G281 (ἀμήν/amen)",
      "concordancias": [
        {
          "referencia": "Apocalipse 3:14",
          "texto": "Ao anjo da igreja em Laodiceia escreve: Isto diz o Amém, a testemunha fiel e verdadeira, o princípio da criação de Deus."
        },
        {
          "referencia": "2 Coríntios 1:20",
          "texto": "Porque todas as promessas de Deus nele são sim; e por ele o Amém, para glória de Deus por nosso intermédio."
        }
      ]
    }
  ]
}