{
  "a": [
    {
      "palavra": "ajuntamento",
      "veja tambem": [
        "ajuntar"
      ],
      "ocorrencias": 29,
      "fonte": "Strong's H6951 (קָהָל/qahal)",
      "concordancias": [
        {
          "referencia": "Gênesis 1.10",
          "texto": "à porção seca Terra; e ao A. das águas"
        },
        {
          "referencia": "Êxodo 7.19",
          "texto": "os seus tanques e sobre todo o À, das suas"
        },
        {
          "referencia": "Êxodo 12.6",
          "texto": "dia deste mês, e todo 0 A. da"
        },
        {
          "referencia": "Números 14.5",
          "texto": "seus rostos perante todo o À. dos filhos de Israel."
        },
        {
          "referencia": "Números 16.2",
          "texto": "da congregação, chamados ao A., varões de nome."
        },
        {
          "referencia": "Juízes 21.5",
          "texto": "de Israel não subiu ao A. ao Senhor?"
        },
        {
          "referencia": "Juízes 21.10",
          "texto": "Então, o 4. enviou lá doze mil homens dos"
        },
        {
          "referencia": "Juízes 21.13",
          "texto": "Então, todo o À. enviou, e falou aos filhos"
        },
        {
          "referencia": "Juízes 21.16",
          "texto": "E disseram os anciãos do A.: Que faremos"
        },
        {
          "referencia": "2 Samuel 22.12",
          "texto": "as trevas ao redor de si, A. de águas,"
        },
        {
          "referencia": "Neemias 5.7",
          "texto": "seu irmão. E ajuntei contra eles um grande A.."
        },
        {
          "referencia": "Jó 15.34",
          "texto": "Porque o À. dos hipócritas se fará estéril,"
        },
        {
          "referencia": "Jó 30.23",
          "texto": "à morte e à casa do À. destinada a"
        },
        {
          "referencia": "Salmos 7.7",
          "texto": "Assim, te rodeará o A. de povos; por causa"
        },
        {
          "referencia": "S122.16",
          "texto": "Pois me rodearam cães; o 4, de malfeitores"
        },
        {
          "referencia": "S168.27",
          "texto": "príncipes de Judá com o seu Á., os"
        },
        {
          "referencia": "Provérbios 5.14",
          "texto": "o mal me achei no meio da congregação e do A.."
        },
        {
          "referencia": "Isaías 1.13",
          "texto": "suportar iniquidade, nem mesmo o A. solene."
        },
        {
          "referencia": "Lamentações 1.15",
          "texto": "mim; apregoou contra mim um Á., para"
        },
        {
          "referencia": "Ezequiel 16.40",
          "texto": "farão subir contra ti um A., ete"
        },
        {
          "referencia": "Ezequiel 23.24",
          "texto": "carretas e rodas e com Á. de povos; e"
        },
        {
          "referencia": "Ezequiel 32.3",
          "texto": "sobre ti a minha rede com À. de muitos"
        },
        {
          "referencia": "Ezequiel 32.22",
          "texto": "está Assur com todo o seu À.; em redor dele"
        },
        {
          "referencia": "Ezequiel 32.23",
          "texto": "interior da cova, e o seu Á, está em redor"
        },
        {
          "referencia": "Ezequiel 38.15",
          "texto": "montados todos a cavalo, grande Á. e"
        },
        {
          "referencia": "Atos 19.32",
          "texto": "outros, de outra, porque o 4. era"
        },
        {
          "referencia": "Atos 19.39",
          "texto": "demandais, averiguar-se-á em legítimo Á.."
        },
        {
          "referencia": "Atos 19.41",
          "texto": "E, tendo dito isto, despediu o A.."
        },
        {
          "referencia": "Tiago 2.2",
          "texto": "Porque, se no vosso À. entrar algum homem"
        }
      ]
    },
    {
      "palavra": "ajuntamentos",
      "veja tambem": [
        "ajuntamento"
      ],
      "ocorrencias": 0,
      "fonte": "Strong's H6951 (קָהָל/qahal)",
      "concordancias": []
    },
    {
      "palavra": "ajuntando",
      "veja tambem": [
        "ajuntar"
      ],
      "ocorrencias": 4,
      "fonte": "Strong's H622 (אָסַף/asaph)",
      "concordancias": [
        {
          "referencia": "Números 10.7",
          "texto": "Porém, A. a congregação, as tocareis, mas sem retinir."
        },
        {
          "referencia": "Lucas 15.13",
          "texto": "depois, o filho mais novo, Å, tudo, partiu"
        },
        {
          "referencia": "Atos 15.30",
          "texto": "partiram para Antioquia e, Å, a multidão,"
        },
        {
          "referencia": "Atos 17.5",
          "texto": "perversos dentre os vadios, e, À. o povo,"
        }
      ]
    },
    {
      "palavra": "ajuntando-se",
      "veja tambem": [
        "ajuntar"
      ],
      "ocorrencias": 7,
      "fonte": "Strong's H622 (אָסַף/asaph)",
      "concordancias": [
        {
          "referencia": "Êxodo 38.8",
          "texto": "mulheres que se ajuntavam, 4. à porta da"
        },
        {
          "referencia": "Números 16.42",
          "texto": "E aconteceu que, 4. a congregação contra"
        },
        {
          "referencia": "Ester 2.8",
          "texto": "mandado do rei e a sua lei e A. muitas"
        },
        {
          "referencia": "Lucas 84",
          "texto": "E, A. uma grande multidão, e vindo ter com"
        },
        {
          "referencia": "Lucas 11.29",
          "texto": "E, A. a multidão, começou a dizer: Maligna"
        },
        {
          "referencia": "Lucas 12.1",
          "texto": "A., entretanto, muitos milhares de pessoas,"
        },
        {
          "referencia": "Atos 20.7",
          "texto": "No primeiro dia da semana, A. os discípulos"
        }
      ]
    },
    {
      "palavra": "ajuntar",
      "veja tambem": [],
      "ocorrencias": 19,
      "fonte": "Strong's H622 (אָסַף/asaph)",
      "concordancias": [
        {
          "referencia": "Gênesis 29.7",
          "texto": "é muito dia, não é tempo de A. o gado; dai de"
        },
        {
          "referencia": "Êxodo 35.1",
          "texto": "Então, fez Moisés A. toda a congregação dos"
        },
        {
          "referencia": "Êxodo 36.18",
          "texto": "colchetes de metal para A. a tenda, para que"
        },
        {
          "referencia": "Números 8.9",
          "texto": "da congregação; e farás A.todaa"
        },
        {
          "referencia": "Números 16.19",
          "texto": "E Corá fez À, contra eles toda a congregação à"
        },
        {
          "referencia": "2 Samuel 6.1",
          "texto": "E tornou Davi a Á. todos os escolhidos de"
        },
        {
          "referencia": "Jó 38.31",
          "texto": "Ou poderás tu Á. as cadeias do Sete-estrelo ou"
        },
        {
          "referencia": "Provérbios 21.6",
          "texto": "Trabalhar por A. tesouro com língua falsa é uma"
        },
        {
          "referencia": "Eclesiastes 3.5",
          "texto": "espalhar pedras e tempo de A. pedras; tempo de"
        },
        {
          "referencia": "Isaías 49.5",
          "texto": "Jacó; mas Israel não se deixou Á.; contudo, aos"
        },
        {
          "referencia": "Isaías 54.15",
          "texto": "não será por mim; quem se 4. contra ti, cairá"
        }
      ]
    },
    {
      "palavra": "ajuntar-se",
      "veja tambem": [
        "ajuntar"
      ],
      "ocorrencias": 4,
      "fonte": "Strong's H622 (אָסַף/asaph)",
      "concordancias": [
        {
          "referencia": "Levítico 18.23",
          "texto": "porá perante um animal, para Á. com ele:"
        },
        {
          "referencia": "Atos 5.13",
          "texto": "aos outros, ninguém ousava À. com eles; mas"
        },
        {
          "referencia": "Atos 9.26",
          "texto": "a Jerusalém, procurava À. aos"
        },
        {
          "referencia": "Atos 10.28",
          "texto": "é lícito a um varão judeu Á. ou chegar-se a"
        }
      ]
    },
    {
      "palavra": "ajuntar-se-á",
      "veja tambem": [
        "ajuntar"
      ],
      "ocorrencias": 1,
      "fonte": "Strong's H622 (אָסַף/asaph)",
      "concordancias": [
        {
          "referencia": "Isaías 33.4",
          "texto": "Então, 4. o vosso despojo como se apanha o"
        }
      ]
    },
    {
      "palavra": "ajuntar-te",
      "veja tambem": [
        "ajuntar"
      ],
      "ocorrencias": 1,
      "fonte": "Strong's H622 (אָסַף/asaph)",
      "concordancias": [
        {
          "referencia": "Deuteronômio 30.3",
          "texto": "se apiedará de ti, e tornará a 4, dentre"
        }
      ]
    },
    {
      "palavra": "ajuntar-vos",
      "veja tambem": [
        "ajuntar"
      ],
      "ocorrencias": 1,
      "fonte": "Strong's H622 (אָסַף/asaph)",
      "concordancias": [
        {
          "referencia": "Ezequiel 11.17",
          "texto": "diz o Senhor Jeová: Hei de A, do meio dos"
        }
      ]
    },
    {
      "palavra": "ajuntara",
      "veja tambem": [
        "ajuntar"
      ],
      "ocorrencias": 1,
      "fonte": "Strong's H622 (אָסַף/asaph)",
      "concordancias": [
        {
          "referencia": "Lucas 23.48",
          "texto": "E toda a multidão que se A. a este espetáculo,"
        }
      ]
    },
    {
      "palavra": "ajuntará",
      "veja tambem": [
        "ajuntar"
      ],
      "ocorrencias": 7,
      "fonte": "Strong's H622 (אָסַף/asaph)",
      "concordancias": [
        {
          "referencia": "Gênesis 29.34",
          "texto": "dizendo: Agora, esta vez se À, meu marido"
        },
        {
          "referencia": "Números 19.9",
          "texto": "E um homem limpo Á. a cinza da bezerra e a porá"
        },
        {
          "referencia": "Deuteronômio 30.4",
          "texto": "do céu, desde ali te A. o Senhor teu"
        },
        {
          "referencia": "Isaías 11.12",
          "texto": "pendao entre as nações, e Á. os desterrados"
        },
        {
          "referencia": "Isaías 34.16",
          "texto": "boca o ordenou, e o seu espírito mesmo as Á.."
        },
        {
          "referencia": "Marcos 13.27",
          "texto": "enviará os seus anjos e Á. os seus"
        },
        {
          "referencia": "Lucas 3.17",
          "texto": "mão, e limpará a sua eira, e Á, o trigo no seu"
        }
      ]
    }
  ]
}