{
  "a": [
    {
      "palavra": "ajuntaram",
      "veja tambem": [
        "ajuntar"
      ],
      "ocorrencias": 53,
      "fonte": "Strong's H622 (אָסַף/asaph)",
      "concordancias": [
        {
          "referencia": "Gênesis 14.3",
          "texto": "Todos estes se Á. no vale de Sidim (que é o"
        },
        {
          "referencia": "Êxodo 4.29",
          "texto": "foram Moisés e Arão e À. todos os"
        },
        {
          "referencia": "Êxodo 32.26",
          "texto": "Senhor, venha a mim. Então, se Á. a ele todos"
        },
        {
          "referencia": "Números 1.18",
          "texto": "e À, toda a congregação no primeiro dia do"
        },
        {
          "referencia": "Josué 9.2",
          "texto": "se À, eles de comum acordo, para pelejar"
        },
        {
          "referencia": "Josué 10.5",
          "texto": "Então, se À. e subiram cinco reis dos"
        },
        {
          "referencia": "Josué 10.6",
          "texto": "que habitam na montanha se 4. contra nós."
        },
        {
          "referencia": "Josué 11.5",
          "texto": "Todos esses reis se Á., e vieram, e se"
        },
        {
          "referencia": "Juízes 6.33",
          "texto": "e os filhos do Oriente se Á. num corpo, e"
        },
        {
          "referencia": "Juízes 6.34",
          "texto": "tocou a buzina, e os abiezritas se Á, após ele."
        },
        {
          "referencia": "Juízes 9.6",
          "texto": "Então, se Á. todos os cidadãos de Siquém e"
        },
        {
          "referencia": "Juízes 11.3",
          "texto": "Tobe; e homens levianos se A. com Jefté e"
        },
        {
          "referencia": "Juízes 16.23",
          "texto": "príncipes dos filisteus se Á. para oferecerem"
        },
        {
          "referencia": "Juízes 20.14",
          "texto": "os filhos de Benjamim se A. das cidades em"
        },
        {
          "referencia": "1 Samuel 13.5",
          "texto": "E os filisteus se 4, para pelejar contra"
        },
        {
          "referencia": "1 Samuel 14.20",
          "texto": "o povo que havia com ele se À. e vieram à"
        },
        {
          "referencia": "1 Samuel 14.21",
          "texto": "em redor; e também estes se A. com os"
        },
        {
          "referencia": "1 Samuel 17.1",
          "texto": "E os filisteus A. os seus arraiais para a"
        },
        {
          "referencia": "1 Samuel 17.2",
          "texto": "e os homens de Israel se A., e acamparam no"
        },
        {
          "referencia": "1 Samuel 25.1",
          "texto": "todo os filhos de Israel se A., eo"
        },
        {
          "referencia": "2 Samuel 2.25",
          "texto": "E os filhos de Benjamim se 4. detrás de Abner,"
        },
        {
          "referencia": "2 Samuel 21.13",
          "texto": "de Jônatas, seu filho; e A. também os"
        },
        {
          "referencia": "2 Samuel 23.9",
          "texto": "os filisteus que ali se À. à peleja e"
        },
        {
          "referencia": "2 Samuel 23.11",
          "texto": "quando os filisteus se Á. numa"
        },
        {
          "referencia": "2 Reis 22.4",
          "texto": "o qual os guardas do umbral da porta A. do povo."
        },
        {
          "referencia": "2 Reis 22.9",
          "texto": "resposta, e disse: Teus servos A, o dinheiro"
        },
        {
          "referencia": "2 Reis 23.1",
          "texto": "os anciãos de Judá e de Jerusalém se A. a ele."
        },
        {
          "referencia": "1 Crônicas 11.13",
          "texto": "quando os filisteus ali se 4. à peleja, e o"
        },
        {
          "referencia": "2 Crônicas 12.5",
          "texto": "aos príncipes de Judá que se Á. em Jerusalém"
        },
        {
          "referencia": "2 Crônicas 20.26",
          "texto": "E, ao quarto dia, se À. no vale de Beraca,"
        },
        {
          "referencia": "2 Crônicas 23.2",
          "texto": "Estes rodearam Judá, e À. os levitas de todas"
        },
        {
          "referencia": "2 Crônicas 24.11",
          "texto": "lugar; assim faziam dia após dia e Á. dinheiro"
        },
        {
          "referencia": "2 Crônicas 29.15",
          "texto": "E À. seus irmãos, e santificaram-se, e vieram"
        },
        {
          "referencia": "2 Crônicas 34.17",
          "texto": "E À. o dinheiro que se achou na Casa do Senhor"
        },
        {
          "referencia": "Esdras 9.4",
          "texto": "Então, se À, a mim todos os que tremiam das"
        },
        {
          "referencia": "Esdras 10.9",
          "texto": "e Benjamim, em três dias, se A. em Jerusalém;"
        },
        {
          "referencia": "Neemias 5.16",
          "texto": "e todos os meus moços se À. ali para a obra."
        },
        {
          "referencia": "Neemias 9.1",
          "texto": "vinte e quatro deste mês, se Á. os filhos de"
        },
        {
          "referencia": "Neemias 12.28",
          "texto": "E se A, os filhos dos cantores, tanto da"
        },
        {
          "referencia": "Ester 9.2",
          "texto": "do rei Assuero, se À. para pôr as"
        },
        {
          "referencia": "Ester 9.18",
          "texto": "que se achavam em Susã se A. nos dias treze e"
        },
        {
          "referencia": "SI 48.4",
          "texto": "Porque eis que os reis se À.; eles passaram juntos."
        },
        {
          "referencia": "Isaías 15.7",
          "texto": "Pelo que a abundância que A. e o que"
        },
        {
          "referencia": "Isaías 56.8",
          "texto": "Israel: Ainda ajuntarei outros aos que já se Á.."
        },
        {
          "referencia": "Isaías 60.4",
          "texto": "e vê; todos estes já se A. e vêm a ti;"
        },
        {
          "referencia": "Jeremias 5.7",
          "texto": "e em casa de meretrizes se 4, em bandos;"
        },
        {
          "referencia": "Ezequiel 19.8",
          "texto": "Então, se À. contra ele as pessoas das"
        },
        {
          "referencia": "Daniel 3.3",
          "texto": "Então, se A. os sátrapas, os prefeitos, os"
        },
        {
          "referencia": "Mateus 22.10",
          "texto": "saindo pelos caminhos, A. todos quantos"
        },
        {
          "referencia": "Marcos 2.2",
          "texto": "E logo se A. tantos, que nem ainda nos lugares"
        },
        {
          "referencia": "Atos 4.26",
          "texto": "da terra, e os príncipes se À, à uma contra o"
        },
        {
          "referencia": "Atos 4.27",
          "texto": "Jesus, que tu ungiste, se Á., não só"
        },
        {
          "referencia": "Atos 16.13",
          "texto": "falamos às mulheres que ali se A.."
        }
      ]
    },
    {
      "palavra": "ajuntaram-nas",
      "veja tambem": [],
      "ocorrencias": 0,
      "fonte": "Strong's H622 (אָסַף/asaph)",
      "concordancias": []
    },
    {
      "palavra": "ajuntaram-se",
      "veja tambem": [],
      "ocorrencias": 10,
      "fonte": "Strong's H622 (אָסַף/asaph)",
      "concordancias": [
        {
          "referencia": "Juízes 20.11",
          "texto": "Assim, À, contra esta cidade todos os"
        },
        {
          "referencia": "1 Samuel 284",
          "texto": "E A. os filisteus, e vieram, e acamparam-se"
        },
        {
          "referencia": "2 Crônicas 13.7",
          "texto": "e A. a ele homens vadios, filhos de Belial;"
        },
        {
          "referencia": "2 Crônicas 15.10",
          "texto": "E A. em Jerusalém no terceiro mês, no ano"
        },
        {
          "referencia": "Neemias 8.13",
          "texto": "E, no dia seguinte, Á. os cabeças dos pais"
        },
        {
          "referencia": "Daniel 3.27",
          "texto": "E À. os sátrapas, e os prefeitos, e os"
        },
        {
          "referencia": "Marcos 6.30",
          "texto": "E os apóstolos Á. a Jesus e contaram-lhe"
        },
        {
          "referencia": "Marcos 14.53",
          "texto": "Jesus ao sumo sacerdote, e À. todos os"
        },
        {
          "referencia": "Lucas 22.66",
          "texto": "E logo que foi dia, À. os anciãos do povo,"
        },
        {
          "referencia": "Atos 17.4",
          "texto": "E alguns deles creram e 4. com Paulo e"
        }
      ]
    },
    {
      "palavra": "ajuntarás",
      "veja tambem": [
        "ajuntar"
      ],
      "ocorrencias": 7,
      "fonte": "",
      "concordancias": [
        {
          "referencia": "Êxodo 26.6",
          "texto": "colchetes de ouro e Á. com estes"
        },
        {
          "referencia": "Êxodo 26.9",
          "texto": "E Å. cinco destas cortinas por si e as outras"
        },
        {
          "referencia": "Êxodo 26.11",
          "texto": "nas laçadas; e, assim, A. a tenda para"
        },
        {
          "referencia": "Deuteronômio 13.16",
          "texto": "E À. todo o seu despojo no meio da sua praça e"
        },
        {
          "referencia": "Rute 2.8",
          "texto": "passes daqui; porém aqui te À. com as"
        },
        {
          "referencia": "Rute 2.21",
          "texto": "Com os moços que tenho te A., até que"
        },
        {
          "referencia": "2 Samuel 18.3",
          "texto": "porque ainda, tais como nós somos, Á. dez"
        }
      ]
    },
    {
      "palavra": "ajuntarei",
      "veja tambem": [],
      "ocorrencias": 16,
      "fonte": "",
      "concordancias": [
        {
          "referencia": "Êxodo 30.6",
          "texto": "que está sobre o Testemunho, onde me A, contigo."
        },
        {
          "referencia": "2 Samuel 3.21",
          "texto": "Eu me levantarei e irei, e Á. ao rei, meu"
        },
        {
          "referencia": "2 Reis 22.20",
          "texto": "Pelo que eis que eu te Å. a teus pais, e tu"
        },
        {
          "referencia": "2 Crônicas 34.28",
          "texto": "Eis que te Á. a teus pais, e tu serás"
        },
        {
          "referencia": "Neemias 1.9",
          "texto": "no cabo do céu, de lá os Á. e os trarei"
        },
        {
          "referencia": "Isaías 43.5",
          "texto": "semente desde o Oriente e te À. desde o Ocidente."
        },
        {
          "referencia": "Isaías 56.8",
          "texto": "dispersos de Israel: Ainda Á. outros aos que"
        },
        {
          "referencia": "Isaías 66.18",
          "texto": "O tempo vem, em que Á. todas as"
        },
        {
          "referencia": "Ezequiel 16.37",
          "texto": "eis que Á. todos os teus amantes, com os quais"
        },
        {
          "referencia": "Ezequiel 22.19",
          "texto": "em escória, eis que eu vos Á. no meio de Jerusalém."
        },
        {
          "referencia": "Ezequiel 22.20",
          "texto": "a fim de se fundirem, assim vos À. na minha"
        },
        {
          "referencia": "Ezequiel 29.13",
          "texto": "Ao cabo de quarenta anos, A. os egípcios"
        },
        {
          "referencia": "Ezequiel 37.19",
          "texto": "Israel, suas companheiras, e as Á. à vara de"
        },
        {
          "referencia": "Miquéias 2.12",
          "texto": "Certamente te À. todo inteiro, ó Jacó;"
        },
        {
          "referencia": "Zacarias 10.8",
          "texto": "Eu lhes assobiarei e os A., porque os tenho"
        },
        {
          "referencia": "Zacarias 14.2",
          "texto": "Porque eu A. todas as nações para a peleja"
        }
      ]
    },
    {
      "palavra": "ajuntareis",
      "veja tambem": [],
      "ocorrencias": 2,
      "fonte": "",
      "concordancias": [
        {
          "referencia": "Neemias 4.20",
          "texto": "o som da buzina, ali vos Á. conosco; o"
        },
        {
          "referencia": "Isaías 22.9",
          "texto": "porquanto são muitas; e A. as águas do"
        }
      ]
    },
    {
      "palavra": "ajuntarem",
      "veja tambem": [
        "ajuntar"
      ],
      "ocorrencias": 4,
      "fonte": "",
      "concordancias": [
        {
          "referencia": "2 Crônicas 11.13",
          "texto": "deixaram o seu território, para se À, a ele."
        },
        {
          "referencia": "Neemias 12.44",
          "texto": "e para os dízimos, para Á. nelas, das"
        },
        {
          "referencia": "Isaías 62.9",
          "texto": "Mas os que o À. o comerão e louvarão ao"
        },
        {
          "referencia": "Mateus 1.18",
          "texto": "desposada com José, antes de se A., achou-se"
        }
      ]
    },
    {
      "palavra": "ajuntas",
      "veja tambem": [
        "ajuntar"
      ],
      "ocorrencias": 1,
      "fonte": "",
      "concordancias": [
        {
          "referencia": "Mateus 25.24",
          "texto": "que ceifas onde não semeaste e À. onde não espa-"
        }
      ]
    },
    {
      "palavra": "ajuntasse",
      "veja tambem": [
        "ajuntar"
      ],
      "ocorrencias": 1,
      "fonte": "",
      "concordancias": [
        {
          "referencia": "Neemias 7.5",
          "texto": "Deus me pôs no coração que Å. os nobres, e os"
        }
      ]
    },
    {
      "palavra": "ajuntassem",
      "veja tambem": [
        "ajuntar"
      ],
      "ocorrencias": 3,
      "fonte": "",
      "concordancias": [
        {
          "referencia": "Êxodo 39.4",
          "texto": "nele ombreiras que se A,; às suas duas"
        },
        {
          "referencia": "1 Crônicas 22.2",
          "texto": "E deu ordem Davi que se Á. os estranhos que"
        },
        {
          "referencia": "Esdras 10.7",
          "texto": "do cativeiro, para que se À. em Jerusalém;"
        }
      ]
    },
    {
      "palavra": "ajuntaste",
      "veja tambem": [
        "ajuntar"
      ],
      "ocorrencias": 1,
      "fonte": "",
      "concordancias": [
        {
          "referencia": "Ezequiel 38.13",
          "texto": "Vens tu para tomar o despojo? À. o teu bando"
        }
      ]
    },
    {
      "palavra": "ajuntava",
      "veja tambem": [
        "ajuntar"
      ],
      "ocorrencias": 1,
      "fonte": "",
      "concordancias": [
        {
          "referencia": "Jó 18.2",
          "texto": "porque Jesus muitas vezes se À, ali com os"
        }
      ]
    },
    {
      "palavra": "ajuntava-se",
      "veja tambem": [
        "ajuntar"
      ],
      "ocorrencias": 1,
      "fonte": "",
      "concordancias": [
        {
          "referencia": "Lucas 5.15",
          "texto": "se propagava ainda mais, e A. muita gente"
        }
      ]
    }
  ]
}