{
  "a": [
    {
      "palavra": "ajuntavam",
      "veja tambem": [],
      "ocorrencias": 5,
      "fonte": "Strong's H622 (אָסַף/asaph)",
      "concordancias": [
        {
          "referencia": "Gênesis 29.3",
          "texto": "E À, ali todos os rebanhos, e removiam a pedra"
        },
        {
          "referencia": "Êxodo 36.29",
          "texto": "juntas debaixo e também se A. por cima com uma"
        },
        {
          "referencia": "Êxodo 38.8",
          "texto": "das mulheres que se A., ajuntando-se à"
        },
        {
          "referencia": "Êxodo 39.4",
          "texto": "que se ajuntassem; às suas duas pontas se 4.."
        },
        {
          "referencia": "1 Samuel 2.22",
          "texto": "as mulheres que em bandos se A. à porta da"
        }
      ]
    },
    {
      "palavra": "ajuntavam-se",
      "veja tambem": [
        "ajuntar"
      ],
      "ocorrencias": 1,
      "fonte": "Strong's H622 (אָסַף/asaph)",
      "concordancias": [
        {
          "referencia": "Jó 30.7",
          "texto": "entre os arbustos e Á. debaixo das urtigas."
        }
      ]
    },
    {
      "palavra": "ajunte",
      "veja tambem": [
        "ajuntar"
      ],
      "ocorrencias": 5,
      "fonte": "Strong's H622 (אָסַף/asaph)",
      "concordancias": [
        {
          "referencia": "Gênesis 49.6",
          "texto": "minha glória não se 4.; porque, no seu"
        },
        {
          "referencia": "Êxodo 1.10",
          "texto": "vindo guerra, ele também se À. com os nossos"
        },
        {
          "referencia": "2 Samuel 17.11",
          "texto": "que, com toda a pressa, se Á. a ti todo o"
        },
        {
          "referencia": "Eclesiastes 2.26",
          "texto": "dá trabalho, para que ele A., e amontoe, e"
        },
        {
          "referencia": "Atos 21.22",
          "texto": "necessário que a multidão se A.; porque terão"
        }
      ]
    },
    {
      "palavra": "ajuntei",
      "veja tambem": [],
      "ocorrencias": 4,
      "fonte": "Strong's H622 (אָסַף/asaph)",
      "concordancias": [
        {
          "referencia": "Esdras 7.28",
          "texto": "a mão do Senhor sobre mim, e À. dentre"
        },
        {
          "referencia": "Neemias 5.7",
          "texto": "tomais cada um de seu irmão. E A. contra eles um"
        },
        {
          "referencia": "Neemias 13.11",
          "texto": "a Casa de Deus? Porém eu os Á. e os restaurei"
        },
        {
          "referencia": "Isaías 10.14",
          "texto": "os ovos abandonados, assim eu À. toda a terra; e"
        }
      ]
    },
    {
      "palavra": "ajuntei-os",
      "veja tambem": [
        "ajuntar"
      ],
      "ocorrencias": 1,
      "fonte": "Strong's H622 (אָסַף/asaph)",
      "concordancias": [
        {
          "referencia": "Esdras 8.15",
          "texto": "E Á. perto do rio que vai a Aava, e ficamos"
        }
      ]
    },
    {
      "palavra": "ajunteis",
      "veja tambem": [
        "ajuntar"
      ],
      "ocorrencias": 2,
      "fonte": "Strong's H622 (אָסַף/asaph)",
      "concordancias": [
        {
          "referencia": "Mateus 6.19",
          "texto": "Não A. tesouros na terra, onde a traçae a"
        },
        {
          "referencia": "1 Coríntios 11.34",
          "texto": "em casa, para que vos não Á. para"
        }
      ]
    },
    {
      "palavra": "ajuntem",
      "veja tambem": [
        "ajuntar"
      ],
      "ocorrencias": 5,
      "fonte": "Strong's H622 (אָסַף/asaph)",
      "concordancias": [
        {
          "referencia": "Gênesis 29.8",
          "texto": "até que todos os rebanhos se Á., e removam a"
        },
        {
          "referencia": "Gênesis 41.35",
          "texto": "E Á. toda a comida destes bons anos, que vêm, e"
        },
        {
          "referencia": "Levítico 19.19",
          "texto": "não permitirás que se A. misturadamente os"
        },
        {
          "referencia": "Números 18.2",
          "texto": "tribo de teu pai, para que se A. a ti e te"
        },
        {
          "referencia": "1 Crônicas 13.2",
          "texto": "e nos seus arrabaldes, para que se Á. conosco;"
        }
      ]
    },
    {
      "palavra": "ajuntem-se",
      "veja tambem": [],
      "ocorrencias": 2,
      "fonte": "Strong's H622 (אָסַף/asaph)",
      "concordancias": [
        {
          "referencia": "Gênesis 1.9",
          "texto": "E disse Deus: A. as águas debaixo dos céus"
        },
        {
          "referencia": "Isaías 44.11",
          "texto": "são dentre os homens; Á. todos e"
        }
      ]
    },
    {
      "palavra": "ajunto",
      "veja tambem": [],
      "ocorrencias": 2,
      "fonte": "Strong's H622 (אָסַף/asaph)",
      "concordancias": [
        {
          "referencia": "S126.5",
          "texto": "de malfeitores; não me A. com os ímpios."
        },
        {
          "referencia": "Mateus 25.26",
          "texto": "que ceifo onde não semeei e A. onde não espalhei;"
        }
      ]
    },
    {
      "palavra": "ajuntou",
      "veja tambem": [
        "ajuntar"
      ],
      "ocorrencias": 52,
      "fonte": "Strong's H622 (אָסַף/asaph)",
      "concordancias": [
        {
          "referencia": "Gênesis 29.8",
          "texto": "E disseram: Não podemos, até que todos os rebanhos se ajuntem, e removam a pedra de sobre a boca do poço; então, daremos de beber às ovelhas."
        }
      ]
    },
    {
      "palavra": "abiezer",
      "veja tambem": [],
      "ocorrencias": 5,
      "fonte": "",
      "concordancias": [
        {
          "referencia": "Josué 17.2",
          "texto": "a saber, os filhos de A., e os filhos de"
        },
        {
          "referencia": "Juízes 8.2",
          "texto": "de Efraim melhores do que a vindima de A.?"
        },
        {
          "referencia": "2 Samuel 23.27",
          "texto": "Á., anatotita; Mebunai, husatita;"
        },
        {
          "referencia": "1 Crônicas 11.28",
          "texto": "Ira, filho de Iques, o tecoíta; Á., o anatotita;"
        },
        {
          "referencia": "1 Crônicas 27.12",
          "texto": "O nono, para o nono mês, Á., o anatotita, dos"
        }
      ]
    },
    {
      "palavra": "abiezrita",
      "veja tambem": [],
      "ocorrencias": 1,
      "fonte": "",
      "concordancias": [
        {
          "referencia": "Juízes 6.11",
          "texto": "Ofra, que pertencia a Joás, Á.; e Gideão,"
        }
      ]
    },
    {
      "palavra": "abiezritas",
      "veja tambem": [],
      "ocorrencias": 3,
      "fonte": "",
      "concordancias": [
        {
          "referencia": "Juízes 6.24",
          "texto": "e ainda até ao dia de hoje está em Ofra dos A.."
        },
        {
          "referencia": "Juízes 6.34",
          "texto": "o qual tocou a buzina, eos À. se ajuntaram"
        },
        {
          "referencia": "Juízes 8.32",
          "texto": "no sepulcro de seu pai Joás, em Ofra dos A.."
        }
      ]
    }
  ]
}