{
  "a": [
    {
      "palavra": "abigail",
      "veja tambem": [
        "mulher",
        "esposa",
        "Nabal",
        "Davi"
      ],
      "ocorrencias": 17,
      "fonte": "Strong's H26 (אֲבִיגַיִל/Abiygayil)",
      "concordancias": [
        {
          "referencia": "1 Samuel 25.3",
          "texto": "e o nome de sua mulher, 4.; e era a mulher"
        },
        {
          "referencia": "1 Samuel 25.14",
          "texto": "os jovens o anunciou a Á., mulher de Nabal,"
        },
        {
          "referencia": "1 Samuel 25.18",
          "texto": "Então, Á. se apressou, e tomou duzentos pães, e"
        },
        {
          "referencia": "1 Samuel 25.23",
          "texto": "Vendo, pois, À. a Davi, apressou-se, e desceu do"
        },
        {
          "referencia": "1 Samuel 25.32",
          "texto": "Então, Davi disse a Á.: Bendito o Senhor, Deus"
        },
        {
          "referencia": "1 Samuel 25.36",
          "texto": "E, vindo Á. a Nabal, eis que tinha em sua casa"
        },
        {
          "referencia": "1 Samuel 25.39",
          "texto": "cabeça. E mandou Davi falar a A., para"
        },
        {
          "referencia": "1 Samuel 25.40",
          "texto": "pois, os criados de Davi a A., no Carmelo, lhe"
        },
        {
          "referencia": "1 Samuel 2542",
          "texto": "E À. se apressou, e se levantou, e montou num"
        },
        {
          "referencia": "1 Samuel 27.3",
          "texto": "mulheres, Ainoã, a jezreelita,e Á., a mulher"
        },
        {
          "referencia": "1 Samuel 30.5",
          "texto": "Ainoá, a jezreelita, e Á., a mulher de"
        },
        {
          "referencia": "2 Samuel 2.2",
          "texto": "Ainoã, a jezreelita, e Á., a mulher de"
        },
        {
          "referencia": "2 Samuel 3.3",
          "texto": "e seu segundo, Quileabe, de A., mulher de Nabal,"
        },
        {
          "referencia": "2 Samuel 17.25",
          "texto": "o israelita, o qual entrara a A., filha de Naás,"
        },
        {
          "referencia": "1 Crônicas 2.16",
          "texto": "foram suas irmãs Zeruia e A.; e foram os filhos"
        },
        {
          "referencia": "ler 2.17",
          "texto": "E À. teve a Amasa; e o pai de Amasa foi Jéter, o isma-"
        },
        {
          "referencia": "1 Crônicas 3.1",
          "texto": "jezreelita; o segundo, Daniel, de Á., a carmelita;"
        }
      ]
    },
    {
      "palavra": "abilene",
      "veja tambem": [
        "região",
        "tetrarca",
        "Lisânias"
      ],
      "ocorrencias": 1,
      "fonte": "Strong's G9 (Ἀβιληνή/Abilene)",
      "concordancias": [
        {
          "referencia": "Lucas 3.1",
          "texto": "de Traconites, e Lisânias, tetrarca de Å.,"
        }
      ]
    },
    {
      "palavra": "abimael",
      "veja tambem": [
        "Jocã",
        "descendente",
        "genealogia"
      ],
      "ocorrencias": 2,
      "fonte": "Strong's H39 (אֲבִימָאֵל/Abiymael)",
      "concordancias": [
        {
          "referencia": "Gênesis 10.28",
          "texto": "e a Obal, ea A., ea Sabá,"
        },
        {
          "referencia": "1 Crônicas 1.22",
          "texto": "e a Ebal, ea A., ea Sabá,"
        }
      ]
    },
    {
      "palavra": "ajuntou-os",
      "veja tambem": [
        "ajuntar",
        "reunir",
        "congregar"
      ],
      "ocorrencias": 1,
      "fonte": "Strong's H622 (אָסַף/asaph)",
      "concordancias": [
        {
          "referencia": "2 Crônicas 32.6",
          "texto": "de guerra sobre o povo, e À. a si na praça"
        }
      ]
    },
    {
      "palavra": "ajuntou-se",
      "veja tambem": [
        "ajuntar",
        "reunir",
        "congregar",
        "juntar"
      ],
      "ocorrencias": 13,
      "fonte": "Strong's H622 (אָסַף/asaph)",
      "concordancias": [
        {
          "referencia": "Êxodo 32.1",
          "texto": "tardava em descer do monte, 4. o povo a Arão"
        },
        {
          "referencia": "Levítico 8.4",
          "texto": "lhe ordenara, e a congregação A. à porta da"
        },
        {
          "referencia": "Josué 22.12",
          "texto": "isto os filhos de Israel, À. toda a"
        },
        {
          "referencia": "Rute 2.23",
          "texto": "Assim, A. com as moças de Boaz, para colher,"
        },
        {
          "referencia": "1 Samuel 22.2",
          "texto": "E Á. a ele todo homem que se achava em"
        },
        {
          "referencia": "2 Crônicas 30.13",
          "texto": "E Á. em Jerusalém muito povo para celebrar a"
        },
        {
          "referencia": "Esdras 10.1",
          "texto": "diante da Casa de Deus, 4. a ele de"
        },
        {
          "referencia": "Jeremias 26.9",
          "texto": "que fique sem moradores? E A. todo o"
        },
        {
          "referencia": "Mateus 13.2",
          "texto": "E A. muita gente ao pé dele, de sorte que,"
        },
        {
          "referencia": "Marcos 4.1",
          "texto": "a ensinar junto ao mar, e À. a ele grande"
        },
        {
          "referencia": "Marcos 5.21",
          "texto": "num barco para o outro lado, À. a ele uma"
        },
        {
          "referencia": "Atos 2.6",
          "texto": "E, correndo aquela voz, A. uma multidão e"
        },
        {
          "referencia": "Atos 13.44",
          "texto": "E, no sábado seguinte, A, quase toda a cidade"
        }
      ]
    },
    {
      "palavra": "ajuramentado",
      "veja tambem": [
        "ajuramentar",
        "jurar",
        "promessa",
        "voto"
      ],
      "ocorrencias": 2,
      "fonte": "Strong's H7650 (שָׁבַע/shaba)",
      "concordancias": [
        {
          "referencia": "Êxodo 13.19",
          "texto": "havia este estreitamente A, aos filhos"
        },
        {
          "referencia": "2 Crônicas 36.13",
          "texto": "Nabucodonosor, que o tinha 4. por Deus;"
        }
      ]
    },
    {
      "palavra": "ajuramentados",
      "veja tambem": [
        "ajuramentar",
        "jurar",
        "promessa",
        "voto"
      ],
      "ocorrencias": 1,
      "fonte": "Strong's H7650 (שָׁבַע/shaba)",
      "concordancias": [
        {
          "referencia": "Neemias 10.29",
          "texto": "e todos os que se apartaram dos povos das terras para a lei de Deus, suas mulheres, seus filhos e suas filhas, todos os que tinham conhecimento e entendimento,"
        }
      ]
    },
    {
      "palavra": "ajuramentaram",
      "veja tambem": [
        "ajuramentar"
      ],
      "ocorrencias": 1,
      "fonte": "Strong's H7650 (שָׁבַע/shaba)",
      "concordancias": [
        {
          "referencia": "Neemias 6.18",
          "texto": "muitos em Judá se lhe Á., porque era"
        }
      ]
    },
    {
      "palavra": "ajuramentarem",
      "veja tambem": [
        "ajuramentar"
      ],
      "ocorrencias": 1,
      "fonte": "Strong's H7650 (שָׁבַע/shaba)",
      "concordancias": [
        {
          "referencia": "1 Reis 8.31",
          "texto": "sobre ele juramento, para o A., evier o"
        }
      ]
    },
    {
      "palavra": "ajuramentava",
      "veja tambem": [
        "ajuramentar"
      ],
      "ocorrencias": 1,
      "fonte": "Strong's H7650 (שָׁבַע/shaba)",
      "concordancias": [
        {
          "referencia": "1 Reis 18.10",
          "texto": "eles: Aqui não está, então, A. os"
        }
      ]
    },
    {
      "palavra": "ajuramentou",
      "veja tambem": [],
      "ocorrencias": 2,
      "fonte": "Strong's H7650 (שָׁבַע/shaba)",
      "concordancias": [
        {
          "referencia": "2 Reis 11.4",
          "texto": "e fez com eles um concerto, e os À, na Casa"
        },
        {
          "referencia": "Esdras 10.5",
          "texto": "Então, Esdras se levantou e À. os maiorais"
        }
      ]
    },
    {
      "palavra": "ajustado",
      "veja tambem": [
        "ajustar"
      ],
      "ocorrencias": 3,
      "fonte": "Strong's H200 (אָטַף/ataf)",
      "concordancias": [
        {
          "referencia": "ISm 20.35",
          "texto": "ao campo, ao tempo que tinha 4. com Davi, e um"
        },
        {
          "referencia": "Efésios 2.21",
          "texto": "qual todo o edifício, bem Á., cresce para"
        },
        {
          "referencia": "Efésios 4.16",
          "texto": "do qual todo o corpo, bem A. e ligado pelo"
        }
      ]
    },
    {
      "palavra": "ajustando",
      "veja tambem": [
        "ajustar"
      ],
      "ocorrencias": 2,
      "fonte": "Strong's H200 (אָטַף/ataf)",
      "concordancias": [
        {
          "referencia": "Mateus 20.2",
          "texto": "E, À. com os trabalhadores a um dinheiro por"
        },
        {
          "referencia": "Mateus 20.13",
          "texto": "não te faço injustiça; não A. tu comigo"
        }
      ]
    },
    {
      "palavra": "ajustou",
      "veja tambem": [
        "ajustar"
      ],
      "ocorrencias": 1,
      "fonte": "Strong's H200 (אָטַף/ataf)",
      "concordancias": [
        {
          "referencia": "Mateus 25.19",
          "texto": "o senhor daqueles servos e 4. contas com eles."
        }
      ]
    },
    {
      "palavra": "alabastro",
      "veja tambem": [],
      "ocorrencias": 4,
      "fonte": "Strong's H108 (אָבַס/abbas)",
      "concordancias": [
        {
          "referencia": "Ester 1.6",
          "texto": "de pórfiro, e de mármore, e de Á., e de"
        },
        {
          "referencia": "Mateus 26.7",
          "texto": "uma mulher com um vaso de Á., com unguento de"
        },
        {
          "referencia": "Marcos 14.3",
          "texto": "mulher que trazia um vaso de Á., com"
        },
        {
          "referencia": "Le 7.37",
          "texto": "do fariseu, levou um vaso de A. com unguento."
        }
      ]
    },
    {
      "palavra": "alabe",
      "veja tambem": [],
      "ocorrencias": 1,
      "fonte": "Strong's H389 (אָבַל/abbal)",
      "concordancias": [
        {
          "referencia": "Juízes 1.31",
          "texto": "os moradores de Sidom, nem À. nem Aczibe, nem"
        }
      ]
    },
    {
      "palavra": "alai",
      "veja tambem": [],
      "ocorrencias": 2,
      "fonte": "Strong's H108 (אָבַס/abbas)",
      "concordancias": [
        {
          "referencia": "1 Crônicas 2.31",
          "texto": "Isi; eo filho de Isi: Sesã. E o filho de Sesã: A.."
        },
        {
          "referencia": "1 Crônicas 11.41",
          "texto": "Urias, o heteu; Zabade, filho de A,;"
        }
      ]
    },
    {
      "palavra": "alameleque",
      "veja tambem": [],
      "ocorrencias": 1,
      "fonte": "Strong's H108 (אָבַס/abbas)",
      "concordancias": [
        {
          "referencia": "Josué 19.26",
          "texto": "e A., e Amade, e Misal; e chegava ao Carmelo"
        }
      ]
    },
    {
      "palavra": "álamo",
      "veja tambem": [],
      "ocorrencias": 2,
      "fonte": "Strong's H108 (אָבַס/abbas)",
      "concordancias": [
        {
          "referencia": "Gênesis 30.37",
          "texto": "tomou Jacó varas verdes de Á., e de aveleira, e"
        },
        {
          "referencia": "Oséias 4.13",
          "texto": "debaixo do carvalho, e do A., e do olmeiro,"
        }
      ]
    },
    {
      "palavra": "alamote",
      "veja tambem": [],
      "ocorrencias": 1,
      "fonte": "Strong's H108 (אָבַס/abbas)",
      "concordancias": [
        {
          "referencia": "1 Crônicas 15.20",
          "texto": "e Maaseias, e Benaia, com alaúdes, sobre A.;"
        }
      ]
    },
    {
      "palavra": "alarga",
      "veja tambem": [
        "alar-"
      ],
      "ocorrencias": 2,
      "fonte": "Strong's H108 (אָבַס/abbas)",
      "concordancias": [
        {
          "referencia": "Miquéias 1.16",
          "texto": "filhos das tuas delícias; A. a tua calva como"
        },
        {
          "referencia": "Habacuque 2.5",
          "texto": "soberbo, que não se contém, que Á. como o"
        }
      ]
    },
    {
      "palavra": "alarga-lhe",
      "veja tambem": [
        "alar-"
      ],
      "ocorrencias": 1,
      "fonte": "Strong's H108 (אָבַס/abbas)",
      "concordancias": [
        {
          "referencia": "Provérbios 18.16",
          "texto": "O presente do homem 4. o caminho e leva-o à"
        }
      ]
    },
    {
      "palavra": "alargam",
      "veja tambem": [
        "alargar"
      ],
      "ocorrencias": 1,
      "fonte": "Strong's H108 (אָבַס/abbas)",
      "concordancias": [
        {
          "referencia": "Mateus 23.5",
          "texto": "trazem largos filactérios, e À. as franjas das"
        }
      ]
    },
    {
      "palavra": "alargar",
      "veja tambem": [],
      "ocorrencias": 2,
      "fonte": "Strong's H108 (אָבַס/abbas)",
      "concordancias": [
        {
          "referencia": "Top 406",
          "texto": "posição; Palavras Relacionadas: (alarga-2; alarga-lhe-1;"
        },
        {
          "referencia": "Obadias 1.12",
          "texto": "Judá, no dia da sua ruína; nem A. a tua boca, no"
        }
      ]
    },
    {
      "palavra": "alargará",
      "veja tambem": [
        "alargar"
      ],
      "ocorrencias": 1,
      "fonte": "Strong's H108 (אָבַס/abbas)",
      "concordancias": [
        {
          "referencia": "Isaías 60.5",
          "texto": "teu coração estremecerá ese 4.; porque a"
        }
      ]
    },
    {
      "palavra": "alargarei",
      "veja tambem": [
        "alar-"
      ],
      "ocorrencias": 1,
      "fonte": "Strong's H108 (אָבַס/abbas)",
      "concordancias": [
        {
          "referencia": "Êxodo 34.24",
          "texto": "nações de diante de tie Å. o teu termo;"
        }
      ]
    },
    {
      "palavra": "alargas",
      "veja tambem": [
        "alargar"
      ],
      "ocorrencias": 1,
      "fonte": "Strong's H108 (אָבַס/abbas)",
      "concordancias": [
        {
          "referencia": "Isaías 57.8",
          "texto": "a mim, te descobres, e sobes, e À. a tua cama, e"
        }
      ]
    },
    {
      "palavra": "alargaste",
      "veja tambem": [],
      "ocorrencias": 4,
      "fonte": "Strong's H108 (אָבַס/abbas)",
      "concordancias": [
        {
          "referencia": "2 Samuel 22.37",
          "texto": "A. os meus passos debaixo de mim, e não"
        },
        {
          "referencia": "SI 18.36",
          "texto": "A. os meus passos e os meus artelhos não vacilaram."
        },
        {
          "referencia": "S144.2",
          "texto": "como afligiste os povos e aos nossos pais Á.."
        },
        {
          "referencia": "Ezequiel 16.25",
          "texto": "a tua formosura, e Á. as pernas a"
        }
      ]
    },
    {
      "palavra": "alargou",
      "veja tambem": [
        "alargar"
      ],
      "ocorrencias": 2,
      "fonte": "Strong's H108 (אָבַס/abbas)",
      "concordancias": [
        {
          "referencia": "Gênesis 26.22",
          "texto": "e disse: Porque agora nos À. o Senhor, e"
        },
        {
          "referencia": "Atos 20.7",
          "texto": "seguinte, falava com eles; e A. a prática até"
        }
      ]
    },
    {
      "palavra": "alargue",
      "veja tambem": [
        "alargar"
      ],
      "ocorrencias": 1,
      "fonte": "Strong's H108 (אָבַס/abbas)",
      "concordancias": [
        {
          "referencia": "Gênesis 9.27",
          "texto": "A, Deus a Jafé, e habite nas tendas de Sem; e"
        }
      ]
    },
    {
      "palavra": "alarido",
      "veja tambem": [],
      "ocorrencias": 12,
      "fonte": "Strong's H108 (אָבַס/abbas)",
      "concordancias": [
        {
          "referencia": "Êxodo 32.18",
          "texto": "Porém ele disse: Não é A. dos vitoriosos, nem"
        },
        {
          "referencia": "Êxodo 32.18",
          "texto": "A. dos vencidos, mas o 4. dos que cantam"
        },
        {
          "referencia": "Números 23.21",
          "texto": "ele e nele, e entre eles se ouve o À, de um rei."
        },
        {
          "referencia": "Números 31.6",
          "texto": "utensílios santos e com as trombetas do À. na mão."
        },
        {
          "referencia": "Jó 39.25",
          "texto": "cheira a guerra, e o trovão dos príncipes, e o A.."
        },
        {
          "referencia": "Jeremias 4.19",
          "texto": "alma, ouviste o som da trombeta e SA. da guerra."
        },
        {
          "referencia": "Jeremias 20.16",
          "texto": "clamor pela manhã e, ao tempo do meio-dia, um A.."
        },
        {
          "referencia": "Jeremias 49.2",
          "texto": "em Rabá dos filhos de Amom o À. de guerra, e"
        },
        {
          "referencia": "Amós 1.14",
          "texto": "os seus palácios, com A, no dia da"
        },
        {
          "referencia": "Amós 2.2",
          "texto": "com grande estrondo, com A., com som de buzina."
        },
        {
          "referencia": "Sofonias 1.16",
          "texto": "dia de trombeta e de 4. contra as cidades fortes"
        },
        {
          "referencia": "1 Tessalonicenses 4.16",
          "texto": "Senhor descerá do céu com A., e com voz de"
        }
      ]
    },
    {
      "palavra": "alarme",
      "veja tambem": [],
      "ocorrencias": 1,
      "fonte": "Strong's H108 (אָבַס/abbas)",
      "concordancias": [
        {
          "referencia": "2 Crônicas 13.12",
          "texto": "tocando as trombetas, para dar À, contra vós, ó"
        }
      ]
    },
    {
      "palavra": "alaúde",
      "veja tambem": [],
      "ocorrencias": 3,
      "fonte": "Strong's H108 (אָבַס/abbas)",
      "concordancias": [
        {
          "referencia": "S157.8",
          "texto": "glória minha! Desperta, A. e harpa! Eu"
        },
        {
          "referencia": "SI81.2",
          "texto": "o saltério e trazei o adufe, a harpa suave e o A.."
        },
        {
          "referencia": "Amós 6.5",
          "texto": "que cantais ao som do Á. e inventais para vós"
        }
      ]
    }
  ]
}