{
  "a": [
    {
      "palavra": "alaúdes",
      "veja tambem": [
        "alaúde",
        "harpa",
        "instrumento musical",
        "música"
      ],
      "ocorrencias": 15,
      "fonte": "Strong's H5035 (נֶבֶל/nebel)",
      "concordancias": [
        {
          "referencia": "1 Reis 10.12",
          "texto": "rei, como também harpas e 4. para os cantores;"
        },
        {
          "referencia": "1 Crônicas 13.8",
          "texto": "em cânticos, com harpas, e com Á., e com"
        },
        {
          "referencia": "1 Crônicas 15.16",
          "texto": "com instrumentos músicos, com AÁ., harpas e"
        },
        {
          "referencia": "1 Crônicas 15.20",
          "texto": "Eliabe, e Maaseias, e Benaia, com A., sobre Ala-"
        },
        {
          "referencia": "1 Crônicas 15.28",
          "texto": "com címbalos, fazendo sonido com Á, e com har-"
        },
        {
          "referencia": "Te 16.5",
          "texto": "e Benaia, e Obede-Edom, e Jeiel, com A. e com"
        },
        {
          "referencia": "1 Crônicas 25.1",
          "texto": "profetizarem com harpas, e com Á., e com"
        },
        {
          "referencia": "1 Crônicas 25.6",
          "texto": "do Senhor, com saltérios, e A. e harpas, para o"
        },
        {
          "referencia": "2 Crônicas 5.12",
          "texto": "de linho fino, com címbalos, e com Á. e com"
        },
        {
          "referencia": "2 Crônicas 9.11",
          "texto": "do rei, como também harpas e A. para os"
        },
        {
          "referencia": "2 Crônicas 20.28",
          "texto": "E foram a Jerusalém com Á., e com harpas, e com"
        },
        {
          "referencia": "2 Crônicas 29.25",
          "texto": "do Senhor com címbalos, com Á, e com harpas,"
        },
        {
          "referencia": "Neemias 12.27",
          "texto": "alegria, louvores, canto, saltérios, A. e harpas."
        },
        {
          "referencia": "Isaías 5.12",
          "texto": "Harpas, e A., e tamboris e pífanos, e vinho há"
        },
        {
          "referencia": "Isaías 14.11",
          "texto": "soberba, com o som dos teus À.; os bichinhos,"
        }
      ]
    },
    {
      "palavra": "albarda",
      "veja tambem": [
        "albardar",
        "sela",
        "equipamento",
        "animal"
      ],
      "ocorrencias": 1,
      "fonte": "Strong's H5533 (סָדַן/sadan)",
      "concordancias": [
        {
          "referencia": "Gênesis 31.34",
          "texto": "ídolos, e os tinha posto na A. de um camelo, e"
        }
      ]
    },
    {
      "palavra": "albardados",
      "veja tambem": [
        "albardar",
        "selar",
        "equipar",
        "preparar"
      ],
      "ocorrencias": 2,
      "fonte": "Strong's H5533 (סָדַן/sadan)",
      "concordancias": [
        {
          "referencia": "Juízes 19.10",
          "texto": "e com ele o par de jumentos A., como"
        },
        {
          "referencia": "2 Samuel 16.1",
          "texto": "com ele, com um par de jumentos Á., e sobre"
        }
      ]
    },
    {
      "palavra": "albardai-me",
      "veja tambem": [
        "albardar",
        "preparar",
        "equipar",
        "selar"
      ],
      "ocorrencias": 2,
      "fonte": "Strong's H5533 (סָדַן/sadan)",
      "concordancias": [
        {
          "referencia": "1 Reis 13.13",
          "texto": "Então, disse a seus filhos: A. um jumento. E"
        },
        {
          "referencia": "1 Reis 13.27",
          "texto": "Então, disse a seus filhos: A. o jumento."
        }
      ]
    },
    {
      "palavra": "albardaram",
      "veja tambem": [
        "albar-",
        "albardar",
        "preparar",
        "equipar"
      ],
      "ocorrencias": 1,
      "fonte": "Strong's H5533 (סָדַן/sadan)",
      "concordancias": [
        {
          "referencia": "1 Reis 13.27",
          "texto": "seus filhos: Albardai-me o jumento. Eles o A.."
        }
      ]
    },
    {
      "palavra": "albardaram-lhe",
      "veja tambem": [
        "albardar",
        "preparar",
        "equipar",
        "selar"
      ],
      "ocorrencias": 1,
      "fonte": "Strong's H5533 (סָדַן/sadan)",
      "concordancias": [
        {
          "referencia": "1 Reis 13.13",
          "texto": "Albardai-me um jumento. E 4, o"
        }
      ]
    },
    {
      "palavra": "albardarei",
      "veja tambem": [
        "albar-",
        "albardar",
        "preparar",
        "equipar"
      ],
      "ocorrencias": 1,
      "fonte": "Strong's H5533 (סָדַן/sadan)",
      "concordancias": [
        {
          "referencia": "2 Samuel 19.26",
          "texto": "porque o teu servo dizia: A, um"
        }
      ]
    },
    {
      "palavra": "albardou",
      "veja tambem": [
        "albardar",
        "preparar",
        "equipar",
        "selar"
      ],
      "ocorrencias": 5,
      "fonte": "Strong's H5533 (סָדַן/sadan)",
      "concordancias": [
        {
          "referencia": "Gênesis 22.3",
          "texto": "pela manhã, de madrugada, e À. o seu jumento,"
        },
        {
          "referencia": "Números 22.21",
          "texto": "levantou-se pela manhã, e A. a sua jumenta,"
        },
        {
          "referencia": "2 Samuel 17.23",
          "texto": "tinha seguido o seu conselho, A. o jumento e"
        },
        {
          "referencia": "1 Reis 13.23",
          "texto": "pão e depois que bebeu água, Á. ele o jumento"
        },
        {
          "referencia": "2 Reis 4.24",
          "texto": "Então, À. a jumenta e disse ao seu moço: Guia,"
        }
      ]
    },
    {
      "palavra": "alça",
      "veja tambem": [
        "levantar",
        "erguer",
        "sustentar",
        "segurar"
      ],
      "ocorrencias": 1,
      "fonte": "Strong's H4229 (מַחֲזִיק/machaziq)",
      "concordancias": [
        {
          "referencia": "Provérbios 17.19",
          "texto": "ama a transgressão; o que Á. a sua porta busca a ru-"
        }
      ]
    },
    {
      "palavra": "alçada",
      "veja tambem": [
        "alçar"
      ],
      "ocorrencias": 36,
      "fonte": "",
      "concordancias": [
        {
          "referencia": "Êxodo 25.2",
          "texto": "que me tragam uma oferta A.; de todo homem cujo"
        },
        {
          "referencia": "Êxodo 25.2",
          "texto": "voluntariamente, dele tomareis a minha oferta Á.."
        },
        {
          "referencia": "x 25.3",
          "texto": "E esta é a oferta À. que tomareis deles: ouro, e"
        },
        {
          "referencia": "Êxodo 29.27",
          "texto": "e o ombro da oferta A., que foram movidos"
        },
        {
          "referencia": "Êxodo 29.28",
          "texto": "de Israel, porque é oferta A.; ea oferta À,"
        },
        {
          "referencia": "Êxodo 29.28",
          "texto": "pacíficos, a sua oferta Á. será para o Senhor."
        },
        {
          "referencia": "Êxodo 35.5",
          "texto": "disposto, a trará por oferta A. ao Senhor;"
        },
        {
          "referencia": "Êxodo 35.21",
          "texto": "impeliu, e trouxeram a oferta Á. ao Senhor para a"
        },
        {
          "referencia": "Êxodo 35.24",
          "texto": "aquele que oferecia oferta À, de prata ou de"
        },
        {
          "referencia": "Êxodo 35.24",
          "texto": "metal, a trazia por oferta Á. ao Senhor; e todo"
        },
        {
          "referencia": "Êxodo 36.3",
          "texto": "diante de Moisés toda oferta Á. que trouxeram os"
        },
        {
          "referencia": "Êxodo 36.6",
          "texto": "obra alguma para a oferta A. do santuário."
        },
        {
          "referencia": "Levítico 7.14",
          "texto": "um deles por oferta Á. ao Senhor, que será"
        },
        {
          "referencia": "Levítico 7.32",
          "texto": "ao sacerdote por oferta À. dos vossos"
        },
        {
          "referencia": "Levítico 7.34",
          "texto": "o peito movido e a espádua Á. tomei dos filhos de"
        },
        {
          "referencia": "Levítico 10.14",
          "texto": "e a espádua da oferta Á, comereis em lugar"
        },
        {
          "referencia": "Levítico 10.15",
          "texto": "A espádua da oferta A. e o peito da oferta do"
        },
        {
          "referencia": "Números 6.20",
          "texto": "e com a espádua da oferta A.; e, depois, o"
        },
        {
          "referencia": "Números 15.19",
          "texto": "da terra, então, oferecereis ao Senhor oferta A.."
        },
        {
          "referencia": "Números 15.20",
          "texto": "um bolo em oferta A.; como a oferta da"
        },
        {
          "referencia": "Números 15.21",
          "texto": "dareis ao Senhor oferta Á. nas vossas gerações."
        },
        {
          "referencia": "Números 18.11",
          "texto": "isto será teu: a oferta À. dos seus dons com"
        },
        {
          "referencia": "Números 18.24",
          "texto": "ao Senhor em oferta Á., tenho dado por"
        },
        {
          "referencia": "Números 18.26",
          "texto": "deles oferecereis uma oferta Á, ao Senhor: o"
        },
        {
          "referencia": "Números 18.27",
          "texto": "a vossa oferta Á. como grão da eira e"
        },
        {
          "referencia": "Números 18.28",
          "texto": "ao Senhor uma oferta"
        },
        {
          "referencia": "m 18.28",
          "texto": "e deles dareis a oferta 4. do Senhor a Arão,"
        },
        {
          "referencia": "Números 18.29",
          "texto": "oferecereis toda oferta Á. do Senhor; do"
        },
        {
          "referencia": "Números 31.29",
          "texto": "ao sacerdote Eleazar, para a oferta Á. do Senhor."
        },
        {
          "referencia": "Números 3141",
          "texto": "o tributo da oferta A. do Senhor, como o"
        },
        {
          "referencia": "Números 31.52",
          "texto": "foi todo o ouro da oferta Á., que ofereceram ao"
        },
        {
          "referencia": "Deuteronômio 12.6",
          "texto": "os vossos dízimos, e a oferta À, da vossa mão, e"
        },
        {
          "referencia": "Deuteronômio 12.11",
          "texto": "eos vossos dízimos, e a oferta A. da vossa"
        },
        {
          "referencia": "Deuteronômio 12.17",
          "texto": "ofertas voluntárias, nem a oferta A, da tua mão;"
        },
        {
          "referencia": "Neemias 13.5",
          "texto": "e porteiros, como também a oferta Á. para os sacer-"
        },
        {
          "referencia": "Isaías 5.25",
          "texto": "atrás a sua ira, mas ainda está À. a sua mão."
        }
      ]
    },
    {
      "palavra": "alçadas",
      "veja tambem": [
        "alçar"
      ],
      "ocorrencias": 9,
      "fonte": "",
      "concordancias": [
        {
          "referencia": "Números 18.8",
          "texto": "a guarda das minhas ofertas A., com todas as"
        },
        {
          "referencia": "Números 18.19",
          "texto": "Todas as ofertas Á. das santidades, que os"
        },
        {
          "referencia": "2 Samuel 1.21",
          "texto": "sobre vós, campos de ofertas Á., pois aí"
        },
        {
          "referencia": "2 Crônicas 31.14",
          "texto": "para distribuir as ofertas A. do Senhor e"
        },
        {
          "referencia": "Neemias 10.37",
          "texto": "massa, e as nossas ofertas A., e o fruto de"
        },
        {
          "referencia": "Neemias 10.39",
          "texto": "Levi devem trazer ofertas Á. do grão, do mosto"
        },
        {
          "referencia": "Neemias 12.44",
          "texto": "os tesouros, para as ofertas Á., para as"
        },
        {
          "referencia": "Ezequiel 20.40",
          "texto": "demandarei as vossas ofertas A. e as"
        },
        {
          "referencia": "Malaquias 3.8",
          "texto": "Em que te roubamos? Nos dízimos e nas ofertas A.."
        }
      ]
    },
    {
      "palavra": "alçados",
      "veja tambem": [
        "alçar"
      ],
      "ocorrencias": 1,
      "fonte": "",
      "concordancias": [
        {
          "referencia": "Êxodo 29.27",
          "texto": "alçada, que foram movidos e À. do carneiro das"
        }
      ]
    },
    {
      "palavra": "alçai",
      "veja tambem": [
        "alçar"
      ],
      "ocorrencias": 1,
      "fonte": "",
      "concordancias": [
        {
          "referencia": "Isaías 13.2",
          "texto": "A, uma bandeira sobre o monte escalvado; levantai"
        }
      ]
    },
    {
      "palavra": "alçam",
      "veja tambem": [],
      "ocorrencias": 2,
      "fonte": "",
      "concordancias": [
        {
          "referencia": "Jó 24.24",
          "texto": "Por um pouco se À. e logo desaparecem; são"
        },
        {
          "referencia": "Isaías 52.8",
          "texto": "voz dos teus atalaias! Eles Á. a voz, juntamente"
        }
      ]
    },
    {
      "palavra": "alcança",
      "veja tambem": [],
      "ocorrencias": 3,
      "fonte": "",
      "concordancias": [
        {
          "referencia": "Provérbios 134",
          "texto": "deseja e coisa nenhuma Á., mas a alma dos"
        },
        {
          "referencia": "Isaías 59.9",
          "texto": "de nós, e a justiça não nos Á.; esperamos pela"
        },
        {
          "referencia": "Atos 8.20",
          "texto": "cuidaste que o dom de Deus se A. por dinheiro."
        }
      ]
    },
    {
      "palavra": "alcançá-la-ei",
      "veja tambem": [
        "alcançar"
      ],
      "ocorrencias": 1,
      "fonte": "",
      "concordancias": [
        {
          "referencia": "1 Samuel 30.8",
          "texto": "Perseguirei eu a esta tropa? 4.? Eo"
        }
      ]
    },
    {
      "palavra": "alcançado",
      "veja tambem": [
        "alcançar"
      ],
      "ocorrencias": 6,
      "fonte": "",
      "concordancias": [
        {
          "referencia": "Jó 31.25",
          "texto": "fazenda e de que a minha mão tinha 4. muito;"
        },
        {
          "referencia": "Romanos 4.1",
          "texto": "Que diremos, pois, ter 4. Abraão, nosso pai"
        },
        {
          "referencia": "1 Coríntios 7.25",
          "texto": "o meu parecer, como quem tem A."
        },
        {
          "referencia": "Filipenses 3.12",
          "texto": "Não que já a tenha À. ou que seja perfeito;"
        },
        {
          "referencia": "Filipenses 3.13",
          "texto": "a mim, não julgo que o haja A.; mas uma coisa"
        },
        {
          "referencia": "1 Pedro 2.10",
          "texto": "povo de Deus; que não tínheis 4."
        }
      ]
    },
    {
      "palavra": "alcançam",
      "veja tambem": [],
      "ocorrencias": 2,
      "fonte": "",
      "concordancias": [
        {
          "referencia": "Jó 36.17",
          "texto": "do juízo do ímpio; o juízo e a justiça te A.."
        },
        {
          "referencia": "S1102.24",
          "texto": "dos meus dias, tu, cujos anos A. todas as gerações."
        }
      ]
    },
    {
      "palavra": "alcançamos",
      "veja tambem": [
        "alcançar"
      ],
      "ocorrencias": 2,
      "fonte": "",
      "concordancias": [
        {
          "referencia": "Romanos 5.11",
          "texto": "Cristo, pelo qual agora Á. a reconciliação."
        },
        {
          "referencia": "1 João 5.15",
          "texto": "o que pedimos, sabemos que À. as petições"
        }
      ]
    },
    {
      "palavra": "alcançando",
      "veja tambem": [],
      "ocorrencias": 2,
      "fonte": "",
      "concordancias": [
        {
          "referencia": "Atos 26.22",
          "texto": "Mas, À. socorro de Deus, ainda até ao dia de"
        },
        {
          "referencia": "1 Pedro 1.9",
          "texto": "A. o fim da vossa fé, a salvação da alma."
        }
      ]
    },
    {
      "palavra": "alcançando-os",
      "veja tambem": [],
      "ocorrencias": 1,
      "fonte": "",
      "concordancias": [
        {
          "referencia": "Gênesis 444",
          "texto": "e persegue aqueles varões; e, A., lhes"
        }
      ]
    }
  ]
}