{
  "a": [
    {
      "palavra": "alcançar",
      "veja tambem": [
        "obter",
        "atingir",
        "conseguir",
        "chegar"
      ],
      "ocorrencias": 29,
      "fonte": "Strong's H5381 (נָשָׂג/nasag)",
      "concordancias": [
        {
          "referencia": "Levítico 5.7",
          "texto": "Mas, se a sua mão não Á. o que bastar para gado"
        },
        {
          "referencia": "Levítico 5.11",
          "texto": "Porém, se a sua mão não À. duas rolas ou dois"
        },
        {
          "referencia": "Levítico 12.8",
          "texto": "Mas, se a sua mão não À. assaz para um"
        },
        {
          "referencia": "Levítico 14.21",
          "texto": "for pobre, e a sua mão não A. tanto, tomará"
        },
        {
          "referencia": "Levítico 14.22",
          "texto": "ou dois pombinhos, conforme A. a sua mão, dos"
        },
        {
          "referencia": "Levítico 14.30",
          "texto": "rolas ou um dos pombinhos, conforme A. a sua mão."
        },
        {
          "referencia": "Ly 14.31",
          "texto": "Do que A. a sua mão, será um para expiação do"
        },
        {
          "referencia": "Levítico 14.32",
          "texto": "da lepra, cuja mão não pode Á. o preciso para a"
        },
        {
          "referencia": "Ly 25.26",
          "texto": "resgatador, porém a sua mão À. e achar o que"
        },
        {
          "referencia": "Levítico 25.28",
          "texto": "Mas, se a sua mão não Á. o q e basta para"
        },
        {
          "referencia": "Levítico 25.47",
          "texto": "peregrino que está contigo À. riqueza, e teu"
        },
        {
          "referencia": "Ly 25.49",
          "texto": "o resgatará; ou, se a sua mão À. riqueza, se"
        },
        {
          "referencia": "Levítico 27.8",
          "texto": "o avalie; conforme o que A. a mão do que"
        },
        {
          "referencia": "Números 6.21",
          "texto": "seu nazireado, além do que Å. a sua mão;"
        },
        {
          "referencia": "Juízes 9.33",
          "texto": "com ele contra ti, faze-lhe como Á. a tua mão."
        },
        {
          "referencia": "Neemias 13.6",
          "texto": "ao cabo de alguns dias, tornei a 4. licença"
        },
        {
          "referencia": "Jó 37.23",
          "texto": "Todo-Poderoso não podemos A.; grande é em"
        },
        {
          "referencia": "Eclesiastes 8.17",
          "texto": "Deus, que o homem não pode A. a obra que se"
        },
        {
          "referencia": "Eclesiastes 8.17",
          "texto": "que a virá a conhecer, nem por isso a poderá A.."
        },
        {
          "referencia": "Ezequiel 46.7",
          "texto": "cordeiros, conforme o que À. a sua mão; e"
        },
        {
          "referencia": "Oséias 8.5",
          "texto": "quando serão eles incapazes de A. a inocência?"
        },
        {
          "referencia": "Jonas 1.13",
          "texto": "remavam, esforçando-se por Á. a terra, mas"
        },
        {
          "referencia": "Lucas 20.35",
          "texto": "havidos por dignos de Å. o mundo vindouro"
        },
        {
          "referencia": "1 Coríntios 9.25",
          "texto": "abstém; eles o fazem para À. uma coroa"
        },
        {
          "referencia": "Filipenses 3.12",
          "texto": "perfeito; mas prossigo para A. aquilo para o"
        },
        {
          "referencia": "1 Timóteo 6.19",
          "texto": "para o futuro, para que possam Á. a vida eterna."
        },
        {
          "referencia": "Hebreus 4.16",
          "texto": "da graça, para que possamos Á. misericórdia e"
        },
        {
          "referencia": "Hebreus 10.36",
          "texto": "feito a vontade de Deus, possais 4, a promessa."
        },
        {
          "referencia": "Tiago 4.2",
          "texto": "e cobiçosos e não podeis Á.; combateis e"
        }
      ]
    },
    {
      "palavra": "alcançara",
      "veja tambem": [
        "alcançar",
        "obter",
        "atingir",
        "conseguir"
      ],
      "ocorrencias": 0,
      "fonte": "Strong's H5381 (נָשָׂג/nasag)",
      "concordancias": []
    },
    {
      "palavra": "alcançará",
      "veja tambem": [
        "alcançar",
        "obter",
        "atingir",
        "conseguir"
      ],
      "ocorrencias": 11,
      "fonte": "Strong's H5381 (נָשָׂג/nasag)",
      "concordancias": [
        {
          "referencia": "Deuteronômio 31.29",
          "texto": "ordenei; então, este mal vos A. nos últimos"
        },
        {
          "referencia": "S121.8",
          "texto": "A tua mão A, todos os teus inimigos; a tua mão"
        },
        {
          "referencia": "S121.8",
          "texto": "inimigos; a tua mão direita A. aqueles que te aborrecem."
        },
        {
          "referencia": "Provérbios 8.35",
          "texto": "que me achar achará a vida cA. favor do Senhor."
        },
        {
          "referencia": "Provérbios 12.2",
          "texto": "O homem de bem 4. o favor do Senhor, mas ao"
        },
        {
          "referencia": "Provérbios 28.13",
          "texto": "mas o que as confessa e deixa À. misericórdia."
        },
        {
          "referencia": "Isaías 16.12",
          "texto": "e entrar no seu santuário a orar, nada A.."
        },
        {
          "referencia": "Jeremias 42.16",
          "texto": "que vós temeis ali vos Á. na terra do"
        },
        {
          "referencia": "Oséias 2.7",
          "texto": "de seus amantes, mas não os À.; e buscá-los-á,"
        },
        {
          "referencia": "Oséias 14.3",
          "texto": "Deus; porque, por ti, o órfão A. misericórdia."
        },
        {
          "referencia": "Amós 9.13",
          "texto": "o Senhor, em que o que lavra Á. ao que sega, e"
        }
      ]
    },
    {
      "palavra": "alcançaram-nos",
      "veja tambem": [
        "alcançar",
        "obter",
        "atingir",
        "conseguir"
      ],
      "ocorrencias": 1,
      "fonte": "Strong's H5381 (נָשָׂג/nasag)",
      "concordancias": [
        {
          "referencia": "Êxodo 14.9",
          "texto": "eo seu exército e A."
        }
      ]
    },
    {
      "palavra": "alcançarás",
      "veja tambem": [
        "alcançar"
      ],
      "ocorrencias": 2,
      "fonte": "",
      "concordancias": [
        {
          "referencia": "1 Samuel 30.8",
          "texto": "Persegue-a, porque, decerto, a À. e tudo libertarás."
        },
        {
          "referencia": "Jó 11.7",
          "texto": "Porventura, Á. os caminhos de Deus ou"
        }
      ]
    },
    {
      "palavra": "alcançardes",
      "veja tambem": [
        "al-"
      ],
      "ocorrencias": 1,
      "fonte": "",
      "concordancias": [
        {
          "referencia": "2 Tessalonicenses 2.14",
          "texto": "evangelho, vos chamou, para À. a glória de"
        }
      ]
    },
    {
      "palavra": "alcançarei",
      "veja tambem": [
        "alcan-"
      ],
      "ocorrencias": 1,
      "fonte": "",
      "concordancias": [
        {
          "referencia": "Êxodo 15.9",
          "texto": "inimigo dizia: Perseguirei, A., repartirei"
        }
      ]
    },
    {
      "palavra": "alcançareis",
      "veja tambem": [
        "alcançar"
      ],
      "ocorrencias": 2,
      "fonte": "",
      "concordancias": [
        {
          "referencia": "Josué 2.5",
          "texto": "ide após eles depressa, porque vós os Á.."
        },
        {
          "referencia": "1 Pedro 5.4",
          "texto": "aparecer o Sumo Pastor, À, a"
        }
      ]
    },
    {
      "palavra": "alcançarem",
      "veja tambem": [
        "alcançar"
      ],
      "ocorrencias": 4,
      "fonte": "",
      "concordancias": [
        {
          "referencia": "Deuteronômio 4.30",
          "texto": "e todas estas coisas te A., então, no fim"
        },
        {
          "referencia": "Deuteronômio 31.21",
          "texto": "E será que, quando os A. muitos males e"
        },
        {
          "referencia": "Romanos 11.31",
          "texto": "desobedientes, para também A. misericórdia"
        },
        {
          "referencia": "Hebreus 11.35",
          "texto": "o seu livramento, para Á. uma melhor ressurreição;"
        }
      ]
    },
    {
      "palavra": "alcançaste",
      "veja tambem": [],
      "ocorrencias": 2,
      "fonte": "",
      "concordancias": [
        {
          "referencia": "Ezequiel 16.7",
          "texto": "e te engrandeceste, e Á, grande"
        },
        {
          "referencia": "Ezequiel 28.4",
          "texto": "e pelo teu entendimento A, o teu poder e"
        }
      ]
    },
    {
      "palavra": "alcançastes",
      "veja tambem": [
        "al-"
      ],
      "ocorrencias": 3,
      "fonte": "",
      "concordancias": [
        {
          "referencia": "Ageu 1.9",
          "texto": "para muito, mas eis que Å. pouco; e esse"
        },
        {
          "referencia": "Romanos 11.30",
          "texto": "a Deus, mas, agora, 4."
        },
        {
          "referencia": "1 Pedro 2.10",
          "texto": "alcançado misericórdia, mas, agora, Á. misericórdia."
        }
      ]
    },
    {
      "palavra": "alcançava",
      "veja tambem": [
        "alcançar"
      ],
      "ocorrencias": 1,
      "fonte": "",
      "concordancias": [
        {
          "referencia": "Ester 2.15",
          "texto": "eunuco do rei, guarda das mulheres; e Å, Ester"
        }
      ]
    },
    {
      "palavra": "alcance",
      "veja tambem": [
        "alcançar"
      ],
      "ocorrencias": 5,
      "fonte": "",
      "concordancias": [
        {
          "referencia": "Deuteronômio 19.6",
          "texto": "esquentar o seu coração, eo A., por ser"
        },
        {
          "referencia": "Juízes 8.5",
          "texto": "estão cansados, e eu vou em Á, de Zeba e"
        },
        {
          "referencia": "2 Samuel 15.14",
          "texto": "não se apresse ele, e nos Á., e lance"
        },
        {
          "referencia": "2 Reis 5.21",
          "texto": "E foi Geazi em A. de Naamã; e Naamã, vendo que"
        },
        {
          "referencia": "1 Crônicas 21.12",
          "texto": "a espada de teus inimigos te A., ou que três"
        }
      ]
    },
    {
      "palavra": "alcance-a",
      "veja tambem": [
        "alcançar"
      ],
      "ocorrencias": 1,
      "fonte": "",
      "concordancias": [
        {
          "referencia": "S17.5",
          "texto": "o inimigo a minha alma e A.; calque aos pés"
        }
      ]
    },
    {
      "palavra": "alcancei",
      "veja tambem": [
        "alcançar"
      ],
      "ocorrencias": 5,
      "fonte": "",
      "concordancias": [
        {
          "referencia": "Gênesis 4.1",
          "texto": "eteve a Caim, e disse: 4, do Senhor um varão."
        },
        {
          "referencia": "S1119.104",
          "texto": "Pelos teus mandamentos, A. entendimento; pelo"
        },
        {
          "referencia": "Atos 22.28",
          "texto": "com grande soma de dinheiro A, este direito de"
        },
        {
          "referencia": "1 Timóteo 1.13",
          "texto": "e perseguidor, e opressor; mas A."
        },
        {
          "referencia": "1 Timóteo 1.16",
          "texto": "Mas, por isso, Á. misericórdia, para que em"
        }
      ]
    },
    {
      "palavra": "alcanceis",
      "veja tambem": [],
      "ocorrencias": 2,
      "fonte": "",
      "concordancias": [
        {
          "referencia": "1 Coríntios 9.24",
          "texto": "leva o prêmio? Correi de tal maneira Re o A.."
        },
        {
          "referencia": "1 Pedro 3.9",
          "texto": "chamados, para que, por herança, 4. a bênção."
        }
      ]
    },
    {
      "palavra": "alcancem",
      "veja tambem": [
        "alcançar"
      ],
      "ocorrencias": 1,
      "fonte": "",
      "concordancias": [
        {
          "referencia": "2 Timóteo 2.10",
          "texto": "para que também eles À, a salvação que"
        }
      ]
    },
    {
      "palavra": "alcancemos",
      "veja tambem": [
        "alcan-"
      ],
      "ocorrencias": 1,
      "fonte": "",
      "concordancias": [
        {
          "referencia": "S190.12",
          "texto": "dias, de tal maneira que 4. coração sábio."
        }
      ]
    },
    {
      "palavra": "alcançou",
      "veja tambem": [
        "alcançar"
      ],
      "ocorrencias": 15,
      "fonte": "",
      "concordancias": [
        {
          "referencia": "Gênesis 31.25",
          "texto": "Á., pois, Labão a Jacó. E armara Jacó a sua"
        },
        {
          "referencia": "Deuteronômio 3.14",
          "texto": "Jair, filho de Manassés, A. toda a porção da"
        },
        {
          "referencia": "2 Reis 25.5",
          "texto": "perseguiu o rei e o Á, nas campinas de"
        },
        {
          "referencia": "Neemias 9.32",
          "texto": "conta toda a aflição que nos Á. a nós, e"
        },
        {
          "referencia": "Ester 2.9",
          "texto": "formosa aos seus olhos e 4. graça perante"
        },
        {
          "referencia": "Ester 2.17",
          "texto": "a todas as mulheres, e ela 4. perante ele"
        },
        {
          "referencia": "Ester 5.2",
          "texto": "que estava no pátio, ela À. graça aos seus"
        },
        {
          "referencia": "Provérbios 18.22",
          "texto": "acha uma coisa boa e À, a benevolência do Senhor."
        },
        {
          "referencia": "Isaías 10.10",
          "texto": "A minha mão A, os reinos dos ídolos, ainda que"
        },
        {
          "referencia": "Atos 1.17",
          "texto": "foi contado conosco e À. sorte neste ministério."
        },
        {
          "referencia": "Romanos 11.7",
          "texto": "O que Israel buscava não o A.; mas os eleitos"
        },
        {
          "referencia": "Hebreus 6.15",
          "texto": "E assim, esperando com paciência, A. a promessa."
        },
        {
          "referencia": "Hebreus 8.6",
          "texto": "Mas agora À. ele ministério tanto mais"
        },
        {
          "referencia": "Hebreus 11.4",
          "texto": "do que Caim, pelo qual À. testemunho de"
        },
        {
          "referencia": "Hebreus 11.5",
          "texto": "como, antes da sua trasladação, A. testemunho"
        }
      ]
    },
    {
      "palavra": "alcançou-o",
      "veja tambem": [
        "alcançar"
      ],
      "ocorrencias": 1,
      "fonte": "",
      "concordancias": [
        {
          "referencia": "Gênesis 31.23",
          "texto": "seu caminho por sete dias; e A. na montanha"
        }
      ]
    },
    {
      "palavra": "alcançou-os",
      "veja tambem": [
        "alcan-"
      ],
      "ocorrencias": 1,
      "fonte": "",
      "concordancias": [
        {
          "referencia": "Gênesis 44.6",
          "texto": "E À, e falou-lhes as mesmas palavras."
        }
      ]
    },
    {
      "palavra": "alçando",
      "veja tambem": [],
      "ocorrencias": 2,
      "fonte": "",
      "concordancias": [
        {
          "referencia": "Números 24.23",
          "texto": "E, À, ainda a sua parábola, disse: Ai, quem"
        },
        {
          "referencia": "Atos 2740",
          "texto": "também as amarras do leme; e, À. a vela maior"
        }
      ]
    },
    {
      "palavra": "alçand o-se",
      "veja tambem": [
        "alçar"
      ],
      "ocorrencias": 3,
      "fonte": "",
      "concordancias": [
        {
          "referencia": "Êxodo 16.14",
          "texto": "E, A. o orvalho caído, eis que sobre a face"
        },
        {
          "referencia": "Números 9.21",
          "texto": "quer de dia quer de noite, À. a nuvem, partiam."
        },
        {
          "referencia": "Números 9.22",
          "texto": "se alojavam e não partiam; e, A. ela, partiam."
        }
      ]
    },
    {
      "palavra": "alçar-se-á",
      "veja tambem": [
        "alçar"
      ],
      "ocorrencias": 1,
      "fonte": "",
      "concordancias": [
        {
          "referencia": "Zacarias 14.13",
          "texto": "na mão do seu companheiro, e 4. a mão de"
        }
      ]
    },
    {
      "palavra": "alçaram",
      "veja tambem": [
        "alçar"
      ],
      "ocorrencias": 5,
      "fonte": "",
      "concordancias": [
        {
          "referencia": "Gênesis 37.28",
          "texto": "midianitas, tiraram, e 4. a José da"
        },
        {
          "referencia": "Números 14.1",
          "texto": "toda a congregação, e À. a sua voz; e o"
        },
        {
          "referencia": "1 Samuel 30.4",
          "texto": "povo que se achava com ele Á. a sua voz e"
        },
        {
          "referencia": "1 Reis 8.3",
          "texto": "os anciãos de Israel, e os sacerdotes 4, a arca."
        },
        {
          "referencia": "Ezequiel 10.19",
          "texto": "E os querubins A. as suas asas e se elevaram da"
        }
      ]
    }
  ]
}