{
  "a": [
    {
      "palavra": "alçarás",
      "veja tambem": [
        "alçar",
        "erguer",
        "levantar",
        "elevar"
      ],
      "ocorrencias": 2,
      "fonte": "Strong's H7311 (רוּם/rum)",
      "concordancias": [
        {
          "referencia": "Deuteronômio 27.5",
          "texto": "Deus, um altar de pedras; não A. ferro sobre elas."
        },
        {
          "referencia": "Provérbios 19.18",
          "texto": "há esperança, mas para o matar não A. a tua alma."
        }
      ]
    },
    {
      "palavra": "alçares",
      "veja tambem": [
        "alçar",
        "erguer",
        "levantar",
        "elevar"
      ],
      "ocorrencias": 1,
      "fonte": "Strong's H7311 (רוּם/rum)",
      "concordancias": [
        {
          "referencia": "Py2.3",
          "texto": "por entendimento, e por inteligência A. a tua voz,"
        }
      ]
    },
    {
      "palavra": "alçaste",
      "veja tambem": [
        "alçar",
        "erguer",
        "levantar",
        "elevar"
      ],
      "ocorrencias": 3,
      "fonte": "Strong's H7311 (רוּם/rum)",
      "concordancias": [
        {
          "referencia": "2 Reis 19.22",
          "texto": "blasfemaste? E contra quem Á, a voz e ergueste"
        },
        {
          "referencia": "Neemias 9.15",
          "texto": "e a terra pela qual À. a tua mão, que"
        },
        {
          "referencia": "Isaías 37.23",
          "texto": "blasfemaste? E contra quem Á. a voz e ergueste"
        }
      ]
    },
    {
      "palavra": "alçava",
      "veja tambem": [
        "alçar",
        "erguer",
        "levantar",
        "elevar"
      ],
      "ocorrencias": 2,
      "fonte": "Strong's H7311 (רוּם/rum)",
      "concordancias": [
        {
          "referencia": "Números 9.17",
          "texto": "Mas, sempre que a nuvem se À. sobre a tenda, os"
        },
        {
          "referencia": "Números 9.21",
          "texto": "ficava ali e a nuvem se 4. pela manhã, então,"
        }
      ]
    },
    {
      "palavra": "alcem",
      "veja tambem": [
        "alçar",
        "erguer",
        "levantar",
        "elevar"
      ],
      "ocorrencias": 1,
      "fonte": "Strong's H7311 (רוּם/rum)",
      "concordancias": [
        {
          "referencia": "Isaías 42.11",
          "texto": "À, a voz o deserto e as suas cidades, com as"
        }
      ]
    },
    {
      "palavra": "alçou",
      "veja tambem": [
        "alçar",
        "erguer",
        "levantar",
        "elevar"
      ],
      "ocorrencias": 10,
      "fonte": "Strong's H7311 (רוּם/rum)",
      "concordancias": [
        {
          "referencia": "Números 10.11",
          "texto": "vinte do mês, que a nuvem se Á, de sobre o"
        },
        {
          "referencia": "Números 23.7",
          "texto": "Então, A. a sua parábola e disse: De Arã me mandou"
        },
        {
          "referencia": "Números 23.18",
          "texto": "Então, A. a sua parábola e disse: Levanta-te,"
        },
        {
          "referencia": "Números 24.3",
          "texto": "E À. a sua parábola e disse: Fala Balaão, filho de"
        },
        {
          "referencia": "Números 24.15",
          "texto": "Então, Á. a sua parábola e disse: Fala Balaão,"
        },
        {
          "referencia": "Números 24.20",
          "texto": "E, vendo os amalequitas, A, a sua parábola e"
        },
        {
          "referencia": "Números 24.21",
          "texto": "E, vendo os queneus, Á. a sua parábola e disse:"
        },
        {
          "referencia": "1 Samuel 24.16",
          "texto": "voz, meu filho Davi? Então, Saul À. a sua voz e cho-"
        },
        {
          "referencia": "2 Samuel 23.18",
          "texto": "era cabeça de três; e este 4. a sua lança"
        },
        {
          "referencia": "Ezequiel 11.23",
          "texto": "E a glória do Senhor se Á. desde o meio da cidade"
        }
      ]
    },
    {
      "palavra": "aldeia",
      "veja tambem": [
        "cidade",
        "povoado",
        "lugar",
        "habitação"
      ],
      "ocorrencias": 17,
      "fonte": "Strong's G2968 (κώμη/kome)",
      "concordancias": [
        {
          "referencia": "Mateus 10.11",
          "texto": "E, em qualquer cidade ou A. em que entrardes,"
        },
        {
          "referencia": "Mateus 21.2",
          "texto": "Ide à À. que está defronte de vós e logo"
        },
        {
          "referencia": "Marcos 8.23",
          "texto": "mão, levou-o para fora da A.; e, cuspindo-lhe"
        },
        {
          "referencia": "Marcos 8.26",
          "texto": "mandou-o para sua casa, dizendo: Não entres na Á.."
        },
        {
          "referencia": "Marcos 11.2",
          "texto": "e disse-lhes: Ide à 4. que está defronte de vós;"
        },
        {
          "referencia": "Lucas 8.1",
          "texto": "de cidade em cidade e de Á, em A.,"
        },
        {
          "referencia": "Lucas 8.1",
          "texto": "em cidade e de A. em A., pregando e"
        },
        {
          "referencia": "Lucas 9.52",
          "texto": "e, indo eles, entraram numa À. de samaritanos,"
        },
        {
          "referencia": "Lucas 9.56",
          "texto": "homens, mas para salvá-las. E foram para outra Á.."
        },
        {
          "referencia": "Lucas 10.38",
          "texto": "eles de caminho, entrou numa Á.; e certa mulher,"
        },
        {
          "referencia": "Lucas 17.12",
          "texto": "e, entrando numa certa Á., saíram-lhe ao encontro"
        },
        {
          "referencia": "Lucas 19.30",
          "texto": "dizendo: Ide à Á. que está defronte e aí, ao"
        },
        {
          "referencia": "Lucas 24.13",
          "texto": "dia, iam dois deles para uma A. que distava de"
        },
        {
          "referencia": "Lucas 24.28",
          "texto": "E chegaram à Á., para onde iam, e ele fez como"
        },
        {
          "referencia": "Jó 7.42",
          "texto": "de Davi e de Belém, da 4. de onde era Davi?"
        }
      ]
    }
  ]
}