{
  "a": [
    {
      "palavra": "aldeias",
      "veja tambem": [
        "aldeia",
        "cidades",
        "povoados",
        "lugares",
        "habitações"
      ],
      "ocorrencias": 75,
      "fonte": "Strong's H2691 (חָצֵר/chatser)",
      "concordancias": [
        {
          "referencia": "Levítico 25.31",
          "texto": "Mas as casas das Á. que não têm muro em roda"
        },
        {
          "referencia": "Números 21.25",
          "texto": "dos amorreus, em Hesbom e em todas as suas A.."
        },
        {
          "referencia": "Números 21.32",
          "texto": "a Jazer, e tomaram as suas Á. e daquela"
        },
        {
          "referencia": "Números 32.41",
          "texto": "de Manassés, e tomou as suas Á. e chamou-lhes"
        },
        {
          "referencia": "Números 32.42",
          "texto": "a Quenate com as suas A.; e chamou-lhe"
        },
        {
          "referencia": "Deuteronômio 2.23",
          "texto": "os aveus, que habitavam em Á. até Gaza, e"
        },
        {
          "referencia": "Josué 13.23",
          "texto": "as suas famílias, com as cidades e as suas A.."
        },
        {
          "referencia": "Josué 13.28",
          "texto": "as suas famílias, com as cidades e as suas Á.."
        },
        {
          "referencia": "Josué 13.30",
          "texto": "Ogue, rei de Basã, e todas as A. de Jair, que"
        },
        {
          "referencia": "Josué 15.32",
          "texto": "todas as cidades e as suas À.; vinte e nove"
        },
        {
          "referencia": "Josué 15.36",
          "texto": "e Gederotaim: catorze cidades e as suas Å.."
        },
        {
          "referencia": "Josué 15.41",
          "texto": "Naamá, e Maquedá: dezesseis cidades e as suas Á.."
        },
        {
          "referencia": "Josué 15.44",
          "texto": "e Aczibe, e Maressa: nove cidades e as suas Á.."
        },
        {
          "referencia": "Josué 15.45",
          "texto": "e os lugares da sua jurisdição, e as suas A.;"
        },
        {
          "referencia": "Josué 15.46",
          "texto": "as que estão da banda de Asdode e as suas A.."
        },
        {
          "referencia": "Josué 15.47",
          "texto": "da sua jurisdição, e as suas A.; Gaza, e os"
        },
        {
          "referencia": "Josué 15.47",
          "texto": "da sua jurisdição, e as suas A., até ao rio"
        },
        {
          "referencia": "Josué 15.51",
          "texto": "Gósen, e Holom, e Gilo: onze cidades e as suas Å.."
        },
        {
          "referencia": "Josué 15.54",
          "texto": "(que é Hebrom), e Zior: nove cidades e as suas Á.."
        },
        {
          "referencia": "Josué 15.57",
          "texto": "Caim, e Gibeá, e Timna: dez cidades e as suas Á.."
        },
        {
          "referencia": "Josué 15.59",
          "texto": "Bete-Anote, e Eltecom: seis cidades e as suas A.."
        },
        {
          "referencia": "Josué 15.60",
          "texto": "e Rabá: duas cidades e as suas Á.."
        },
        {
          "referencia": "Josué 15.62",
          "texto": "do Sal, e En-Gedi: seis cidades e as suas Å.."
        },
        {
          "referencia": "Josué 16.9",
          "texto": "de Manassés; todas aquelas cidades e as suas A.."
        },
        {
          "referencia": "Josué 18.24",
          "texto": "e Ofni, e Gaba: doze cidades e as suas A.."
        },
        {
          "referencia": "Josué 18.28",
          "texto": "catorze cidades com as suas À.; esta era a"
        },
        {
          "referencia": "Josué 19.6",
          "texto": "e Saruém: treze cidades e as suas Å.."
        },
        {
          "referencia": "Josué 19.7",
          "texto": "Rimom, e Eter, e Asã: quatro cidades e as suas A.."
        },
        {
          "referencia": "Josué 19.8",
          "texto": "E todas as Á. que havia em redor destas cidades,"
        },
        {
          "referencia": "Josué 19.15",
          "texto": "e Idala, e Belem: doze cidades e as suas A.."
        },
        {
          "referencia": "Josué 19.16",
          "texto": "as suas famílias; estas cidades e as suas A.,"
        },
        {
          "referencia": "Josué 19.22",
          "texto": "estavam no Jordão: dezesseis cidades e as suas A.."
        },
        {
          "referencia": "Josué 19.23",
          "texto": "as suas famílias; estas cidades e as suas A.."
        },
        {
          "referencia": "Josué 19.30",
          "texto": "Afeca, e Reobe: vinte e duas cidades e as suas A.."
        },
        {
          "referencia": "Josué 19.31",
          "texto": "as suas famílias; estas cidades e as suas Á.."
        },
        {
          "referencia": "Josué 19.38",
          "texto": "e Bete-Semes: dezenove cidades e as suas Á.."
        },
        {
          "referencia": "Josué 19.39",
          "texto": "as suas famílias; estas cidades e as suas A.."
        },
        {
          "referencia": "Josué 19.48",
          "texto": "as suas famílias; estas cidades e as suas A.."
        },
        {
          "referencia": "Josué 21.12",
          "texto": "campo da cidade e as suas Á. deram a Calebe,"
        },
        {
          "referencia": "Juízes 5.7",
          "texto": "Cessaram as À. em Israel, cessaram, até que eu,"
        },
        {
          "referencia": "Juízes 5.11",
          "texto": "das justiças que fez às suas A. em Israel;"
        },
        {
          "referencia": "1 Samuel 6.18",
          "texto": "as cidades fortes até às A. e até Abel, a"
        },
        {
          "referencia": "IRs 4.13",
          "texto": "tinha este as À. de Jair, filho"
        },
        {
          "referencia": "1 Crônicas 2.23",
          "texto": "e Arã tomaram deles as 4. de Jair e Quenate,"
        },
        {
          "referencia": "1 Crônicas 4.32",
          "texto": "E foram as suas Á.: Etã, e Aim, e Rimom, e"
        },
        {
          "referencia": "1 Crônicas 4.33",
          "texto": "com todas as suas A. que estavam em redor destas"
        },
        {
          "referencia": "1 Crônicas 6.56",
          "texto": "da cidade e as suas 4. deram a Calebe,"
        },
        {
          "referencia": "1 Crônicas 9.16",
          "texto": "e Obadias, filho de Semaías, filho de Galal,"
        }
      ]
    },
    {
      "palavra": "aldravas",
      "veja tambem": [],
      "ocorrencias": 1,
      "fonte": "",
      "concordancias": [
        {
          "referencia": "Cânticos 5.5",
          "texto": "dedos gotejavam mirra sobre as A. da fechadura."
        }
      ]
    },
    {
      "palavra": "alegoria",
      "veja tambem": [],
      "ocorrencias": 2,
      "fonte": "",
      "concordancias": [
        {
          "referencia": "Gálatas 4.24",
          "texto": "o que se entende por A.; porque estes são os"
        },
        {
          "referencia": "Hebreus 9.9",
          "texto": "que é uma À. para o tempo presente, em que se"
        }
      ]
    },
    {
      "palavra": "alegra",
      "veja tambem": [],
      "ocorrencias": 19,
      "fonte": "",
      "concordancias": [
        {
          "referencia": "Juízes 9.13",
          "texto": "Deixaria eu o meu mosto, q e À. a Deus e aos"
        },
        {
          "referencia": "S121.1",
          "texto": "O rei se Á. em tua força, Senhor; e na tua"
        },
        {
          "referencia": "S186.4",
          "texto": "A. a alma do teu servo, pois a ti, Senhor,"
        },
        {
          "referencia": "Provérbios 10.1",
          "texto": "de Salomão. O filho sábio A. a seu pai, mas o"
        },
        {
          "referencia": "Provérbios 12.25",
          "texto": "coração do homem o abate, mas uma boa palavra o"
        },
        {
          "referencia": "Provérbios 13.9",
          "texto": "A luz dos justos Á., mas a candeia dos ímpios se apa-"
        },
        {
          "referencia": "Provérbios 15.23",
          "texto": "O homem se À. na resposta da sua boca, e a"
        },
        {
          "referencia": "Provérbios 15.30",
          "texto": "A luz dos olhos A. o coração; a boa fama engorda"
        },
        {
          "referencia": "Provérbios 17.5",
          "texto": "ao que o criou; o que se À. da calamidade não"
        },
        {
          "referencia": "Provérbios 25.13",
          "texto": "com os que o enviam; porque A. a alma dos seus se-"
        },
        {
          "referencia": "Provérbios 27.11",
          "texto": "Sê sábio, filho meu, e Á, o meu coração, para que"
        },
        {
          "referencia": "Provérbios 29.2",
          "texto": "se engrandecem, o povo se Á., mas, quando o"
        },
        {
          "referencia": "Provérbios 29.3",
          "texto": "homem que ama a sabedoria À. a seu pai, mas o"
        },
        {
          "referencia": "Eclesiastes 10.19",
          "texto": "fazem convites, e o vinho À, a vida, e por tudo"
        },
        {
          "referencia": "Isaías 61.10",
          "texto": "no Senhor, a minha alma se 4. no meu Deus,"
        },
        {
          "referencia": "Isaías 62.5",
          "texto": "contigo; e, como o noivo se A. com a noiva,"
        },
        {
          "referencia": "Ezequiel 35.14",
          "texto": "o Senhor Jeová: Enquanto se À. toda a terra, a ti"
        },
        {
          "referencia": "Habacuque 1.15",
          "texto": "rede varredoura; por isso, ele se 4. e se regozija."
        },
        {
          "referencia": "Lucas 1.47",
          "texto": "e o meu espírito se A. em Deus, meu Salvador,"
        }
      ]
    },
    {
      "palavra": "alegra-nos",
      "veja tambem": [
        "ale-"
      ],
      "ocorrencias": 1,
      "fonte": "",
      "concordancias": [
        {
          "referencia": "S190.15",
          "texto": "A. pelos dias em que nos afligiste, e pelos"
        }
      ]
    },
    {
      "palavra": "alegra-se",
      "veja tambem": [
        "alegrar"
      ],
      "ocorrencias": 2,
      "fonte": "",
      "concordancias": [
        {
          "referencia": "Top 406",
          "texto": "posição;  ."
        },
        {
          "referencia": "Jó 3.29",
          "texto": "que lhe assiste e o ouve, À. muito com a"
        }
      ]
    }
  ]
}