{
  "a": [
    {
      "palavra": "afastasse",
      "veja tambem": [
        "afastar",
        "distanciasse",
        "retirasse",
        "separasse"
      ],
      "ocorrencias": 1,
      "fonte": "Strong's G1877 (ἐπανάγω/epanagó)",
      "concordancias": [
        {
          "referencia": "Lucas 5.3",
          "texto": "o de Simão, pediu-lhe que o A. um pouco da"
        }
      ]
    },
    {
      "palavra": "afastaste",
      "veja tambem": [
        "afastar",
        "distanciar",
        "remover",
        "separar"
      ],
      "ocorrencias": 2,
      "fonte": "Strong's H7368 (רָחַק/rachaq), H2186 (זָנַח/zanach)",
      "concordancias": [
        {
          "referencia": "SI88.18",
          "texto": "A. para longe de mim amigos e companheiros; os"
        },
        {
          "referencia": "Lamentações 3.17",
          "texto": "E À. da paz a minha alma; esqueci-me do bem."
        }
      ]
    },
    {
      "palavra": "afastava",
      "veja tambem": [
        "afastar",
        "apartar",
        "retirar",
        "separar"
      ],
      "ocorrencias": 1,
      "fonte": "Strong's G868 (ἀφίστημι/aphistémi)",
      "concordancias": [
        {
          "referencia": "Lucas 2.37",
          "texto": "e quatro anos, e não se A. do templo,"
        }
      ]
    },
    {
      "palavra": "afaste",
      "veja tambem": [
        "afastar",
        "apartar",
        "remover",
        "separar"
      ],
      "ocorrencias": 4,
      "fonte": "Strong's H657 (פָּגַע/paga), H7368 (רָחַק/rachaq)",
      "concordancias": [
        {
          "referencia": "Rute 1.16",
          "texto": "instes para que te deixe e me A, de ti; porque,"
        },
        {
          "referencia": "Salmos 109.17",
          "texto": "e pois que não deseiou a bênção, ela se À, dele."
        },
        {
          "referencia": "Isaías 6.12",
          "texto": "E o Senhor 4. dela os homens, e, no meio da"
        },
        {
          "referencia": "Ezequiel 8.6",
          "texto": "Israel faz aqui, para que me 4. do meu"
        }
      ]
    },
    {
      "palavra": "afáveis",
      "veja tambem": [
        "afável",
        "amáveis",
        "corteses",
        "gentis"
      ],
      "ocorrencias": 1,
      "fonte": "Strong's G5386 (φιλόφρων/philophrón)",
      "concordancias": [
        {
          "referencia": "1 Pedro 3.8",
          "texto": "os irmãos, entranhavelmente misericordiosos e Á.,"
        }
      ]
    },
    {
      "palavra": "afável",
      "veja tambem": [
        "benigno",
        "amável",
        "cortês"
      ],
      "ocorrencias": 1,
      "fonte": "Strong's H2896 (טוֹב/tob)",
      "concordancias": [
        {
          "referencia": "2 Crônicas 10.7",
          "texto": "Se te fizeres benigno e A. com este povo e"
        }
      ]
    },
    {
      "palavra": "afeca",
      "veja tambem": [
        "cidade",
        "lugar",
        "Josué",
        "Síria"
      ],
      "ocorrencias": 9,
      "fonte": "Strong's H663 (אֲפֵק/Apheq)",
      "concordancias": [
        {
          "referencia": "Josué 12.18",
          "texto": "o rei de A., outro; o rei de Lasarom, outro;"
        },
        {
          "referencia": "Josué 13.4",
          "texto": "que é dos sidônios, até A., ao termo dos amorreus;"
        },
        {
          "referencia": "Josué 15.53",
          "texto": "e Janim, e Bete-Tapua, e A.,"
        },
        {
          "referencia": "Josué 19.30",
          "texto": "e Umá,e A., e Reobe: vinte e duas cidades e as"
        },
        {
          "referencia": "Juízes 1.31",
          "texto": "nem Alabe, nem Aczibe, nem Helba, nem A., nem"
        },
        {
          "referencia": "1 Samuel 29.1",
          "texto": "todos os seus exércitos em Á., e acamparam-se os"
        },
        {
          "referencia": "1 Reis 20.26",
          "texto": "revista dos siros e subiu a A., para pelejar"
        },
        {
          "referencia": "1 Reis 20.30",
          "texto": "os restantes fugiram para Á., à cidade; e caiu o"
        },
        {
          "referencia": "2 Reis 13.17",
          "texto": "siros; porque ferirás os siros em Á., até os consumir."
        }
      ]
    },
    {
      "palavra": "afeiçoa-te",
      "veja tambem": [
        "afeiçoar",
        "desejar",
        "anhelar"
      ],
      "ocorrencias": 1,
      "fonte": "Strong's H3700 (כָּסַף/kasaph)",
      "concordancias": [
        {
          "referencia": "Jó 14.15",
          "texto": "e eu te responderia; Á. à obra de"
        }
      ]
    },
    {
      "palavra": "afeiçoado",
      "veja tambem": [
        "afeiçoar",
        "gostar",
        "querer bem",
        "amar"
      ],
      "ocorrencias": 2,
      "fonte": "Strong's H2654 (חָפֵץ/chaphets)",
      "concordancias": [
        {
          "referencia": "1 Samuel 18.22",
          "texto": "Eis que o rei te está mui A., e todos os"
        },
        {
          "referencia": "1 Samuel 19.1",
          "texto": "Jônatas, filho de Saul, estava mui A. a Davi."
        }
      ]
    },
    {
      "palavra": "afeiçoados",
      "veja tambem": [
        "afeiçoar",
        "ter terno afeto",
        "amar"
      ],
      "ocorrencias": 1,
      "fonte": "Strong's G3627 (ὁμείρομαι/homeiromai)",
      "concordancias": [
        {
          "referencia": "1 Tessalonicenses 2.8",
          "texto": "tanto vos tínhamos em afeição, que, querendo-vos muito, estávamos prontos a dar-vos não só o evangelho de Deus, mas ainda a nossa própria vida; porque éreis muito amados de nós."
        }
      ]
    },
    {
      "palavra": "afeiçoará",
      "veja tambem": [
        "afeiçoar",
        "desejar",
        "cobiçar"
      ],
      "ocorrencias": 1,
      "fonte": "Strong's H183 (אָוָה/avah)",
      "concordancias": [
        {
          "referencia": "S145.11",
          "texto": "Então, o rei se A. à tua formosura, pois ele é"
        }
      ]
    },
    {
      "palavra": "afeiçoaram",
      "veja tambem": [
        "afeiçoar",
        "amar"
      ],
      "ocorrencias": 0,
      "fonte": "Strong's H2654 (חָפֵץ/chaphets)",
      "concordancias": []
    },
    {
      "palavra": "afeiçoou",
      "veja tambem": [
        "afeiçoar",
        "amou"
      ],
      "ocorrencias": 1,
      "fonte": "Strong's H157 (אָהַב/ahab)",
      "concordancias": [
        {
          "referencia": "Juízes 16.4",
          "texto": "disto, aconteceu que se Á, a uma mulher do"
        }
      ]
    },
    {
      "palavra": "afeto",
      "veja tambem": [
        "sentimento",
        "afeição",
        "amor"
      ],
      "ocorrencias": 2,
      "fonte": "Strong's G4698 (σπλάγχνον/splagchnon), G794 (ἄστοργος/astorgos)",
      "concordancias": [
        {
          "referencia": "2 Coríntios 7.15",
          "texto": "E o seu entranhável À. para convosco é mais"
        },
        {
          "referencia": "2 Timóteo 3.3",
          "texto": "sem A. natural, irreconciliáveis, caluniadores,"
        }
      ]
    },
    {
      "palavra": "afetos",
      "veja tambem": [
        "afeto",
        "sentimentos",
        "compaixão"
      ],
      "ocorrencias": 2,
      "fonte": "Strong's G4698 (σπλάγχνον/splagchnon)",
      "concordancias": [
        {
          "referencia": "2 Coríntios 6.12",
          "texto": "nós; mas estais estreitados nos vossos próprios Á.."
        },
        {
          "referencia": "Filipenses 2.1",
          "texto": "Espírito, se alguns entranháveis Á. e compaixões,"
        }
      ]
    },
    {
      "palavra": "afetuosamente",
      "veja tambem": [
        "ternamente",
        "ardentemente"
      ],
      "ocorrencias": 3,
      "fonte": "Strong's H3824 (לֵבָב/lebab), G2007 (ἐπιποθέω/epipotheó)",
      "concordancias": [
        {
          "referencia": "Gênesis 34.3",
          "texto": "de Jacó, e amou a moça, e falou À, à moça."
        },
        {
          "referencia": "1 Coríntios 16.19",
          "texto": "Ásia vos saúdam. Saúdam-vos Á. no Senhor"
        },
        {
          "referencia": "1 Pedro 2.2",
          "texto": "desejai A., como meninos novamente"
        }
      ]
    },
    {
      "palavra": "afia",
      "veja tambem": [
        "afiar",
        "aguçar"
      ],
      "ocorrencias": 1,
      "fonte": "Strong's H2300 (חָדַד/chadad)",
      "concordancias": [
        {
          "referencia": "Provérbios 27.17",
          "texto": "se aguça, assim o homem Á. o rosto do seu amigo."
        }
      ]
    },
    {
      "palavra": "áfia",
      "veja tambem": [],
      "ocorrencias": 1,
      "fonte": "Strong's G682 (Ἀπφία/Apphia)",
      "concordancias": [
        {
          "referencia": "Filemom 1.2",
          "texto": "e à nossa irmã A., ea Arquipo, nosso companheiro,"
        }
      ]
    },
    {
      "palavra": "afiada",
      "veja tambem": [
        "afiado",
        "aguda"
      ],
      "ocorrencias": 6,
      "fonte": "Strong's H2300 (חָדַד/chadad), H3887 (לָטַשׁ/latash)",
      "concordancias": [
        {
          "referencia": "S152.2",
          "texto": "o mal, como uma navalha Á., traçando enganos."
        },
        {
          "referencia": "S157.4",
          "texto": "são lanças e flechas, e cuja língua é espada A.."
        },
        {
          "referencia": "Ezequiel 5.1",
          "texto": "do homem, toma uma faca 4.; como navalha de"
        },
        {
          "referencia": "Ezequiel 21.9",
          "texto": "A espada, a espada está À. e também açacalada;"
        },
        {
          "referencia": "Ezequiel 21.10",
          "texto": "para matar está Á., para reluzir está açacalada;"
        },
        {
          "referencia": "Ezequiel 21.11",
          "texto": "manejada; esta Spada está Á. e está açacalada,"
        }
      ]
    },
    {
      "palavra": "afiar",
      "veja tambem": [
        "aguçar"
      ],
      "ocorrencias": 2,
      "fonte": "Strong's H1305 (בָּרַק/baraq), H7043 (קָלַל/qalál)",
      "concordancias": [
        {
          "referencia": "Deuteronômio 3241",
          "texto": "Se eu Á. a minha espada reluzente e travar do"
        },
        {
          "referencia": "Eclesiastes 10.10",
          "texto": "embotado o ferro, e não se Á. o corte, então, se"
        }
      ]
    },
    {
      "palavra": "afiará",
      "veja tambem": [
        "afiar",
        "aguçará"
      ],
      "ocorrencias": 1,
      "fonte": "Strong's H3887 (לָטַשׁ/latash)",
      "concordancias": [
        {
          "referencia": "S17.12",
          "texto": "se não converter, Deus A. a sua espada; já"
        }
      ]
    },
    {
      "palavra": "afiaram",
      "veja tambem": [
        "afiar",
        "aguçaram"
      ],
      "ocorrencias": 1,
      "fonte": "Strong's H8150 (שָׁנַן/shanan)",
      "concordancias": [
        {
          "referencia": "Salmos 64.3",
          "texto": "os quais A. a sua língua como espadas; e"
        }
      ]
    },
    {
      "palavra": "afias",
      "veja tambem": [],
      "ocorrencias": 1,
      "fonte": "Strong's H650 (אֲפִיחַ/Aphiach)",
      "concordancias": [
        {
          "referencia": "1 Samuel 9.1",
          "texto": "filho de Becorate, filho de A., filho de um"
        }
      ]
    },
    {
      "palavra": "afina",
      "veja tambem": [
        "afinar",
        "purificar",
        "refinar"
      ],
      "ocorrencias": 1,
      "fonte": "Strong's H6884 (צָרַף/tsaraph)",
      "concordancias": [
        {
          "referencia": "S166.10",
          "texto": "nos provaste; tu nos afinaste como se À, a prata."
        }
      ]
    },
    {
      "palavra": "afinando",
      "veja tambem": [
        "afinar",
        "refinando",
        "purificando"
      ],
      "ocorrencias": 1,
      "fonte": "Strong's H6884 (צָרַף/tsaraph)",
      "concordancias": [
        {
          "referencia": "MI 3.3",
          "texto": "E assentar-se-á, À, e purificando a prata; e"
        }
      ]
    },
    {
      "palavra": "afinará",
      "veja tambem": [
        "afinar",
        "refinará",
        "purificará"
      ],
      "ocorrencias": 1,
      "fonte": "Strong's H2141 (זָקַק/zaqaq)",
      "concordancias": [
        {
          "referencia": "MI 3.3",
          "texto": "os filhos de Levi e os 4. como ouro e como"
        }
      ]
    },
    {
      "palavra": "afinaste",
      "veja tambem": [
        "afinar",
        "refinaste",
        "provaste"
      ],
      "ocorrencias": 1,
      "fonte": "Strong's H6884 (צָרַף/tsaraph)",
      "concordancias": [
        {
          "referencia": "S166.10",
          "texto": "ó Deus, nos provaste; tu nos A. como se afina"
        }
      ]
    },
    {
      "palavra": "afirmam",
      "veja tambem": [
        "afirmar",
        "declarar",
        "assegurar"
      ],
      "ocorrencias": 1,
      "fonte": "Strong's G1226 (διαβεβαιόομαι/diabebaioomai)",
      "concordancias": [
        {
          "referencia": "1 Timóteo 1.7",
          "texto": "lei e não entendendo nem o que dizem nem o que A.."
        }
      ]
    },
    {
      "palavra": "afirmando",
      "veja tambem": [
        "afirmar",
        "declarando",
        "jurando"
      ],
      "ocorrencias": 1,
      "fonte": "Strong's H5375 (נָשָׂא/nasa)",
      "concordancias": [
        {
          "referencia": "SI 106.26",
          "texto": "levantou a mão contra eles, A. que os faria"
        }
      ]
    },
    {
      "palavra": "afirmaram",
      "veja tambem": [
        "afirmar",
        "apegaram",
        "firmaram"
      ],
      "ocorrencias": 1,
      "fonte": "Strong's H270 (אָחַז/achaz)",
      "concordancias": [
        {
          "referencia": "Jó 23.11",
          "texto": "pisadas os meus pés se 4.; guardei o seu"
        }
      ]
    },
    {
      "palavra": "afirmava",
      "veja tambem": [
        "afirmar",
        "declarar",
        "insistir"
      ],
      "ocorrencias": 3,
      "fonte": "Strong's G1340 (διισχυρίζομαι/diischurizomai), G5335 (φάσκω/phaskó)",
      "concordancias": [
        {
          "referencia": "Lucas 22.59",
          "texto": "quase uma hora, um outro A., dizendo:"
        },
        {
          "referencia": "Atos 12.15",
          "texto": "Estás fora de ti. Mas ela À, que assim era."
        },
        {
          "referencia": "Atos 25.19",
          "texto": "e de um tal Jesus, defunto, que Paulo À. viver."
        }
      ]
    },
    {
      "palavra": "afirmes",
      "veja tambem": [
        "afirmar",
        "assegures"
      ],
      "ocorrencias": 1,
      "fonte": "Strong's G1226 (διαβεβαιόομαι/diabebaioomai)",
      "concordancias": [
        {
          "referencia": "Tito 3.8",
          "texto": "e isto quero que deveras Á., para que os que"
        }
      ]
    },
    {
      "palavra": "afirmou",
      "veja tambem": [
        "afirmar",
        "fixou",
        "testificou"
      ],
      "ocorrencias": 2,
      "fonte": "Strong's H7760 (שׂוּם/sum), G1263 (διαμαρτύρομαι/diamarturomai)",
      "concordancias": [
        {
          "referencia": "2 Reis 8.11",
          "texto": "E À. a sua vista e fitou os olhos nele, até se"
        },
        {
          "referencia": "Jó 13.21",
          "texto": "turbou-se em espírito e A., dizendo: Na"
        }
      ]
    },
    {
      "palavra": "afixaram",
      "veja tambem": [
        "pregaram",
        "penduraram"
      ],
      "ocorrencias": 1,
      "fonte": "Strong's H8625 (תָּקַע/taqa)",
      "concordancias": [
        {
          "referencia": "1 Samuel 31.10",
          "texto": "Astarote e o seu corpo o 4. no muro de Bete-Seã."
        }
      ]
    },
    {
      "palavra": "aflige",
      "veja tambem": [
        "afligir",
        "oprimir",
        "entristecer"
      ],
      "ocorrencias": 2,
      "fonte": "Strong's H7323 (רוּץ/ruts), H6031 (עָנָה/anah)",
      "concordancias": [
        {
          "referencia": "Provérbios 19.26",
          "texto": "O que A. a seu pai ou afugenta a sua mãe filho é"
        },
        {
          "referencia": "Lamentações 3.33",
          "texto": "Porque não A., nem entristece de bom grado os"
        }
      ]
    },
    {
      "palavra": "afligi",
      "veja tambem": [
        "afligir",
        "humilhar",
        "oprimir"
      ],
      "ocorrencias": 1,
      "fonte": "Strong's H6031 (עָנָה/anah)",
      "concordancias": [
        {
          "referencia": "Naum 1.12",
          "texto": "e ele passará; eu te Á., mas não te"
        }
      ]
    },
    {
      "palavra": "afligi-la",
      "veja tambem": [
        "afligir",
        "oprimi-la"
      ],
      "ocorrencias": 1,
      "fonte": "Strong's H6031 (עָנָה/anah)",
      "concordancias": [
        {
          "referencia": "Levítico 18.18",
          "texto": "mulher com sua irmã, para Á., descobrindo a"
        }
      ]
    },
    {
      "palavra": "afligi-lo",
      "veja tambem": [
        "afligir",
        "humilhá-lo"
      ],
      "ocorrencias": 1,
      "fonte": "Strong's H6031 (עָנָה/anah)",
      "concordancias": [
        {
          "referencia": "Juízes 16.19",
          "texto": "de sua cabeça; e começou a Á., e"
        }
      ]
    },
    {
      "palavra": "afligia",
      "veja tambem": [
        "afligir",
        "atormentar"
      ],
      "ocorrencias": 1,
      "fonte": "Strong's G928 (βασανίζω/basanizó)",
      "concordancias": [
        {
          "referencia": "2 Pedro 2.8",
          "texto": "justo, habitando entre eles, À. todos os dias a"
        }
      ]
    },
    {
      "palavra": "afligiam",
      "veja tambem": [
        "afligir",
        "oprimiam"
      ],
      "ocorrencias": 1,
      "fonte": "Strong's H6031 (עָנָה/anah)",
      "concordancias": [
        {
          "referencia": "Êxodo 1.12",
          "texto": "Mas, quanto mais os Á., tanto mais se"
        }
      ]
    },
    {
      "palavra": "afligido",
      "veja tambem": [
        "afligir",
        "humilhado",
        "castigado"
      ],
      "ocorrencias": 5,
      "fonte": "Strong's H6031 (עָנָה/anah)",
      "concordancias": [
        {
          "referencia": "Rute 1.21",
          "texto": "contra mim, e o Todo-Poderoso me tem À. tanto."
        },
        {
          "referencia": "1 Reis 8.35",
          "texto": "converterem dos seus pecados, havendo-os tu Á.,"
        },
        {
          "referencia": "S1119.67",
          "texto": "Antes de ser Á., andava errado; mas agora"
        },
        {
          "referencia": "S1119.71",
          "texto": "Foi-me bom ter sido Á., para que aprendesse os"
        },
        {
          "referencia": "Provérbios 13.20",
          "texto": "serás sábio, mas o companheiro dos tolos será A.."
        }
      ]
    },
    {
      "palavra": "afligidos",
      "veja tambem": [
        "afligir",
        "atormentados",
        "sofrer"
      ],
      "ocorrencias": 3,
      "fonte": "Strong's H5998 (עָמָל/amal), G2346 (θλίβω/thlibó)",
      "concordancias": [
        {
          "referencia": "S173.5",
          "texto": "como outra gente, nem são Á. como outros homens."
        },
        {
          "referencia": "1 Tessalonicenses 3.4",
          "texto": "que havíamos de ser Á., como sucedeu,"
        },
        {
          "referencia": "1 Pedro 2.20",
          "texto": "Mas, se fazendo o bem, sois Á. e o"
        }
      ]
    },
    {
      "palavra": "afligimos",
      "veja tambem": [
        "afligir",
        "humilhamos",
        "jejuamos"
      ],
      "ocorrencias": 1,
      "fonte": "Strong's H6031 (עָנָה/anah)",
      "concordancias": [
        {
          "referencia": "Isaías 58.3",
          "texto": "atentas para isso? Por que À. a nossa alma,"
        }
      ]
    },
    {
      "palavra": "afligir",
      "veja tambem": [
        "oprimir",
        "humilhar",
        "atormentar"
      ],
      "ocorrencias": 4,
      "fonte": "Strong's H6031 (עָנָה/anah)",
      "concordancias": [
        {
          "referencia": "Juízes 16.6",
          "texto": "com que poderias ser amarrado para te poderem A.."
        },
        {
          "referencia": "Eclesiastes 3.10",
          "texto": "deu aos filhos dos homens, para com ele os A.."
        },
        {
          "referencia": "Isaías 3.15",
          "texto": "Que tendes vós que 4. o meu povo e moer as faces"
        },
        {
          "referencia": "Jeremias 31.28",
          "texto": "e para destruir, e para Á., assim"
        }
      ]
    },
    {
      "palavra": "afligir-me-ei",
      "veja tambem": [
        "afligir",
        "angustiar-me-ei"
      ],
      "ocorrencias": 1,
      "fonte": "Strong's H1672 (דָּאַג/daag)",
      "concordancias": [
        {
          "referencia": "S138.18",
          "texto": "a minha iniquidade; Á. por causa"
        }
      ]
    },
    {
      "palavra": "afligirá",
      "veja tambem": [
        "afligir",
        "humilhará",
        "oprimirá"
      ],
      "ocorrencias": 3,
      "fonte": "Strong's H6031 (עָנָה/anah)",
      "concordancias": [
        {
          "referencia": "Top 405",
          "texto": "posição;"
        },
        {
          "referencia": "S155.19",
          "texto": "Deus ouvirá; e os Á. aquele que preside desde a"
        },
        {
          "referencia": "SI 89.22",
          "texto": "o importunará, nem o filho da perversidade o A.."
        }
      ]
    },
    {
      "palavra": "afligiram",
      "veja tambem": [
        "oprimiram",
        "maltrataram"
      ],
      "ocorrencias": 2,
      "fonte": "Strong's H5234 (נָכַל/nakal), H6031 (עָנָה/anah)",
      "concordancias": [
        {
          "referencia": "Números 25.18",
          "texto": "porque eles vos A. a vós outros com os seus"
        },
        {
          "referencia": "Deuteronômio 26.6",
          "texto": "nos maltrataram, e nos Á., e sobre nós"
        }
      ]
    },
    {
      "palavra": "afligirás",
      "veja tambem": [
        "afligir",
        "oprimirás"
      ],
      "ocorrencias": 1,
      "fonte": "Strong's H6031 (עָנָה/anah)",
      "concordancias": [
        {
          "referencia": "Êxodo 22.21",
          "texto": "O estrangeiro não A., nem o oprimirás; pois"
        }
      ]
    },
    {
      "palavra": "afligirdes",
      "veja tambem": [
        "afligir",
        "oprimirdes"
      ],
      "ocorrencias": 1,
      "fonte": "Strong's H6031 (עָנָה/anah)",
      "concordancias": [
        {
          "referencia": "Êxodo 22.23",
          "texto": "Se de alguma maneira os A., e eles clamarem a"
        }
      ]
    },
    {
      "palavra": "afligirei",
      "veja tambem": [
        "afligir",
        "oprimirei",
        "humilharei"
      ],
      "ocorrencias": 3,
      "fonte": "Strong's H6031 (עָנָה/anah), H3510 (כָּאַב/kaab)",
      "concordancias": [
        {
          "referencia": "1 Reis 11.39",
          "texto": "E, por isso, A. a semente de Davi; todavia,"
        },
        {
          "referencia": "Ezequiel 32.9",
          "texto": "E Á. o coração de muitos povos, quando eu"
        },
        {
          "referencia": "Naum 1.12",
          "texto": "e ele passará; eu te afligi, mas não te A. mais."
        }
      ]
    },
    {
      "palavra": "afligireis",
      "veja tambem": [
        "afligir",
        "humilhareis",
        "oprimireis"
      ],
      "ocorrencias": 7,
      "fonte": "Strong's H6031 (עָנָה/anah)",
      "concordancias": [
        {
          "referencia": "Êxodo 22.22",
          "texto": "A nenhuma viúva nem órfão Á.,"
        },
        {
          "referencia": "Levítico 16.29",
          "texto": "sétimo mês, aos dez do mês, A., a vossa alma"
        },
        {
          "referencia": "Levítico 16.31",
          "texto": "de descanso para vós, e À, a vossa alma;"
        },
        {
          "referencia": "Levítico 23.27",
          "texto": "tereis santa convocação, e À. a vossa"
        },
        {
          "referencia": "Levítico 23.32",
          "texto": "de descanso vos será; então, Á. a vossa alma;"
        },
        {
          "referencia": "Números 25.17",
          "texto": "4, os midianitas e os ferireis,"
        },
        {
          "referencia": "Números 29.7",
          "texto": "tereis santa convocação e À. a vossa alma;"
        }
      ]
    },
    {
      "palavra": "afligirem",
      "veja tambem": [
        "afligir",
        "oprimirem"
      ],
      "ocorrencias": 1,
      "fonte": "Strong's H6031 (עָנָה/anah)",
      "concordancias": [
        {
          "referencia": "Êxodo 1.11",
          "texto": "de tributos, para os A. com suas"
        }
      ]
    },
    {
      "palavra": "afligires",
      "veja tambem": [
        "afligir",
        "oprimires"
      ],
      "ocorrencias": 2,
      "fonte": "Strong's H6031 (עָנָה/anah)",
      "concordancias": [
        {
          "referencia": "Gênesis 31.50",
          "texto": "Se À. as minhas filhas e se tomares mulheres"
        },
        {
          "referencia": "2 Crônicas 6.26",
          "texto": "converterem dos seus pecados, quando tu os A.,"
        }
      ]
    }
  ]
}