{
  "a": [
    {
      "palavra": "alegra-te",
      "veja tambem": [
        "alegrar",
        "regozijar",
        "exultar",
        "jubilar"
      ],
      "ocorrencias": 10,
      "fonte": "Strong's H8055 (שָׂמַח/samach)",
      "concordancias": [
        {
          "referencia": "Deuteronômio 14.26",
          "texto": "ali perante o Senhor teu Deus, e A., tuea"
        },
        {
          "referencia": "Deuteronômio 33.18",
          "texto": "E de Zebulom disse: Zebulom, Á. nas tuas"
        },
        {
          "referencia": "Provérbios 5.18",
          "texto": "bendito o teu manancial, e Å. com a mulher da"
        },
        {
          "referencia": "Eclesiastes 119",
          "texto": "A., jovem, na tua mocidade, e alegre-se o teu"
        },
        {
          "referencia": "Isaías 49.13",
          "texto": "Exultai, ó céus, e A. tu, terra, e vós,"
        },
        {
          "referencia": "Lamentações 4.21",
          "texto": "Regozija-te e A., ó filha de Edom, que habitas"
        },
        {
          "referencia": "Zacarias 2.10",
          "texto": "Exultae Á., ó filha de Sião, porque eis que"
        },
        {
          "referencia": "Zacarias 9.9",
          "texto": "A, muito, ó filha de Sião; exulta, ó filha de"
        },
        {
          "referencia": "Gálatas 4.27",
          "texto": "porque está escrito: Á., estéril, que não dás"
        },
        {
          "referencia": "Apocalipse 18.20",
          "texto": "A. sobre ela, ó céu, e vós, santos apóstolos e"
        }
      ]
    },
    {
      "palavra": "alegrado",
      "veja tambem": [
        "alegrar",
        "regozijar",
        "exultar",
        "jubilar"
      ],
      "ocorrencias": 2,
      "fonte": "Strong's H8055 (שָׂמַח/samach)",
      "concordancias": [
        {
          "referencia": "2 Samuel 6.21",
          "texto": "sobre Israel, perante o Senhor me tenho A.."
        },
        {
          "referencia": "Esdras 6.22",
          "texto": "porque o Senhor os tinha À, e tinha mudado o"
        }
      ]
    },
    {
      "palavra": "alegrai-vos",
      "veja tambem": [
        "alegrar",
        "regozijar",
        "exultar",
        "jubilar"
      ],
      "ocorrencias": 15,
      "fonte": "Strong's H8055 (שָׂמַח/samach)",
      "concordancias": [
        {
          "referencia": "Juízes 9.19",
          "texto": "e com a sua casa hoje, À. com"
        },
        {
          "referencia": "S12.11",
          "texto": "Servi ao Senhor com temor e À. com tremor,"
        },
        {
          "referencia": "S132.11",
          "texto": "À, no Senhor e regozijai-vos, vós, os"
        },
        {
          "referencia": "S197.12",
          "texto": "A., ó justos, no Senhor, e dai louvores em"
        },
        {
          "referencia": "Isaías 66.10",
          "texto": "com Jerusalém e Á. por ela, vós"
        },
        {
          "referencia": "J12.23",
          "texto": "de Sião, regozijai-vos e À. no Senhor,"
        },
        {
          "referencia": "Mateus 5.12",
          "texto": "Exultai e Á., porque é grande o vosso"
        },
        {
          "referencia": "Lucas 10.20",
          "texto": "vos sujeitem os espíritos; AÁ., antes, por"
        },
        {
          "referencia": "Lucas 15.6",
          "texto": "e vizinhos, dizendo-lhes: A. comigo,"
        },
        {
          "referencia": "Lucas 15.9",
          "texto": "as amigas e vizinhas, dizendo: À. comigo,"
        },
        {
          "referencia": "Romanos 12.12",
          "texto": "Á, na esperança, sede pacientes na"
        },
        {
          "referencia": "Romanos 12.15",
          "texto": "A. com os que se alegram e chorai com os que cho-"
        },
        {
          "referencia": "Romanos 15.10",
          "texto": "E outra vez diz: Á., gentios, com o seu povo."
        },
        {
          "referencia": "LPe 4.13",
          "texto": "mas A. no fato de serdes participantes das"
        },
        {
          "referencia": "Apocalipse 12.12",
          "texto": "Pelo que Á., ó céus, e vós que neles"
        }
      ]
    },
    {
      "palavra": "alegrais",
      "veja tambem": [
        "alegrar",
        "regozijar",
        "exultar",
        "jubilar"
      ],
      "ocorrencias": 3,
      "fonte": "Strong's H8055 (שָׂמַח/samach)",
      "concordancias": [
        {
          "referencia": "Amós 6.13",
          "texto": "Vós que vos A. de nada, vós que dizeis: Não nos"
        },
        {
          "referencia": "LPe 1.6",
          "texto": "em que vós grandemente vos A., ainda que agora"
        },
        {
          "referencia": "LPe 1.8",
          "texto": "o vendo agora, mas crendo, vos À. com gozo"
        }
      ]
    },
    {
      "palavra": "alegram",
      "veja tambem": [
        "alegrar",
        "regozijar",
        "exultar",
        "jubilar"
      ],
      "ocorrencias": 6,
      "fonte": "Strong's H8055 (שָׂמַח/samach)",
      "concordancias": [
        {
          "referencia": "2v 2.14",
          "texto": "que se À, de mal fazer e folgam com as"
        },
        {
          "referencia": "2v 27.9",
          "texto": "O óleo e o perfume Á. o coração; assim a doença"
        },
        {
          "referencia": "s9.3",
          "texto": "perante ti, como se 4, na ceifa e como"
        },
        {
          "referencia": "s 14.8",
          "texto": "Até as faias se 4. sobre ti, e os cedros do"
        },
        {
          "referencia": "Oséias 7.3",
          "texto": "Com a sua malícia Á. ao rei e com as suas"
        },
        {
          "referencia": "Romanos 12.15",
          "texto": "Alegrai-vos com os que se À. e chorai com os que"
        }
      ]
    },
    {
      "palavra": "alegram-se",
      "veja tambem": [
        "alegrar",
        "regozijar",
        "exultar",
        "jubilar"
      ],
      "ocorrencias": 1,
      "fonte": "Strong's H8055 (שָׂמַח/samach)",
      "concordancias": [
        {
          "referencia": "Jó 21.12",
          "texto": "do tamboril e da harpa e A. ao som das flautas."
        }
      ]
    },
    {
      "palavra": "alegramos",
      "veja tambem": [
        "alegrar"
      ],
      "ocorrencias": 2,
      "fonte": "",
      "concordancias": [
        {
          "referencia": "Si 66.6",
          "texto": "seca; passaram o rio a pé; ali nos A. nele."
        },
        {
          "referencia": "2 Coríntios 7.13",
          "texto": "consolação e muito mais nos Á. pela alegria de"
        }
      ]
    },
    {
      "palavra": "alegrando",
      "veja tambem": [
        "alegrar"
      ],
      "ocorrencias": 1,
      "fonte": "",
      "concordancias": [
        {
          "referencia": "Juízes 19.22",
          "texto": "Estando eles Á. o seu coração, eis que os"
        }
      ]
    },
    {
      "palavra": "alegrando-o",
      "veja tambem": [
        "ale-"
      ],
      "ocorrencias": 1,
      "fonte": "",
      "concordancias": [
        {
          "referencia": "Jeremias 20.15",
          "texto": "dizendo: Nasceu-te um filho; A. com isso grandemen-"
        }
      ]
    },
    {
      "palavra": "alegrando-se",
      "veja tambem": [
        "alegrar"
      ],
      "ocorrencias": 2,
      "fonte": "",
      "concordancias": [
        {
          "referencia": "IRs 4.20",
          "texto": "do mar em multidão, comendo, e bebendo, e A.."
        },
        {
          "referencia": "Juízes 16.25",
          "texto": "E sucedeu que, A. o coração, disseram:"
        }
      ]
    },
    {
      "palavra": "alegrar",
      "veja tambem": [],
      "ocorrencias": 2,
      "fonte": "",
      "concordancias": [
        {
          "referencia": "Top 406",
          "texto": "posição; Palavras Relacionadas: (alegra-22; alegrado-2;"
        },
        {
          "referencia": "Eclesiastes 11.8",
          "texto": "anos e em todos eles se A., também se deve"
        }
      ]
    },
    {
      "palavra": "alegrar-me",
      "veja tambem": [
        "alegrar"
      ],
      "ocorrencias": 2,
      "fonte": "",
      "concordancias": [
        {
          "referencia": "Lucas 15.29",
          "texto": "nunca me deste um cabrito para A. comos"
        },
        {
          "referencia": "2 Coríntios 2.3",
          "texto": "da parte dos que deveriam À., confiando em"
        }
      ]
    },
    {
      "palavra": "alegrar-me-ei",
      "veja tambem": [],
      "ocorrencias": 2,
      "fonte": "",
      "concordancias": [
        {
          "referencia": "S1119.16",
          "texto": "Á, nos teus estatutos; não me esquecerei"
        },
        {
          "referencia": "Jeremias 32.41",
          "texto": "E 4. por causa deles, fazendo-lhes bem; e"
        }
      ]
    },
    {
      "palavra": "alegrar-nos-emos",
      "veja tambem": [
        "alegrar"
      ],
      "ocorrencias": 1,
      "fonte": "",
      "concordancias": [
        {
          "referencia": "Ezequiel 21.10",
          "texto": "para reluzir está açacalada; Á., pois?"
        }
      ]
    },
    {
      "palavra": "alegrar-se",
      "veja tambem": [
        "alegrar"
      ],
      "ocorrencias": 4,
      "fonte": "",
      "concordancias": [
        {
          "referencia": "Deuteronômio 30.9",
          "texto": "porquanto o Senhor tornará a Á. em ti"
        },
        {
          "referencia": "Eclesiastes 3.22",
          "texto": "não há coisa melhor do que Á. o homem nas"
        },
        {
          "referencia": "Eclesiastes 8.15",
          "texto": "do sol do que comer, beber e Á.; porque isso"
        },
        {
          "referencia": "Lucas 15.24",
          "texto": "perdido e foi achado. E começaram a A.."
        }
      ]
    },
    {
      "palavra": "alegrar-se-á",
      "veja tambem": [],
      "ocorrencias": 3,
      "fonte": "",
      "concordancias": [
        {
          "referencia": "S135.9",
          "texto": "alma se alegrará no Senhor; A. na sua salvação."
        },
        {
          "referencia": "Provérbios 23.15",
          "texto": "seo teu ao for sábio, Á. o meu"
        },
        {
          "referencia": "Isaías 66.14",
          "texto": "Isso vereis, e À. o vosso coração, e os"
        }
      ]
    },
    {
      "palavra": "alegrar-te",
      "veja tambem": [
        "alegrar"
      ],
      "ocorrencias": 1,
      "fonte": "",
      "concordancias": [
        {
          "referencia": "Obadias 1.12",
          "texto": "no dia do seu desterro; nem A, sobre os"
        }
      ]
    },
    {
      "palavra": "alegrar-vos",
      "veja tambem": [
        "alegrar"
      ],
      "ocorrencias": 1,
      "fonte": "",
      "concordancias": [
        {
          "referencia": "Jó 5.35",
          "texto": "e alumiava; e vós quisestes Á. por um pouco"
        }
      ]
    },
    {
      "palavra": "alegrara",
      "veja tambem": [],
      "ocorrencias": 2,
      "fonte": "",
      "concordancias": [
        {
          "referencia": "2 Crônicas 20.27",
          "texto": "com alegria, porque o Senhor os A. acerca dos"
        },
        {
          "referencia": "Neemias 12.43",
          "texto": "se alegraram, porque Deus os Á. com grande"
        }
      ]
    }
  ]
}