{
  "a": [
    {
      "palavra": "abimeleque",
      "veja tambem": [
        "rei",
        "governante",
        "filisteu",
        "gerar"
      ],
      "ocorrencias": 65,
      "fonte": "Strong's H40 (אֲבִימֶלֶךְ/Abimelek)",
      "concordancias": [
        {
          "referencia": "Gênesis 20.2",
          "texto": "mulher: E minha irmã, enviou A., rei de"
        },
        {
          "referencia": "Gênesis 20.3",
          "texto": "Deus, porém, veio a Á., em sonhos de noite e"
        },
        {
          "referencia": "Gênesis 20.4",
          "texto": "Mas À, ainda não se tinha chegado a ela; por"
        },
        {
          "referencia": "Gênesis 20.8",
          "texto": "E levantou-se A. pela manhã, de madrugada,"
        },
        {
          "referencia": "Gênesis 20.9",
          "texto": "Então, chamou À, a Abraão e disse-lhe: Que"
        },
        {
          "referencia": "Gênesis 20.10",
          "texto": "Disse mais Á. a Abraão: Que tens visto, para"
        },
        {
          "referencia": "Gênesis 20.14",
          "texto": "Então, tomou A. ovelhas, e vacas, e servos, e"
        },
        {
          "referencia": "Gênesis 20.15",
          "texto": "E disse Á.: Eis que a minha terra está diante"
        },
        {
          "referencia": "Gênesis 20.17",
          "texto": "a Deus, e sarou Deusa A., ea sua"
        },
        {
          "referencia": "Gênesis 20.18",
          "texto": "todas as madres da casa de Á., por causa de"
        },
        {
          "referencia": "Gênesis 21.22",
          "texto": "naquele mesmo tempo, que Á., com Ficol,"
        },
        {
          "referencia": "Gênesis 21.25",
          "texto": "Abraão, porém, repreendeu a À, por causa de"
        },
        {
          "referencia": "Gênesis 21.25",
          "texto": "de água que os servos de À, haviam tomado"
        },
        {
          "referencia": "Gênesis 21.26",
          "texto": "Então, disse Á.: Eu não sei quem fez isto; e"
        },
        {
          "referencia": "Gênesis 21.27",
          "texto": "ovelhas e vacas e deu-as a Ás e fizeram"
        },
        {
          "referencia": "Gênesis 21.29",
          "texto": "E À. disse a Abraão: Para que estão aqui"
        },
        {
          "referencia": "Gênesis 21.32",
          "texto": "Berseba. Depois, se levantou Á. e Ficol,"
        },
        {
          "referencia": "Gênesis 26.1",
          "texto": "por isso, foi-se Isaque a Á., rei dos"
        },
        {
          "referencia": "Gênesis 26.8",
          "texto": "ele esteve ali muito tempo, A., rei dos"
        },
        {
          "referencia": "Gênesis 26.9",
          "texto": "Então, chamou À. a Isaque e disse: Eis que,"
        },
        {
          "referencia": "Gênesis 26.10",
          "texto": "E disse A.: Que é isto que nos fizeste?"
        },
        {
          "referencia": "Gênesis 26.11",
          "texto": "E mandou 4. a todo o povo, dizendo: Qualquer"
        },
        {
          "referencia": "Gênesis 26.16",
          "texto": "Disse também A. a Isaque: Aparta-te de nós,"
        },
        {
          "referencia": "Gênesis 26.26",
          "texto": "E À. veio a ele de Gerar, com Ausate, seu"
        },
        {
          "referencia": "Juízes 8.31",
          "texto": "lhe deu também um filho; e pôs-lhe por nome A.."
        },
        {
          "referencia": "Juízes 9.1",
          "texto": "E A., filho de Jerubaal, foi-se a Siquém, aos"
        },
        {
          "referencia": "Juízes 9.3",
          "texto": "deles se inclinou para Á., porque"
        },
        {
          "referencia": "Juízes 9.4",
          "texto": "e com elas alugou A. uns homens"
        },
        {
          "referencia": "Juízes 9.6",
          "texto": "e foram e levantaram a Á. como rei,"
        },
        {
          "referencia": "Juízes 9.16",
          "texto": "procedestes, fazendo reia Á., ese bem"
        },
        {
          "referencia": "Juízes 9.18",
          "texto": "homens, sobre uma pedra, e a A., filho da"
        },
        {
          "referencia": "Juízes 9.19",
          "texto": "casa hoje, alegrai-vos com Á., e também ele"
        },
        {
          "referencia": "Juízes 9.20",
          "texto": "Mas, se não, saia fogo de À. e consuma os"
        },
        {
          "referencia": "Juízes 9.20",
          "texto": "de Siquém e de Bete-Milo, que consuma a A.."
        },
        {
          "referencia": "Juízes 9.21",
          "texto": "Beer; e ali habitou por medo de A., seu irmão."
        },
        {
          "referencia": "Juízes 9.22",
          "texto": "Havendo, pois, À. dominado três anos sobre Israel,"
        },
        {
          "referencia": "Juízes 9.23",
          "texto": "Deus um mau espírito entre A. e os cidadãos"
        },
        {
          "referencia": "Juízes 9.23",
          "texto": "de Siquém se houveram aleivosamente contra A.;"
        },
        {
          "referencia": "Juízes 9.24",
          "texto": "e o seu sangue caísse sobre A., seu irmão,"
        },
        {
          "referencia": "Juízes 9.25",
          "texto": "junto a eles o assaltavam; e contou-sea A.."
        },
        {
          "referencia": "Juízes 9.27",
          "texto": "e comeram, e beberam, e amaldiçoaram a Á.."
        },
        {
          "referencia": "Juízes 9.28",
          "texto": "Gaal, filho de Ebede: Quem é A., e quem é"
        },
        {
          "referencia": "Juízes 9.29",
          "texto": "na minha mão, eu expeliria a A. Ea"
        },
        {
          "referencia": "Juízes 9.29",
          "texto": "expeliriaa A.. Ea A. se disse:"
        },
        {
          "referencia": "Juízes 9.31",
          "texto": "astutamente mensageiog a A., dizendo: Eis"
        },
        {
          "referencia": "Juízes 9.34",
          "texto": "Levantou-se, pois, Á. e todo o povo que com"
        },
        {
          "referencia": "Juízes 9.35",
          "texto": "entrada da porta da cidade; e À. e todo o"
        },
        {
          "referencia": "Juízes 9.38",
          "texto": "com a qual dizias: Quem é Á., para que o"
        },
        {
          "referencia": "Juízes 9.39",
          "texto": "dos cidadãos de Siquém e pelejou contra A.."
        },
        {
          "referencia": "Juízes 9.40",
          "texto": "E A, o perseguiu, porquanto fugiu de diante"
        },
        {
          "referencia": "Juízes 9.41",
          "texto": "E A. ficou em Arumá. E Zebul expeliu a Gaal e"
        },
        {
          "referencia": "Juízes 9.44",
          "texto": "Porque Á. e as tropas que com ele havia deram"
        },
        {
          "referencia": "Juízes 9.45",
          "texto": "E À. pelejou contra a cidade todo aquele dia"
        },
        {
          "referencia": "Juízes 9.47",
          "texto": "E contou-se a Á. que todos os cidadãos da"
        },
        {
          "referencia": "Juízes 9.48",
          "texto": "Subiu, pois, Á. ao monte de Salmom, ele e"
        },
        {
          "referencia": "Juízes 9.48",
          "texto": "o povo que com ele havia; e 4. tomou na"
        },
        {
          "referencia": "Juízes 9.49",
          "texto": "o seu ramo, e seguiram a Á., eos"
        },
        {
          "referencia": "Juízes 9.50",
          "texto": "Então, A. foi-se a Tebes, e a sitiou, e a tomou."
        },
        {
          "referencia": "Juízes 9.52",
          "texto": "E Á. veio até à torre, e a combateu, e"
        },
        {
          "referencia": "Juízes 9.53",
          "texto": "uma mó sobre a cabeça de A, e quebrou-lhe o crânio."
        },
        {
          "referencia": "Juízes 9.55",
          "texto": "os homens de Israel que já Á. era morto,"
        },
        {
          "referencia": "Juízes 9.56",
          "texto": "Deus fez tornar sobre Á. o mal que"
        },
        {
          "referencia": "Juízes 10.1",
          "texto": "E, depois de A., se levantou, para livrar a"
        },
        {
          "referencia": "2 Samuel 11.21",
          "texto": "Quem feriua A., filho de Jerubesete? Não"
        },
        {
          "referencia": "1 Crônicas 18.16",
          "texto": "Zadoque, filho de Aitube, e A., filho de"
        }
      ]
    },
    {
      "palavra": "alegrará",
      "veja tambem": [
        "alegrar",
        "regozijar",
        "exultar",
        "jubilar"
      ],
      "ocorrencias": 17,
      "fonte": "Strong's H8055 (שָׂמַח/samach)",
      "concordancias": [
        {
          "referencia": "Êxodo 4.14",
          "texto": "sai ao teu encontro; e, vendo-te, se 4. em seu coração."
        },
        {
          "referencia": "Deuteronômio 24.5",
          "texto": "ficará livre na sua casa e A. a sua mulher,"
        },
        {
          "referencia": "S113.5",
          "texto": "benignidade; na tua salvação, meu coração se Á.."
        },
        {
          "referencia": "SI 14.7",
          "texto": "do seu povo, se regozijará Jacó e se À. Israel."
        },
        {
          "referencia": "S153.6",
          "texto": "povo, então, se regozijará Jacó e se À. Israel."
        },
        {
          "referencia": "S158.10",
          "texto": "O justo se À. quando vir a vingança; lavará os"
        },
        {
          "referencia": "S164.10",
          "texto": "O justo se A. no Senhor e confiará nele; e"
        },
        {
          "referencia": "Provérbios 15.20",
          "texto": "O filho sábio A, a seu pai, mas o homem"
        },
        {
          "referencia": "Provérbios 17.21",
          "texto": "tristeza o faz; e o pai do insensato não se Á.."
        },
        {
          "referencia": "Provérbios 23.24",
          "texto": "do justo, e o que gerar a um sábio se À. nele."
        },
        {
          "referencia": "Isaías 62.5",
          "texto": "se alegra com a noiva, assim se A, contigo o"
        },
        {
          "referencia": "Jeremias 31.13",
          "texto": "Então, a virgem se Á. na dança, e também os"
        },
        {
          "referencia": "Zacarias 4.10",
          "texto": "pequenas? Pois esse se Á., vendo o prumo"
        },
        {
          "referencia": "Zacarias 10.7",
          "texto": "valente, e o seu coração se A. como pelo vinho,"
        },
        {
          "referencia": "Jó 16.20",
          "texto": "lamentareis, e o mundo se A., e vós estareis"
        },
        {
          "referencia": "Jó 16.22",
          "texto": "vos verei, e o vosso coração se A., ea vossa"
        },
        {
          "referencia": "2 Coríntios 2.2",
          "texto": "entristeço, quem é que me Á., senão aquele"
        }
      ]
    },
    {
      "palavra": "alegraram",
      "veja tambem": [
        "alegrar"
      ],
      "ocorrencias": 11,
      "fonte": "Strong's H8055 (שָׂמַח/samach)",
      "concordancias": [
        {
          "referencia": "1 Samuel 6.13",
          "texto": "os olhos, viram a arca; e, vendo-a, se Å.."
        },
        {
          "referencia": "1 Samuel 11.9",
          "texto": "e, anunciando-o aos homens de Jabes, se A.."
        },
        {
          "referencia": "2 Crônicas 24.10",
          "texto": "príncipes e todo o povo se A., etrouxeram a"
        },
        {
          "referencia": "2 Crônicas 29.36",
          "texto": "Eseqaias e todo o povo se 4. por causa"
        },
        {
          "referencia": "Neemias 12.43",
          "texto": "grandes sacrifícios e se A., porque Deus"
        },
        {
          "referencia": "Neemias 12.43",
          "texto": "as mulheres e os meninos se A., de modo que"
        },
        {
          "referencia": "Jó 22.19",
          "texto": "Os justos o viram ese Á., e o inocente"
        },
        {
          "referencia": "S197.8",
          "texto": "e os filhos de Judá se À. por causa da"
        },
        {
          "referencia": "Lucas 22.5",
          "texto": "os quais se À, e convieram em lhe dar dinheiro."
        },
        {
          "referencia": "Jó 20.20",
          "texto": "De sorte que os discípulos se A., vendo o Senhor."
        },
        {
          "referencia": "Atos 7.41",
          "texto": "sacrifícios ao ídolo, e se À. nas obras"
        }
      ]
    },
    {
      "palavra": "alegraram-se",
      "veja tambem": [
        "alegrar"
      ],
      "ocorrencias": 6,
      "fonte": "Strong's H8055 (שָׂמַח/samach)",
      "concordancias": [
        {
          "referencia": "2 Crônicas 30.25",
          "texto": "E À. toda a congregação de Judá, e os"
        },
        {
          "referencia": "Mateus 2.10",
          "texto": "E, vendo eles a estrela, A. muito com"
        },
        {
          "referencia": "Marcos 14.11",
          "texto": "E eles, ouvindo-o, À. e prometeram dar-lhe"
        },
        {
          "referencia": "Lucas 1.58",
          "texto": "com ela de grande misericórdia e Á. com ela."
        },
        {
          "referencia": "Atos 13.48",
          "texto": "E os gentios, ouvindo isto, A. e"
        },
        {
          "referencia": "Atos 15.31",
          "texto": "E, quando a leram, 4. pela exortação."
        }
      ]
    }
  ]
}