{
  "a": [
    {
      "palavra": "alegrarás",
      "veja tambem": [
        "alegrar"
      ],
      "ocorrencias": 7,
      "fonte": "Strong's H8055 (שָׂמַח/samach)",
      "concordancias": [
        {
          "referencia": "Deuteronômio 12.18",
          "texto": "e perante o Senhor, teu Deus, te 4. em"
        },
        {
          "referencia": "Deuteronômio 16.14",
          "texto": "E na tua festa te A., tu, e teu filho, e tua"
        },
        {
          "referencia": "Deuteronômio 16.15",
          "texto": "obra das tuas mãos; pelo que te A. certamente."
        },
        {
          "referencia": "Deuteronômio 26.11",
          "texto": "E te Á. por todo o bem que o Senhor, teu Deus,"
        },
        {
          "referencia": "Deuteronômio 27.7",
          "texto": "ali comerás perante o Senhor teu Deus, e te A.."
        },
        {
          "referencia": "Isaías 41.16",
          "texto": "tufão os espalhará; mas tu te 4. no Senhor e"
        },
        {
          "referencia": "Habacuque 3.18",
          "texto": "todavia, eu me Å. no Senhor, exultarei no Deus"
        }
      ]
    },
    {
      "palavra": "alegrareis",
      "veja tambem": [
        "alegrar",
        "regozijar",
        "exultar"
      ],
      "ocorrencias": 3,
      "fonte": "Strong's H8055 (שָׂמַח/samach)",
      "concordancias": [
        {
          "referencia": "Levítico 23.40",
          "texto": "e a de ribeiras;"
        },
        {
          "referencia": "Deuteronômio 12.7",
          "texto": "o Se"
        },
        {
          "referencia": "Deuteronômio 12.12",
          "texto": "E vos 4. perante o Senhor, vosso Deus, vós, e"
        }
      ]
    },
    {
      "palavra": "alegrarem",
      "veja tambem": [
        "alegrar",
        "regozijar",
        "exultar"
      ],
      "ocorrencias": 2,
      "fonte": "Strong's H8055 (שָׂמַח/samach)",
      "concordancias": [
        {
          "referencia": "Juízes 16.23",
          "texto": "ao seu deus Dagom e para se A. e diziam: Nosso"
        },
        {
          "referencia": "Eclesiastes 3.12",
          "texto": "melhor para eles do que se 4. e fazerem bem na"
        }
      ]
    },
    {
      "palavra": "alegraremos",
      "veja tambem": [
        "alegrar",
        "regozijar",
        "exultar"
      ],
      "ocorrencias": 3,
      "fonte": "Strong's H8055 (שָׂמַח/samach)",
      "concordancias": [
        {
          "referencia": "S120.5",
          "texto": "Nós nos À, pela tua salvação e, em nome do"
        },
        {
          "referencia": "Cânticos 1.4",
          "texto": "Em ti nos regozijaremos e nos A.; do teu"
        },
        {
          "referencia": "Isaías 25.9",
          "texto": "na sua salvação, exultaremos e nos Å.."
        }
      ]
    },
    {
      "palavra": "alegrarmo-nos",
      "veja tambem": [
        "alegrar"
      ],
      "ocorrencias": 1,
      "fonte": "Strong's H8055 (שָׂמַח/samach)",
      "concordancias": [
        {
          "referencia": "Lucas 15.32",
          "texto": "Mas era justo A. e regozijarmo-nos, porque"
        }
      ]
    },
    {
      "palavra": "alegrasse",
      "veja tambem": [
        "alegrar"
      ],
      "ocorrencias": 1,
      "fonte": "Strong's H8055 (שָׂמַח/samach)",
      "concordancias": [
        {
          "referencia": "Lamentações 2.17",
          "texto": "apiedou; fez que o inimigo se A. por tua"
        }
      ]
    },
    {
      "palavra": "alegrassem",
      "veja tambem": [
        "alegrar"
      ],
      "ocorrencias": 1,
      "fonte": "Strong's H8055 (שָׂמַח/samach)",
      "concordancias": [
        {
          "referencia": "Salmos 30.1",
          "texto": "fizeste com que meus inimigos se A. sobre mim."
        }
      ]
    },
    {
      "palavra": "alegrássemos",
      "veja tambem": [
        "alegrar",
        "regozijar"
      ],
      "ocorrencias": 0,
      "fonte": "Strong's H8055 (שָׂמַח/samach)",
      "concordancias": []
    },
    {
      "palavra": "alegraste",
      "veja tambem": [
        "alegrar"
      ],
      "ocorrencias": 4,
      "fonte": "Strong's H8055 (שָׂמַח/samach)",
      "concordancias": [
        {
          "referencia": "1 Samuel 19.5",
          "texto": "tu mesmo o viste e te Á.; por que,"
        },
        {
          "referencia": "S192.4",
          "texto": "Pois tu, Senhor, me À, com os teus feitos;"
        },
        {
          "referencia": "Ezequiel 25.6",
          "texto": "e pateaste com os pés, ete À, de coração em"
        },
        {
          "referencia": "Ezequiel 35.15",
          "texto": "Como te 4. com a herança da casa de Israel,"
        }
      ]
    },
    {
      "palavra": "alegrastes",
      "veja tambem": [
        "alegrar"
      ],
      "ocorrencias": 1,
      "fonte": "Strong's H8055 (שָׂמַח/samach)",
      "concordancias": [
        {
          "referencia": "Jeremias 50.11",
          "texto": "porquanto vos A., e saltastes de prazer, ó"
        }
      ]
    },
    {
      "palavra": "alegrava",
      "veja tambem": [
        "alegrar",
        "regozijar",
        "exultar"
      ],
      "ocorrencias": 2,
      "fonte": "Strong's H8055 (שָׂמַח/samach)",
      "concordancias": [
        {
          "referencia": "Isaías 64.5",
          "texto": "ao encontro daquele que se À. e praticava"
        },
        {
          "referencia": "Lucas 13.17",
          "texto": "e todo o povo se 4. por todas as"
        }
      ]
    },
    {
      "palavra": "alegrava-se",
      "veja tambem": [
        "alegrar"
      ],
      "ocorrencias": 1,
      "fonte": "Strong's H8055 (שָׂמַח/samach)",
      "concordancias": [
        {
          "referencia": "1 Reis 140",
          "texto": "e o povo tocava gaitas, e À, com grande"
        }
      ]
    },
    {
      "palavra": "alegravam",
      "veja tambem": [
        "alegrar"
      ],
      "ocorrencias": 2,
      "fonte": "Strong's H8055 (שָׂמַח/samach)",
      "concordancias": [
        {
          "referencia": "S135.15",
          "texto": "com a minha adversidade se A. e se"
        },
        {
          "referencia": "Oséias 10.5",
          "texto": "seus sacerdotes (que nele se 4.) , e por causa"
        }
      ]
    },
    {
      "palavra": "alegravam-se",
      "veja tambem": [
        "alegrar"
      ],
      "ocorrencias": 3,
      "fonte": "Strong's H8055 (שָׂמַח/samach)",
      "concordancias": [
        {
          "referencia": "2 Samuel 6.5",
          "texto": "e toda a casa de Israel À. perante o"
        },
        {
          "referencia": "1 Crônicas 13.8",
          "texto": "Davi e todo o Israel A. perante Deus, com"
        },
        {
          "referencia": "Habacuque 3.14",
          "texto": "para me espalharem; Á., como se"
        }
      ]
    },
    {
      "palavra": "alegre",
      "veja tambem": [],
      "ocorrencias": 20,
      "fonte": "",
      "concordancias": [
        {
          "referencia": "Juízes 9.19",
          "texto": "com Abimeleque, e também ele se A. convosco."
        },
        {
          "referencia": "Juízes 19.9",
          "texto": "aqui a noite, e que o teu coração se A. e"
        },
        {
          "referencia": "Rute 3.7",
          "texto": "e estando já o seu coração A., veio deitar-se"
        },
        {
          "referencia": "1 Samuel 25.36",
          "texto": "e o coração de Nabal estava A. nele, e ele já"
        },
        {
          "referencia": "2 Samuel 13.28",
          "texto": "o coração de Amnom estiver Å. do vinho, e eu"
        },
        {
          "referencia": "2 Reis 11.14",
          "texto": "e todo o povo da terra estava À. e tocava as"
        },
        {
          "referencia": "2 Crônicas 23.13",
          "texto": "e todo o povo da terra estava Á. e tocava as"
        },
        {
          "referencia": "Neemias 12.44",
          "texto": "para os levitas; porque Judá estava À. por causa"
        },
        {
          "referencia": "Ester 1.10",
          "texto": "estando já o coração dó rei Á. do vinho, mandou"
        },
        {
          "referencia": "Ester 5.9",
          "texto": "saiu Hamã, naquele dia, A. e de bom ânimo;"
        },
        {
          "referencia": "Ester 5.14",
          "texto": "nela Mardoqueu e, então, entra A. com o rei ao"
        },
        {
          "referencia": "Salmos 9.14",
          "texto": "às portas da filha de Sião e me A. na tua salvação."
        },
        {
          "referencia": "S185.6",
          "texto": "a vivificar-nos, para que o teu povo se À. em ti?"
        },
        {
          "referencia": "S1113.9",
          "texto": "habite em família e seja A. mãe de filhos?"
        },
        {
          "referencia": "Provérbios 15.13",
          "texto": "O coração À. aformoseia o rosto, mas, pela dor do"
        },
        {
          "referencia": "Provérbios 15.15",
          "texto": "são maus, mas o de coração À. tem um banquete"
        },
        {
          "referencia": "Provérbios 17.22",
          "texto": "O coração À. serve de bom remédio, mas o espírito"
        },
        {
          "referencia": "Isaías 54.1",
          "texto": "à luz! Exulta de prazer com Á. canto e exclama,"
        },
        {
          "referencia": "Isaías 65.14",
          "texto": "por terem o seu coração Á., mas vós gritareis"
        },
        {
          "referencia": "Sofonias 2.15",
          "texto": "Esta é a cidade À, e descuidada, que dizia no seu"
        }
      ]
    },
    {
      "palavra": "alegre-se",
      "veja tambem": [
        "alegrar"
      ],
      "ocorrencias": 8,
      "fonte": "",
      "concordancias": [
        {
          "referencia": "Juízes 19.6",
          "texto": "noite queiras passá-la aqui, e Á. o teu coração."
        },
        {
          "referencia": "1 Reis 21.7",
          "texto": "de Israel? Levanta-te, come pão, e Á. o teu"
        },
        {
          "referencia": "1 Crônicas 16.10",
          "texto": "no seu santo nome; Á. o coração dos"
        },
        {
          "referencia": "S148.11",
          "texto": "Á. o monte de Sião; alegrem-se as filhas de"
        },
        {
          "referencia": "S196.12",
          "texto": "A. o campo com tudo o que há nele; então, se"
        },
        {
          "referencia": "S1105.3",
          "texto": "no seu santo nome; À. o coração"
        },
        {
          "referencia": "Salmos 109.28",
          "texto": "mas fiquem confundidos; e À, o teu servo."
        },
        {
          "referencia": "Eclesiastes 11.9",
          "texto": "jovem, na tua mocidade, e A. o teu coração"
        }
      ]
    },
    {
      "palavra": "alegrei",
      "veja tambem": [],
      "ocorrencias": 3,
      "fonte": "",
      "concordancias": [
        {
          "referencia": "Jó 31.25",
          "texto": "se me Á. de que era muita a minha fazenda e de"
        },
        {
          "referencia": "Jó 31.29",
          "texto": "Se me A. da desgraça do qe me tem ódio, e se eu"
        },
        {
          "referencia": "3 João 1.3",
          "texto": "Porque muito me Á. quando os irmãos vieram e"
        }
      ]
    },
    {
      "palavra": "alegrei-me",
      "veja tambem": [
        "alegrar"
      ],
      "ocorrencias": 0,
      "fonte": "",
      "concordancias": []
    },
    {
      "palavra": "alegreis",
      "veja tambem": [],
      "ocorrencias": 2,
      "fonte": "",
      "concordancias": [
        {
          "referencia": "Le 10.20",
          "texto": "Mas não vos À. porque se vos sujeitem os"
        },
        {
          "referencia": "1 Pedro 4.13",
          "texto": "na revelação da sua glória vos regozijeis e Á.."
        }
      ]
    },
    {
      "palavra": "alegrem",
      "veja tambem": [],
      "ocorrencias": 4,
      "fonte": "",
      "concordancias": [
        {
          "referencia": "2 Samuel 1.20",
          "texto": "de Asquelom, para que não se A, as filhas dos"
        },
        {
          "referencia": "2 Crônicas 6.41",
          "texto": "de salvação, e os teus santos se A. do bem."
        },
        {
          "referencia": "S135.19",
          "texto": "Não se A. de mim os meus inimigos sem razão, nem"
        },
        {
          "referencia": "S138.16",
          "texto": "eu: Ouve-me, para que se não À, de mim; quando"
        }
      ]
    },
    {
      "palavra": "alegrem-se",
      "veja tambem": [
        "alegrar"
      ],
      "ocorrencias": 10,
      "fonte": "",
      "concordancias": [
        {
          "referencia": "1 Crônicas 16.31",
          "texto": "A. os céus, e regozije-se a terra; e diga-se"
        },
        {
          "referencia": "S15.11",
          "texto": "Mas Á. todos os que confiam em ti; exultem"
        },
        {
          "referencia": "Salmos 40.16",
          "texto": "Folguem e À. em ti os que te buscam; digam"
        },
        {
          "referencia": "S148.11",
          "texto": "Alegre-se o monte de Sião; A. as filhas de"
        },
        {
          "referencia": "Salmos 67.4",
          "texto": "A, e regozijem-se as nações, pois julgarás os"
        },
        {
          "referencia": "S170.4",
          "texto": "Folguem e A. em ti todos os que te buscam; e"
        },
        {
          "referencia": "S196.11",
          "texto": "À. os céus, e regozije-se a terra: brame o"
        },
        {
          "referencia": "S197.1",
          "texto": "reina. Regozije-se a terra, A. as muitas ilhas."
        },
        {
          "referencia": "S1132.9",
          "texto": "sacerdotes de justiça, e Á. os teus santos."
        },
        {
          "referencia": "Provérbios 23.25",
          "texto": "A, teu pai e tua mãe, e regozije-se a que te gerou."
        }
      ]
    },
    {
      "palavra": "alegremente",
      "veja tambem": [
        "alegre"
      ],
      "ocorrencias": 5,
      "fonte": "",
      "concordancias": [
        {
          "referencia": "Jó 38.7",
          "texto": "as estrelas da alva juntas A. cantavam, e"
        },
        {
          "referencia": "S132.11",
          "texto": "vós, os justos; e cantai A. todos vós"
        },
        {
          "referencia": "S181.1",
          "texto": "Cantai A, a Deus, nossa fortaleza; celebrai"
        },
        {
          "referencia": "Isaías 54.1",
          "texto": "Canta A., ó estéril que não deste à luz!"
        },
        {
          "referencia": "Sofonias 3.14",
          "texto": "Canta A., ó filha de Sião; rejubila, ó"
        }
      ]
    },
    {
      "palavra": "alegremo-nos",
      "veja tambem": [],
      "ocorrencias": 3,
      "fonte": "",
      "concordancias": [
        {
          "referencia": "Provérbios 7.18",
          "texto": "de amores até pela manhã; À. com amores."
        },
        {
          "referencia": "Lucas 15.23",
          "texto": "o bezerro cevado, e matai-o; e comamos e Á.,"
        },
        {
          "referencia": "Apocalipse 19.7",
          "texto": "Regozijemo-nos, e Á., e demos-lhe glória,"
        }
      ]
    },
    {
      "palavra": "alegremos",
      "veja tambem": [
        "alegrar"
      ],
      "ocorrencias": 1,
      "fonte": "",
      "concordancias": [
        {
          "referencia": "S190.14",
          "texto": "que nos regozijemos e nos Á. todos os nossos dias."
        }
      ]
    }
  ]
}