{
  "a": [
    {
      "palavra": "alegres",
      "veja tambem": [
        "alegrar"
      ],
      "ocorrencias": 16,
      "fonte": "",
      "concordancias": [
        {
          "referencia": "1 Reis 1.45",
          "texto": "rei em Giom e dali subiram A., ea cidade"
        },
        {
          "referencia": "IRs 8.66",
          "texto": "então, se foram às suas tendas, A. e contentes"
        },
        {
          "referencia": "2 Crônicas 7.10",
          "texto": "o povo para as suas tendas, Á. e de bom ânimo,"
        },
        {
          "referencia": "S132.7",
          "texto": "da angústia; tu me cinges de Á. cantos de"
        },
        {
          "referencia": "S163.5",
          "texto": "gordura; e a minha boca te louvará com A. lábios,"
        },
        {
          "referencia": "S165.8",
          "texto": "os teus sinais; tu fazes À. as saídas da"
        },
        {
          "referencia": "S1126.3",
          "texto": "fez o Senhor por nós, e, por isso, estamos A.."
        },
        {
          "referencia": "Provérbios 24.17",
          "texto": "cair o teu inimigo, não te A., nem quando"
        },
        {
          "referencia": "Isaías 14.29",
          "texto": "Não te Á., toda a Filístia, por ser quebrada a"
        },
        {
          "referencia": "Isaías 24.7",
          "texto": "a vide; e suspirarão todos os À. de coração."
        },
        {
          "referencia": "Isaías 44.23",
          "texto": "Cantai A., vós, ó céus, porque o Senhor fez"
        },
        {
          "referencia": "Jeremias 44.17",
          "texto": "então, fartura de pão, e andávamos Á., e não"
        },
        {
          "referencia": "Oséias 9.1",
          "texto": "Não te A., ó Israel, até saltar, como os povos;"
        },
        {
          "referencia": "Mg 7.8",
          "texto": "Ô inimiga minha, não te A. a meu respeito; ainda"
        },
        {
          "referencia": "Lucas 1.19",
          "texto": "e fui enviado a falar-te e dar-te estas À. novas."
        },
        {
          "referencia": "2 Coríntios 6.10",
          "texto": "contristados, mas sempre 4.; como pobres, mas"
        }
      ]
    }
  ]
}