{
  "a": [
    {
      "palavra": "alegria",
      "veja tambem": [
        "gozo",
        "júbilo",
        "regozijo",
        "exultação",
        "contentamento"
      ],
      "ocorrencias": 139,
      "fonte": "Strong's H8057 (שִׂמְחָה/simchah)",
      "concordancias": [
        {
          "referencia": "Gênesis 31.27",
          "texto": "para que eu te enviasse com Á., e com"
        },
        {
          "referencia": "Números 10.10",
          "texto": "no dia da vossa A., e nas vossas"
        },
        {
          "referencia": "Deuteronômio 28.47",
          "texto": "ao Senhor, teu Deus, com A, e bondade de"
        },
        {
          "referencia": "2 Samuel 6.12",
          "texto": "da casa de Obede-Edom, à Cidade de Davi, com A.."
        },
        {
          "referencia": "1 Reis 1.40",
          "texto": "e alegrava-se com grande A., de maneira que,"
        },
        {
          "referencia": "1 Crônicas 15.16",
          "texto": "que se fizessem ouvir, levantando a voz com Á.."
        },
        {
          "referencia": "1 Crônicas 15.25",
          "texto": "foram para fazerem subir, com A., a arca do"
        },
        {
          "referencia": "1 Crônicas 16.27",
          "texto": "há diante dele, força e Á., no seu lugar."
        },
        {
          "referencia": "1 Crônicas 29.9",
          "texto": "e também o rei Davi se alegrou com grande A.."
        },
        {
          "referencia": "1 Crônicas 29.17",
          "texto": "estas coisas; e agora vi com À. que o teu"
        },
        {
          "referencia": "2 Crônicas 20.27",
          "texto": "para irem a Jerusalém com A., porque o"
        },
        {
          "referencia": "2 Crônicas 23.18",
          "texto": "escrito na Lei de Moisés, com A. e com canto,"
        },
        {
          "referencia": "2 Crônicas 29.30",
          "texto": "o vidente. E o louvaram com Å., ese"
        },
        {
          "referencia": "2 Crônicas 30.21",
          "texto": "Asmos sete dias, com grande À.; eos levitas e"
        },
        {
          "referencia": "2 Crônicas 30.23",
          "texto": "sete dias, celebraram ainda sete dias com A.."
        },
        {
          "referencia": "2 Crônicas 30.26",
          "texto": "E houve grande A. em Jerusalém, porque, desde os"
        },
        {
          "referencia": "Esdras 3.12",
          "texto": "muitos levantaram as vozes com júbilo e com Á.."
        },
        {
          "referencia": "Esdras 3.13",
          "texto": "o povo as vozes de A. das vozes do choro"
        },
        {
          "referencia": "Esdras 6.16",
          "texto": "fizeram a consagração desta Casa de Deus com A.."
        },
        {
          "referencia": "Esdras 6.22",
          "texto": "Asmos os sete dias com Á., porque o Senhor"
        },
        {
          "referencia": "Neemias 8.10",
          "texto": "não vos entristeçais, porque a À, do Senhor"
        },
        {
          "referencia": "Neemias 8.17",
          "texto": "de Num, até àquele dia; e houve mui grande A.."
        },
        {
          "referencia": "Neemias 12.27",
          "texto": "fim de fazerem a dedicação com A., louvores,"
        },
        {
          "referencia": "Neemias 12.43",
          "texto": "Deus os alegrara com grande A.; e até as"
        },
        {
          "referencia": "Neemias 12.43",
          "texto": "se alegraram, de modo que a À. de Jerusalém"
        },
        {
          "referencia": "Ester 8.16",
          "texto": "E para os judeus houve luz, e A., e gozo, e honra."
        },
        {
          "referencia": "Ester 8.17",
          "texto": "havia entre os judeus À. e gozo, banquetes"
        },
        {
          "referencia": "Ester 9.17",
          "texto": "e fizeram daquele dia dia de banquetes e de A.."
        },
        {
          "referencia": "Ester 9.18",
          "texto": "e fizeram daquele dia dia de banquetes e de A.."
        },
        {
          "referencia": "Ester 9.19",
          "texto": "do mês de adar dia de À, e de banquetes e"
        },
        {
          "referencia": "Ester 9.22",
          "texto": "lhes mudou de tristeza em A. e de luto em dia"
        },
        {
          "referencia": "Ester 9.22",
          "texto": "dias de banquetes e de 4. e de mandarem"
        },
        {
          "referencia": "Jó 3.22",
          "texto": "que de A. saltam, e exultam, achando a sepultura?"
        },
        {
          "referencia": "Jó 8.19",
          "texto": "eis que este é À. do seu caminho, e outros"
        },
        {
          "referencia": "Jó 20.5",
          "texto": "dos ímpios é breve, e a A. dos hipócritas,"
        },
        {
          "referencia": "S130.5",
          "texto": "pode durar uma noite, mas a Á. vem pela imania:"
        },
        {
          "referencia": "Salmos 42.4",
          "texto": "à Casa de Deus, com voz de A. e louvor, com"
        },
        {
          "referencia": "S143.4",
          "texto": "do Deus que é a minha grande A., e com harpa te"
        },
        {
          "referencia": "SI 48.2",
          "texto": "Formoso de sítio e 4, de toda a terra é o monte"
        },
        {
          "referencia": "S151.8",
          "texto": "Faze-me ouvir júbilo e Á., para que gozem os"
        },
        {
          "referencia": "S151.12",
          "texto": "Torna a dar-me a Å. da tua salvação e sustém-me"
        },
        {
          "referencia": "S159.16",
          "texto": "pela manhã, louvarei com A. a tua"
        },
        {
          "referencia": "S165.12",
          "texto": "pastos do deserto, e os outeiros cingem-se de Á.."
        },
        {
          "referencia": "S168.3",
          "texto": "se regozijem na presença de Deus, e folguem de A.."
        },
        {
          "referencia": "S197.11",
          "texto": "semeia-se para o justo, ea Á., para os retos de cora-"
        },
        {
          "referencia": "S198.4",
          "texto": "da terra; dai brados de A., regozijai-vos e"
        },
        {
          "referencia": "Salmos 119.92",
          "texto": "lei não fora toda a minha A., há muito que"
        },
        {
          "referencia": "SI 126.5",
          "texto": "Os que semeiam em lágrimas segarão com Á.."
        },
        {
          "referencia": "SI 126.6",
          "texto": "voltará, sem dúvida, com Á., trazendo"
        },
        {
          "referencia": "Salmos 137.6",
          "texto": "de ti, se não preferir Jerusalém à minha maior A.."
        },
        {
          "referencia": "S1149.5",
          "texto": "os santos na glória, cantem de À, no seu leito."
        },
        {
          "referencia": "Provérbios 10.28",
          "texto": "A esperança dos justos é Á., mas a expectação"
        },
        {
          "referencia": "Provérbios 12.20",
          "texto": "dos que maquinam mal, mas A. têm os que"
        },
        {
          "referencia": "Provérbios 14.10",
          "texto": "e o estranho não se entremeterá na sua A.."
        },
        {
          "referencia": "Provérbios 14.13",
          "texto": "riso terá dor o coração, e o fim da À. é tristeza."
        },
        {
          "referencia": "Provérbios 15.21",
          "texto": "A estultícia é À. para o que carece de"
        },
        {
          "referencia": "Provérbios 21.15",
          "texto": "Praticar a justiça é Á. para o justo, mas"
        },
        {
          "referencia": "Py 28.12",
          "texto": "justos triunfam, há grande À.; mas, quando os"
        },
        {
          "referencia": "Eclesiastes 2.1",
          "texto": "vem, eu te provarei com a À.; portanto, goza"
        },
        {
          "referencia": "Eclesiastes 2.2",
          "texto": "riso disse: Está doido; e da A.: De que serve esta?"
        },
        {
          "referencia": "Eclesiastes 2.10",
          "texto": "nem privei o meu coração de A. alguma; mas o meu"
        },
        {
          "referencia": "Eclesiastes 2.26",
          "texto": "sabedoria, e conhecimento, e A.; mas ao pecador"
        },
        {
          "referencia": "Eclesiastes 5.20",
          "texto": "porquanto Deus lhe responde na À, do seu coração."
        },
        {
          "referencia": "Eclesiastes 74",
          "texto": "do luto, mas o coração dos tolos, na casa da A.."
        },
        {
          "referencia": "Eclesiastes 8.15",
          "texto": "Então, exalteieua A., porquanto o homem"
        },
        {
          "referencia": "Eclesiastes 9.7",
          "texto": "Vai, pois, come com Á, o teu pão e bebe com bom"
        },
        {
          "referencia": "1s9.3",
          "texto": "este povo ea À. lhe aumentaste;"
        },
        {
          "referencia": "Isaías 12.3",
          "texto": "E vós, com A., tirareis águas das fontes da salvação."
        },
        {
          "referencia": "Isaías 16.10",
          "texto": "E fugiu o folguedo e a Á. do campo fértil, e já"
        },
        {
          "referencia": "Isaías 22.2",
          "texto": "cidade que salta de A., os teus mortos"
        },
        {
          "referencia": "Isaías 22.13",
          "texto": "Mas eis aqui gozo e À.; matam-se vacas e"
        },
        {
          "referencia": "Isaías 23.7",
          "texto": "que andava pulando de A.? Cuja antiguidade"
        },
        {
          "referencia": "Isaías 23.12",
          "texto": "Nunca mais pularás de Á., ó oprimida"
        },
        {
          "referencia": "Isaías 24.11",
          "texto": "por causa do vinho; toda a À, se escureceu,"
        },
        {
          "referencia": "Isaías 24.14",
          "texto": "a sua voz e cantarão com À.; por causa da"
        },
        {
          "referencia": "Isaías 30.29",
          "texto": "celebra uma festa santa; e À. de coração, como"
        },
        {
          "referencia": "Isaías 32.13",
          "texto": "sobre todas as casas de Á., na cidade que"
        },
        {
          "referencia": "Isaías 32.14",
          "texto": "de cavernas eternamente, para Á. dos jumentos"
        },
        {
          "referencia": "Isaías 35.2",
          "texto": "e também regurgitará de À, e exultará; a"
        },
        {
          "referencia": "Isaías 35.10",
          "texto": "virão a Sião com júbilo; e 4. eterna haverá"
        },
        {
          "referencia": "Isaías 35.10",
          "texto": "sobre a sua cabeça; gozo e À, alcançarão, e"
        },
        {
          "referencia": "Isaías 51.3",
          "texto": "o jardim do Senhor; gozo e À. se acharão"
        },
        {
          "referencia": "Isaías 51.11",
          "texto": "Sião com júbilo, e perpétua 4. haverá sobre a"
        },
        {
          "referencia": "Isaías 51.11",
          "texto": "sobre a sua cabeça; gozo e Á. alcançarão, a"
        },
        {
          "referencia": "Isaías 55.12",
          "texto": "Porque, com AÁ., saireis e, em paz, sereis"
        },
        {
          "referencia": "Isaías 61.7",
          "texto": "sua terra, possuirão o dobro e terão perpétua Á.."
        },
        {
          "referencia": "Isaías 65.18",
          "texto": "eis que crio para Jerusalém A. e para o seu"
        },
        {
          "referencia": "Isaías 66.5",
          "texto": "para que vejamos a vossa 4.! Mas eles"
        },
        {
          "referencia": "Isaías 66.10",
          "texto": "amais; enchei-vos por ela de A., todos que por"
        },
        {
          "referencia": "Jeremias 7.34",
          "texto": "voz de folguedo, e a voz de Á., eavoz de"
        },
        {
          "referencia": "Jeremias 15.16",
          "texto": "foi para mim o gozo e A. do meu coração;"
        },
        {
          "referencia": "Jeremias 16.9",
          "texto": "dias, a voz de gozo, ea voz de Á., ea voz do"
        },
        {
          "referencia": "Jeremias 25.10",
          "texto": "a voz de folguedo, e a voz de Á., ea voz do"
        },
        {
          "referencia": "Jeremias 25.30",
          "texto": "a sua habitação, com grito de Á., como dos"
        },
        {
          "referencia": "Jeremias 31.7",
          "texto": "Cantai sobre Jacó, com A.; e exultai por"
        },
        {
          "referencia": "Jeremias 31.13",
          "texto": "etornarei o seu pranto em A. eos"
        },
        {
          "referencia": "Jeremias 33.9",
          "texto": "me servirá de nome de A., de louvor e de"
        },
        {
          "referencia": "Jeremias 33.11",
          "texto": "a voz de gozo, ea voz de Á., ea voz de noivo,"
        },
        {
          "referencia": "Jeremias 48.33",
          "texto": "pois, o folguedo e a A. do campo fértil"
        },
        {
          "referencia": "Ezequiel 7.7",
          "texto": "é o dia da turbação, e não da Á., sobre os montes."
        },
        {
          "referencia": "Ezequiel 36.5",
          "texto": "apropriaram da minha terra, com À, de todo o"
        },
        {
          "referencia": "Ji 1.12",
          "texto": "árvores do campo se secaram, e a À. se secou"
        },
        {
          "referencia": "Sofonias 3.17",
          "texto": "ele se deleitará em ti com A.; calar-se-á"
        },
        {
          "referencia": "Zacarias 8.19",
          "texto": "para a casa de Judá gozo, e Á., e"
        },
        {
          "referencia": "Mateus 13.20",
          "texto": "é o que ouve a palavra e logo a recebe com A,;"
        },
        {
          "referencia": "Mateus 28.8",
          "texto": "sepulcro, com temor e grande A., correram a"
        },
        {
          "referencia": "Lucas 1.14",
          "texto": "E terás prazer e Á., e muitos se alegrarão no"
        },
        {
          "referencia": "Lucas 144",
          "texto": "saudação, a criancinha saltou de A, no meu ventre."
        },
        {
          "referencia": "Lucas 2.10",
          "texto": "vos trago novas de grande Á., que será para"
        },
        {
          "referencia": "Lucas 8.13",
          "texto": "a palavra, a recebem com Á., mas, como não"
        },
        {
          "referencia": "Lucas 10.17",
          "texto": "E voltaram os setenta com Å., dizendo: Senhor,"
        },
        {
          "referencia": "Lucas 15.7",
          "texto": "Digo-vos que assim haverá A. no céu por um"
        },
        {
          "referencia": "Lucas 15.10",
          "texto": "Assim vos digo que há 4. diante dos anjos de"
        },
        {
          "referencia": "Lucas 24.41",
          "texto": "eles ainda por causa da Å, e estando"
        },
        {
          "referencia": "Jó 3.29",
          "texto": "Assim, pois, já essa minha A. está cumprida."
        },
        {
          "referencia": "Jó 15.11",
          "texto": "dito isso para que a minha 4. permaneça em vós,"
        },
        {
          "referencia": "Jó 15.11",
          "texto": "permaneça em vós, e a vossa A seja completa."
        },
        {
          "referencia": "Jó 16.20",
          "texto": "tristes; mas a vossa tristeza se converterá em A.."
        },
        {
          "referencia": "Jó 16.22",
          "texto": "coração se alegrará, e a vossa Á., ninguém"
        },
        {
          "referencia": "Jó 16.24",
          "texto": "pedi e recebereis, para que a vossa Á. se cumpra."
        },
        {
          "referencia": "Jó 17.13",
          "texto": "para que tenham a minha Á. completa em si mesmos."
        },
        {
          "referencia": "Atos 2.46",
          "texto": "em casa, comiam juntos com À. e singeleza de coração,"
        },
        {
          "referencia": "Atos 8.8",
          "texto": "E havia grande À, naquela cidade."
        },
        {
          "referencia": "Atos 12.14",
          "texto": "a voz de Pedro, de À. não abriu a"
        },
        {
          "referencia": "Atos 13.52",
          "texto": "estavam cheios de Á, e do Espírito Santo."
        },
        {
          "referencia": "Atos 14.17",
          "texto": "enchendo de mantimento e de À. o vosso coração."
        },
        {
          "referencia": "Atos 15.3",
          "texto": "dos gentios, e davam grande A. a todos os irmãos."
        },
        {
          "referencia": "Atos 20.24",
          "texto": "contanto que cumpra com Á, a minha carreira"
        },
        {
          "referencia": "Romanos 12.8",
          "texto": "com cuidado; o que exercita misericórdia, com A.."
        },
        {
          "referencia": "Romanos 14.17",
          "texto": "bebida, mas justiça, e paz, e A. no Espírito Santo."
        },
        {
          "referencia": "Romanos 15.32",
          "texto": "de Deus, chegue a vós com À. e possa"
        },
        {
          "referencia": "2 Coríntios 2.3",
          "texto": "em vós todos de que a minha A. é a de todos vós."
        },
        {
          "referencia": "2 Coríntios 7.13",
          "texto": "mais nos alegramos pela À. de Tito, porque o"
        },
        {
          "referencia": "2 Coríntios 9.7",
          "texto": "por necessidade; porque Deus ama ao que dá com Á.."
        },
        {
          "referencia": "Filipenses 1.4",
          "texto": "fazendo, sempre com A., oração por vós em todas"
        },
        {
          "referencia": "Filipenses 4.1",
          "texto": "e mui queridos irmãos, minha A. e coroa, estai"
        },
        {
          "referencia": "Hebreus 1.9",
          "texto": "teu Deus, te ungiu com óleo de Á., mais do que a"
        },
        {
          "referencia": "Hebreus 13.17",
          "texto": "delas; para que o façam com Å. e não gemendo,"
        },
        {
          "referencia": "Judas 1.24",
          "texto": "irrepreensíveis, com Á., perante a sua glória,"
        }
      ]
    }
  ]
}