{
  "a": [
    {
      "palavra": "alegrias",
      "veja tambem": [
        "alegria"
      ],
      "ocorrencias": 1,
      "fonte": "Strong's H8057 (שִׂמְחָה/simchah)",
      "concordancias": [
        {
          "referencia": "Salmos 16.11",
          "texto": "presença há abundância de A.; à tua mão"
        }
      ]
    },
    {
      "palavra": "alegro",
      "veja tambem": [
        "alegrar"
      ],
      "ocorrencias": 2,
      "fonte": "Strong's H8055 (שָׂמַח/samach)",
      "concordancias": [
        {
          "referencia": "1 Samuel 2.1",
          "texto": "os meus inimigos, porquanto me A. na tua salvação."
        },
        {
          "referencia": "2 João 1.4",
          "texto": "Muito me Á, por achar que alguns de teus filhos"
        }
      ]
    },
    {
      "palavra": "alegrou",
      "veja tambem": [
        "alegrar"
      ],
      "ocorrencias": 19,
      "fonte": "Strong's H8055 (שָׂמַח/samach)",
      "concordancias": [
        {
          "referencia": "Deuteronômio 30.9",
          "texto": "em ti para bem, como se A. em teus pais;"
        },
        {
          "referencia": "1 Samuel 11.15",
          "texto": "perante o Senhor; e Saul se Á. muito ali com"
        },
        {
          "referencia": "1 Reis 5.7",
          "texto": "de Salomão, muito se Á. e disse: Bendito"
        },
        {
          "referencia": "2 Reis 11.20",
          "texto": "E todo o povo da terra se Á., e a cidade"
        },
        {
          "referencia": "1 Crônicas 29.9",
          "texto": "E o povo se À. do que deram voluntariamente;"
        },
        {
          "referencia": "1 Crônicas 29.9",
          "texto": "Senhor; e também o rei Davi se 4. com grande ale-"
        },
        {
          "referencia": "Scr 15.15",
          "texto": "E todo o Judá se À. deste juramento, porque com"
        },
        {
          "referencia": "2 Crônicas 23.21",
          "texto": "E todo o povo da terra se Á., e a cidade ficou"
        },
        {
          "referencia": "Ester 8.15",
          "texto": "e púrpura, e a cidade de Susã exultou ese A.."
        },
        {
          "referencia": "S197.8",
          "texto": "Sião ouviu e se À.; e os filhos a aee se"
        },
        {
          "referencia": "Eclesiastes 2.10",
          "texto": "alguma; mas o meu coração se A, por todo o meu"
        },
        {
          "referencia": "Isaías 8.6",
          "texto": "e com Rezim e com o filho de Remalias se A.,"
        },
        {
          "referencia": "Isaías 39.2",
          "texto": "E Ezequias se A, com eles e lhes mostrou a casa"
        },
        {
          "referencia": "Jeremias 41.13",
          "texto": "príncipes dos exércitos que vinham com ele, se A.."
        },
        {
          "referencia": "Daniel 6.23",
          "texto": "Então, o rei muito se Á. em si mesmo e mandou"
        },
        {
          "referencia": "Jonas 4.6",
          "texto": "do seu enfado; e Jonas se A. em extremo por"
        },
        {
          "referencia": "Lucas 10.21",
          "texto": "Naquela mesma hora, se À. Jesus no Espirito"
        },
        {
          "referencia": "Atos 2.26",
          "texto": "por isso, se Å. o meu coração, e a minha íngua"
        },
        {
          "referencia": "Atos 11.23",
          "texto": "e viu a graça de Deus, se A. eexortou a"
        }
      ]
    },
    {
      "palavra": "alegrou-se",
      "veja tambem": [
        "alegrar"
      ],
      "ocorrencias": 7,
      "fonte": "Strong's H8055 (שָׂמַח/samach)",
      "concordancias": [
        {
          "referencia": "Êxodo 18.9",
          "texto": "E A. Jetro de todo o bem que o Senhor tinha"
        },
        {
          "referencia": "Juízes 18.20",
          "texto": "Então, Á. o coração do sacerdote, e tomou o"
        },
        {
          "referencia": "Juízes 19.3",
          "texto": "pai, e, vendo-o o pai da moça, À. ao"
        },
        {
          "referencia": "SI 105.38",
          "texto": "O Egito À. quando eles saíram, porque o seu"
        },
        {
          "referencia": "Lucas 23.8",
          "texto": "Herodes, quando viu a Jesus, A. muito, porque"
        },
        {
          "referencia": "Jó 8.56",
          "texto": "pai, exultou por ver o meu dia, e viu-o, e Á.."
        },
        {
          "referencia": "Atos 16.34",
          "texto": "mesa; e, na sua crença em Deus, Á. com toda a"
        }
      ]
    },
    {
      "palavra": "aleijado",
      "veja tambem": [
        "coxo",
        "mancos",
        "defeituoso",
        "incapacitado"
      ],
      "ocorrencias": 5,
      "fonte": "Strong's H6452 (פָּסַח/pasach)",
      "concordancias": [
        {
          "referencia": "Levítico 22.22",
          "texto": "O cego, ou quebrado, ou Á., ou verrugoso, ou"
        },
        {
          "referencia": "2 Samuel 44",
          "texto": "de Saul, tinha um filho A. de ambos os"
        },
        {
          "referencia": "2 Samuel 9.3",
          "texto": "Ainda há um filho de Jônatas, A. de ambos os pés."
        },
        {
          "referencia": "Mateus 18.8",
          "texto": "te é entrar na vida coxo ou À, do que, tendo"
        },
        {
          "referencia": "Marcos 9.43",
          "texto": "é para ti entrares na vida À, do que, tendo"
        }
      ]
    },
    {
      "palavra": "aleijados",
      "veja tambem": [
        "aleijado"
      ],
      "ocorrencias": 5,
      "fonte": "Strong's H6452 (פָּסַח/pasach)",
      "concordancias": [
        {
          "referencia": "Jeremias 31.8",
          "texto": "e, com eles, os cegos, os A., as mulheres"
        },
        {
          "referencia": "Mateus 15.30",
          "texto": "trazia coxos, cegos, mudos, Á, e outros"
        },
        {
          "referencia": "Mateus 15.31",
          "texto": "vendo os mudos a falar, os Á, sãos, os coxos"
        },
        {
          "referencia": "Lucas 14.13",
          "texto": "convite, chama os pobres, Á., mancos e cegos"
        },
        {
          "referencia": "Lucas 14.21",
          "texto": "etraze aqui os pobres, eos Á., eos"
        }
      ]
    },
    {
      "palavra": "aleivosa",
      "veja tambem": [
        "infiel",
        "traidora",
        "desleal",
        "adúltera"
      ],
      "ocorrencias": 4,
      "fonte": "Strong's H898 (בָּגַד/bagad)",
      "concordancias": [
        {
          "referencia": "Jeremias 3.7",
          "texto": "mas não voltou. E viu isso a sua Á. irmã Judá."
        },
        {
          "referencia": "J 3.8",
          "texto": "libelo de divórcio, vi que a Á. Judá, sua"
        },
        {
          "referencia": "Jeremias 3.10",
          "texto": "isso voltou para mim a sua À. irmã Judá com"
        },
        {
          "referencia": "Jeremias 3.11",
          "texto": "justificou mais a sua alma do que a À, Judá."
        }
      ]
    },
    {
      "palavra": "aleivosamente",
      "veja tambem": [
        "aleivoso"
      ],
      "ocorrencias": 11,
      "fonte": "Strong's H898 (בָּגַד/bagad)",
      "concordancias": [
        {
          "referencia": "Juízes 9.23",
          "texto": "de Siquém se houveram Á. contra Abimeleque;"
        },
        {
          "referencia": "1 Samuel 14.33",
          "texto": "com sangue. E disse ele: A.,"
        },
        {
          "referencia": "Jó 6.15",
          "texto": "Meus irmãos Á. me trataram; são como um"
        },
        {
          "referencia": "S178.57",
          "texto": "atrás e portaram-se Á. como seus"
        },
        {
          "referencia": "Jeremias 3.20",
          "texto": "como a mulher se aparta A. do seu"
        },
        {
          "referencia": "Jeremias 3.20",
          "texto": "do seu companheiro, assim À. te"
        },
        {
          "referencia": "Jeremias 12.1",
          "texto": "vivem em paz todos os que cometem o mal A.?"
        },
        {
          "referencia": "Lamentações 1.2",
          "texto": "os seus amigos se houveram À. com ela,"
        },
        {
          "referencia": "Oséias 5.7",
          "texto": "A. se houveram contra o Senhor, porque"
        },
        {
          "referencia": "Oséias 6.7",
          "texto": "como Adão; eles se portaram À. contra mim."
        },
        {
          "referencia": "Habacuque 1.13",
          "texto": "olhas para os que procedem A. e te"
        }
      ]
    },
    {
      "palavra": "aleivosas",
      "veja tambem": [
        "aleivoso"
      ],
      "ocorrencias": 1,
      "fonte": "",
      "concordancias": [
        {
          "referencia": "Sofonias 3.4",
          "texto": "são levianos e criaturas Á.; os seus"
        }
      ]
    },
    {
      "palavra": "aleivosissimamente",
      "veja tambem": [
        "aleivoso"
      ],
      "ocorrencias": 1,
      "fonte": "",
      "concordancias": [
        {
          "referencia": "Jeremias 5.11",
          "texto": "Porque Á. se houveram contra mim a"
        }
      ]
    },
    {
      "palavra": "aleivosos",
      "veja tambem": [],
      "ocorrencias": 2,
      "fonte": "",
      "concordancias": [
        {
          "referencia": "Provérbios 2.22",
          "texto": "arrancados da terra, e os À. serão dela exterminados."
        },
        {
          "referencia": "Jeremias 9.2",
          "texto": "todos eles são adúlteros, são um bando de A.;"
        }
      ]
    },
    {
      "palavra": "aleluia",
      "veja tambem": [],
      "ocorrencias": 4,
      "fonte": "",
      "concordancias": [
        {
          "referencia": "Apocalipse 19.1",
          "texto": "grande multidão, que dizia: 4.! Salvação, e"
        },
        {
          "referencia": "Apocalipse 19.3",
          "texto": "E outra vez disseram: A.! E a fumaça dela sobe"
        },
        {
          "referencia": "Apocalipse 19.4",
          "texto": "a Deus, assentado no trono, dizendo: Amém! A.!"
        },
        {
          "referencia": "Apocalipse 19.6",
          "texto": "de grandes trovões, que dizia: Á.! Pois já o"
        }
      ]
    }
  ]
}