{
  "a": [
    {
      "palavra": "alem",
      "veja tambem": [
        "além",
        "fora",
        "extra",
        "adicional",
        "suplementar"
      ],
      "ocorrencias": 98,
      "fonte": "Strong's H4480 (מִן/min)",
      "concordancias": [
        {
          "referencia": "Gênesis 26.1",
          "texto": "E havia fome na terra, À. da primeira fome, que foi"
        },
        {
          "referencia": "Gênesis 28.9",
          "texto": "e tomou para si por mulher, A. das suas mulheres, a"
        },
        {
          "referencia": "Gênesis 31.50",
          "texto": "e se tomares mulheres A. das minhas filhas,"
        },
        {
          "referencia": "Gênesis 35.21",
          "texto": "Israel e estendeu a sua tenda A, de Migdal-Éder."
        },
        {
          "referencia": "Gênesis 50.10",
          "texto": "à eira do espinhal, que está Á. do Jordão, fizeram"
        },
        {
          "referencia": "Gênesis 50.11",
          "texto": "o seu nome Abel-Mizraim, que está A, do Jordão."
        },
        {
          "referencia": "Levítico 9.17",
          "texto": "e a queimou sobre o altar, A. do holocausto da manhã."
        },
        {
          "referencia": "Levítico 23.38",
          "texto": "A. dos sábados do Senhor, e 4. dos vossos dons, e"
        },
        {
          "referencia": "Ly 23.38",
          "texto": "e Á. dos vossos dons, e À. de todos os vossos"
        },
        {
          "referencia": "Levítico 23.38",
          "texto": "de todos os vossos votos, e 4, de todas as vossas"
        },
        {
          "referencia": "Levítico 27.13",
          "texto": "então, acrescentará o seu quinto A. da tua avaliação."
        },
        {
          "referencia": "Números 5.8",
          "texto": "ao Senhor será do sacerdote, Á. do carneiro da"
        },
        {
          "referencia": "Números 6.21",
          "texto": "Senhor pelo seu nazireado, À. do que alcançar a"
        },
        {
          "referencia": "Números 28.10",
          "texto": "é do sábado em cada sábado, Á. do holocausto"
        },
        {
          "referencia": "Números 28.15",
          "texto": "do pecado, ao Senhor, À. do holocausto"
        },
        {
          "referencia": "Números 28.23",
          "texto": "Estas coisas oferecereis, A. do holocausto da"
        },
        {
          "referencia": "Números 28.24",
          "texto": "em cheiro suave ao Senhor; Á. do holocausto"
        },
        {
          "referencia": "Números 28.31",
          "texto": "A. do holocausto contínuo e a sua oferta de"
        },
        {
          "referencia": "Números 29.6",
          "texto": "A. do holocausto do mês, e a sua oferta de"
        },
        {
          "referencia": "Números 29.11",
          "texto": "para expiação do pecado, Á. da expiação do"
        },
        {
          "referencia": "Números 29.16",
          "texto": "para expiação do pecado, Á. do lins"
        },
        {
          "referencia": "Números 29.19",
          "texto": "para expiação do pecado, A. do holocausto"
        },
        {
          "referencia": "Números 29.22",
          "texto": "para expiação do pecado, À. do holocausto"
        },
        {
          "referencia": "Números 29.25",
          "texto": "para expiação do pecado, À. do holocausto"
        },
        {
          "referencia": "Números 29.28",
          "texto": "para expiação do pecado, À. do holocausto"
        },
        {
          "referencia": "Números 29.31",
          "texto": "para expiação do pecado, A. do holocausto"
        },
        {
          "referencia": "Números 29.34",
          "texto": "para expiação do pecado, A, do holocausto"
        },
        {
          "referencia": "Números 29.38",
          "texto": "para expiação do pecado, A. do holocausto"
        },
        {
          "referencia": "Números 29.39",
          "texto": "nas vossas solenidades À. dos vossos votos, e"
        },
        {
          "referencia": "Números 31.8",
          "texto": "Mataram mais, Á. dos que já foram mortos, os reis"
        },
        {
          "referencia": "Números 35.6",
          "texto": "o homicida ali se acolha; e, A. destas, lhes"
        },
        {
          "referencia": "Deuteronômio 3.5",
          "texto": "muros, portas e ferrolhos; 4. de outras muitas"
        },
        {
          "referencia": "Deuteronômio 4.12",
          "texto": "das palavras ouvistes; porém, A. da voz, não"
        },
        {
          "referencia": "Deuteronômio 18.8",
          "texto": "igual porção comerão, A. das vendas do seu patrimô-"
        },
        {
          "referencia": "Deuteronômio 19.9",
          "texto": "acrescentarás outras três cidades A. destas três;"
        },
        {
          "referencia": "Deuteronômio 29.1",
          "texto": "com os filhos de Israel, A. do concerto que"
        },
        {
          "referencia": "Deuteronômio 31.2",
          "texto": "poderei mais sair e entrar; A. disso, o Senhor me"
        },
        {
          "referencia": "Josué 14.3",
          "texto": "já dera Moisés herança A. do Jordão; mas aos"
        },
        {
          "referencia": "1 Samuel 4.17",
          "texto": "destroço entre o povo; e, À. disso, também"
        },
        {
          "referencia": "1 Samuel 20.36",
          "texto": "e ele atirou uma flecha, que fez passar À, dele."
        },
        {
          "referencia": "2 Samuel 19.36",
          "texto": "servo ainda um pouco mais 4. do Jordão; e por que"
        },
        {
          "referencia": "2 Samuel 20.5",
          "texto": "a Judá; porém demorou-se À. do tempo que lhe"
        },
        {
          "referencia": "IRs 10.13",
          "texto": "lhe pediu o seu desejo, Á. do que lhe deu,"
        },
        {
          "referencia": "1 Reis 10.15",
          "texto": "A. do dos negociantes, e do contrato dos"
        },
        {
          "referencia": "1 Reis 11.1",
          "texto": "mulheres estranhas, e isso À, da filha de Faraó,"
        },
        {
          "referencia": "1 Reis 11.25",
          "texto": "os dias de Salomão, e isso, À. do mal que Hadade"
        },
        {
          "referencia": "1 Reis 14.15",
          "texto": "seus pais, e o espalhará para À, do rio, porquanto"
        },
        {
          "referencia": "1 Crônicas 17.20",
          "texto": "há como tu, e não há Deus A. de ti, conforme"
        },
        {
          "referencia": "2 Crônicas 9.12",
          "texto": "agradou e o que lhe pediu, A. do que ela mesma"
        },
        {
          "referencia": "2 Crônicas 28.17",
          "texto": "A. disso, também os edomitas vieram, e feriram a"
        },
        {
          "referencia": "2 Crônicas 31.16",
          "texto": "A. dos que estavam contados pelas genealogias dos"
        },
        {
          "referencia": "2 Crônicas 34.18",
          "texto": "À. disso, Safã, o escrivão, fez saber ao rei,"
        },
        {
          "referencia": "2 Crônicas 36.13",
          "texto": "A. disso, também se rebelou contra o rei"
        },
        {
          "referencia": "Esdras 6.6",
          "texto": "pois, Tatenai, governador de Á. do rio,"
        },
        {
          "referencia": "Esdras 6.6",
          "texto": "os afarsaquitas, que estais de 4. do rio,"
        },
        {
          "referencia": "Esdras 6.13",
          "texto": "Tatenai, o governador de À. do rio,"
        },
        {
          "referencia": "Neemias 5.15",
          "texto": "e tomaram-lhe pão e vinho e, Á. disso, quarenta"
        },
        {
          "referencia": "Jó 14.5",
          "texto": "etu lhe puseste limites, e não passará A. deles."
        },
        {
          "referencia": "S173.25",
          "texto": "a ti? E na terra não há quem eu deseje À, de ti."
        },
        {
          "referencia": "S178.67",
          "texto": "A, disto, rejeitou a tenda de José e não elegeu a"
        },
        {
          "referencia": "Eclesiastes 6.3",
          "texto": "alma se não fartar do bem, e À. disso não tiver um"
        },
        {
          "referencia": "Isaías 7.20",
          "texto": "navalha alugada, que está À, do rio, isto é, com"
        },
        {
          "referencia": "Isaías 9.1",
          "texto": "junto ao caminho do mar, A. do Jordão, a"
        },
        {
          "referencia": "Isaías 16.8",
          "texto": "os seus ramos se estenderam e já passaram Á. do mar."
        },
        {
          "referencia": "Isaías 18.1",
          "texto": "com as suas asas, que está Á. dos rios da Etiópia!"
        },
        {
          "referencia": "Isaías 44.8",
          "texto": "testemunhas. Há outro Deus Á. de mim? Não!"
        },
        {
          "referencia": "Isaías 64.4",
          "texto": "com os olhos se viu um Deus 4. de ti, que trabalhe"
        },
        {
          "referencia": "Ezequiel 16.20",
          "texto": "A. disso, tomaste a teus filhos e tuas filhas, que"
        },
        {
          "referencia": "Daniel 5.23",
          "texto": "bebestes vinho neles; A. disso, deste"
        },
        {
          "referencia": "Oséias 13.4",
          "texto": "não reconhecerás outro deus Á. de mim, porque"
        },
        {
          "referencia": "Amós 47",
          "texto": "A. disso, retive de vós a chuva, faltando ainda"
        },
        {
          "referencia": "Amós 5.27",
          "texto": "vos levarei cativos, para A. de Damasco, diz o"
        },
        {
          "referencia": "Sofonias 2.15",
          "texto": "Eu sou, e não há outra 4. de mim; como se"
        },
        {
          "referencia": "Mateus 4.15",
          "texto": "junto ao caminho do mar, 4. do Jordão, a"
        },
        {
          "referencia": "Mateus 14.21",
          "texto": "quase cinco mil homens, 4. das mulheres e crianças."
        },
        {
          "referencia": "Mateus 15.38",
          "texto": "eram quatro mil homens, A, de mulheres e crianças."
        },
        {
          "referencia": "Mateus 19.1",
          "texto": "e dirigiu-se aos confins da Judeia, A. do Jordão."
        },
        {
          "referencia": "Mateus 26.36",
          "texto": "discípulos: Assentai-vos aqui, enquanto vou À, orar."
        },
        {
          "referencia": "Marcos 10.1",
          "texto": "para o território da Judeia, A. do Jordão, e a"
        },
        {
          "referencia": "Marcos 12.32",
          "texto": "que há um só Deus e que não há outro À. dele;"
        },
        {
          "referencia": "Lucas 16.26",
          "texto": "E, À. disso, está posto um grande abismo entre nós"
        },
        {
          "referencia": "Jó 3.26",
          "texto": "aquele que estava contigo A. do Jordão, do qual"
        },
        {
          "referencia": "Jó 10.40",
          "texto": "retirou-se outra vez para A. do Jordão, para o"
        },
        {
          "referencia": "Jó 18.1",
          "texto": "com os seus discípulos para A. do ribeiro de"
        },
        {
          "referencia": "Atos 7.43",
          "texto": "Transportar-vos-ei, pois, para A, de Babilônia."
        },
        {
          "referencia": "1 Coríntios 1.16",
          "texto": "a família de Estéfanas; A. destes, não sei se"
        },
        {
          "referencia": "1 Coríntios 3.11",
          "texto": "pode pôr outro fundamento, A. do que já está"
        },
        {
          "referencia": "1 Coríntios 4.2",
          "texto": "A disso, requer-se nos despenseiros que cada um se"
        },
        {
          "referencia": "1 Coríntios 4.6",
          "texto": "que, em nós, aprendais a não ir Á. do que está"
        },
        {
          "referencia": "2 Coríntios 10.1",
          "texto": "A. disso, eu, Paulo, vos rogo, pela mansidão e"
        },
        {
          "referencia": "2 Coríntios 10.14",
          "texto": "porque não nos estendemos A, do que convém,"
        },
        {
          "referencia": "2 Coríntios 10.16",
          "texto": "nos lugares que estão Á. de vós e não em campo"
        },
        {
          "referencia": "2 Coríntios 11.28",
          "texto": "Á, das coisas exteriores, me oprime cada dia o"
        },
        {
          "referencia": "Gálatas 1.8",
          "texto": "vos anuncie outro evangelho A. do que já vos tenho"
        },
        {
          "referencia": "Gálatas 1.9",
          "texto": "vos anunciar outro evangelho A. do que já"
        },
        {
          "referencia": "Efésios 3.20",
          "texto": "muito mais abundantemente A. daquilo que pedimos"
        },
        {
          "referencia": "1 Timóteo 5.13",
          "texto": "E, A. disto, aprendem também a andar ociosas de"
        },
        {
          "referencia": "Hebreus 12.9",
          "texto": "A. do que, tivemos nossos pais segundo a carne,"
        }
      ]
    }
  ]
}