{
  "a": [
    {
      "palavra": "alemete",
      "veja tambem": [
        "cidade",
        "localidade",
        "aldeia"
      ],
      "ocorrencias": 3,
      "fonte": "Strong's H5869 (עַיִן/ayin)",
      "concordancias": [
        {
          "referencia": "1 Crônicas 6.60",
          "texto": "Geba, e os seus arrabaldes, e A., e os seus"
        },
        {
          "referencia": "1 Crônicas 7.8",
          "texto": "e Jerimote, e Abias, e Anatote, e A.; todos"
        },
        {
          "referencia": "1 Crônicas 8.36",
          "texto": "a Jeoada, e Jeoada gerou a A., ea Azmavete, e"
        }
      ]
    },
    {
      "palavra": "alentado",
      "veja tambem": [
        "forte",
        "valente",
        "poderoso",
        "robusto"
      ],
      "ocorrencias": 1,
      "fonte": "Strong's H2428 (חַיִל/chayil)",
      "concordancias": [
        {
          "referencia": "1 Samuel 9.1",
          "texto": "filho de um homem de Benjamim, varão Á, em força."
        }
      ]
    },
    {
      "palavra": "alentaste-me",
      "veja tambem": [
        "encorajar",
        "fortalecer",
        "sustentar"
      ],
      "ocorrencias": 1,
      "fonte": "Strong's H7292 (רָהַב/rahab)",
      "concordancias": [
        {
          "referencia": "Salmos 138.3",
          "texto": "que eu clamei, me escutaste; A.,"
        }
      ]
    },
    {
      "palavra": "alento",
      "veja tambem": [
        "força",
        "vigor",
        "energia",
        "vitalidade"
      ],
      "ocorrencias": 4,
      "fonte": "Strong's H7307 (רוּחַ/ruach)",
      "concordancias": [
        {
          "referencia": "Êxodo 23.12",
          "texto": "o teu jumento; e para que tome A. o filho da tua"
        },
        {
          "referencia": "Jó 9.27",
          "texto": "da minha queixa, mudarei o meu rosto e tomarei A,;"
        },
        {
          "referencia": "Jó 10.20",
          "texto": "pois, e deixa-me para que por um pouco eu tome Á.;"
        },
        {
          "referencia": "Jó 27.3",
          "texto": "Enquanto em mim houver Á., eo sopro de Deus no"
        }
      ]
    },
    {
      "palavra": "alexandre",
      "veja tambem": [
        "nome",
        "pessoa",
        "homem"
      ],
      "ocorrencias": 6,
      "fonte": "Strong's G223 (Ἀλέξανδρος/Alexandros)",
      "concordancias": [
        {
          "referencia": "Marcos 15.21",
          "texto": "certo Simão Cireneu, pai de À. e de Rufo, que"
        },
        {
          "referencia": "Atos 4.6",
          "texto": "sacerdote, e Caifás, e João, e Á., etodos"
        },
        {
          "referencia": "Atos 19.33",
          "texto": "Então, tiraram 4, dentre a multidão,"
        },
        {
          "referencia": "Atos 19.33",
          "texto": "os judeus para diante; e A., acenando com"
        },
        {
          "referencia": "1 Timóteo 1.20",
          "texto": "esses foram Himeneu e A., os quais"
        },
        {
          "referencia": "2 Timóteo 4.14",
          "texto": "Á., olatoeiro, causou-me muitos males; o"
        }
      ]
    },
    {
      "palavra": "alexandria",
      "veja tambem": [
        "cidade",
        "porto",
        "egito"
      ],
      "ocorrencias": 3,
      "fonte": "Strong's G221 (Ἀλεξάνδρεια/Alexandreia)",
      "concordancias": [
        {
          "referencia": "Atos 18.24",
          "texto": "chamado Apolo, natural de A., varão"
        },
        {
          "referencia": "Atos 27.6",
          "texto": "o centurião um navio de A., que navegava"
        },
        {
          "referencia": "Atos 28.11",
          "texto": "partimos num navio de Á., que invernara"
        }
      ]
    },
    {
      "palavra": "alexandrinos",
      "veja tambem": [
        "habitantes",
        "cidadãos",
        "alexandria"
      ],
      "ocorrencias": 1,
      "fonte": "Strong's G222 (Ἀλεξανδρεύς/Alexandreus)",
      "concordancias": [
        {
          "referencia": "Atos 6.9",
          "texto": "e dos cireneus, e dos Á., e dos que"
        }
      ]
    },
    {
      "palavra": "alfa",
      "veja tambem": [
        "ômega",
        "princípio",
        "fim",
        "primeiro"
      ],
      "ocorrencias": 3,
      "fonte": "Strong's G1 (ἄλφα/alpha)",
      "concordancias": [
        {
          "referencia": "Apocalipse 1.8",
          "texto": "Eu sou o Á, eo Ômega, o Princípio e o Fim, diz o"
        },
        {
          "referencia": "Apocalipse 21.6",
          "texto": "Está cumprido; Eu sou o Á. eo Ômega, o"
        },
        {
          "referencia": "Apocalipse 22.13",
          "texto": "Eu sou o À. e o Ômega, o Princípio e o Fim, o"
        }
      ]
    },
    {
      "palavra": "alfaias",
      "veja tambem": [
        "instrumentos",
        "ferramentas",
        "equipamentos"
      ],
      "ocorrencias": 1,
      "fonte": "Strong's H3627 (כְּלִי/keliy)",
      "concordancias": [
        {
          "referencia": "Gênesis 45.20",
          "texto": "coisa alguma das vossas A.; porque o melhor"
        }
      ]
    },
    {
      "palavra": "alfeu",
      "veja tambem": [
        "nome",
        "pai",
        "apóstolo"
      ],
      "ocorrencias": 4,
      "fonte": "Strong's G256 (Ἀλφαῖος/Alphaios)",
      "concordancias": [
        {
          "referencia": "Mateus 10.3",
          "texto": "o publicano; Tiago, filho de A., e Lebeu,"
        },
        {
          "referencia": "Marcos 3.18",
          "texto": "e Tomé, e Tiago, filho de A., e Tadeu, e"
        },
        {
          "referencia": "Lucas 6.15",
          "texto": "e Tomé; Tiago, filho de A., e Simão, chamado Zelote;"
        },
        {
          "referencia": "Atos 1.13",
          "texto": "e Mateus, Tiago, filho de A., Simão, o"
        }
      ]
    },
    {
      "palavra": "alfinetes",
      "veja tambem": [
        "adornos",
        "enfeites",
        "vestimentas"
      ],
      "ocorrencias": 1,
      "fonte": "Strong's H4556 (מִסְפֶּרֶת/mispereth)",
      "concordancias": [
        {
          "referencia": "Isaías 3.22",
          "texto": "de festa, e os mantos, e as coifas, eos À,;"
        }
      ]
    },
    {
      "palavra": "alforje",
      "veja tambem": [
        "bolsa",
        "sacola",
        "recipiente"
      ],
      "ocorrencias": 7,
      "fonte": "Strong's H3627 (כְּלִי/keliy)",
      "concordancias": [
        {
          "referencia": "1 Samuel 17.40",
          "texto": "do ribeiro, e pô-los no A. de pastor, que"
        },
        {
          "referencia": "1 Samuel 17.49",
          "texto": "E Davi meteu a mão no A., e tomou dali uma"
        },
        {
          "referencia": "Marcos 6.8",
          "texto": "senão um bordão; nem A, nem pão, nem"
        },
        {
          "referencia": "Lucas 9.3",
          "texto": "o caminho, nem bordões, nem Á., nem pão, nem"
        },
        {
          "referencia": "Lucas 10.4",
          "texto": "E não leveis bolsa, nem A., nem sandálias; e a"
        },
        {
          "referencia": "Lucas 22.35",
          "texto": "Quando vos mandei sem bolsa, Á. ou sandálias,"
        },
        {
          "referencia": "Lucas 22.36",
          "texto": "bolsa, tome-a, como também o A.; e o que não"
        }
      ]
    },
    {
      "palavra": "alforjes",
      "veja tambem": [
        "alforje",
        "bolsas",
        "sacolas"
      ],
      "ocorrencias": 2,
      "fonte": "Strong's H3627 (כְּלִי/keliy)",
      "concordancias": [
        {
          "referencia": "1 Samuel 9.7",
          "texto": "homem? Porque o pão de nossos Á, se"
        },
        {
          "referencia": "Mateus 10.10",
          "texto": "nem À. para o caminho, nem duas túnicas, nem"
        }
      ]
    },
    {
      "palavra": "algas",
      "veja tambem": [],
      "ocorrencias": 1,
      "fonte": "",
      "concordancias": [
        {
          "referencia": "Jonas 2.5",
          "texto": "o abismo me rodeou, e as Á. se enrolaram na"
        }
      ]
    },
    {
      "palavra": "algemas",
      "veja tambem": [],
      "ocorrencias": 1,
      "fonte": "",
      "concordancias": [
        {
          "referencia": "Jeremias 2.20",
          "texto": "teu jugo e rompia as tuas Å., dizias tu: Nunca"
        }
      ]
    }
  ]
}