{
  "a": [
    {
      "palavra": "alguem",
      "veja tambem": [
        "alguém",
        "qualquer",
        "pessoa",
        "indivíduo",
        "homem"
      ],
      "ocorrencias": 238,
      "fonte": "Strong's H376 (אִישׁ/ish)",
      "concordancias": [
        {
          "referencia": "Gênesis 13.16",
          "texto": "da terra; de maneira que, se À. puder contar o pó"
        },
        {
          "referencia": "Gênesis 19.12",
          "texto": "aqueles varões a Ló: Tens A. mais aqui? Teu"
        },
        {
          "referencia": "Gênesis 26.10",
          "texto": "Facilmente se teria deitado A. deste povo com a"
        },
        {
          "referencia": "Êxodo 21.12",
          "texto": "Quem ferir A., que morra, ele também certamente"
        },
        {
          "referencia": "Êxodo 21.14",
          "texto": "Mas, se À. se ensoberbecer contra o seu próximo,"
        },
        {
          "referencia": "Êxodo 21.20",
          "texto": "Se À. ferir a seu servo ou a sua serva com vara,"
        },
        {
          "referencia": "Êxodo 21.26",
          "texto": "E, quando A. ferir o olho do seu servo ou o olho"
        },
        {
          "referencia": "Êxodo 21.33",
          "texto": "Se À, abrir uma cova ou se À. cavar uma cova"
        },
        {
          "referencia": "Êxodo 21.33",
          "texto": "abrir uma cova ou se 4. cavar uma cova e"
        },
        {
          "referencia": "Êxodo 21.35",
          "texto": "Se o boi de À. ferir de morte o boi do seu"
        },
        {
          "referencia": "Êxodo 22.1",
          "texto": "Se A. furtar boi ou ovelha e o degolar ou vender,"
        },
        {
          "referencia": "Êxodo 22.5",
          "texto": "Se A. fizer pastar o seu animal num campo ou numa"
        },
        {
          "referencia": "Êxodo 22.7",
          "texto": "Se A. der prata ou objetor ao seu próximo a"
        },
        {
          "referencia": "Êxodo 22.9",
          "texto": "sobre toda coisa perdida, de que A. disser que é"
        },
        {
          "referencia": "Êxodo 22.10",
          "texto": "Se À. der a seu próximo a guardar um jumento, ou"
        },
        {
          "referencia": "Êxodo 22.14",
          "texto": "E, se À. a seu próximo pedir alguma coisa, e for"
        },
        {
          "referencia": "Êxodo 22.16",
          "texto": "Se A. enganar alguma virgem, que não for"
        },
        {
          "referencia": "Levítico 6.27",
          "texto": "será santo; se espargir A. do seu sangue"
        },
        {
          "referencia": "Levítico 7.8",
          "texto": "oferecer o holocausto de A., o mesmo sacerdote,"
        },
        {
          "referencia": "Levítico 15.23",
          "texto": "em que ela se assentou, se A. a tocar, será"
        },
        {
          "referencia": "Levítico 22.14",
          "texto": "E, quando A., por erro, comer a coisa santa,"
        },
        {
          "referencia": "Levítico 22.21",
          "texto": "E, quando A. oferecer sacrifício pacífico ao"
        },
        {
          "referencia": "Levítico 24.17",
          "texto": "E quem matar a Á. certamente morrerá."
        },
        {
          "referencia": "Levítico 24.19",
          "texto": "Quando também A. desfigurar o seu próximo, como"
        },
        {
          "referencia": "Levítico 25.26",
          "texto": "E, se À. não tiver resgatador, porém a sua mão"
        },
        {
          "referencia": "Levítico 25.29",
          "texto": "E, quando À. vender uma casa de moradia em cidade"
        },
        {
          "referencia": "Levítico 27.2",
          "texto": "Israel e dize-lhes: Quando À, fizer particular"
        },
        {
          "referencia": "Levítico 27.16",
          "texto": "Se também A. santificar ao Senhor uma parte do"
        },
        {
          "referencia": "Levítico 27.28",
          "texto": "coisa consagrada que Á. consagrar ao"
        },
        {
          "referencia": "Levítico 27.31",
          "texto": "Porém, se À. das suas dízimas resgatar alguma"
        },
        {
          "referencia": "Números 5.10",
          "texto": "cada um serão suas; o que Å. der ao sacerdote"
        },
        {
          "referencia": "Números 5.12",
          "texto": "Quando a mulher de Á. se desviar e"
        },
        {
          "referencia": "Números 6.9",
          "texto": "E se À, vier a morrer junto a ele por acaso,"
        },
        {
          "referencia": "Números 9.10",
          "texto": "de Israel, dizendo: Quando A. entre vós ou"
        },
        {
          "referencia": "Números 21.9",
          "texto": "mordendo alguma serpente a A., olhava para a"
        },
        {
          "referencia": "Números 27.8",
          "texto": "de Israel, dizendo: Quando A. morrer e não"
        },
        {
          "referencia": "Números 33.54",
          "texto": "diminuireis: onde a sorte sair a Á., alia terá;"
        },
        {
          "referencia": "Números 35.30",
          "texto": "não testemunhará contra Á, para que morra,"
        },
        {
          "referencia": "Números 36.8",
          "texto": "de Israel se casará com A. da geração da tribo"
        },
        {
          "referencia": "Deuteronômio 19.11",
          "texto": "Mas, havendo A. que aborrece a seu próximo, e lhe"
        },
        {
          "referencia": "Deuteronômio 19.16",
          "texto": "testemunha falsa contra A., para testificar"
        },
        {
          "referencia": "Deuteronômio 21.22",
          "texto": "Quando também em A, houver pecado, digno do ju-"
        },
        {
          "referencia": "Deuteronômio 22.8",
          "texto": "de sangue na tua casa, se À. de alguma"
        },
        {
          "referencia": "Deuteronômio 23.10",
          "texto": "Quando entre ti houver À. que, por algum acidente"
        },
        {
          "referencia": "Deuteronômio 24.7",
          "texto": "Quando se achar A. que furtar um dentre os seus"
        },
        {
          "referencia": "Juízes 4.20",
          "texto": "da tenda; e há de ser que, se À. vier, e te"
        },
        {
          "referencia": "Juízes 4.20",
          "texto": "te perguntar, e disser: Há aqui 4.? Responde tu,"
        },
        {
          "referencia": "Juízes 18.7",
          "texto": "por coisa alguma, pro a À, naquela"
        },
        {
          "referencia": "1 Samuel 2.13",
          "texto": "o povo era que, oferecendo A. algum sacrifício,"
        },
        {
          "referencia": "2 Samuel 9.1",
          "texto": "E disse Davi: Há ainda Á. que ficasse da casa de"
        },
        {
          "referencia": "2 Samuel 15.5",
          "texto": "Sucedia também que, quando A. se chegava a ele"
        },
        {
          "referencia": "2 Samuel 19.22",
          "texto": "sejais adversários? Morreria À. hoje em Israel?"
        },
        {
          "referencia": "1 Reis 8.31",
          "texto": "Quando Á. pecar contra o seu próximo, e puserem"
        },
        {
          "referencia": "2 Reis 4.29",
          "texto": "tua mão, e vai; se encontrares Á., não o saúdes;"
        },
        {
          "referencia": "2 Reis 4.29",
          "texto": "A., não o saúdes; e, se A. te saudar,"
        },
        {
          "referencia": "2 Reis 18.21",
          "texto": "quebrada, no Egito, no qual, se À. se encostar,"
        },
        {
          "referencia": "2 Crônicas 6.22",
          "texto": "Quando À. pecar contra o seu próximo e lhe"
        },
        {
          "referencia": "Neemias 2.10",
          "texto": "com grande desagrado que Á. viesse a"
        },
        {
          "referencia": "Jó 5.1",
          "texto": "Chama agora; há A. que te responda? E para qual"
        },
        {
          "referencia": "Jó 16.21",
          "texto": "Ah! Se À. pudesse contender com Deus pelo homem,"
        },
        {
          "referencia": "Jó 23.13",
          "texto": "Mas, se ele está contra Á., quem, então, o"
        },
        {
          "referencia": "Jó 31.19",
          "texto": "se a A. vi perecer por falta de veste e, ao"
        },
        {
          "referencia": "Jó 37.20",
          "texto": "Contar-lhe-ia A. o que tenho dito? Ou desejaria"
        },
        {
          "referencia": "Jó 41.26",
          "texto": "Se A. lhe tocar com a espada, essa não poderá"
        },
        {
          "referencia": "S139.11",
          "texto": "com repreensões castigas Á., por causa da"
        },
        {
          "referencia": "S149.16",
          "texto": "Não temas quando Á. se enriquece, quando a glória"
        },
        {
          "referencia": "S169.20",
          "texto": "fraquíssimo; esperei por À. que tivesse"
        },
        {
          "referencia": "S174.9",
          "texto": "há profeta; nem há entre nós À, que saiba até"
        },
        {
          "referencia": "Salmos 141.7",
          "texto": "Como quando Á. lavra e sulca a terra, são os"
        },
        {
          "referencia": "Provérbios 3.30",
          "texto": "Não contendas com A. sem razão, se te não tem"
        },
        {
          "referencia": "Provérbios 4.16",
          "texto": "e foge deles o sono, se não fizerem tropeçar A.."
        },
        {
          "referencia": "Provérbios 6.27",
          "texto": "Tomará A. fogo no seu seio, sem que as suas"
        },
        {
          "referencia": "Provérbios 6.28",
          "texto": "Ou andará A. sobre as brasas, sem que se queimem"
        },
        {
          "referencia": "Provérbios 27.13",
          "texto": "Quando À. fica por fiador do estranho, toma-lhe"
        },
        {
          "referencia": "Provérbios 29.21",
          "texto": "Quando Á. cria delicadamente o seu servo desde a"
        },
        {
          "referencia": "Eclesiastes 4.12",
          "texto": "E, se À. quiser prevalecer contra um, os dois lhe"
        },
        {
          "referencia": "Eclesiastes 7.1",
          "texto": "e o dia da morte, do que o dia do nascimento de A.."
        },
        {
          "referencia": "Eclesiastes 7.5",
          "texto": "do sábio do que ouvir 4, a canção do tolo."
        },
        {
          "referencia": "Cânticos 8.7",
          "texto": "os rios afogá-lo; ainda que A. desse toda a"
        },
        {
          "referencia": "Isaías 5.30",
          "texto": "como o bramido do mar; e, se À. olhar para a"
        },
        {
          "referencia": "Isaías 7.21",
          "texto": "E sucederá, naquele dia, que À, criará uma vaca e"
        },
        {
          "referencia": "Isaías 14.6",
          "texto": "agora, é perseguido, sem que À. o possa impedir."
        },
        {
          "referencia": "Isaías 28.4",
          "texto": "antes do verão, que, vendo-o A. e tendo-o ainda"
        },
        {
          "referencia": "Isaías 36.6",
          "texto": "a saber, no Egito, que, se À. se apoiar nele,"
        },
        {
          "referencia": "Isaías 40.6",
          "texto": "Voz que diz: Clama; e A. disse: Que hei de"
        },
        {
          "referencia": "Isaías 57.1",
          "texto": "são retirados, sem que A. considere que o"
        },
        {
          "referencia": "Isaías 66.13",
          "texto": "Como a À. que sua mãe consola, assim eu vos"
        },
        {
          "referencia": "Jeremias 5.1",
          "texto": "suas praças, a ver se achais Á. ou se há um"
        },
        {
          "referencia": "Jeremias 15.12",
          "texto": "Pode À. quebrar o ferro, o ferro do Norte, ou o aço?"
        },
        {
          "referencia": "Jeremias 16.7",
          "texto": "de consolação, pelo pai de À. ou pela mãe de A.."
        },
        {
          "referencia": "Jeremias 16.7",
          "texto": "consolação, pelo pai de A. ou pela mãe de A.."
        },
        {
          "referencia": "Jeremias 23.24",
          "texto": "Esconder-se-ia À. em esconderijos, de modo que eu"
        },
        {
          "referencia": "Jeremias 31.34",
          "texto": "E não ensinará A, mais a seu próximo, nem Á.,"
        },
        {
          "referencia": "Jeremias 31.34",
          "texto": "mais a seu próximo, nem Á., a seu irmão,"
        },
        {
          "referencia": "Lamentações 3.32",
          "texto": "ainda que entristeça a A., usará de"
        },
        {
          "referencia": "Ezequiel 39.15",
          "texto": "a atravessarão, e, vendo Á. o osso de um"
        },
        {
          "referencia": "Oséias 6.9",
          "texto": "salteadores que espreitam Á., assim é a"
        },
        {
          "referencia": "Amós 6.10",
          "texto": "cantos da casa: Está ainda 4. contigo? E ele"
        },
        {
          "referencia": "Ageu 2.12",
          "texto": "Se A. leva carne santa na aba da sua veste e com"
        },
        {
          "referencia": "Ageu 2.13",
          "texto": "E disse Ageu: Se Á., que se tinha tornado impuro"
        },
        {
          "referencia": "Ageu 2.16",
          "texto": "Depois daquele tempo, veio Á. a um monte de vinte"
        },
        {
          "referencia": "Zacarias 13.3",
          "texto": "E será que, quando À. ainda profetizar, seu pai e"
        },
        {
          "referencia": "Zacarias 13.6",
          "texto": "E, se À, lhe disser: Que feridas são essas nas"
        },
        {
          "referencia": "Mateus 8.4",
          "texto": "Jesus: Olha, não o digas a Á., mas vai,"
        },
        {
          "referencia": "Mateus 11.11",
          "texto": "têm nascido, não apareceu A. maior do que João"
        },
        {
          "referencia": "Mateus 12.19",
          "texto": "contenderá, nem clamará, nem Á, ouvirá pelas ruas"
        },
        {
          "referencia": "Mateus 12.29",
          "texto": "Ou como pode 4. entrar em casa do homem valente"
        },
        {
          "referencia": "Mateus 12.32",
          "texto": "ser-lhe-á perdoado, mas, se À. falar contra o"
        },
        {
          "referencia": "Mateus 12.47",
          "texto": "E disse-lhe A.: Eis que estão ali fora tua mãe e"
        },
        {
          "referencia": "Mateus 13.19",
          "texto": "Ouvindo Á. a palavra do Reino e não a entendendo,"
        },
        {
          "referencia": "Mateus 16.24",
          "texto": "aos seus discípulos: Se A. quiser vir após"
        },
        {
          "referencia": "Mateus 213",
          "texto": "E, se 4. vos disser alguma coisa, direis que o"
        },
        {
          "referencia": "Mateus 22.24",
          "texto": "Moisés disse: Se morrer Á., não tendo"
        },
        {
          "referencia": "Mateus 22.46",
          "texto": "nem, desde aquele dia, ousou mais À. interrogá-lo."
        },
        {
          "referencia": "Mateus 24.23",
          "texto": "Então, se À. vos disser: Eis que o Cristo está"
        },
        {
          "referencia": "Marcos 4.23",
          "texto": "Se À. tem ouvidos para ouvir, que ouça."
        },
        {
          "referencia": "Marcos 5.3",
          "texto": "e nem ainda com cadeias o podia 4. prender."
        },
        {
          "referencia": "Marcos 5.37",
          "texto": "E não permitiu que 4. o seguisse, a não ser"
        },
        {
          "referencia": "Marcos 8.4",
          "texto": "Donde poderá Á. satisfazê-los de"
        },
        {
          "referencia": "Marcos 9.30",
          "texto": "pela Galileia, e não queria que A, o soubesse,"
        },
        {
          "referencia": "Marcos 9.35",
          "texto": "os doze e disse-lhes: Se A. quiser ser o"
        },
        {
          "referencia": "Marcos 10.19",
          "texto": "testemunhos; não defraudarás A,; honra a teu"
        },
        {
          "referencia": "Marcos 11.14",
          "texto": "à figueira: Nunca mais coma À, fruto de ti. E"
        },
        {
          "referencia": "Marcos 11.25",
          "texto": "se tendes alguma coisa contra Á., para que vosso"
        },
        {
          "referencia": "Marcos 12.19",
          "texto": "que, se morresse o irmão de A., e deixasse"
        },
        {
          "referencia": "Marcos 13.21",
          "texto": "E, então, se À. vos disser: Eis aqui o Cristo,"
        },
        {
          "referencia": "Lucas 8.46",
          "texto": "E disse Jesus: À, me tocou, porque bem conheci"
        },
        {
          "referencia": "Lucas 9.23",
          "texto": "E dizia a todos: Se À. quer vir após mim,"
        },
        {
          "referencia": "Lucas 14.8",
          "texto": "Quando por À. fores convidado às bodas, não te"
        },
        {
          "referencia": "Lucas 14.26",
          "texto": "Se À, vier a mim e não aborrecer a seu pai, e"
        },
        {
          "referencia": "Lucas 19.8",
          "texto": "em alguma coisa tenho defraudado A., o restituo qua-"
        },
        {
          "referencia": "Lucas 19.31",
          "texto": "E, se À. vos perguntar: Por que o soltais?, assim"
        },
        {
          "referencia": "Lucas 20.28",
          "texto": "escrito que, se o irmão de A. falecer, tendo"
        },
        {
          "referencia": "Jó 1.18",
          "texto": "Deus nunca foi visto por Å.. O Filho unigênito,"
        },
        {
          "referencia": "Jó 2.25",
          "texto": "e não necessitava de que A, testificasse do"
        },
        {
          "referencia": "Jó 4.33",
          "texto": "aos outros: Trouxe-lhe, porventura, À. de comer?"
        },
        {
          "referencia": "Jó 6.46",
          "texto": "Não que Á. visse ao Pai, a não ser aquele que é"
        },
        {
          "referencia": "Jó 6.51",
          "texto": "vivo que desceu do céu; se A. comer desse pão,"
        },
        {
          "referencia": "Jó 7.17",
          "texto": "Se À. quiser fazer a vontade dele, pela mesma"
        },
        {
          "referencia": "Jó 7.37",
          "texto": "em pé e clamou, dizendo: Se A. tem sede, que"
        },
        {
          "referencia": "Jó 8.51",
          "texto": "em verdade vos digo que, se A. guardar a minha"
        },
        {
          "referencia": "Jó 8.52",
          "texto": "e os profetas; e tu dizes: Se A. guardar a"
        },
        {
          "referencia": "Jó 9.22",
          "texto": "tinham resolvido que, se A. confessasse ser"
        },
        {
          "referencia": "Jó 9.31",
          "texto": "não ouve a pecadores; mas, se Á, é temente a Deus"
        },
        {
          "referencia": "Jó 9.32",
          "texto": "mundo, nunca se ouviu que A. abrisse os olhos a"
        },
        {
          "referencia": "Jó 10.9",
          "texto": "Eu sou a porta; se À. entrar por mim,"
        },
        {
          "referencia": "Jó 11.9",
          "texto": "Não há doze horas no dia? Se A. andar de dia, não"
        },
        {
          "referencia": "Jó 11.57",
          "texto": "dado ordem para que, se A. soubesse onde ele"
        },
        {
          "referencia": "Jó 12.26",
          "texto": "Se A. me serve, siga-me; e, onde eu estiver, ali"
        },
        {
          "referencia": "Jó 12.26",
          "texto": "estará também o meu servo. E, se Á. me servir,"
        },
        {
          "referencia": "Jó 12.47",
          "texto": "E, se À. ouvir as minhas palavras e não crer, eu"
        },
        {
          "referencia": "Jó 13.20",
          "texto": "na verdade vos digo que se A. receber o que eu"
        },
        {
          "referencia": "Jó 14.23",
          "texto": "respondeu e disse-lhe: Se A. me ama, guardará a"
        },
        {
          "referencia": "Jó 15.6",
          "texto": "Se 4, não estiver em mim, será lançado fora, como"
        },
        {
          "referencia": "Jó 15.13",
          "texto": "amor do que este: de dar A. a sua vida pelos"
        },
        {
          "referencia": "Jó 16.30",
          "texto": "tudo e não precisas de que A. te interrogue. Por"
        },
        {
          "referencia": "Jó 18.39",
          "texto": "costume que eu vos solte 4. por ocasião da"
        },
        {
          "referencia": "Atos 5.36",
          "texto": "Teudas, dizendo ser A.; a este se"
        },
        {
          "referencia": "Atos 8.31",
          "texto": "Como poderei entender, se Á. me não ensinar? E"
        },
        {
          "referencia": "Atos 10.47",
          "texto": "Respondeu, então, Pedro: Pode Á., porventura,"
        },
        {
          "referencia": "Atos 13.41",
          "texto": "dias, obra tal que não crereis se A. vo-la contar."
        },
        {
          "referencia": "Atos 19.38",
          "texto": "ele têm alguma coisa contra A., há audiências e"
        },
        {
          "referencia": "Atos 24.12",
          "texto": "no templo falando com A., nem amotinando o"
        },
        {
          "referencia": "Romanos 5.7",
          "texto": "Porque apenas À. morrerá por um justo; pois"
        },
        {
          "referencia": "Romanos 5.7",
          "texto": "justo; pois poderá ser que pelo bom 4. ouse morrer."
        },
        {
          "referencia": "Romanos 8.9",
          "texto": "de Deus habita em vós. Mas, se Á. não tem o"
        },
        {
          "referencia": "Romanos 8.24",
          "texto": "não é esperança; porque o que Á, vê, como o espe-"
        },
        {
          "referencia": "1 Coríntios 3.12",
          "texto": "E, se À. sobre este fundamento formar um edifício"
        },
        {
          "referencia": "1 Coríntios 3.14",
          "texto": "Se a obra que Á. edificou nessa parte permanecer,"
        },
        {
          "referencia": "1 Coríntios 3.15",
          "texto": "Se a obra de À, se queimar, sofrerá detrimento;"
        },
        {
          "referencia": "1 Coríntios 3.17",
          "texto": "Se À. destruir o templo de Deus, Deus o"
        },
        {
          "referencia": "1 Coríntios 3.18",
          "texto": "se engane a si mesmo: se Å, dentre vós se tem"
        },
        {
          "referencia": "1 Coríntios 7.18",
          "texto": "EA, chamado, estando circuncidado? Fique"
        },
        {
          "referencia": "1 Coríntios 7.18",
          "texto": "Fique circuncidado. É 4. chamado, estando"
        },
        {
          "referencia": "1 Coríntios 7.36",
          "texto": "Mas, se Á. julga que trata dignamente a sua"
        },
        {
          "referencia": "1 Coríntios 8.2",
          "texto": "E, se À. cuida saber alguma coisa, ainda não sabe"
        },
        {
          "referencia": "1 Coríntios 8.3",
          "texto": "Mas, se A. ama a Deus, esse é conhecido dele."
        },
        {
          "referencia": "1 Coríntios 8.10",
          "texto": "Porque, se À, te vir a ti, que tens ciência,"
        },
        {
          "referencia": "1 Coríntios 9.15",
          "texto": "me fora morrer do que À. fazer vã esta"
        },
        {
          "referencia": "1 Coríntios 10.28",
          "texto": "Mas, se À. vos disser: Isto foi sacrificado aos"
        },
        {
          "referencia": "1 Coríntios 11.16",
          "texto": "Mas, se 4. quiser ser contencioso, nós não temos"
        },
        {
          "referencia": "1 Coríntios 14.27",
          "texto": "E, se Á. falar língua estranha, faça-se isso por"
        },
        {
          "referencia": "1 Coríntios 14.37",
          "texto": "Se A. cuida ser profeta ou espiritual, reconheça"
        },
        {
          "referencia": "1 Coríntios 14.38",
          "texto": "Mas, se Á. ignora isso, que ignore."
        },
        {
          "referencia": "1 Coríntios 15.35",
          "texto": "Mas A. dirá: Como ressuscitarão os mortos? E com"
        },
        {
          "referencia": "1 Coríntios 16.22",
          "texto": "Se A. não ama o Senhor Jesus Cristo, seja"
        },
        {
          "referencia": "2 Coríntios 2.5",
          "texto": "Porque, se Á. me contristou, não me contristou a"
        },
        {
          "referencia": "2 Coríntios 5.17",
          "texto": "Assim que, se Á. está em Cristo, nova criatura é:"
        },
        {
          "referencia": "2 Coríntios 8.20",
          "texto": "evitando isto: que À, nos vitupere por essa"
        },
        {
          "referencia": "2 Coríntios 10.7",
          "texto": "segundo a aparência? Se A. confia de si mesmo"
        },
        {
          "referencia": "2 Coríntios 11.4",
          "texto": "Porque, se À. for pregar-vos outro Jesus que nós"
        },
        {
          "referencia": "2 Coríntios 11.20",
          "texto": "Pois sois sofredores, se Á, vos põe em servidão,"
        },
        {
          "referencia": "2 Coríntios 11.20",
          "texto": "se À, vos devora, se À. vos apanha, se"
        },
        {
          "referencia": "2 Coríntios 11.20",
          "texto": "se Á. vos apanha, se A. se exalta, se"
        },
        {
          "referencia": "2 Coríntios 11.20",
          "texto": "apanha, se À, se exalta, se Á., vos fere no rosto."
        },
        {
          "referencia": "G16.3",
          "texto": "Porque, se A. cuida ser alguma coisa, não sendo"
        },
        {
          "referencia": "2 Tessalonicenses 3.10",
          "texto": "vos mandamos isto: que, se Á. não quiser"
        },
        {
          "referencia": "2 Tessalonicenses 3.14",
          "texto": "Mas, se Á. não obedecer à nossa palavra por esta"
        },
        {
          "referencia": "1 Timóteo 1.8",
          "texto": "porém, que a lei é boa, se À. dela usa legitimamente,"
        },
        {
          "referencia": "1 Timóteo 3.1",
          "texto": "Esta é uma palavra fiel: Se A. deseja o"
        },
        {
          "referencia": "1 Timóteo 3.5",
          "texto": "(porque, se À. não sabe governar a sua própria"
        },
        {
          "referencia": "1 Timóteo 5.8",
          "texto": "Mas, se À. não tem cuidado dos seus e"
        },
        {
          "referencia": "1 Timóteo 6.3",
          "texto": "Se Á. ensina alguma outra doutrina e se não"
        },
        {
          "referencia": "2 Timóteo 2.5",
          "texto": "E, se A. também milita, não é coroado se não"
        },
        {
          "referencia": "2 Timóteo 2.21",
          "texto": "De sorte que, se A. se purificar destas coisas,"
        },
        {
          "referencia": "Hebreus 2.6",
          "texto": "em certo lugar testificou Á., dizendo: Que é o"
        },
        {
          "referencia": "Hebreus 3.4",
          "texto": "toda casa é edificada por Á., mas o que edificou"
        },
        {
          "referencia": "Hebreus 6.16",
          "texto": "certamente juram por À. superior a eles, e"
        },
        {
          "referencia": "Hebreus 10.28",
          "texto": "Quebrantando Á. a lei de Moisés, morre sem"
        },
        {
          "referencia": "Tiago 1.23",
          "texto": "Porque, se Á. é ouvinte da palavra e não"
        },
        {
          "referencia": "Tiago 1.26",
          "texto": "Se À. entre vós cuida ser religioso e não refreia"
        },
        {
          "referencia": "Tiago 2.14",
          "texto": "irmãos, que aproveita se À. disser que tem fé"
        },
        {
          "referencia": "Tiago 2.18",
          "texto": "Mas dirá A.: Tu tens a fé, e eu tenho as obras;"
        },
        {
          "referencia": "Tiago 3.2",
          "texto": "em muitas coisas. Se Á. não tropeça em"
        },
        {
          "referencia": "Tiago 5.13",
          "texto": "Está À, entre vós aflito? Ore. Está Á."
        },
        {
          "referencia": "Tiago 5.13",
          "texto": "entre vós aflito? Ore. Está A. contente? Cante louvores."
        },
        {
          "referencia": "Tiago 5.14",
          "texto": "Está Á. entre vós doente? Chame os presbíteros da"
        },
        {
          "referencia": "Tiago 5.19",
          "texto": "vós se tem desviado da verdade, e 4, o converter,"
        },
        {
          "referencia": "1 Pedro 2.19",
          "texto": "é coisa agradável que Á., por causa da"
        },
        {
          "referencia": "1 Pedro 4.11",
          "texto": "Se À. falar, fale segundo as palavras de Deus; se"
        },
        {
          "referencia": "1 Pedro 4.11",
          "texto": "as palavras de Deus; se A. administrar,"
        },
        {
          "referencia": "2 Pedro 2.19",
          "texto": "da corrupção. Porque de quem A. é vencido, do tal"
        },
        {
          "referencia": "1 João 2.1",
          "texto": "para que não pequeis; e, se À. pecar, temos um"
        },
        {
          "referencia": "1 João 2.15",
          "texto": "nem o que no mundo há. Se A. ama o mundo, o"
        },
        {
          "referencia": "1 João 2.27",
          "texto": "tendes necessidade de que À. vos ensine; mas,"
        },
        {
          "referencia": "Jó 4.20",
          "texto": "Se À. diz: Eu amo a Deus e aborrece a seu irmão,"
        },
        {
          "referencia": "1 João 5.16",
          "texto": "Se À. vir seu irmão cometer pecado que não é para"
        },
        {
          "referencia": "2 João 1.10",
          "texto": "Se À. vem ter convosco e não traz esta doutrina,"
        },
        {
          "referencia": "Apocalipse 3.20",
          "texto": "estou à porta e bato; se Á. ouvir a minha voz"
        },
        {
          "referencia": "Apocalipse 11.5",
          "texto": "E, se A. lhes quiser fazer mal, fogo sairá da sua"
        },
        {
          "referencia": "Apocalipse 11.5",
          "texto": "os seus inimigos; e, se A. lhes quiser"
        },
        {
          "referencia": "Apocalipse 13.9",
          "texto": "Se À, tem ouvidos, ouça."
        },
        {
          "referencia": "Apocalipse 13.10",
          "texto": "Se À, leva em cativeiro, em cativeiro irá; se"
        },
        {
          "referencia": "Apocalipse 13.10",
          "texto": "em cativeiro irá; se A. matar à apada"
        },
        {
          "referencia": "Apocalipse 14.9",
          "texto": "dizendo com grande voz: Se Á. adorar a besta e"
        },
        {
          "referencia": "Apocalipse 22.3",
          "texto": "haverá maldição contra À,; e nela estará o"
        },
        {
          "referencia": "Apocalipse 22.18",
          "texto": "deste livro que, se 4. lhes acrescentar"
        },
        {
          "referencia": "Apocalipse 22.19",
          "texto": "e, se À. tirar quaisquer palavras do livro desta"
        }
      ]
    }
  ]
}