{
  "a": [
    {
      "palavra": "abinadabe",
      "veja tambem": [
        "nome",
        "filho",
        "jessé",
        "davi"
      ],
      "ocorrencias": 12,
      "fonte": "Strong's H41 (אֲבִינָדָב/Abinadab)",
      "concordancias": [
        {
          "referencia": "1 Samuel 7.1",
          "texto": "ea trouxeram à casa de Á., no outeiro;"
        },
        {
          "referencia": "1 Samuel 16.8",
          "texto": "Então, chamou Jessé a A. e o fez passar diante"
        },
        {
          "referencia": "1 Samuel 17.13",
          "texto": "o primogênito, e o segundo, A., eo"
        },
        {
          "referencia": "1 Samuel 31.2",
          "texto": "mataram a Jônatas, ea A., e a Malquisua,"
        },
        {
          "referencia": "2 Samuel 6.3",
          "texto": "ea levaram da casa de A., que está em"
        },
        {
          "referencia": "2 Samuel 6.3",
          "texto": "Geba; e Uzá e Aiô, filhos de A., guiavam o"
        },
        {
          "referencia": "2 Samuel 6.4",
          "texto": "E, levando-o da casa de Á., que está em Geba,"
        },
        {
          "referencia": "1 Crônicas 2.13",
          "texto": "a Eliabe, seu primogênito, e Á., o segundo, e"
        },
        {
          "referencia": "1 Crônicas 8.33",
          "texto": "a Jônatas, e a Malquisua, e a A., ea Esbaal."
        },
        {
          "referencia": "1 Crônicas 9.39",
          "texto": "a Jônatas, e a Malquisua, e a A., e a Esbaal."
        },
        {
          "referencia": "1 Crônicas 10.2",
          "texto": "os filisteus a Jônatas, ea A., e a Malquisua,"
        },
        {
          "referencia": "1 Crônicas 13.7",
          "texto": "um carro novo, da casa de A.; e Uzá e Aiô"
        }
      ]
    },
    {
      "palavra": "abiqueila",
      "veja tambem": [
        "nome",
        "mulher",
        "filha"
      ],
      "ocorrencias": 1,
      "fonte": "Strong's H36 (אֲבִיטוּב/Abiytuwb)",
      "concordancias": [
        {
          "referencia": "1 Crônicas 4.19",
          "texto": "de Hodias, irmã de Naã: A., o garmita, e"
        }
      ]
    },
    {
      "palavra": "abisague",
      "veja tambem": [
        "sunamita",
        "moça",
        "serva",
        "davi"
      ],
      "ocorrencias": 5,
      "fonte": "Strong's H49 (אֲבִישַׁג/Abishag)",
      "concordancias": [
        {
          "referencia": "1 Reis 1.3",
          "texto": "moça formosa; e acharam a Á., sunamita, ea"
        },
        {
          "referencia": "1 Reis 1.15",
          "texto": "eo rei era mui velho; e A., a sunamita,"
        },
        {
          "referencia": "1 Reis 2.17",
          "texto": "rejeitará) que me dê por mulher a A., a sunamita."
        },
        {
          "referencia": "1 Reis 2.21",
          "texto": "E ela disse: Dê-se A., a sunamita, a Adonias,"
        },
        {
          "referencia": "1 Reis 2.22",
          "texto": "a sua mãe: E por que pedes a Á., a sunamita,"
        }
      ]
    }
  ]
}