{
  "a": [
    {
      "palavra": "afirmar",
      "veja tambem": [
        "confirmar",
        "assegurar",
        "garantir",
        "declarar"
      ],
      "ocorrencias": 1,
      "fonte": "Strong's G950 (βεβαιόω/bebaioó)",
      "concordancias": [
        {
          "referencia": "Marcos 16.20",
          "texto": "E eles, tendo partido, pregaram por todas as partes, cooperando com eles o Senhor e confirmando a palavra com os sinais que se seguiram. Amém."
        }
      ]
    },
    {
      "palavra": "afirmou",
      "veja tambem": [
        "afirmar",
        "confirmou",
        "assegurou",
        "declarou"
      ],
      "ocorrencias": 1,
      "fonte": "Strong's G950 (βεβαιόω/bebaioó)",
      "concordancias": [
        {
          "referencia": "Hebreus 2.3",
          "texto": "como escaparemos nós, se não atentarmos para uma tão grande salvação, a qual, começando a ser anunciada pelo Senhor, foi-nos depois confirmada pelos que a ouviram;"
        }
      ]
    },
    {
      "palavra": "afligido",
      "veja tambem": [
        "afligir",
        "sofrer",
        "angustiado",
        "oprimido"
      ],
      "ocorrencias": 1,
      "fonte": "Strong's H6031 (עָנָה/anah)",
      "concordancias": [
        {
          "referencia": "Isaías 53.7",
          "texto": "Foi oprimido e Á., mas não abriu a sua boca; como um cordeiro foi levado ao matadouro, e como a ovelha muda perante os seus tosquiadores, assim ele não abriu a sua boca."
        }
      ]
    },
    {
      "palavra": "afligir",
      "veja tambem": [
        "oprimir",
        "sofrer",
        "angustiar",
        "tribular"
      ],
      "ocorrencias": 1,
      "fonte": "Strong's H6031 (עָנָה/anah)",
      "concordancias": [
        {
          "referencia": "Isaías 53.7",
          "texto": "Foi oprimido e Á., mas não abriu a sua boca; como um cordeiro foi levado ao matadouro, e como a ovelha muda perante os seus tosquiadores, assim ele não abriu a sua boca."
        }
      ]
    },
    {
      "palavra": "afligir-se",
      "veja tambem": [
        "afligir",
        "angustiar-se",
        "sofrer",
        "tribular-se"
      ],
      "ocorrencias": 1,
      "fonte": "Strong's H6031 (עָנָה/anah)",
      "concordancias": [
        {
          "referencia": "Isaías 53.7",
          "texto": "Foi oprimido e Á., mas não abriu a sua boca; como um cordeiro foi levado ao matadouro, e como a ovelha muda perante os seus tosquiadores, assim ele não abriu a sua boca."
        }
      ]
    },
    {
      "palavra": "afligirão",
      "veja tambem": [
        "afligir",
        "oprimirão",
        "angustiarão",
        "tribularão"
      ],
      "ocorrencias": 1,
      "fonte": "Strong's H6031 (עָנָה/anah)",
      "concordancias": [
        {
          "referencia": "Isaías 53.7",
          "texto": "Foi oprimido e Á., mas não abriu a sua boca; como um cordeiro foi levado ao matadouro, e como a ovelha muda perante os seus tosquiadores, assim ele não abriu a sua boca."
        }
      ]
    },
    {
      "palavra": "afligirás",
      "veja tambem": [
        "afligir",
        "oprimirás",
        "angustiarás",
        "tribularás"
      ],
      "ocorrencias": 1,
      "fonte": "Strong's H6031 (עָנָה/anah)",
      "concordancias": [
        {
          "referencia": "Isaías 53.7",
          "texto": "Foi oprimido e Á., mas não abriu a sua boca; como um cordeiro foi levado ao matadouro, e como a ovelha muda perante os seus tosquiadores, assim ele não abriu a sua boca."
        }
      ]
    },
    {
      "palavra": "afligirei",
      "veja tambem": [
        "afligir",
        "oprimirei",
        "angustiarei",
        "tribularei"
      ],
      "ocorrencias": 1,
      "fonte": "Strong's H6031 (עָנָה/anah)",
      "concordancias": [
        {
          "referencia": "Isaías 53.7",
          "texto": "Foi oprimido e Á., mas não abriu a sua boca; como um cordeiro foi levado ao matadouro, e como a ovelha muda perante os seus tosquiadores, assim ele não abriu a sua boca."
        }
      ]
    },
    {
      "palavra": "afligirão",
      "veja tambem": [
        "afligir",
        "oprimirão",
        "angustiarão",
        "tribularão"
      ],
      "ocorrencias": 1,
      "fonte": "Strong's H6031 (עָנָה/anah)",
      "concordancias": [
        {
          "referencia": "Isaías 53.7",
          "texto": "Foi oprimido e Á., mas não abriu a sua boca; como um cordeiro foi levado ao matadouro, e como a ovelha muda perante os seus tosquiadores, assim ele não abriu a sua boca."
        }
      ]
    },
    {
      "palavra": "afligirás",
      "veja tambem": [
        "afligir",
        "oprimirás",
        "angustiarás",
        "tribularás"
      ],
      "ocorrencias": 1,
      "fonte": "Strong's H6031 (עָנָה/anah)",
      "concordancias": [
        {
          "referencia": "Isaías 53.7",
          "texto": "Foi oprimido e Á., mas não abriu a sua boca; como um cordeiro foi levado ao matadouro, e como a ovelha muda perante os seus tosquiadores, assim ele não abriu a sua boca."
        }
      ]
    },
    {
      "palavra": "afligirei",
      "veja tambem": [
        "afligir",
        "oprimirei",
        "angustiarei",
        "tribularei"
      ],
      "ocorrencias": 1,
      "fonte": "Strong's H6031 (עָנָה/anah)",
      "concordancias": [
        {
          "referencia": "Isaías 53.7",
          "texto": "Foi oprimido e Á., mas não abriu a sua boca; como um cordeiro foi levado ao matadouro, e como a ovelha muda perante os seus tosquiadores, assim ele não abriu a sua boca."
        }
      ]
    }
  ]
}