{
  "a": [
    {
      "palavra": "algum",
      "veja tambem": [
        "alguma",
        "qualquer",
        "certo",
        "determinado",
        "específico"
      ],
      "ocorrencias": 255,
      "fonte": "Strong's H259 (אֶחָד/echad)",
      "concordancias": [
        {
          "referencia": "Gênesis 36.31",
          "texto": "antes que reinasse rei A. sobre os filhos de Israel."
        },
        {
          "referencia": "Gênesis 42.38",
          "texto": "e só ele ficou. Se lhe sucede A. desastre no"
        },
        {
          "referencia": "Gênesis 44.29",
          "texto": "minha face, e lhe acontecer A. desastre, fareis"
        },
        {
          "referencia": "Êxodo 7.9",
          "texto": "dizendo: Fazei por vós A. milagre; dirás a"
        },
        {
          "referencia": "Êxodo 12.48",
          "texto": "Porém, se À. estrangeiro se hospedar contigo e"
        },
        {
          "referencia": "Êxodo 16.24",
          "texto": "e não cheirou mal, nem nele houve 4. bicho."
        },
        {
          "referencia": "Êxodo 18.16",
          "texto": "Quando tem À. negócio, vem a mim, para que eu"
        },
        {
          "referencia": "Êxodo 21.7",
          "texto": "E, se A. vender sua filha por serva, não sairá"
        },
        {
          "referencia": "Êxodo 21.16",
          "texto": "E quem furtar A. homem e o vender, ou for achado"
        },
        {
          "referencia": "Êxodo 21.28",
          "texto": "E, se À. boi escornar homem ou mulher, que morra,"
        },
        {
          "referencia": "Êxodo 22.10",
          "texto": "ou boi, ou ovelha, ou À, animal, e morrer,"
        },
        {
          "referencia": "Êxodo 23.32",
          "texto": "Não farás concerto A. com eles ou com os seus deu-"
        },
        {
          "referencia": "Êxodo 24.14",
          "texto": "Hur ficam convosco; quem tiver A. negócio se"
        },
        {
          "referencia": "Levítico 1.2",
          "texto": "Israel e dize-lhes: Quando À. de vós oferecer"
        },
        {
          "referencia": "Iv 2.11",
          "texto": "de nenhum fermento, nem de mel À. oferecereis"
        },
        {
          "referencia": "Levítico 3.17",
          "texto": "habitações: nenhuma gordura, nem sangue Á. come-"
        },
        {
          "referencia": "Levítico 42",
          "texto": "do que se não deve fazer, e fazer contra A. deles;"
        },
        {
          "referencia": "Levítico 4.13",
          "texto": "ese fizerem, contra À. dos mandamentos"
        },
        {
          "referencia": "Levítico 4.22",
          "texto": "e por erro fizer contra A. de todos os"
        },
        {
          "referencia": "Levítico 4.27",
          "texto": "por erro, fazendo contra À, dos mandamentos do"
        },
        {
          "referencia": "Levítico 5.17",
          "texto": "pessoa pecar e fizer contra A. de todos os"
        },
        {
          "referencia": "Levítico 7.27",
          "texto": "Toda pessoa que comer À. sangue, aquela pessoa"
        },
        {
          "referencia": "Levítico 11.39",
          "texto": "E, se morrer À. dos animais, que vos servem de"
        },
        {
          "referencia": "Levítico 17.10",
          "texto": "entre vós que comer À. sangue, contra"
        },
        {
          "referencia": "Levítico 20.16",
          "texto": "a mulher que se chegar a À. animal, para ter"
        },
        {
          "referencia": "Levítico 20.27",
          "texto": "Quando, pois, A. homem ou mulher em si tiver um"
        },
        {
          "referencia": "Levítico 21.11",
          "texto": "E não se chegará a cadáver A., nem por causa de"
        },
        {
          "referencia": "Levítico 22.5",
          "texto": "ou qualquer que tocar a A. réptil, pelo que se fez"
        },
        {
          "referencia": "Iv 22.5",
          "texto": "pelo que se fez imundo, ou a À. homem, pelo que se"
        },
        {
          "referencia": "Levítico 24.20",
          "texto": "como ele tiver desfigurado a A. homem, assim se"
        },
        {
          "referencia": "Levítico 27.11",
          "texto": "E, se for A. animal imundo, dos que se não"
        },
        {
          "referencia": "Ly 27.14",
          "texto": "E, quando A. santificar a sua casa para ser santa"
        },
        {
          "referencia": "Números 5.2",
          "texto": "todos os imundos por causa de contato com Å. morto."
        },
        {
          "referencia": "Números 5.6",
          "texto": "homem ou mulher fizer À. de todos os pecados"
        },
        {
          "referencia": "Números 5.13",
          "texto": "de maneira que A. homem se houver deitado com ela,"
        },
        {
          "referencia": "Números 5.20",
          "texto": "marido e te contaminaste, e A. homem, fora de teu"
        },
        {
          "referencia": "Números 9.12",
          "texto": "e dela não quebrarão osso A.; segundo todo o"
        },
        {
          "referencia": "Números 15.14",
          "texto": "também peregrinar convosco À. estrangeiro ou que"
        },
        {
          "referencia": "Números 19.11",
          "texto": "Aquele que tocar a À. morto, cadáver de A."
        },
        {
          "referencia": "Números 19.11",
          "texto": "a À. morto, cadáver de Á. homem, imundo será"
        },
        {
          "referencia": "Números 19.13",
          "texto": "Todo aquele que tocar a A. morto, cadáver de À,"
        },
        {
          "referencia": "Números 19.13",
          "texto": "a Á. morto, cadáver de A. homem que estiver"
        },
        {
          "referencia": "Números 19.14",
          "texto": "Esta é a lei, quando morrer À, homem em alguma"
        },
        {
          "referencia": "Números 19.16",
          "texto": "a face do campo tocar a À. que for morto pela"
        },
        {
          "referencia": "Números 19.16",
          "texto": "outro morto, ou aos ossos de A. homem, ou a uma"
        },
        {
          "referencia": "Números 19.18",
          "texto": "aquele que tocar os ossos, ou a À. que foi morto,"
        },
        {
          "referencia": "Números 31.17",
          "texto": "toda mulher que conheceu 4. homem,"
        },
        {
          "referencia": "Números 31.18",
          "texto": "fêmeas que não conheceram A. homem, deitando-"
        },
        {
          "referencia": "Números 31.19",
          "texto": "e qualquer que tiver tocado À. morto, ao"
        },
        {
          "referencia": "Números 31.35",
          "texto": "que não conheceram homem A. deitando-se com"
        },
        {
          "referencia": "Números 35.22",
          "texto": "ou contra ela lançar A. instrumento sem desígnio;"
        },
        {
          "referencia": "Números 36.3",
          "texto": "E, casando-se elas com A. dos filhos das outras"
        },
        {
          "referencia": "Deuteronômio 4.17",
          "texto": "figura de 4. animal que haja na terra, figura de"
        },
        {
          "referencia": "Deuteronômio 4.18",
          "texto": "figura de A. animal que anda de rastos sobre a"
        },
        {
          "referencia": "Deuteronômio 4.18",
          "texto": "sobre a terra, figura de A. peixe que esteja"
        },
        {
          "referencia": "Deuteronômio 4.33",
          "texto": "ou se À, povo ouviu a voz de A. deus falando do"
        },
        {
          "referencia": "Deuteronômio 4.33",
          "texto": "A. povo ouviu a voz de A. deus falando do meio"
        },
        {
          "referencia": "Deuteronômio 4.42",
          "texto": "quem dantes não tivesse ódio A.; e se acolhesse a"
        },
        {
          "referencia": "Deuteronômio 5.14",
          "texto": "boi, nem o teu jumento, nem animal A. teu, nem o"
        },
        {
          "referencia": "Deuteronômio 14.1",
          "texto": "calva entre vossos olhos por causa de A. morto."
        },
        {
          "referencia": "Deuteronômio 15.7",
          "texto": "Quando entre ti houver À. pobre de teus irmãos, em"
        },
        {
          "referencia": "Deuteronômio 15.21",
          "texto": "Porém, havendo nele A. defeito, se for coxo, ou"
        },
        {
          "referencia": "Deuteronômio 17.2",
          "texto": "o Senhor, teu Deus, se achar À. homem ou mulher"
        },
        {
          "referencia": "Deuteronômio 20.5",
          "texto": "porventura, não morra na peleja, e À, outro a consagre."
        },
        {
          "referencia": "Deuteronômio 20.6",
          "texto": "porventura, não morra na peleja, e À. outro o logre."
        },
        {
          "referencia": "Deuteronômio 20.7",
          "texto": "não morra na peleja, e À. outro homem a receba."
        },
        {
          "referencia": "Deuteronômio 21.1",
          "texto": "para possuí-la se achar Á. morto, caído no"
        },
        {
          "referencia": "Deuteronômio 22.6",
          "texto": "Quando encontrares A. ninho de ave no caminho, em"
        },
        {
          "referencia": "Deuteronômio 22.23",
          "texto": "moça virgem, desposada com Á. homem, e um ho-"
        },
        {
          "referencia": "Deuteronômio 22.25",
          "texto": "E, se Á. homem, no campo, achar uma moça"
        },
        {
          "referencia": "Deuteronômio 23.10",
          "texto": "ti houver alguém que, por À. acidente de noite,"
        },
        {
          "referencia": "Deuteronômio 23.21",
          "texto": "Quando votares À. voto ao Senhor, teu Deus, não"
        },
        {
          "referencia": "Deuteronômio 24.5",
          "texto": "Quando A. homem tomar uma mulher nova, não sairá"
        },
        {
          "referencia": "Deuteronômio 25.5",
          "texto": "irmãos morarem juntos, e À, deles morrer e não"
        },
        {
          "referencia": "Deuteronômio 26.14",
          "texto": "nem disso dei para A. morto; obedeci à"
        },
        {
          "referencia": "Deuteronômio 27.21",
          "texto": "aquele que se deitar com Á, animal! E todo o"
        },
        {
          "referencia": "Deuteronômio 34.10",
          "texto": "levantou em Israel profeta A. como Moisés, a quem"
        },
        {
          "referencia": "Josué 2.11",
          "texto": "e em ninguém mais há ânimo Á., por causa da"
        },
        {
          "referencia": "Juízes 11.25",
          "texto": "Porventura, contendeu ele em À. tempo com"
        },
        {
          "referencia": "Juízes 15.3",
          "texto": "vez para com os filisteus, quando lhes fizer 4. mal."
        },
        {
          "referencia": "Juízes 18.7",
          "texto": "e confiado; nem havia possessor À, do reino que,"
        },
        {
          "referencia": "1 Samuel 1.20",
          "texto": "E sucedeu que, passado À. tempo, Ana concebeu, e"
        },
        {
          "referencia": "1 Samuel 2.13",
          "texto": "era que, oferecendo alguém A. sacrifício, vinha o"
        },
        {
          "referencia": "1 Samuel 2.31",
          "texto": "pai, para que não haja mais velho A. em tua casa."
        },
        {
          "referencia": "1 Samuel 2.32",
          "texto": "nem haverá por todos os dias velho A. em tua casa."
        },
        {
          "referencia": "1 Samuel 2.36",
          "texto": "Rogo-te que me admitas a A. ministério"
        },
        {
          "referencia": "1 Samuel 17.43",
          "texto": "o filisteu a Davi: Sou eu À. cão, para tu"
        },
        {
          "referencia": "1 Samuel 25.29",
          "texto": "E, levantando-se À. homem para te perseguir e para"
        },
        {
          "referencia": "1 Samuel 27.1",
          "texto": "no seu coração: Ora, ainda À. dia perecerei"
        },
        {
          "referencia": "2 Samuel 9.3",
          "texto": "E disse o rei: Não há ainda À. da casa de Saul"
        },
        {
          "referencia": "2 Samuel 14.2",
          "texto": "que há já muitos dias está de luto por À. morto."
        },
        {
          "referencia": "2 Samuel 14.25",
          "texto": "do pé até à cabeça, não havia nele defeito A.."
        },
        {
          "referencia": "2 Samuel 15.14",
          "texto": "e nos alcance, e lance sobre nós A. mal, e fira"
        },
        {
          "referencia": "2 Samuel 19.42",
          "texto": "à custa do rei ou nos apresentou A. presente?"
        },
        {
          "referencia": "2 Samuel 21.5",
          "texto": "sem que pudéssemos subsistir em termo A. de Israel,"
        },
        {
          "referencia": "1 Reis 5.4",
          "texto": "os lados; adversário não há, nem Á. mal encontro."
        },
        {
          "referencia": "1 Reis 9.22",
          "texto": "não fez Salomão escravo À.; porém eram homens"
        },
        {
          "referencia": "1 Reis 16.11",
          "texto": "Baasa; não lhe deixou homem A., nem a seus"
        },
        {
          "referencia": "1 Reis 22.7",
          "texto": "Josafá: Não há aqui ainda À. profeta do"
        },
        {
          "referencia": "2 Reis 2.16",
          "texto": "do Senhor e o lançasse em A. dos montes ou"
        },
        {
          "referencia": "2 Reis 2.16",
          "texto": "em À. dos montes ou em Á. dos vales."
        },
        {
          "referencia": "2 Reis 3.11",
          "texto": "E disse Josafá: Não há aqui A. profeta do Senhor,"
        },
        {
          "referencia": "2 Reis 4.28",
          "texto": "ela: Pedi eu a meu senhor A. filho? Não disse"
        },
        {
          "referencia": "2 Reis 7.9",
          "texto": "esperarmos até à luz da manhã, Á. mal nos"
        },
        {
          "referencia": "2 Reis 10.24",
          "texto": "e disse-lhes: Se escapar A. dos homens que eu"
        },
        {
          "referencia": "1 Crônicas 17.6",
          "texto": "falei alguma palavra a A. dos juízes de"
        },
        {
          "referencia": "1 Crônicas 23.26",
          "texto": "levassem o tabernáculo, nem À. de seus objetos"
        },
        {
          "referencia": "2 Crônicas 6.5",
          "texto": "o meu nome; nem escolhi homem A. para ser chefe do"
        },
        {
          "referencia": "2 Crônicas 6.28",
          "texto": "ou lagarta, cercando-a À. dos seus"
        },
        {
          "referencia": "2 Crônicas 14.13",
          "texto": "que já não havia neles vigor A.; porque foram"
        },
        {
          "referencia": "2 Crônicas 18.6",
          "texto": "Não há ainda aqui profeta A. do Senhor, para"
        },
        {
          "referencia": "2 Crônicas 20.9",
          "texto": "Se Á. mal nos sobrevier, espada, juízo, peste ou"
        },
        {
          "referencia": "2 Crônicas 32.15",
          "texto": "de nação alguma, nem de reino À. pôde livrar o"
        },
        {
          "referencia": "Neemias 2.12",
          "texto": "e não havia comigo animal A., senão aquele"
        },
        {
          "referencia": "Jó 21.4",
          "texto": "Porventura, eu me queixo a 4. homem? Mas, ainda"
        },
        {
          "referencia": "Jó 22.2",
          "texto": "Porventura, o homem será de A. proveito a Deus?"
        },
        {
          "referencia": "Jó 22.3",
          "texto": "tu sejas justo, ou lucro À. em que tu faças"
        },
        {
          "referencia": "Jó 22.28",
          "texto": "Determinando tu A. negócio, ser-te-á firme, e a"
        },
        {
          "referencia": "Jó 29.11",
          "texto": "ouvindo-me A. ouvido, me tinha por bem-aventurado;"
        },
        {
          "referencia": "Jó 29.11",
          "texto": "por bem-aventurado; vendo-me A. olho, dava"
        },
        {
          "referencia": "Jó 32.13",
          "texto": "a sabedoria, Deus o derribou, e não homem A.."
        },
        {
          "referencia": "Jó 39.15",
          "texto": "E se esquece de que À, pé os pode pisar, ou de que"
        },
        {
          "referencia": "S114.2",
          "texto": "homens, para ver se havia A. que tivesse"
        },
        {
          "referencia": "S123.4",
          "texto": "da morte, não temeria mal A., porque tu estás"
        },
        {
          "referencia": "S141.6",
          "texto": "E, se A. deles vem ver-me, diz coisas vás; no seu"
        },
        {
          "referencia": "S149.7",
          "texto": "nenhum deles, de modo Á., pode remir a seu irmão"
        },
        {
          "referencia": "S153.2",
          "texto": "homens, para ver se havia Á. que tivesse"
        },
        {
          "referencia": "S184.11",
          "texto": "e glória; não negará bem A. aos que andam na retidão."
        },
        {
          "referencia": "S1104.5",
          "texto": "da terra, para que não vacile em tempo A.."
        },
        {
          "referencia": "Salmos 115.7",
          "texto": "pés, mas não andam; nem som À. sai da sua garganta."
        },
        {
          "referencia": "Provérbios 24.20",
          "texto": "maligno não terá galardão A., e a lâmpada dos"
        },
        {
          "referencia": "Eclesiastes 5.4",
          "texto": "Quando a Deus fizeres Å. voto, não tardes em"
        },
        {
          "referencia": "Eclesiastes 5.14",
          "texto": "má aventura; e, havendo À. filho, nada fica"
        },
        {
          "referencia": "Isaías 1.9",
          "texto": "Exércitos nos não deixara À. remanescente, já"
        },
        {
          "referencia": "Isaías 3.6",
          "texto": "Quando 4. for ter com seu irmão à casa de seu pai,"
        },
        {
          "referencia": "Isaías 11.9",
          "texto": "Não se fará mal nem dano 4. em todo o monte da"
        },
        {
          "referencia": "Isaías 16.10",
          "texto": "se não canta, nem há júbilo A.; já o pisador não"
        },
        {
          "referencia": "Isaías 41.28",
          "texto": "entre estes conselheiros A. havia a quem"
        },
        {
          "referencia": "Isaías 45.19",
          "texto": "em segredo, nem em lugar À, escuro da terra;"
        },
        {
          "referencia": "Isaías 47.3",
          "texto": "tomarei vingança e não farei acepção de homem A.."
        },
        {
          "referencia": "1s53.3",
          "texto": "o rosto, era desprezado, e não fizemos dele caso Á.."
        },
        {
          "referencia": "Isaías 56.2",
          "texto": "o sábado e guarda a sua mão de perpetrar A. mal."
        },
        {
          "referencia": "Isaías 65.25",
          "texto": "Não farão mal nem dano 4. em todo o meu"
        },
        {
          "referencia": "Jeremias 2.6",
          "texto": "ninguém transitava, e na qual não morava homem A.."
        },
        {
          "referencia": "Jeremias 22.30",
          "texto": "seus dias; nem pros erará Á. da sua geração,"
        },
        {
          "referencia": "Jeremias 44.7",
          "texto": "meio de Judá, a fim de não deixardes ali resto A.;"
        },
        {
          "referencia": "Jeremias 44.17",
          "texto": "de pão, e andávamos alegres, e não vimos mal A.."
        },
        {
          "referencia": "Jeremias 51.62",
          "texto": "até não ficar nele morador Á., desde o homem"
        },
        {
          "referencia": "Ezequiel 15.3",
          "texto": "dele alguma estaca, para se pendurar À. traste?"
        },
        {
          "referencia": "Ezequiel 16.5",
          "texto": "se compadeceu de ti olho Å., para te fazer"
        },
        {
          "referencia": "Ezequiel 24.26",
          "texto": "nesse dia, virá ter contigo Á, que escapar, para"
        },
        {
          "referencia": "Ezequiel 28.3",
          "texto": "que Daniel, não há segredo A. que se possa"
        },
        {
          "referencia": "Ezequiel 46.16",
          "texto": "príncipe der um presente a A. de seus filhos, é"
        },
        {
          "referencia": "Ezequiel 46.17",
          "texto": "presente da sua herança a Á. dos seus servos,"
        },
        {
          "referencia": "Daniel 1.4",
          "texto": "quem não houvesse defeito A., formosos de"
        },
        {
          "referencia": "Daniel 2.10",
          "texto": "requeira coisa semelhante de A. mago, ou"
        },
        {
          "referencia": "Daniel 2.35",
          "texto": "os levou, e não se achou lugar À. para eles;"
        },
        {
          "referencia": "Daniel 3.27",
          "texto": "que o fogo não tinha tido poder À. sobre os seus"
        },
        {
          "referencia": "Daniel 3.28",
          "texto": "que não servissem nem adorassem A, outro deus,"
        },
        {
          "referencia": "Daniel 6.22",
          "texto": "contra ti, ó rei, não tenho cometido delito A.."
        },
        {
          "referencia": "Miquéias 2.11",
          "texto": "Se houver À. que siga o seu espírito de falsidade,"
        },
        {
          "referencia": "Habacuque 2.19",
          "texto": "e de prata, mas no meio dele não há espírito A.."
        },
        {
          "referencia": "Sofonias 3.15",
          "texto": "está no meio de ti; tu não verás mais mal Á.."
        },
        {
          "referencia": "E 10.42",
          "texto": "verdade vos digo que de modo Á, perderá o seu ga-"
        },
        {
          "referencia": "Mateus 12.38",
          "texto": "Mestre, quiséramos ver da tua parte À. sinal."
        },
        {
          "referencia": "Mateus 16.1",
          "texto": "pediram-lhe que lhes mostrasse A. sinal do céu."
        },
        {
          "referencia": "Mateus 18.3",
          "texto": "como crianças, de modo A. entrareis no"
        },
        {
          "referencia": "Mateus 18.10",
          "texto": "Vede, não desprezeis A. destes pequeninos, porque"
        },
        {
          "referencia": "Mateus 18.12",
          "texto": "Que vos parece? Se À. homem tiver cem ovelhas, e"
        },
        {
          "referencia": "Marcos 3.10",
          "texto": "que todos quantos tinham 4. mal se arrojavam"
        },
        {
          "referencia": "Marcos 8.12",
          "texto": "vos digo que a esta geração não se dará sinal Á.."
        },
        {
          "referencia": "Marcos 11.2",
          "texto": "o qual ainda não montou homem A.; soltai-o e tra-"
        },
        {
          "referencia": "Marcos 11.16",
          "texto": "consentia que ninguém levasse A. vaso pelo templo."
        },
        {
          "referencia": "Marcos 14.55",
          "texto": "e todo o concílio buscavam A. testemunho contra"
        },
        {
          "referencia": "Marcos 16.18",
          "texto": "mortífera, não lhes fará dano Á.; e imporão as"
        },
        {
          "referencia": "Lucas 4.13",
          "texto": "toda a tentação, ausentou-se dele por À. tempo."
        },
        {
          "referencia": "Lucas 8.13",
          "texto": "não têm raiz, apenas creem por À, tempo e, no"
        },
        {
          "referencia": "Lucas 8.16",
          "texto": "uma candeia, a cobre com À. vaso ou a põe"
        },
        {
          "referencia": "Lucas 10.6",
          "texto": "E, se ali houver A. filho de paz, repousará sobre"
        },
        {
          "referencia": "Lucas 10.19",
          "texto": "e toda a força do Inimigo, e nada vos fará dano A.."
        },
        {
          "referencia": "Lucas 13.11",
          "texto": "andava curvada e não podia de modo À. endireitar-se."
        },
        {
          "referencia": "Lucas 16.30",
          "texto": "Não, Abraão, meu pai; mas, se À. dos mortos"
        },
        {
          "referencia": "Lucas 16.31",
          "texto": "acreditarão, ainda que 4. dos mortos ressuscite."
        },
        {
          "referencia": "Lucas 18.2",
          "texto": "juiz, que nem a Deus temia, nem respeitava homem"
        },
        {
          "referencia": "Lucas 18.4",
          "texto": "E, por À. tempo, não quis; mas, depois, disse"
        },
        {
          "referencia": "Lucas 23.8",
          "texto": "coisas; e esperava que lhe veria fazer A. sinal."
        },
        {
          "referencia": "Lucas 24.37",
          "texto": "e atemorizados, pensavam que viam À. espírito."
        },
        {
          "referencia": "Jó 5.7",
          "texto": "Senhor, não tenho homem A. que, quando a água"
        },
        {
          "referencia": "Jó 7.46",
          "texto": "os servidores: Nunca homem Á. falou assim como"
        },
        {
          "referencia": "Jó 7.48",
          "texto": "Creu nele, porventura, À. dos principais ou dos fari-"
        },
        {
          "referencia": "Jó 10.41",
          "texto": "verdade, João não fez sinal Á., mas tudo quanto"
        },
        {
          "referencia": "Jó 18.38",
          "texto": "até os judeus e disse-lhes: Não acho nele crime A.."
        },
        {
          "referencia": "Jó 19.4",
          "texto": "fora, para que saibais que não acho nele crime A.."
        },
        {
          "referencia": "Atos 4.17",
          "texto": "para que não falem mais nesse nome a homem A.."
        },
        {
          "referencia": "Atos 4.34",
          "texto": "pois, entre eles necessitado A.; porque todos os"
        },
        {
          "referencia": "Atos 8.34",
          "texto": "quem diz isto o profeta? De si mesmo ou de A. outro?"
        },
        {
          "referencia": "Atos 13.11",
          "texto": "ficarás cego, sem ver o sol por À. tempo. No mesmo"
        },
        {
          "referencia": "Atos 15.28",
          "texto": "não vos impor mais encargo A., senão estas coisas"
        },
        {
          "referencia": "Atos 15.33",
          "texto": "E, detendo-se ali À. tempo, os irmãos os deixaram"
        },
        {
          "referencia": "Atos 18.14",
          "texto": "judeus: Se houvesse, ó judeus, A. agravo ou crime"
        },
        {
          "referencia": "Atos 18.20",
          "texto": "eles que ficasse por mais À. tempo, não conveio nisso."
        },
        {
          "referencia": "Atos 18.23",
          "texto": "E, estando ali A. tempo, partiu, passando"
        },
        {
          "referencia": "Atos 19.22",
          "texto": "Timóteo e Erasto, ficou ele por À. tempo na Ásia."
        },
        {
          "referencia": "Atos 23.9",
          "texto": "mal achamos neste homem, e se À. espírito ou"
        },
        {
          "referencia": "Atos 25.5",
          "texto": "comigo e, se neste varão houver À. crime, acusem-no."
        },
        {
          "referencia": "Atos 25.10",
          "texto": "seja julgado; não fiz agravo À. aos judeus, como"
        },
        {
          "referencia": "Atos 25.11",
          "texto": "Se fiz A agravo ou cometi alguma coisa digna de"
        },
        {
          "referencia": "Atos 25.16",
          "texto": "dos romanos entregar A. homem à morte, sem"
        },
        {
          "referencia": "Atos 28.18",
          "texto": "soltar-me, por não haver em mim crime À. de morte."
        },
        {
          "referencia": "Atos 28.21",
          "texto": "da Judeia, nem veio aqui Á. dos irmãos que"
        },
        {
          "referencia": "Atos 28.21",
          "texto": "irmãos que nos anunciasse ou dissesse de ti mal A.."
        },
        {
          "referencia": "Atos 28.31",
          "texto": "ao Senhor Jesus Cristo, sem impedimento Á.."
        },
        {
          "referencia": "Romanos 1.11",
          "texto": "ver-vos, para vos comunicar À. dom espiritual, a"
        },
        {
          "referencia": "Romanos 1.13",
          "texto": "para também ter entre vós Á. fruto, como"
        },
        {
          "referencia": "Romanos 7.18",
          "texto": "minha carne, não habita bem A.; e, com efeito, o"
        },
        {
          "referencia": "Romanos 13.9",
          "texto": "não cobiçarás, e, se há Á. outro"
        },
        {
          "referencia": "1 Coríntios 1.16",
          "texto": "Estéfanas; além destes, não sei se batizei A. outro."
        },
        {
          "referencia": "1 Coríntios 4.3",
          "texto": "ser julgado por vós ou por À. juízo humano; nem"
        },
        {
          "referencia": "1 Coríntios 6.1",
          "texto": "Ousa de vós, tendo Á. negócio contra outro,"
        },
        {
          "referencia": "1 Coríntios 7.5",
          "texto": "por consentimento mútuo, por Á. tempo, para vos"
        },
        {
          "referencia": "1 Coríntios 7.12",
          "texto": "digo eu, não o Senhor: se À. irmão tem mulher"
        },
        {
          "referencia": "teo 9.12",
          "texto": "tudo, para não pormos impedimento Á. ao evange-"
        },
        {
          "referencia": "1 Coríntios 10.27",
          "texto": "E, se A. dos infiéis vos convidar e quiserdes ir,"
        },
        {
          "referencia": "1 Coríntios 11.34",
          "texto": "Mas, se Á. tiver fome, coma em casa, para que vos"
        },
        {
          "referencia": "1 Coríntios 14.24",
          "texto": "se todos profetizarem, e A. indouto ou infiel"
        },
        {
          "referencia": "1 Coríntios 16.7",
          "texto": "mas espero ficar convosco Á, tempo, se o Senhor"
        },
        {
          "referencia": "2 Coríntios 2.7",
          "texto": "para que o tal não seja, de modo A., devorado de"
        },
        {
          "referencia": "2 Coríntios 7.5",
          "texto": "nossa carne não teve repouso Á.; antes, em tudo"
        },
        {
          "referencia": "2 Coríntios 12.17",
          "texto": "aproveitei-me de vós por À. daqueles que vos en-"
        },
        {
          "referencia": "2 Coríntios 13.7",
          "texto": "a Deus que não façais mal A., não para que"
        },
        {
          "referencia": "Gálatas 1.1",
          "texto": "dos homens, nem por homem A., mas por Jesus"
        },
        {
          "referencia": "Gálatas 1.12",
          "texto": "nem aprendi de homem A., mas pela revelação"
        },
        {
          "referencia": "Gálatas 4.30",
          "texto": "e seu filho, porque, de modo A., o filho da"
        },
        {
          "referencia": "G16.1",
          "texto": "Irmãos, se À. homem chegar a ser surpreendido"
        },
        {
          "referencia": "Filipenses 1.10",
          "texto": "sinceros e sem escândalo A. até ao Dia de Cristo,"
        },
        {
          "referencia": "Filipenses 2.1",
          "texto": "Portanto, se há Á. conforto em Cristo, se alguma"
        },
        {
          "referencia": "Filipenses 34",
          "texto": "podia confiar na carne; se À. outro cuida que"
        },
        {
          "referencia": "m 4.8",
          "texto": "fama, se há alguma virtude, e se há Á. louvor,"
        },
        {
          "referencia": "C12.23",
          "texto": "do corpo, mas não são de valor A., senão para a"
        },
        {
          "referencia": "C13.13",
          "texto": "uns aos outros, se À. tiver queixa contra"
        },
        {
          "referencia": "1 Tessalonicenses 4.6",
          "texto": "a seu irmão em negócio Á., „porque o Senhor é"
        },
        {
          "referencia": "2 Tessalonicenses 3.8",
          "texto": "comemos o pão de homem A., mas com trabalho"
        },
        {
          "referencia": "1 Timóteo 5.16",
          "texto": "Se 4. crente ou alguma crente tem viúvas,"
        },
        {
          "referencia": "Em 1.15",
          "texto": "tenha separado de ti por A. tempo, para que o"
        },
        {
          "referencia": "Em 1.18",
          "texto": "E, se te fez À. dano ou te deve alguma coisa, põe"
        },
        {
          "referencia": "Hebreus 2.1",
          "texto": "ouvido, para que, em tempo A., nos desviemos delas."
        },
        {
          "referencia": "Hebreus 4.1",
          "texto": "no seu repouso, pareça que Å. de vós fique"
        },
        {
          "referencia": "Hebreus 9.17",
          "texto": "houve morte; ou terá ele A. valor enquanto o"
        },
        {
          "referencia": "Tiago 1.5",
          "texto": "E, se À. de vós tem falta de sabedoria, peça-a a"
        },
        {
          "referencia": "Tiago 2.2",
          "texto": "no vosso ajuntamento entrar Á. homem com anel de"
        },
        {
          "referencia": "Tiago 2.2",
          "texto": "preciosas, e entrar também A. pobre com sórdida ves-"
        },
        {
          "referencia": "Tiago 2.16",
          "texto": "e À. de vós lhes disser: Ide em paz, aquentai-vos"
        },
        {
          "referencia": "Tiago 5.19",
          "texto": "Irmãos, se Å. de entre vós se tem desviado da"
        },
        {
          "referencia": "1 Pedro 3.1",
          "texto": "marido, para que também, se A. não obedece à"
        },
        {
          "referencia": "2 Pedro 1.21",
          "texto": "por vontade de homem Á., mas os homens"
        }
      ]
    }
  ]
}