{
  "a": [
    {
      "palavra": "alguma",
      "veja tambem": [
        "algum"
      ],
      "ocorrencias": 348,
      "fonte": "Strong's H259 (אֶחָד/echad)",
      "concordancias": [
        {
          "referencia": "Top 135",
          "texto": "posição;"
        },
        {
          "referencia": "Gênesis 14.23",
          "texto": "sapato, não tomarei coisa 4. de tudo o que é"
        },
        {
          "referencia": "Gênesis 18.14",
          "texto": "Haveria coisa À. difícil ao Senhor? Ao tempo"
        },
        {
          "referencia": "Gênesis 27.3",
          "texto": "arco, e sai ao campo, e apanha para mim 4. caça,"
        },
        {
          "referencia": "Gênesis 27.36",
          "texto": "mais: Não reservaste, pois, para mim bênção A.?"
        },
        {
          "referencia": "Gênesis 38.21",
          "texto": "fontes? E disseram: Aqui não esteve prostituta A.."
        },
        {
          "referencia": "Gênesis 45.20",
          "texto": "E não vos pese coisa À. das vossas alfaias;"
        },
        {
          "referencia": "Êxodo 10.15",
          "texto": "a saraiva; e não ficou verdura À, nas árvores,"
        },
        {
          "referencia": "Êxodo 20.4",
          "texto": "ti imagem de escultura, nem A. semelhança do que"
        },
        {
          "referencia": "Êxodo 20.17",
          "texto": "nem o seu jumento, nem coisa A. do teu próximo."
        },
        {
          "referencia": "Êxodo 22.14",
          "texto": "alguém a seu próximo pedir Á. coisa, e for"
        },
        {
          "referencia": "Êxodo 22.16",
          "texto": "Se alguém enganar Á. virgem, que não for"
        },
        {
          "referencia": "Êxodo 22.23",
          "texto": "Se de Á. maneira os afligirdes, e eles clamarem a"
        },
        {
          "referencia": "Êxodo 23.26",
          "texto": "Não haverá Á. que aborte, nem estéril na tua"
        },
        {
          "referencia": "Êxodo 29.34",
          "texto": "E se sobejar À. coisa da carne das consagrações"
        },
        {
          "referencia": "Êxodo 30.12",
          "texto": "que não haja entre eles praga A., quando os contares."
        },
        {
          "referencia": "Êxodo 31.14",
          "texto": "porque qualquer que nele fizer A, obra, aquela"
        },
        {
          "referencia": "x 34.10",
          "texto": "toda a terra, nem entre gente A.; de maneira que"
        },
        {
          "referencia": "Êxodo 35.29",
          "texto": "se moveu a trazer Á. coisa para toda a"
        },
        {
          "referencia": "Êxodo 36.6",
          "texto": "nem mulher faça mais obra À. para a oferta"
        },
        {
          "referencia": "Levítico 2.1",
          "texto": "E, quando A, pessoa oferecer oferta de manjares"
        },
        {
          "referencia": "Levítico 5.1",
          "texto": "E, quando À. pessoa pecar, ouvindo uma voz de"
        },
        {
          "referencia": "Levítico 5.2",
          "texto": "ou quando Á, pessoa tocar em Á. coisa imunda,"
        },
        {
          "referencia": "Levítico 5.2",
          "texto": "À, pessoa tocar em Á. coisa imunda, seja"
        },
        {
          "referencia": "Levítico 5.4",
          "texto": "ou quando A. pessoa jurar, pronunciando"
        },
        {
          "referencia": "Levítico 5.13",
          "texto": "do seu pecado, que pecou em A. destas coisas, e"
        },
        {
          "referencia": "Levítico 5.15",
          "texto": "Quando À. pessoa cometer uma transgressão e pecar"
        },
        {
          "referencia": "Levítico 5.17",
          "texto": "E, se À. pessoa pecar e fizer contra algum de"
        },
        {
          "referencia": "Levítico 6.2",
          "texto": "Quando A pessoa pecar, e transgredir contra o"
        },
        {
          "referencia": "Levítico 6.3",
          "texto": "falso juramento, ou fizer À. outra coisa de"
        },
        {
          "referencia": "Levítico 7.19",
          "texto": "E a carne que tocar Á, coisa imunda não se"
        },
        {
          "referencia": "Levítico 7.20",
          "texto": "Porém, se Á. pessoa comer a carne do sacrifício"
        },
        {
          "referencia": "Levítico 7.21",
          "texto": "E, se uma pessoa tocar Á. coisa imunda, como"
        },
        {
          "referencia": "Levítico 11.32",
          "texto": "sobre o que deles cair Á. coisa, estando eles"
        },
        {
          "referencia": "Levítico 11.32",
          "texto": "instrumento com que se faz Á. obra, será"
        },
        {
          "referencia": "Levítico 11.33",
          "texto": "vaso de barro, em que cair À. coisa deles, tudo"
        },
        {
          "referencia": "Levítico 11.35",
          "texto": "E aquilo sobre o que cair À. coisa de seu corpo"
        },
        {
          "referencia": "Levítico 11.37",
          "texto": "E, se do seu cadáver cair À. coisa sobre À."
        },
        {
          "referencia": "Levítico 11.37",
          "texto": "cair À. coisa sobre A, semente de semear,"
        },
        {
          "referencia": "Levítico 11.38",
          "texto": "e, se do cadáver cair À. coisa sobre ela,"
        },
        {
          "referencia": "Levítico 13.10",
          "texto": "tornou o pelo branco, e houver À, vivificação da"
        },
        {
          "referencia": "Levítico 13.18",
          "texto": "a carne em cuja pele houver A. úlcera se sarar,"
        },
        {
          "referencia": "Levítico 13.47",
          "texto": "Quando também em 4. veste houver praga de lepra,"
        },
        {
          "referencia": "Levítico 14.57",
          "texto": "para ensinar em que dia A. coisa será imunda e em"
        },
        {
          "referencia": "Levítico 15.10",
          "texto": "E qualquer que tocar em À. coisa que estiver"
        },
        {
          "referencia": "Levítico 15.22",
          "texto": "E qualquer que tocar À, coisa sobre o que ela se"
        },
        {
          "referencia": "Levítico 15.23",
          "texto": "Se também A. coisa estiver sobre a cama ou sobre"
        },
        {
          "referencia": "Levítico 18.29",
          "texto": "Porém qualquer que fizer A. dessas abominações,"
        },
        {
          "referencia": "Levítico 19.7",
          "texto": "E, se À. coisa dele tor comida ao terceiro dia,"
        },
        {
          "referencia": "Levítico 19.26",
          "texto": "Não comereis coisa A. com sangue; não agourareis,"
        },
        {
          "referencia": "Levítico 19.28",
          "texto": "carne; nem fareis marca Á. sobre vós. Eu sou"
        },
        {
          "referencia": "Levítico 20.4",
          "texto": "E, se o povo da terra de A. maneira esconder os"
        },
        {
          "referencia": "Levítico 21.17",
          "texto": "suas gerações, em quem houver À. falta, se"
        },
        {
          "referencia": "Levítico 21.18",
          "texto": "homem em quem houver A. deformidade se"
        },
        {
          "referencia": "Levítico 21.21",
          "texto": "o sacerdote, em quem houver 4. deformidade, se"
        },
        {
          "referencia": "Levítico 224",
          "texto": "como também o que tocar 4. coisa imunda de"
        },
        {
          "referencia": "Levítico 22.11",
          "texto": "quando o sacerdote comprar À. alma com o seu"
        },
        {
          "referencia": "Levítico 23.30",
          "texto": "naquele mesmo dia, fizer A. obra, aquela alma"
        },
        {
          "referencia": "Levítico 25.14",
          "texto": "E, quando venderdes A. coisa ao vosso próximo ou"
        },
        {
          "referencia": "Levítico 25.25",
          "texto": "irmão empobrecer e vender 4. porção da sua"
        },
        {
          "referencia": "Levítico 27.10",
          "texto": "ou mau por bom; se, porém, em Á. maneira trocar"
        },
        {
          "referencia": "Levítico 27.13",
          "texto": "Porém, se em Á. maneira o resgatar, então,"
        },
        {
          "referencia": "Levítico 27.19",
          "texto": "que santificou o campo de Á. maneira o"
        },
        {
          "referencia": "Levítico 27.31",
          "texto": "das suas dízimas resgatar À, coisa,"
        },
        {
          "referencia": "Levítico 27.33",
          "texto": "nem o trocará; mas, se em Á, maneira o"
        },
        {
          "referencia": "Números 6.3",
          "texto": "forte não beberá; nem beberá Á. beberagem de"
        },
        {
          "referencia": "Números 6.4",
          "texto": "não comerá de coisa À. que se faz da"
        },
        {
          "referencia": "Números 15.24",
          "texto": "será que, quando se fizer À. coisa por erro, e"
        },
        {
          "referencia": "Números 15.27",
          "texto": "E, se 4. alma pecar por erro, para expiação do"
        },
        {
          "referencia": "Números 15.30",
          "texto": "Mas a alma que fizer À. coisa à mão levantada,"
        },
        {
          "referencia": "Números 16.30",
          "texto": "Mas, se o Senhor criar A. coisa nova, e a terra"
        },
        {
          "referencia": "Números 19.14",
          "texto": "morrer algum homem em Á, tenda: todo aquele"
        },
        {
          "referencia": "Números 20.19",
          "texto": "darei o preço delas; sem fazer A, outra coisa,"
        },
        {
          "referencia": "Números 21.9",
          "texto": "haste; e era que, mordendo A. serpente a"
        },
        {
          "referencia": "Números 22.30",
          "texto": "fui tua até hoje? Costumei eu À. vez fazer assim"
        },
        {
          "referencia": "Números 22.38",
          "texto": "poderei eu agora de A, forma falar"
        },
        {
          "referencia": "Números 22.38",
          "texto": "eu agora de À. forma falar A. coisa? A"
        },
        {
          "referencia": "Números 31.19",
          "texto": "qualquer que tiver matado A. pessoa e"
        },
        {
          "referencia": "Números 35.11",
          "texto": "se acolha o homicida que ferir a A. alma por erro."
        },
        {
          "referencia": "Números 35.15",
          "texto": "se acolha aquele que ferir a À. pessoa por erro."
        },
        {
          "referencia": "Números 35.20",
          "texto": "com intento lançar contra ele À. coisa, e morrer;"
        },
        {
          "referencia": "Números 35.23",
          "texto": "ou sobre ela fizer cair A. pedra sem o ver, de"
        },
        {
          "referencia": "Números 35.26",
          "texto": "Porém, se de A, maneira o homicida sair dos"
        },
        {
          "referencia": "Números 35.30",
          "texto": "Todo aquele que ferir a A. pessoa, conforme o"
        },
        {
          "referencia": "Números 36.8",
          "texto": "qualquer filha que herdar A. herança das tribos"
        },
        {
          "referencia": "Deuteronômio 1.17",
          "texto": "Não atentareis para pessoa Á. em juízo, ouvireis"
        },
        {
          "referencia": "Deuteronômio 2.37",
          "texto": "da montanha, nem a coisa Å. que nos proibira"
        },
        {
          "referencia": "Deuteronômio 4.16",
          "texto": "corrompais e vos façais Á. escultura,"
        },
        {
          "referencia": "Deuteronômio 4.17",
          "texto": "haja na terra, figura de À. ave alígera que"
        },
        {
          "referencia": "Deuteronômio 4.23",
          "texto": "feito convosco, e vos façais Á. escultura,"
        },
        {
          "referencia": "Deuteronômio 4.23",
          "texto": "A, escultura, imagem de A. coisa que o"
        },
        {
          "referencia": "Deuteronômio 425",
          "texto": "e vos corromperdes, e fizerdes A. escultura,"
        },
        {
          "referencia": "Deuteronômio 4.25",
          "texto": "A, escultura, semelhança de À. coisa, e"
        },
        {
          "referencia": "Deuteronômio 5.8",
          "texto": "escultura, nem semelhança A. do que há em cima"
        },
        {
          "referencia": "Deuteronômio 5.21",
          "texto": "boi, nem o seu jumento, nem coisa Á. do teu próximo."
        },
        {
          "referencia": "Deuteronômio 13.12",
          "texto": "Quando ouvires dizer de À, das tuas cidades que o"
        },
        {
          "referencia": "Deuteronômio 15.7",
          "texto": "pobre de teus irmãos, em A. das tuas portas,"
        },
        {
          "referencia": "Deuteronômio 17.1",
          "texto": "miúdo em que haja defeito ou À. coisa má, pois"
        },
        {
          "referencia": "Deuteronômio 17.2",
          "texto": "Quando no meio de ti, em À. das tuas portas que"
        },
        {
          "referencia": "Deuteronômio 17.8",
          "texto": "Quando 4. coisa te for dificultosa em juízo,"
        },
        {
          "referencia": "Deuteronômio 18.6",
          "texto": "E, quando vier um levita de A. das tuas portas,"
        },
        {
          "referencia": "Deuteronômio 18.20",
          "texto": "soberbamente de falar 4. palavra em meu"
        },
        {
          "referencia": "Deuteronômio 19.11",
          "texto": "modo que morra, e se acolhe em A. dessas cidades,"
        },
        {
          "referencia": "Deuteronômio 20.7",
          "texto": "que está desposado com A. mulher e ainda a"
        },
        {
          "referencia": "Deuteronômio 20.10",
          "texto": "Quando te achegares a A. cidade a combatê-la,"
        },
        {
          "referencia": "Deuteronômio 22.6",
          "texto": "ninho de ave no caminho, em A. árvore ou no chão,"
        },
        {
          "referencia": "Deuteronômio 22.8",
          "texto": "na tua casa, se alguém de A, maneira cair dela."
        },
        {
          "referencia": "Deuteronômio 23.16",
          "texto": "ti, no lugar que escolher em A. das tuas portas,"
        },
        {
          "referencia": "Deuteronômio 24.5",
          "texto": "nem se lhe imporá carga À.; por um ano"
        },
        {
          "referencia": "Deuteronômio 24.10",
          "texto": "Quando emprestares À, coisa ao teu próximo, não"
        },
        {
          "referencia": "Deuteronômio 27.25",
          "texto": "tomar suborno para matar a À, pessoa inocente! E"
        },
        {
          "referencia": "Deuteronômio 29.23",
          "texto": "nem nela crescerá erva Á., assim como foi"
        },
        {
          "referencia": "Josué 6.10",
          "texto": "a vossa voz, nem sairá palavra 4. da vossa boca,"
        },
        {
          "referencia": "Josué 20.3",
          "texto": "ali o homicida que matar Á. pessoa por erro e"
        },
        {
          "referencia": "Josué 20.4",
          "texto": "E, fugindo para À. daquelas cidades, pôr-se-á à"
        },
        {
          "referencia": "Josué 20.9",
          "texto": "todo aquele que ferisse À. pessoa por erro;"
        },
        {
          "referencia": "Josué 21.45",
          "texto": "Palavra À, falhou de todas as boas palavras que o"
        },
        {
          "referencia": "Juízes 11.25",
          "texto": "tempo com Israel ou pelejou À. vez contra ele?"
        },
        {
          "referencia": "Juízes 18.7",
          "texto": "algum do reino que, por coisa A.,"
        },
        {
          "referencia": "Juízes 18.10",
          "texto": "em que não há falta de coisa A. que há na terra."
        },
        {
          "referencia": "Juízes 21.8",
          "texto": "E disseram: Há A. das tribos de Israel que não"
        },
        {
          "referencia": "Rute 3.14",
          "texto": "disse: Não se saiba que A. mulher veio à eira."
        },
        {
          "referencia": "1 Samuel 3.17",
          "texto": "outro tanto se me encobrires A. palavra de todas"
        },
        {
          "referencia": "1 Samuel 12.4",
          "texto": "oprimiste, nem tomaste coisa À, da mão de ninguém."
        },
        {
          "referencia": "1 Samuel 20.26",
          "texto": "porque dizia: Aconteceu-lhe A. coisa, pela"
        },
        {
          "referencia": "1 Samuel 20.39",
          "texto": "o moço não entendeu coisa À.; só Jônatas e Davi"
        },
        {
          "referencia": "1 Samuel 21.5",
          "texto": "dos jovens também era santo; e em Á. maneira é"
        },
        {
          "referencia": "1 Samuel 21.8",
          "texto": "aqui à mão lança ou espada A.? Porque não trouxe"
        },
        {
          "referencia": "1 Samuel 25.7",
          "texto": "nenhum lhes fizemos, nem coisa À. lhes faltou"
        },
        {
          "referencia": "1 Samuel 25.36",
          "texto": "não lhe deu a entender palavra A., pequena nem"
        },
        {
          "referencia": "2 Samuel 2.1",
          "texto": "ao Senhor, dizendo: Subirei a A. das cidades de"
        },
        {
          "referencia": "2 Samuel 3.35",
          "texto": "que o sol se ponha, eu provar pão ou À. coisa."
        },
        {
          "referencia": "2 Samuel 7.7",
          "texto": "de Israel, falei porventura A. palavra com"
        },
        {
          "referencia": "2 Samuel 13.2",
          "texto": "aos olhos de Amnom, dificultoso fazer-lhe coisa A.."
        },
        {
          "referencia": "2 Samuel 13.7",
          "texto": "a casa de Amnom, teu irmão, e faze-lhe A. comida."
        },
        {
          "referencia": "2 Samuel 14.32",
          "texto": "a face do rei; e, se há ainda em mim 4. culpa,"
        },
        {
          "referencia": "2 Samuel 15.2",
          "texto": "a todo o homem que tinha A. demanda para vir"
        },
        {
          "referencia": "2 Samuel 17.13",
          "texto": "E, se ele se retirar para 4. cidade, todo o"
        },
        {
          "referencia": "2 Samuel 21.4",
          "texto": "pretendemos matar pessoa Á. em Israel. E"
        },
        {
          "referencia": "1 Reis 8.16",
          "texto": "Egito, não escolhi cidade A. de todas as tribos"
        },
        {
          "referencia": "1 Reis 8.16",
          "texto": "de Israel para edificar À. casa, para ali"
        },
        {
          "referencia": "1 Reis 8.37",
          "texto": "terra das suas portas ou houver A. praga ou doença,"
        },
        {
          "referencia": "1 Reis 10.21",
          "texto": "porque nos dias de Salomão não tinha estimação A.."
        },
        {
          "referencia": "1 Reis 18.27",
          "texto": "que esteja falando, ou que tenha À. coisa que"
        },
        {
          "referencia": "1 Reis 18.27",
          "texto": "coisa que fazer, ou que intente A. viagem;"
        },
        {
          "referencia": "1 Reis 18.29",
          "texto": "porém não houve voz, nem resposta, nem atenção"
        },
        {
          "referencia": "2 Reis 4.13",
          "texto": "se há de fazer por ti? Haverá À. coisa de que se"
        },
        {
          "referencia": "2 Reis 5.13",
          "texto": "pai, se o profeta te dissera À. grande coisa,"
        },
        {
          "referencia": "2 Reis 5.20",
          "texto": "Naamã que da sua mão se desse À. coisa do que"
        },
        {
          "referencia": "2 Reis 5.20",
          "texto": "que hei de correr atrás dele e tomar dele A. coisa."
        },
        {
          "referencia": "2 Reis 7.8",
          "texto": "em outra tenda, e dali também tomaram 4."
        },
        {
          "referencia": "2 Reis 19.32",
          "texto": "com escudo, nem levantará contra ela tranqueira A.."
        },
        {
          "referencia": "2 Reis 20.17",
          "texto": "Babilônia; não ficará coisa A., disse o Senhor."
        },
        {
          "referencia": "1 Crônicas 17.6",
          "texto": "o Israel, porventura, falei A, palavra a algum"
        },
        {
          "referencia": "2 Crônicas 6.5",
          "texto": "Egito, não escolhi cidade A. de todas as tribos"
        },
        {
          "referencia": "A 6.36",
          "texto": "os levem em cativeiro para Á. terra, remota ou vizi-"
        },
        {
          "referencia": "P 23.19",
          "texto": "que não entrasse nela ninguém imundo em coisa"
        },
        {
          "referencia": "2 Crônicas 32.15",
          "texto": "porque nenhum deus de nação A., nem de reino"
        },
        {
          "referencia": "2 Crônicas 34.13",
          "texto": "os que trabalhavam em À. obra; e, dentre os"
        },
        {
          "referencia": "Esdras 4.16",
          "texto": "desta maneira não terás porção À. desta banda do rio."
        },
        {
          "referencia": "Neemias 2.16",
          "texto": "mais que faziam a obra tinha declarado coisa A.."
        },
        {
          "referencia": "Neemias 6.1",
          "texto": "e que nele já não havia brecha Á., ainda que até"
        },
        {
          "referencia": "Neemias 6.13",
          "texto": "e pecasse, para que tivessem A. causa a fim de"
        },
        {
          "referencia": "Jó 1.22",
          "texto": "isto Jó não pecou, nem atribuiu a Deus falta A.."
        },
        {
          "referencia": "Jó 2.13",
          "texto": "e nenhum lhe dizia palavra A., porque viam que"
        },
        {
          "referencia": "Jó 5.12",
          "texto": "as suas mãos não possam levar coisa À, a efeito."
        },
        {
          "referencia": "Jó 10.22",
          "texto": "sombra da morte e sem ordem AÁ., e onde a luz é"
        },
        {
          "referencia": "Jó 15.11",
          "texto": "de Deus te são pequenas? Ou À. coisa se oculta"
        },
        {
          "referencia": "Jó 22.6",
          "texto": "a teus irmãos sem causa 4. e aos nus"
        },
        {
          "referencia": "Jó 31.7",
          "texto": "meus olhos, e se às minhas mãos se apegou À. coisa,"
        },
        {
          "referencia": "Jó 33.32",
          "texto": "Se tens Á. coisa que dizer, responde-me; fala,"
        },
        {
          "referencia": "S191.10",
          "texto": "mal te sucederá, nem praga Á. chegará à tua tenda."
        },
        {
          "referencia": "S1119.133",
          "texto": "tua palavra, e não se apodere de mim iniquidade A.."
        },
        {
          "referencia": "Provérbios 9.13",
          "texto": "louca é alvoroçadora; é néscia e não sabe coisa A.."
        },
        {
          "referencia": "Provérbios 25.3",
          "texto": "e para o coração dos reis, não há investigação A.."
        },
        {
          "referencia": "Provérbios 27.11",
          "texto": "o meu coração, para que tenha Á, coisa que"
        },
        {
          "referencia": "Eclesiastes 1.10",
          "texto": "Há Á. coisa de que se possa dizer: Vê, isto d"
        },
        {
          "referencia": "Eclesiastes 2.10",
          "texto": "o meu coração de alegria A.; mas o meu coração"
        },
        {
          "referencia": "Eclesiastes 5.2",
          "texto": "a pronunciar palavra À. diante de Deus;"
        },
        {
          "referencia": "Eclesiastes 5.8",
          "texto": "Se vires em A. província opressão de pobres e a"
        },
        {
          "referencia": "Eclesiastes 8.3",
          "texto": "dele, nem persistas em A. coisa má, porque"
        },
        {
          "referencia": "Eclesiastes 9.6",
          "texto": "e já não têm parte Á, neste século, em"
        },
        {
          "referencia": "Eclesiastes 9.6",
          "texto": "neste século, em coisa À. do que se faz"
        },
        {
          "referencia": "Eclesiastes 9.10",
          "texto": "obra, nem indústria, nem ciência, nem sabedoria A.."
        },
        {
          "referencia": "Isaías 3.7",
          "texto": "há em minha casa pão ou veste 4.; não me ponhais"
        },
        {
          "referencia": "Isaías 15.6",
          "texto": "secou o feno, definhou a erva, e não há verdura A.."
        },
        {
          "referencia": "Isaías 19.15",
          "texto": "aproveitará ao Egito obra A. que possa fazer a"
        },
        {
          "referencia": "Isaías 37.33",
          "texto": "nem lançará nela flecha À.; tampouco virá"
        },
        {
          "referencia": "Isaías 39.6",
          "texto": "a Babilônia; não ficará coisa A., disse o Senhor"
        },
        {
          "referencia": "Isaías 41.29",
          "texto": "as suas obras não são coisa Á.; as suas imagens"
        },
        {
          "referencia": "Jeremias 2.11",
          "texto": "Houve A. nação que trocasse os seus deuses, posto"
        },
        {
          "referencia": "Jeremias 17.22",
          "texto": "de sábado, nem façais obra Á.; antes, santificai"
        },
        {
          "referencia": "Jeremias 17.24",
          "texto": "o dia de sábado, não fazendo nele obra A.;"
        },
        {
          "referencia": "Jeremias 17.27",
          "texto": "e para não trazerdes carga Á., quando entrardes"
        },
        {
          "referencia": "Jeremias 27.8",
          "texto": "E acontecerá que, se À. nação e reino não"
        },
        {
          "referencia": "Jeremias 32.17",
          "texto": "estendido; não te é maravilhosa demais coisa Á.."
        },
        {
          "referencia": "Jeremias 35.7",
          "texto": "nem possuireis vinha A.; mas habitareis"
        },
        {
          "referencia": "Jeremias 37.17",
          "texto": "casa, em segredo, dizendo: Há A. palavra do"
        },
        {
          "referencia": "Jeremias 42.21",
          "texto": "Senhor, vosso Deus, em coisa À. pela qual ele me"
        },
        {
          "referencia": "Lamentações 2.9",
          "texto": "não há lei, nem acham visão Á. do Senhor os"
        },
        {
          "referencia": "Ezequiel 14.3",
          "texto": "da sua face; devo eu de À. maneira ser"
        },
        {
          "referencia": "Ezequiel 14.9",
          "texto": "for enganado e falar Á. coisa, eu, o"
        },
        {
          "referencia": "Ezequiel 15.3",
          "texto": "dele madeira, para fazer À. obra? Ou toma-se"
        },
        {
          "referencia": "Ezequiel 15.3",
          "texto": "A. obra? Ou toma-se dele A. estaca, para se"
        },
        {
          "referencia": "Ezequiel 15.4",
          "texto": "fica também queimado; serviria, pois, para Á. obra?"
        },
        {
          "referencia": "Ezequiel 15.5",
          "texto": "inteiro, não servia para obra A., quanto menos"
        },
        {
          "referencia": "Ezequiel 16.5",
          "texto": "olho algum, para te fazer Á. destas coisas,"
        },
        {
          "referencia": "Ezequiel 17.17",
          "texto": "numerosa, tará coisa Á. com ele em"
        },
        {
          "referencia": "Ezequiel 20.32",
          "texto": "vosso espírito de maneira A. sucederá, quando"
        },
        {
          "referencia": "Daniel 241",
          "texto": "dividido; contudo, haverá nele 4, coisa da"
        },
        {
          "referencia": "Daniel 6.4",
          "texto": "achar ocasião ou culpa Ele porque ele era"
        },
        {
          "referencia": "Daniel 6.5",
          "texto": "Nunca acharemos ocasião À. contra este"
        },
        {
          "referencia": "Daniel 10.8",
          "texto": "minha formosura em desmaio, e não retive força A.."
        },
        {
          "referencia": "Daniel 10.16",
          "texto": "sobrevieram-me dores, e não me ficou força Á.."
        },
        {
          "referencia": "Oséias 12.8",
          "texto": "não acharão em mim iniquidade A. que seja pecado."
        },
        {
          "referencia": "Amós 3.5",
          "texto": "o laço da terra, sem que tenha apanhado 4. coisa?"
        },
        {
          "referencia": "Amós 3.7",
          "texto": "Jeová não fará coisa Á., sem ter revelado o"
        },
        {
          "referencia": "Jonas 3.7",
          "texto": "bois, nem ovelhas provem coisa A., nem se lhes"
        },
        {
          "referencia": "Zacarias 14.17",
          "texto": "E acontecerá que, se A. das famílias da terra não"
        },
        {
          "referencia": "Mateus 4.6",
          "texto": "nas mãos, para que nunca tropeces em A. pedra."
        },
        {
          "referencia": "Mateus 5.23",
          "texto": "lembrares de que teu irmão tem Á. coisa contra ti,"
        },
        {
          "referencia": "Mateus 12.32",
          "texto": "E, se qualquer disser A, palavra contra o Filho"
        },
        {
          "referencia": "Mateus 21.3",
          "texto": "E, se alguém vos disser Á. coisa, direis que o"
        },
        {
          "referencia": "Mateus 22.15",
          "texto": "entre si como o surpreenderiam em Á. palavra."
        },
        {
          "referencia": "Mateus 24.17",
          "texto": "o telhado não desça a tirar Á. coisa de sua casa;"
        },
        {
          "referencia": "Mateus 26.62",
          "texto": "Não respondes coisa A. ao que estes"
        },
        {
          "referencia": "Marcos 8.23",
          "texto": "impondo-lhe as mãos, perguntou-lhe se via Á. coisa."
        },
        {
          "referencia": "Marcos 9.22",
          "texto": "mas, se tu podes fazer À. coisa, tem"
        },
        {
          "referencia": "Marcos 9.29",
          "texto": "não pode sair com coisa A., a nãoser com"
        },
        {
          "referencia": "Marcos 11.13",
          "texto": "foi ver se nela acharia À, coisa; e, chegando"
        },
        {
          "referencia": "Marcos 11.25",
          "texto": "orando, perdoai, se tendes 4. coisa contra"
        },
        {
          "referencia": "Marcos 12.13",
          "texto": "herodianos, para que o apanhassem em 4. palavra."
        },
        {
          "referencia": "Marcos 13.15",
          "texto": "para casa, nem entre a tomar coisa Å. de sua casa;"
        },
        {
          "referencia": "Marcos 16.18",
          "texto": "nas serpentes; e, se beberem Á. coisa mortífera,"
        },
        {
          "referencia": "Lucas 1.22",
          "texto": "e entenderam que tivera À. visão no templo."
        },
        {
          "referencia": "Lucas 4.2",
          "texto": "dias, não comeu coisa A., e, terminados"
        },
        {
          "referencia": "Lucas 411",
          "texto": "para que nunca tropeces com o teu pé em 4. pedra."
        },
        {
          "referencia": "Lucas 8.5",
          "texto": "e, quando semeava, caiu À. junto do caminho"
        },
        {
          "referencia": "Lucas 11.36",
          "texto": "não tendo em trevas parte A., todo será"
        },
        {
          "referencia": "Lucas 11.54",
          "texto": "de apanharem da sua boca 4. coisa para o acusarem."
        },
        {
          "referencia": "Lucas 19.8",
          "texto": "metade dos meus bens; e, se em Á. coisa tenho"
        },
        {
          "referencia": "Lucas 20.20",
          "texto": "justos, para o apanharem em A. palavra e o"
        },
        {
          "referencia": "Lucas 20.26",
          "texto": "apanhá-lo em palavra A. diante do povo; e,"
        },
        {
          "referencia": "Lucas 20.40",
          "texto": "E não ousavam perguntar-lhe mais coisa A.."
        },
        {
          "referencia": "Lucas 22.35",
          "texto": "faltou-vos, porventura, À. coisa? Eles"
        },
        {
          "referencia": "Lucas 23.4",
          "texto": "e à multidão: Não acho culpa A. neste homem."
        },
        {
          "referencia": "Lucas 23.15",
          "texto": "e eis que não tem feito coisa A. digna de morte."
        },
        {
          "referencia": "Lucas 23.22",
          "texto": "fez este? Não acho nele culpa À, de morte."
        },
        {
          "referencia": "Lucas 2441",
          "texto": "disse-lhes: Tendes aqui A. coisa que comer?"
        },
        {
          "referencia": "Jó 1.46",
          "texto": "Natanael: Pode vir A. coisa boa de"
        },
        {
          "referencia": "Jó 3.27",
          "texto": "não pode receber coisa Á., se lhe não for"
        },
        {
          "referencia": "Jó 5.14",
          "texto": "peques mais, para que te não suceda A. coisa pior."
        },
        {
          "referencia": "Jó 5.19",
          "texto": "mesmo não pode fazer coisa A., se o não vir"
        },
        {
          "referencia": "Jó 5.30",
          "texto": "de mim mesmo fazer coisa A.; como ouço, assim"
        },
        {
          "referencia": "Jó 7.4",
          "texto": "conhecido que faça coisa Á. em oculto. Se fazes"
        },
        {
          "referencia": "Jó 10.33",
          "texto": "Não te apedrejamos por Á. obra boa, mas"
        },
        {
          "referencia": "Jó 13.29",
          "texto": "para a festa ou que desse À. coisa aos pobres."
        },
        {
          "referencia": "Jó 14.14",
          "texto": "Se pedirdes A. coisa em meu nome, eu o farei."
        },
        {
          "referencia": "Jó 16.29",
          "texto": "agora, falas abertamente e não dizes parábola A.."
        },
        {
          "referencia": "Jó 18.31",
          "texto": "os judeus: A nós não nos é lícito matar pessoa Á.."
        },
        {
          "referencia": "Jó 21.5",
          "texto": "pois, Jesus: Filhos, tendes 4. coisa de comer?"
        },
        {
          "referencia": "t 3.5",
          "texto": "E olhou para eles, esperando receber À, coisa."
        },
        {
          "referencia": "t 4.32",
          "texto": "e ninguém dizia que coisa 4. do que possuía era"
        },
        {
          "referencia": "t8.36",
          "texto": "chegaram ad pé de Á. água, e disse o"
        },
        {
          "referencia": "t 11.8",
          "texto": "em minha boca entrou coisa A. comum ou imunda."
        },
        {
          "referencia": "t 12.9",
          "texto": "feito pelo anjo, mas cuidava que via Á. visão."
        },
        {
          "referencia": "t13.15",
          "texto": "Varões irmãos, se tendes Á. palavra de"
        },
        {
          "referencia": "t 13.28",
          "texto": "E, embora não achassem A. causa de morte, pediram"
        },
        {
          "referencia": "t 15.9",
          "texto": "e não fez diferença Á. entre eles e nós,"
        },
        {
          "referencia": "Atos 17.21",
          "texto": "se ocupavam senão de dizer e ouvir À. novidade.)"
        },
        {
          "referencia": "Atos 17.25",
          "texto": "como que necessitando de Á. coisa; pois ele"
        },
        {
          "referencia": "Atos 19.38",
          "texto": "que estão com ele têm Á. coisa contra"
        },
        {
          "referencia": "Atos 19.39",
          "texto": "Mas, se À. outra coisa demandais, averiguar-se-á"
        },
        {
          "referencia": "Atos 19.40",
          "texto": "de sedição, não havendo causa A. com que"
        },
        {
          "referencia": "Atos 21.37",
          "texto": "E-me permitido dizer-te À. coisa? E ele"
        },
        {
          "referencia": "Atos 23.15",
          "texto": "como querendo saber mais À. coisa de seus"
        },
        {
          "referencia": "Atos 23.17",
          "texto": "jovem ao tribuno, porque tem 4. coisa que lhe co-"
        },
        {
          "referencia": "Atos 23.18",
          "texto": "te trouxesse este jovem, que tem Á. coisa que dizer-te."
        },
        {
          "referencia": "Atos 23.20",
          "texto": "como tendo de inquirir dele mais Á. coisa ao certo."
        },
        {
          "referencia": "Atos 24.19",
          "texto": "ti e me acusassem, se Á. coisa contra mim tivessem."
        },
        {
          "referencia": "Atos 24.20",
          "texto": "mesmos se acharam em mim A. iniquidade, quando"
        },
        {
          "referencia": "Atos 25.8",
          "texto": "disse: Eu não pequei em coisa À, contra a lei dos"
        },
        {
          "referencia": "Atos 25.11",
          "texto": "fiz algum agravo ou cometi Á, coisa digna de"
        },
        {
          "referencia": "Atos 25.17",
          "texto": "seguinte, sem fazer dilação A., assentado no"
        },
        {
          "referencia": "Atos 25.26",
          "texto": "Dele, porém, não tenho coisa Á. certa que escreva"
        },
        {
          "referencia": "Atos 25.26",
          "texto": "que, depois de interrogado, tenha 4. coisa que es-"
        },
        {
          "referencia": "Atos 27.27",
          "texto": "os marinheiros que estavam próximos de Á, terra."
        },
        {
          "referencia": "Atos 27.33",
          "texto": "a todos a que comessem Á. coisa, dizendo:"
        },
        {
          "referencia": "Atos 27.34",
          "texto": "exorto-vos a que comais Á. coisa, pois é para"
        },
        {
          "referencia": "Romanos 8.39",
          "texto": "nem a profundidade, nem A. outra criatura"
        },
        {
          "referencia": "Romanos 11.14",
          "texto": "para ver se de Á. maneira posso incitar à"
        },
        {
          "referencia": "Romanos 13.8",
          "texto": "A ninguém devais coisa Á., a não ser o amor com"
        },
        {
          "referencia": "Romanos 15.18",
          "texto": "não ousaria dizer coisa A., que Cristo por mim"
        },
        {
          "referencia": "1 Coríntios 3.7",
          "texto": "que nem o que planta é 4. coisa, nem o que"
        },
        {
          "referencia": "1 Coríntios 7.13",
          "texto": "E se A. mulher tem marido descrente, e ele"
        },
        {
          "referencia": "1 Coríntios 7.35",
          "texto": "para vos unirdes ao Senhor, sem distração A.."
        },
        {
          "referencia": "1 Coríntios 8.2",
          "texto": "E, se alguém cuida saber A. coisa, ainda não sabe"
        },
        {
          "referencia": "1 Coríntios 8.9",
          "texto": "essa liberdade não seja de A. maneira escândalo"
        },
        {
          "referencia": "1 Coríntios 9.27",
          "texto": "outros, eu mesmo não venha de A. maneira a ficar"
        },
        {
          "referencia": "1 Coríntios 10.19",
          "texto": "Mas que digo? Que o ídolo é À. coisa? Ou que o"
        },
        {
          "referencia": "1 Coríntios 10.19",
          "texto": "coisa? Ou que o sacrificado ao ídolo é À, coisa?"
        },
        {
          "referencia": "1 Coríntios 14.30",
          "texto": "assentado, for revelada À, coisa, cale-se o primeiro."
        },
        {
          "referencia": "1 Coríntios 14.35",
          "texto": "E, se querem aprender A. coisa, interroguem em"
        },
        {
          "referencia": "2 Coríntios 14",
          "texto": "os que estiverem em A. tribulação, com a"
        },
        {
          "referencia": "2 Coríntios 2.10",
          "texto": "E a quem perdoardes À. coisa também eu; porque o"
        },
        {
          "referencia": "2 Coríntios 3.5",
          "texto": "capazes, por nós, de pensar Á. coisa, como de"
        },
        {
          "referencia": "2 Coríntios 6.3",
          "texto": "nós escândalo em coisa Á., para que o nosso"
        },
        {
          "referencia": "2 Coríntios 7.9",
          "texto": "que por nós não padecestes dano em coisa A.."
        },
        {
          "referencia": "2 Coríntios 10.8",
          "texto": "ainda que eu me glorie mais 4. coisa do nosso"
        },
        {
          "referencia": "2 Coríntios 11.3",
          "texto": "assim também sejam de A. sorte corrompidos"
        },
        {
          "referencia": "2 Coríntios 12.20",
          "texto": "como não quereríeis, e que de 4. maneira haja"
        },
        {
          "referencia": "Gálatas 2.2",
          "texto": "estima, para que de maneira À, não corresse ou"
        },
        {
          "referencia": "Gálatas 2.6",
          "texto": "àqueles que pareciam ser À. coisa (quais"
        },
        {
          "referencia": "Gálatas 2.6",
          "texto": "esses, digo, que pareciam ser 4. coisa, nada"
        },
        {
          "referencia": "Gálatas 3.15",
          "texto": "ninguém o anula nem lhe acrescenta A. coisa."
        },
        {
          "referencia": "Gálatas 6.3",
          "texto": "Porque, se alguém cuida ser 4. coisa, não sendo"
        },
        {
          "referencia": "Gálatas 6.15",
          "texto": "a incircuncisão têm virtude A., mas sim o ser"
        },
        {
          "referencia": "Filipenses 2.1",
          "texto": "algum conforto em Cristo, se À, consolação de"
        },
        {
          "referencia": "Filipenses 2.1",
          "texto": "A. consolação de amor, se À, comunhão no"
        },
        {
          "referencia": "Filipenses 3.11",
          "texto": "para ver se, de A. maneira, eu possa chegar à"
        },
        {
          "referencia": "Filipenses 3.15",
          "texto": "isto mesmo; e, se sentis Å. coisa doutra"
        },
        {
          "referencia": "Filipenses 4.6",
          "texto": "inquietos por coisa 4.; antes, as vossas"
        },
        {
          "referencia": "Filipenses 4.8",
          "texto": "tudo o que é de boa fama, se há A. virtude, e"
        },
        {
          "referencia": "CI 2.14",
          "texto": "suas ordenanças, a qual de A. maneira nos era"
        },
        {
          "referencia": "Colossenses 2.23",
          "texto": "as quais têm, na verdade, A. aparência de"
        },
        {
          "referencia": "1 Tessalonicenses 1.8",
          "texto": "já dela não temos necessidade de falar coisa A.;"
        },
        {
          "referencia": "1 Tessalonicenses 4.12",
          "texto": "os que estão de fora e não necessiteis de coisa A.."
        },
        {
          "referencia": "2 Tessalonicenses 2.3",
          "texto": "Ninguém, de maneira A., vos engane, porque não"
        },
        {
          "referencia": "1 Timóteo 3.16",
          "texto": "E, sem dúvida A., grande é o mistério da piedade:"
        },
        {
          "referencia": "1 Timóteo 5.4",
          "texto": "Mas, se À. viúva tiver filhos ou netos, aprendam"
        },
        {
          "referencia": "1 Timóteo 5.16",
          "texto": "Se algum crente ou À, crente tem viúvas,"
        },
        {
          "referencia": "1 Timóteo 6.3",
          "texto": "Se alguém ensina Á. outra doutrina e se não"
        },
        {
          "referencia": "Em 1.18",
          "texto": "fez algum dano ou te deve À. coisa, põe isso na"
        },
        {
          "referencia": "Hebreus 4.13",
          "texto": "E não há criatura Á. encoberta diante dele;"
        },
        {
          "referencia": "Hebreus 7.7",
          "texto": "Ora, sem contradição A., o menor é abençoado pelo"
        },
        {
          "referencia": "Hebreus 8.3",
          "texto": "que este também tivesse 4. coisa que oferecer."
        },
        {
          "referencia": "Hebreus 11.40",
          "texto": "provendo Deus À. coisa melhor a nosso respeito,"
        },
        {
          "referencia": "Tiago 1.4",
          "texto": "perfeitos e completos, sem faltar em coisa A.."
        },
        {
          "referencia": "Tiago 1.7",
          "texto": "pense tal homem que receberá do Senhor À. coisa."
        },
        {
          "referencia": "Tiago 3.11",
          "texto": "Porventura, deita A. fonte de um mesmo manancial"
        },
        {
          "referencia": "Ho 5.14",
          "texto": "temos nele: que, se pedirmos À. coisa, segundo a"
        },
        {
          "referencia": "Apocalipse 7.1",
          "texto": "aterra, nem sobre o mar, nem contra árvore AÅ.."
        },
        {
          "referencia": "Apocalipse 7.16",
          "texto": "terão sede; nem sol nem calma Á. cairá sobre eles,"
        },
        {
          "referencia": "Apocalipse 9.4",
          "texto": "da terra, nem a verdura A., nem a árvore"
        },
        {
          "referencia": "Apocalipse 94",
          "texto": "verdura Á., nem a árvore Á., mas somente aos"
        },
        {
          "referencia": "Apocalipse 18.22",
          "texto": "e nenhum artífice de arte À. se achará mais"
        },
        {
          "referencia": "Apocalipse 21.27",
          "texto": "E não entrará nela coisa Á. que contamine e"
        },
        {
          "referencia": "Apocalipse 22.18",
          "texto": "se alguém lhes acrescentar À. coisa, Deus fará"
        }
      ]
    }
  ]
}