{
  "a": [
    {
      "palavra": "algumas",
      "veja tambem": [
        "algum"
      ],
      "ocorrencias": 13,
      "fonte": "Strong's H259 (אֶחָד/echad)",
      "concordancias": [
        {
          "referencia": "Neemias 5.5",
          "texto": "filhas para serem servos, e até A. de nossas"
        },
        {
          "referencia": "Neemias 10.31",
          "texto": "da terra no dia de sábado A. fazendas e"
        },
        {
          "referencia": "Lamentações 4.6",
          "texto": "em um momento, sem que trabalhassem nela mãos"
        },
        {
          "referencia": "Mateus 19.13",
          "texto": "Trouxeram-lhe, então, À. crianças, para que lhes"
        },
        {
          "referencia": "Marcos 15.40",
          "texto": "E também ali estavam Á, mulheres, olhando de"
        },
        {
          "referencia": "Lucas 8.2",
          "texto": "e também A. mulheres que haviam sido curadas de"
        },
        {
          "referencia": "Lucas 24.22",
          "texto": "É verdade que também A. mulheres dentre nós nos"
        },
        {
          "referencia": "Atos 13.50",
          "texto": "Mas os judeus incitaram A. mulheres religiosas e"
        },
        {
          "referencia": "Atos 23.29",
          "texto": "E achei que o acusavam de A. questões da sua"
        },
        {
          "referencia": "Atos 25.19",
          "texto": "Tinham, porém, contra ele 4. questões acerca de"
        },
        {
          "referencia": "Atos 28.21",
          "texto": "acerca de ti cartas À. da Judeia, nem"
        },
        {
          "referencia": "1 Timóteo 5.15",
          "texto": "Porque já À. se desviaram, indo após Satanás."
        },
        {
          "referencia": "Apocalipse 3.4",
          "texto": "Mas também tens em Sardes Á. pessoas que não"
        }
      ]
    },
    {
      "palavra": "algumins",
      "veja tambem": [
        "algum",
        "alguns",
        "poucos"
      ],
      "ocorrencias": 3,
      "fonte": "Strong's H259 (אֶחָד/echad)",
      "concordancias": [
        {
          "referencia": "2 Crônicas 2.8",
          "texto": "madeira de cedros, faias, e A. do Líbano;"
        },
        {
          "referencia": "2 Crônicas 9.10",
          "texto": "ouro, trouxeram madeira de A. e pedras preciosas."
        },
        {
          "referencia": "2 Crônicas 9.11",
          "texto": "corredores de madeira de A., para a Casa do"
        }
      ]
    }
  ]
}