{
  "a": [
    {
      "palavra": "alguns",
      "veja tambem": [
        "algum"
      ],
      "ocorrencias": 215,
      "fonte": "Strong's H259 (אֶחָד/echad)",
      "concordancias": [
        {
          "referencia": "Gênesis 24.55",
          "texto": "mãe: Fique a donzela conosco À. dias ou pelo"
        },
        {
          "referencia": "Gênesis 27.44",
          "texto": "e mora com ele À. dias, até que passe o furor de"
        },
        {
          "referencia": "Êxodo 16.20",
          "texto": "deram ouvidos a Moisés; antes, A. deles deixaram"
        },
        {
          "referencia": "Êxodo 16.27",
          "texto": "ao sétimo dia, que À. do povo saíram"
        },
        {
          "referencia": "Êxodo 17.5",
          "texto": "do povo e toma contigo A. dos anciãos de"
        },
        {
          "referencia": "Êxodo 21.18",
          "texto": "E, se 4, homens pelejarem, ferindo um ao outro"
        },
        {
          "referencia": "Êxodo 21.22",
          "texto": "Se À, homens pelejarem, e ferirem uma mulher"
        },
        {
          "referencia": "Levítico 4.2",
          "texto": "alma pecar por erro contra À. dos mandamentos"
        },
        {
          "referencia": "Números 9.6",
          "texto": "E houve A. que estavam imundos pelo corpo de um"
        },
        {
          "referencia": "Números 21.1",
          "texto": "contra Israel e dele levou À. deles por prisioneiros."
        },
        {
          "referencia": "Números 30.6",
          "texto": "marido e for obrigada a À. votos ou dito"
        },
        {
          "referencia": "Números 31.3",
          "texto": "ao povo, dizendo: Armem-se À. de vós para a"
        },
        {
          "referencia": "Deuteronômio 25.1",
          "texto": "houver contenda entre A., e vierem a juizo"
        },
        {
          "referencia": "Deuteronômio 25.5",
          "texto": "Quando A. irmãos morarem juntos, e algum deles"
        },
        {
          "referencia": "Josué 7.2",
          "texto": "pois, Josué, de Jericó, A. homens a Ai,"
        },
        {
          "referencia": "Josué 7.3",
          "texto": "Não suba todo o povo; subam A. dois mil ou três"
        },
        {
          "referencia": "Josué 7.4",
          "texto": "Assim, subiram lá do povo À. três mil homens, os"
        },
        {
          "referencia": "Josué 7.5",
          "texto": "homens de Ai feriram deles A. trinta e seis, e"
        },
        {
          "referencia": "Josué 8.12",
          "texto": "Tomou, também, 4. cinco mil homens, e pô-los"
        },
        {
          "referencia": "Juízes 8.5",
          "texto": "de Sucote: Dai, peço-vos, 4. pedaços de pão"
        },
        {
          "referencia": "Juízes 11.4",
          "texto": "E aconteceu que, depois de A dias, os filhos de"
        },
        {
          "referencia": "Juízes 14.8",
          "texto": "E, depois de A. dias, voltou ele para a tomar; e,"
        },
        {
          "referencia": "Juízes 15.1",
          "texto": "E aconteceu, depois de Å. dias, que na sega do"
        },
        {
          "referencia": "Juízes 16.27",
          "texto": "e sobre o telhado havia A. três mil homens"
        },
        {
          "referencia": "Juízes 20.31",
          "texto": "cidade, e começaram a ferir 4. do povo,"
        },
        {
          "referencia": "Juízes 20.31",
          "texto": "e o outro, para Gibeá pelo campo), À. trinta"
        },
        {
          "referencia": "Rute 2.16",
          "texto": "E deixai cair A. punhados, e deixai-os ficar,"
        },
        {
          "referencia": "1 Samuel 24.10",
          "texto": "minhas mãos nesta caverna, e À. disseram que te"
        },
        {
          "referencia": "1 Samuel 29.3",
          "texto": "de Israel, que esteve comigo há A. dias ou"
        },
        {
          "referencia": "2 Samuel 11.17",
          "texto": "pelejando com Joabe, caíram A. do povo, dos"
        },
        {
          "referencia": "2 Samuel 11.24",
          "texto": "o alto do muro, e morreram À. dos servos do"
        },
        {
          "referencia": "2 Samuel 17.9",
          "texto": "será que, caindo no princípio A. dentre eles,"
        },
        {
          "referencia": "IRs 11.17",
          "texto": "Hadade, porém, fugiu, ele e A. homens edomitas,"
        },
        {
          "referencia": "IRs 20.17",
          "texto": "Ben-Hadade enviou a A., que lhe deram"
        },
        {
          "referencia": "1 Reis 20.20",
          "texto": "rei da Síria, escapou a cavalo, com A. cavaleiros."
        },
        {
          "referencia": "2 Reis 17.25",
          "texto": "o Senhor entre eles leões, que mataram a 4. deles."
        },
        {
          "referencia": "2 Reis 25.12",
          "texto": "o capitão da guarda ficar À. para vinheiros e"
        },
        {
          "referencia": "1 Crônicas 9.3",
          "texto": "Porém A. dos filhos de Judá, e dos filhos de"
        },
        {
          "referencia": "1 Crônicas 9.28",
          "texto": "E A. deles tinham cargo dos utensílios do"
        },
        {
          "referencia": "1 Crônicas 9.29",
          "texto": "Porque deles A. havia que tinham cargo dos móveis"
        },
        {
          "referencia": "1 Crônicas 9.30",
          "texto": "E A. dos filhos dos sacerdotes eram os obreiros"
        },
        {
          "referencia": "1 Crônicas 9.32",
          "texto": "E A. dos filhos dos coatitas, de seus irmãos,"
        },
        {
          "referencia": "1 Crônicas 9.32",
          "texto": "de seus irmãos, houve A. que tinham cargo"
        },
        {
          "referencia": "1 Crônicas 12.16",
          "texto": "Também vieram 4. dos filhos de Benjamim e de Judá"
        },
        {
          "referencia": "1 Crônicas 12.19",
          "texto": "Também de Manassés A. passaram a Davi, quando"
        },
        {
          "referencia": "1 Crônicas 164",
          "texto": "perante a arca do Senhor À, dos levitas por"
        },
        {
          "referencia": "2 Crônicas 11.23",
          "texto": "e, de todos os seus filhos, A. espalhou por"
        },
        {
          "referencia": "2 Crônicas 16.10",
          "texto": "também Asa, no mesmo tempo, oprimiu A. do"
        },
        {
          "referencia": "2 Crônicas 17.11",
          "texto": "E À, dentre os filisteus traziam presentes a"
        },
        {
          "referencia": "2 Crônicas 18.2",
          "texto": "E, ao cabo de A. anos, foi ter com Acabe, a"
        },
        {
          "referencia": "2 Crônicas 19.8",
          "texto": "também estabeleceu Josafá A. dos levitas, e dos"
        },
        {
          "referencia": "2 Crônicas 20.1",
          "texto": "os filhos de Amom, e, com eles, À. outros dos"
        },
        {
          "referencia": "2 Crônicas 20.2",
          "texto": "Então, vieram Á. que deram aviso a Josafá,"
        },
        {
          "referencia": "2 Crônicas 28.12",
          "texto": "Então, A. homens dentre os chefes dos filhos de"
        },
        {
          "referencia": "2 Crônicas 30.11",
          "texto": "Todavia, A. de Aser, e de Manassés, e de Zebulom"
        },
        {
          "referencia": "2 Crônicas 36.7",
          "texto": "Também Á. dos utensílios da Casa do Senhor levou"
        },
        {
          "referencia": "Esdras 1.4",
          "texto": "E todo aquele que ficar em A. lugares em que"
        },
        {
          "referencia": "Esdras 2.68",
          "texto": "E A. dos chefes dos pais, vindo à Casa do Senhor,"
        },
        {
          "referencia": "Esdras 2.70",
          "texto": "sacerdotes, e os levitas, e A. do povo, tanto os"
        },
        {
          "referencia": "Esdras 7.7",
          "texto": "Também subiram a Jerusalém A. dos filhos de"
        },
        {
          "referencia": "Esdras 7.28",
          "texto": "mim, e ajuntei dentre Israel À. chefes para"
        },
        {
          "referencia": "Esdras 9.8",
          "texto": "nosso Deus, para nos deixar A. que escapem e"
        },
        {
          "referencia": "Esdras 10.44",
          "texto": "mulheres estranhas; e A. deles tinham"
        },
        {
          "referencia": "Neemias 1.2",
          "texto": "um de meus irmãos, ele e A, de Judá; e"
        },
        {
          "referencia": "Neemias 1.4",
          "texto": "e chorei, e lamentei por À. dias; e estive"
        },
        {
          "referencia": "Neemias 6.17",
          "texto": "Também, naqueles dias, 4. nobres de Judá"
        },
        {
          "referencia": "Neemias 7.71",
          "texto": "E À. mais dos cabeças dos pais deram para o"
        },
        {
          "referencia": "Neemias 7.73",
          "texto": "os porteiros, e os cantores, e A. do povo, e os"
        },
        {
          "referencia": "Neemias 11.4",
          "texto": "pois, em Jerusalém Á. dos filhos de"
        },
        {
          "referencia": "Neemias 11.25",
          "texto": "aldeias, com as suas terras, À. dos filhos de"
        },
        {
          "referencia": "Neemias 11.36",
          "texto": "E A. dos levitas habitaram nos repartimentos de"
        },
        {
          "referencia": "Neemias 13.6",
          "texto": "euter com o rei; mas, ao cabo de À, dias,"
        },
        {
          "referencia": "Neemias 13.19",
          "texto": "passado o sábado; e pus às portas A. de meus"
        },
        {
          "referencia": "Neemias 13.25",
          "texto": "e os amaldiçoei, e espanquei A, deles, e lhes"
        },
        {
          "referencia": "S190.10",
          "texto": "é de setenta anos, ese A., pela sua"
        },
        {
          "referencia": "Provérbios 11.24",
          "texto": "A. há que espalham, e ainda se lhes acrescenta"
        },
        {
          "referencia": "Provérbios 12.18",
          "texto": "Há Á. cujas palavras são como pontas de espada,"
        },
        {
          "referencia": "Provérbios 13.23",
          "texto": "há na lavoura do pobre, mas A. há que se consomem"
        },
        {
          "referencia": "Isaías 17.6",
          "texto": "Mas ainda ficarão nele Å, rabiscos, como no"
        },
        {
          "referencia": "Isaías 66.21",
          "texto": "E também deles tomarei A. para sacerdotes e para"
        },
        {
          "referencia": "Jeremias 26.17",
          "texto": "Também se levantaram A. dentre os anciãos da"
        },
        {
          "referencia": "Jeremias 49.9",
          "texto": "viessem a ti, não deixariam Á. rabiscos? Se"
        },
        {
          "referencia": "Jeremias 52.16",
          "texto": "capitão da guarda, ficar A., para serem"
        },
        {
          "referencia": "Ezequiel 5.4",
          "texto": "E ainda destes tomarás Á., eos lançarás no meio"
        },
        {
          "referencia": "Ezequiel 6.8",
          "texto": "um resto, para que haja 4. que escapem da"
        },
        {
          "referencia": "Ezequiel 12.16",
          "texto": "Mas deles deixarei Bear ÁA. poucos, escapos da"
        },
        {
          "referencia": "Ezequiel 14.1",
          "texto": "E vieram a mim 4. homens dos anciãos de Israel e"
        },
        {
          "referencia": "Ezequiel 14.22",
          "texto": "Mas eis que A. restarão nela, que serão levados"
        },
        {
          "referencia": "Ezequiel 20.1",
          "texto": "aos dez do mês, que vieram À. dos anciãos de"
        },
        {
          "referencia": "Daniel 1.3",
          "texto": "seus eunucos, que trouxesse Á. dos filhos de"
        },
        {
          "referencia": "Daniel 3.8",
          "texto": "mesmo instante, se chegaram A. homens caldeus e"
        },
        {
          "referencia": "Daniel 8.10",
          "texto": "ao exército dos céus; ea 4. do exército e das"
        },
        {
          "referencia": "Daniel 8.27",
          "texto": "enfraqueci e estive enfermo A, dias; então,"
        },
        {
          "referencia": "Daniel 11.8",
          "texto": "cativos para o Egito; e, por 4. anos, ele"
        },
        {
          "referencia": "Daniel 11.35",
          "texto": "E Á. dos sábios cairão para serem provados, e"
        },
        {
          "referencia": "Amós 4.11",
          "texto": "Subverti A. dentre vós, como Deus subverteu a"
        },
        {
          "referencia": "Obadias 1.5",
          "texto": "viessem os vindimadores, não deixariam A. cachos?"
        },
        {
          "referencia": "Mateus 9.3",
          "texto": "E eis que À. dos escribas diziam entre si: Ele blasfema."
        },
        {
          "referencia": "Mateus 12.38",
          "texto": "Então, A. dos escribas e dos fariseus tomaram a"
        },
        {
          "referencia": "Mateus 16.28",
          "texto": "Em verdade vos digo que À. há, dos que aqui"
        },
        {
          "referencia": "Mateus 27.47",
          "texto": "EA. dos que ali estavam, ouvindo isso, diziam:"
        },
        {
          "referencia": "Mateus 28.11",
          "texto": "E, quando iam, eis que 4. da guarda, chegando à"
        },
        {
          "referencia": "Mateus 28.17",
          "texto": "E, quando o viram, o adoraram; mas A. duvidaram."
        },
        {
          "referencia": "Marcos 2.1",
          "texto": "E, À. dias depois, entrou outra vez em Cafarnaum,"
        },
        {
          "referencia": "Marcos 2.6",
          "texto": "E estavam ali assentados A. dos escribas, que"
        },
        {
          "referencia": "Marcos 5.35",
          "texto": "ele ainda falando, chegaram Á. do principal da"
        },
        {
          "referencia": "Marcos 6.5",
          "texto": "maravilhosas; somente curou Á. poucos enfermos,"
        },
        {
          "referencia": "Marcos 6.11",
          "texto": "E, quando À. vos não receberem, nem vos ouvirem,"
        },
        {
          "referencia": "Marcos 7.1",
          "texto": "volta dele os fariseus e 4, dos escribas que"
        },
        {
          "referencia": "Marcos 7.2",
          "texto": "E, vendo que À. dos seus discípulos comiam pão"
        },
        {
          "referencia": "Marcos 8.3",
          "texto": "no caminho, porque 4. deles vieram de longe."
        },
        {
          "referencia": "Marcos 9.1",
          "texto": "digo que, dos que aqui estão, 4. há que não"
        },
        {
          "referencia": "Marcos 9.14",
          "texto": "deles grande multidão e A. escribas que"
        },
        {
          "referencia": "Marcos 12.13",
          "texto": "E enviaram-lhe A. dos fariseus e dos herodianos,"
        },
        {
          "referencia": "Marcos 14.4",
          "texto": "E À, houve que em si mesmos se indignaram e"
        },
        {
          "referencia": "Marcos 14.57",
          "texto": "E, levantando-se Á., testificavam falsamente"
        },
        {
          "referencia": "Marcos 14.65",
          "texto": "E Á, começaram a cuspir nele, e a cobrir-lhe o"
        },
        {
          "referencia": "Marcos 15.35",
          "texto": "E 4. dos que ali estavam, ouvindo isso, diziam:"
        },
        {
          "referencia": "Lucas 6.2",
          "texto": "E A, dos fariseus lhes disseram: Por que fazeis o"
        },
        {
          "referencia": "Lucas 9.7",
          "texto": "em dúvida, porque diziam A. que João"
        },
        {
          "referencia": "Lucas 9.27",
          "texto": "que, dos que aqui estão, A. há que não"
        },
        {
          "referencia": "Lucas 11.15",
          "texto": "Mas À. deles diziam: Ele expulsa os demônios por"
        },
        {
          "referencia": "Lucas 13.1",
          "texto": "tempo, estavam presentes ali A, que lhe falavam"
        },
        {
          "referencia": "Lucas 19.39",
          "texto": "dentre a multidão A. dos fariseus:"
        },
        {
          "referencia": "Lucas 20.27",
          "texto": "E, chegando-se A. dos saduceus, que dizem não"
        },
        {
          "referencia": "Lucas 20.39",
          "texto": "E, respondendo A, dos escribas, disseram: Mestre,"
        },
        {
          "referencia": "Lucas 21.5",
          "texto": "E, dizendo À, a respeito do templo, que estava"
        },
        {
          "referencia": "Lucas 21.16",
          "texto": "e amigos sereis entregues; e matarão A. de vós."
        },
        {
          "referencia": "Jó 6.64",
          "texto": "Mas há 4. de vós que não creem. Porque bem sabia"
        },
        {
          "referencia": "Jó 7.12",
          "texto": "a respeito dele. Diziam A.: Ele é bom. E"
        },
        {
          "referencia": "Jó 7.25",
          "texto": "Então, A, dos de Jerusalém diziam: Não é este o"
        },
        {
          "referencia": "Jó 7.44",
          "texto": "E À, deles queriam prendê-lo, mas ninguém lançou"
        },
        {
          "referencia": "Jó 9.16",
          "texto": "Então, A. dos fariseus diziam: Este homem não é"
        },
        {
          "referencia": "Jó 11.37",
          "texto": "E 4. deles disseram: Não podia ele, que abriu os"
        },
        {
          "referencia": "Jó 11.46",
          "texto": "Mas A. deles foram ter com os fariseus e"
        },
        {
          "referencia": "Jó 12.20",
          "texto": "Ora, havia À. gregos entre os que tinham subido a"
        },
        {
          "referencia": "Jó 13.29",
          "texto": "tinha a bolsa, pensavam Á. que Jesus lhe"
        },
        {
          "referencia": "Jó 16.17",
          "texto": "Então, A. dos seus discípulos disseram uns para"
        },
        {
          "referencia": "Atos 5.15",
          "texto": "de Pedro, quando este passasse, cobrisse Á. deles."
        },
        {
          "referencia": "Atos 6.9",
          "texto": "E levantaram-se A. que eram da sinagoga chamada"
        },
        {
          "referencia": "Atos 9.2",
          "texto": "a fim de que, se encontrasse À, daquela seita,"
        },
        {
          "referencia": "Atos 9.19",
          "texto": "confortado. E esteve Saulo À. dias com os"
        },
        {
          "referencia": "Atos 10.23",
          "texto": "Pedro com eles, e foram com ele A. irmãos de Jope."
        },
        {
          "referencia": "Atos 10.48",
          "texto": "rogaram-lhe que ficasse com eles por 4. dias."
        },
        {
          "referencia": "Atos 11.20",
          "texto": "E havia entre eles À, varões de Chipre e de"
        },
        {
          "referencia": "Atos 12.1",
          "texto": "estendeu as mãos sobre A. da igreja para os maltratar;"
        },
        {
          "referencia": "Atos 13.1",
          "texto": "estava em Antioquia havia À. profetas e"
        },
        {
          "referencia": "Atos 15.1",
          "texto": "Então, A. que tinham descido da Judeia ensinavam"
        },
        {
          "referencia": "Atos 15.2",
          "texto": "que Paulo, Barnabé e À. dentre eles"
        },
        {
          "referencia": "Atos 15.5",
          "texto": "À., porém, da seita dos fariseus que tinham crido"
        },
        {
          "referencia": "Atos 15.24",
          "texto": "Porquanto ouvimos que A. que saíram dentre nós"
        },
        {
          "referencia": "Atos 15.25",
          "texto": "concordemente, eleger A. varões e"
        },
        {
          "referencia": "Atos 15.36",
          "texto": "A. dias depois, disse Paulo a Barnabé: Tornemos a"
        },
        {
          "referencia": "Atos 16.12",
          "texto": "e é uma colônia; e estivemos À. dias nesta cidade."
        },
        {
          "referencia": "Atos 17.4",
          "texto": "E À, deles creram e ajuntaram-se com Paulo e"
        },
        {
          "referencia": "Atos 17.5",
          "texto": "de inveja, tomaram consigo Á, homens perversos"
        },
        {
          "referencia": "Atos 17.6",
          "texto": "achando, trouxeram Jasom e À. irmãos à presença"
        },
        {
          "referencia": "Atos 17.18",
          "texto": "E À, dos filósofos epicureus e estoicos"
        },
        {
          "referencia": "Atos 17.28",
          "texto": "e existimos, como também Á. dos vossos"
        },
        {
          "referencia": "Atos 17.34",
          "texto": "Todavia, chegando À. varões a ele, creram: entre"
        },
        {
          "referencia": "Atos 19.1",
          "texto": "chegou a Éfeso e, achando ali A, discípulos,"
        },
        {
          "referencia": "Atos 19.9",
          "texto": "Mas, como À. deles se endurecessem e não"
        },
        {
          "referencia": "Atos 19.13",
          "texto": "E À, dos exorcistas judeus, ambulantes, tentavam"
        },
        {
          "referencia": "Atos 19.31",
          "texto": "Também A. dos principais da Ásia, que eram seus"
        },
        {
          "referencia": "Atos 21.16",
          "texto": "E foram também conosco Á, discípulos de Cesareia,"
        },
        {
          "referencia": "Atos 23.12",
          "texto": "guiando já era dia, Á. dos judeus fizeram uma"
        },
        {
          "referencia": "Atos 24.24",
          "texto": "A. dias depois, vindo Félix com sua mulher"
        },
        {
          "referencia": "Atos 25.13",
          "texto": "Passados Á. dias, o rei Agripa e Berenice vieram"
        },
        {
          "referencia": "Atos 27.1",
          "texto": "Itália, entregaram Paulo e 4. outros presos a um"
        },
        {
          "referencia": "Atos 27.29",
          "texto": "E, temendo ir dar em A, rochedos, lançaram da"
        },
        {
          "referencia": "Atos 28.14",
          "texto": "onde, achando À. irmãos, nos rogaram que por sete"
        },
        {
          "referencia": "Atos 28.24",
          "texto": "E Á, criam no que se dizia, mas outros não criam."
        },
        {
          "referencia": "Romanos 3.3",
          "texto": "Pois quê? Se À. foram incrédulos, a sua"
        },
        {
          "referencia": "Romanos 3.8",
          "texto": "somos blasfemados, e como À. dizem que"
        },
        {
          "referencia": "Romanos 11.14",
          "texto": "à emulação os da minha carne e salvar A. deles."
        },
        {
          "referencia": "Romanos 11.17",
          "texto": "E se À. dos ramos foram quebrados, e tu, sendo"
        },
        {
          "referencia": "1 Coríntios 4.18",
          "texto": "Mas A. andam inchados, como se eu não houvesse de"
        },
        {
          "referencia": "1 Coríntios 6.11",
          "texto": "E é o que 4. têm sido, mas haveis sido lavados,"
        },
        {
          "referencia": "1 Coríntios 8.5",
          "texto": "ainda que haja também Á. que se chamem"
        },
        {
          "referencia": "1 Coríntios 8.7",
          "texto": "há conhecimento; porque Á. até agora comem,"
        },
        {
          "referencia": "1 Coríntios 9.22",
          "texto": "para, por todos os meios, chegar a salvar Á.."
        },
        {
          "referencia": "1 Coríntios 10.7",
          "texto": "façais, pois, idólatras, como A. deles; conforme"
        },
        {
          "referencia": "1 Coríntios 10.8",
          "texto": "não nos prostituimos, como A. deles fizeram e"
        },
        {
          "referencia": "1 Coríntios 10.9",
          "texto": "não tentemos a Cristo, como Å., deles também"
        },
        {
          "referencia": "1 Coríntios 10.10",
          "texto": "não murmureis, como também A. deles murmu-"
        },
        {
          "referencia": "1 Coríntios 15.6",
          "texto": "vive ainda a maior parte, mas Á. já dormem também."
        },
        {
          "referencia": "1 Coríntios 15.12",
          "texto": "dos mortos, como dizem Á. dentre vós que"
        },
        {
          "referencia": "1 Coríntios 15.34",
          "texto": "e não pequeis; porque À, ainda não têm o"
        },
        {
          "referencia": "2 Coríntios 3.1",
          "texto": "mesmos? Ou necessitamos, como AÅ., de cartas de"
        },
        {
          "referencia": "2 Coríntios 10.2",
          "texto": "da ousadia que espero ter com A. que nos julgam"
        },
        {
          "referencia": "2 Coríntios 10.12",
          "texto": "ou comparar-nos com Á, que se louvam a si"
        },
        {
          "referencia": "Gálatas 1.7",
          "texto": "o qual não é outro, mas há Á. que vos inquietam e"
        },
        {
          "referencia": "Gálatas 2.12",
          "texto": "Porque, antes que À. tivessem chegado da parte de"
        },
        {
          "referencia": "Filipenses 1.15",
          "texto": "Verdade é que também Á, pregam a Cristo por"
        },
        {
          "referencia": "Filipenses 2.1",
          "texto": "comunhão no Espírito, se A. entranháveis"
        },
        {
          "referencia": "2 Tessalonicenses 3.11",
          "texto": "Porquanto ouvimos que A. entre vós andam"
        },
        {
          "referencia": "1 Timóteo 1.3",
          "texto": "em Éfeso, para advertires a Á. que não ensinem"
        },
        {
          "referencia": "1 Timóteo 1.6",
          "texto": "Do que desviando-se A., se entregaram a vãs con-"
        },
        {
          "referencia": "1 Timóteo 1.19",
          "texto": "rejeitando a qual A. fizeram naufrágio"
        },
        {
          "referencia": "1 Timóteo 4.1",
          "texto": "últimos tempos, apostatarão Á. da fé, dando"
        },
        {
          "referencia": "1 Timóteo 5.24",
          "texto": "Os pecados de 4. homens são manifestos,"
        },
        {
          "referencia": "1 Timóteo 5.24",
          "texto": "precedendo o juízo; e em A. manifestam-se depois."
        },
        {
          "referencia": "1 Timóteo 6.10",
          "texto": "de males; e nessa cobiça Á, se desviaram da fé"
        },
        {
          "referencia": "1 Timóteo 6.21",
          "texto": "a qual professando-a A se desviaram da fé. A"
        },
        {
          "referencia": "2 Timóteo 2.18",
          "texto": "era já feita, e perverteram a fé de Á.."
        },
        {
          "referencia": "Hebreus 3.16",
          "texto": "Porque, havendo-a A. ouvido, o provocaram; mas"
        },
        {
          "referencia": "Hebreus 4.6",
          "texto": "Visto, pois, que resta que A. entrem nele e que"
        },
        {
          "referencia": "Hebreus 10.25",
          "texto": "como é costume de À.; antes,"
        },
        {
          "referencia": "Hebreus 13.2",
          "texto": "porque, por ela, Á., não o sabendo,"
        },
        {
          "referencia": "2 Pedro 3.9",
          "texto": "a sua promessa, ainda que A. a têm por tardia;"
        },
        {
          "referencia": "2 Pedro 3.9",
          "texto": "convosco, não querendo que A, se percam, senão"
        },
        {
          "referencia": "2 João 1.4",
          "texto": "me alegro por achar que A de teus filhos"
        },
        {
          "referencia": "Judas 1.4",
          "texto": "Porque se introduziram AÁ., que já antes estavam"
        },
        {
          "referencia": "Judas 1.23",
          "texto": "e salvai Á., arrebatando-os do fogo; tende deles"
        },
        {
          "referencia": "Apocalipse 2.10",
          "texto": "Eis que o diabo lançará Á. de vós na prisão,"
        }
      ]
    }
  ]
}