{
  "a": [
    {
      "palavra": "alheia",
      "veja tambem": [
        "alheio"
      ],
      "ocorrencias": 4,
      "fonte": "Strong's H2114 (זוּר/zur)",
      "concordancias": [
        {
          "referencia": "Provérbios 7.5",
          "texto": "te guardarem da mulher A., da estranha que"
        },
        {
          "referencia": "Provérbios 26.17",
          "texto": "passando, se mete em gestio A. é como aquele que"
        },
        {
          "referencia": "Atos 7.6",
          "texto": "seria peregrina em terra A., ea sujeitariam à"
        },
        {
          "referencia": "Hebreus 11.9",
          "texto": "da promessa, como em terra Á., morando em"
        }
      ]
    },
    {
      "palavra": "alheio",
      "veja tambem": [
        "alheia"
      ],
      "ocorrencias": 4,
      "fonte": "Strong's H2114 (זוּר/zur)",
      "concordancias": [
        {
          "referencia": "Lucas 16.12",
          "texto": "E, seno A. não fostes fiéis, quem vos dará o que"
        },
        {
          "referencia": "Romanos 14.4",
          "texto": "és tu que julgas o servo 4.? Para seu próprio"
        },
        {
          "referencia": "Romanos 15.20",
          "texto": "nomeado, para não edificar sobre fundamento A.;"
        },
        {
          "referencia": "Hebreus 9.25",
          "texto": "cada ano entra no Santuário com sangue Á.."
        }
      ]
    },
    {
      "palavra": "alheios",
      "veja tambem": [
        "alheio"
      ],
      "ocorrencias": 11,
      "fonte": "Strong's H2114 (זוּר/zur)",
      "concordancias": [
        {
          "referencia": "Juízes 10.16",
          "texto": "E tiraram os deuses A. do meio de si e serviram"
        },
        {
          "referencia": "1 Reis 9.9",
          "texto": "pais, e se apegaram a deuses A., ese"
        },
        {
          "referencia": "Jeremias 13.10",
          "texto": "coração e anda após deuses Á., para servi-los"
        },
        {
          "referencia": "Jeremias 16.11",
          "texto": "Senhor, e se foram após deuses Å., eos"
        },
        {
          "referencia": "Jeremias 22.9",
          "texto": "se inclinaram diante de deuses A., e os serviram."
        },
        {
          "referencia": "Jeremias 25.6",
          "texto": "e não andeis após deuses À. para os servirdes e"
        },
        {
          "referencia": "Mateus 17.25",
          "texto": "ou os impostos? Dos seus filhos ou dos A.?"
        },
        {
          "referencia": "Mateus 17.26",
          "texto": "Disse-lhe Pedro: Dos Á.. Disse-lhe Jesus: Logo,"
        },
        {
          "referencia": "2 Coríntios 10.15",
          "texto": "de medida nos trabalhos A.; antes, tendo"
        },
        {
          "referencia": "1 Timóteo 5.22",
          "texto": "nem participes dos pecados A.; conserva-te a ti"
        },
        {
          "referencia": "1 Pedro 4.15",
          "texto": "ou como o que se entremete em negócios A.;"
        }
      ]
    },
    {
      "palavra": "alhos",
      "veja tambem": [
        "cebola",
        "porro",
        "legumes"
      ],
      "ocorrencias": 1,
      "fonte": "Strong's H7762 (שׁוּם/shum)",
      "concordancias": [
        {
          "referencia": "Números 11.5",
          "texto": "e dos melões, e dos porros, e das cebolas, e dos A.."
        }
      ]
    },
    {
      "palavra": "ali",
      "veja tambem": [
        "lugar",
        "local",
        "sítio"
      ],
      "ocorrencias": 0,
      "fonte": "Strong's H8033 (שָׁם/sham)",
      "concordancias": []
    },
    {
      "palavra": "aliados",
      "veja tambem": [
        "aliar"
      ],
      "ocorrencias": 1,
      "fonte": "Strong's H226 (אָחַז/achaz)",
      "concordancias": [
        {
          "referencia": "Juízes 20.11",
          "texto": "todos os homens de Israel, A. como um só homem."
        }
      ]
    },
    {
      "palavra": "aliai-vos",
      "veja tambem": [
        "aliar"
      ],
      "ocorrencias": 1,
      "fonte": "Strong's H226 (אָחַז/achaz)",
      "concordancias": [
        {
          "referencia": "Isaías 36.16",
          "texto": "assim diz o rei da Assíria: A, comigo e saí a"
        }
      ]
    },
    {
      "palavra": "aliança",
      "veja tambem": [
        "pacto",
        "concerto",
        "acordo",
        "tratado"
      ],
      "ocorrencias": 33,
      "fonte": "Strong's H1285 (בְּרִית/berith)",
      "concordancias": [
        {
          "referencia": "1 Samuel 11.1",
          "texto": "os homens de Jabes a Naás: Faze À. conosco, e te"
        },
        {
          "referencia": "1 Samuel 11.2",
          "texto": "Com esta condição, farei À, convosco: que"
        },
        {
          "referencia": "1 Samuel 18.3",
          "texto": "E Jônatas e Davi fizeram 4.; porque Jônatas o"
        },
        {
          "referencia": "1 Samuel 20.8",
          "texto": "ateu servo entrar contigo em 4. do Senhor; se,"
        },
        {
          "referencia": "1 Samuel 20.16",
          "texto": "Assim, fez Jônatas A. com a casa de Davi,"
        },
        {
          "referencia": "1 Samuel 22.8",
          "texto": "de que meu filho tem feito A. com o filho de"
        },
        {
          "referencia": "1 Samuel 23.18",
          "texto": "E ambos fizeram Á. perante o Senhor. Davi ficou"
        },
        {
          "referencia": "2 Samuel 3.12",
          "texto": "E disse: Comigo faze a tua Á., e eis que a"
        },
        {
          "referencia": "2 Samuel 3.13",
          "texto": "Davi: Bem, eu farei contigo A., porém uma coisa"
        },
        {
          "referencia": "2 Samuel 3.21",
          "texto": "todo o Israel, para fazerem 4. contigo; e"
        },
        {
          "referencia": "1 Reis 5.12",
          "texto": "paz entre Hirão e Salomão, e ambos fizeram A.."
        },
        {
          "referencia": "IRs 8.9",
          "texto": "a Horebe, quando o Senhor fez Á. com os filhos"
        },
        {
          "referencia": "1 Reis 15.19",
          "texto": "A. há entre mim e ti, entre meu pai e teu pai;"
        },
        {
          "referencia": "1 Reis 15.19",
          "texto": "e ouro; vai e anula a tua A. com Baasa, rei"
        },
        {
          "referencia": "1 Reis 20.34",
          "texto": "Acabe, te deixarei ir com esta Á.. E fez com"
        },
        {
          "referencia": "1 Reis 20.34",
          "texto": "com esta Á.. E fez com ele À. eo deixou ir."
        },
        {
          "referencia": "1 Crônicas 11.3",
          "texto": "Hebrom, e Davi fez com eles A. em Hebrom,"
        },
        {
          "referencia": "2 Crônicas 16.3",
          "texto": "A. há entre mim e ti, como houve entre o meu pai"
        },
        {
          "referencia": "2 Crônicas 16.3",
          "texto": "vai, pois, e aniquila a tua Á, com Baasa,"
        },
        {
          "referencia": "2 Crônicas 23.1",
          "texto": "esforçou e tomou consigo em À. os chefes das"
        },
        {
          "referencia": "2 Crônicas 23.3",
          "texto": "aquela congregação fez A. com o rei na Casa"
        },
        {
          "referencia": "2 Crônicas 23.16",
          "texto": "E Joiada EA entre si, e o povo, e o rei,"
        },
        {
          "referencia": "Jó 5.23",
          "texto": "do campo terás a tua A.; e os animais do"
        },
        {
          "referencia": "S155.20",
          "texto": "nos que tinham paz com ele; romperam a sua A.."
        },
        {
          "referencia": "Isaías 7.2",
          "texto": "Davi, dizendo: A Síria fez Á. com Efraim."
        },
        {
          "referencia": "Isaías 24.5",
          "texto": "as leis, mudam os estatutos e quebram a Å. eterna."
        },
        {
          "referencia": "Isaías 28.15",
          "texto": "e com o inferno fizemos Á.; quando passar o"
        },
        {
          "referencia": "Isaías 28.18",
          "texto": "morte se anulará; e a vossa À. com o inferno não"
        },
        {
          "referencia": "Isaías 33.8",
          "texto": "pelas veredas; ele rompeu a A., desprezou as"
        },
        {
          "referencia": "Oséias 2.18",
          "texto": "naquele dia, farei por eles A. com as"
        },
        {
          "referencia": "Oséias 12.1",
          "texto": "ea destruição, e fazem À. com a Assíria, e"
        },
        {
          "referencia": "Amós 1.9",
          "texto": "a Edom e não se lembraram da Å. dos irmãos."
        },
        {
          "referencia": "Hebreus 12.24",
          "texto": "o Mediador de uma nova Á., e ao sangue da"
        }
      ]
    },
    {
      "palavra": "aliaram-se",
      "veja tambem": [
        "aliar"
      ],
      "ocorrencias": 0,
      "fonte": "",
      "concordancias": []
    },
    {
      "palavra": "aliás",
      "veja tambem": [],
      "ocorrencias": 2,
      "fonte": "",
      "concordancias": [
        {
          "referencia": "Mateus 6.1",
          "texto": "para serdes vistos por eles; Á., não tereis"
        },
        {
          "referencia": "Mateus 9.17",
          "texto": "vinho novo em odres velhos; A., rompem-se os"
        }
      ]
    },
    {
      "palavra": "aliaste",
      "veja tambem": [
        "aliar"
      ],
      "ocorrencias": 1,
      "fonte": "",
      "concordancias": [
        {
          "referencia": "2 Crônicas 20.37",
          "texto": "Josafá, dizendo: Visto que te Á. com Acazias,"
        }
      ]
    },
    {
      "palavra": "alicerces",
      "veja tambem": [],
      "ocorrencias": 7,
      "fonte": "",
      "concordancias": [
        {
          "referencia": "1 Samuel 2.8",
          "texto": "glória; porque do Senhor são os Á. da terra, e"
        },
        {
          "referencia": "Esdras 3.10",
          "texto": "os edificadores lançaram os 4. do templo do"
        },
        {
          "referencia": "Salmos 137.7",
          "texto": "diziam: Arrasai-a, arrasai-a, até aos seus Á.."
        },
        {
          "referencia": "Lucas 6.48",
          "texto": "e abriu bem fundo, e pôs os A. sobre rocha;"
        },
        {
          "referencia": "Lucas 6.49",
          "texto": "uma casa sobre terra, sem A., na qual bateu"
        },
        {
          "referencia": "Lucas 14.29",
          "texto": "depois de haver posto os A. e não a podendo"
        },
        {
          "referencia": "Atos 16.26",
          "texto": "tão grande terremoto, que os À. do cárcere se"
        }
      ]
    },
    {
      "palavra": "alienam-se",
      "veja tambem": [
        "alienar"
      ],
      "ocorrencias": 1,
      "fonte": "",
      "concordancias": [
        {
          "referencia": "S158.3",
          "texto": "A, os ímpios desde a madre; andam errados"
        }
      ]
    },
    {
      "palavra": "alienar",
      "veja tambem": [],
      "ocorrencias": 1,
      "fonte": "",
      "concordancias": [
        {
          "referencia": "Ezequiel 14.7",
          "texto": "peregrinam em Israel que se 4. de mim, e"
        }
      ]
    },
    {
      "palavra": "alígera",
      "veja tambem": [],
      "ocorrencias": 1,
      "fonte": "",
      "concordancias": [
        {
          "referencia": "Deuteronômio 4.17",
          "texto": "terra, figura de alguma ave Á, que voa pelos céus;"
        }
      ]
    },
    {
      "palavra": "alimárias",
      "veja tambem": [],
      "ocorrencias": 7,
      "fonte": "",
      "concordancias": [
        {
          "referencia": "Gênesis 3.1",
          "texto": "mais astuta que todas as A. do campo que o"
        },
        {
          "referencia": "Jó 12.7",
          "texto": "Mas, pergunta agora às A., e cada uma delas to"
        },
        {
          "referencia": "Jó 37.8",
          "texto": "E as À. entram nos seus esconderijos e ficam"
        },
        {
          "referencia": "S150.10",
          "texto": "todo animal da selva e as 4. sobre milhares"
        },
        {
          "referencia": "S179.2",
          "texto": "céus e a carne dos teus santos, às Á. da terra."
        },
        {
          "referencia": "Ezequiel 14.15",
          "texto": "passar pela terra nocivas Á., e elas a"
        },
        {
          "referencia": "Ezequiel 14.21",
          "texto": "espada, e a fome, e as nocivas Á., ea peste,"
        }
      ]
    },
    {
      "palavra": "alimenta",
      "veja tambem": [
        "alimentar"
      ],
      "ocorrencias": 6,
      "fonte": "",
      "concordancias": [
        {
          "referencia": "Cânticos 6.3",
          "texto": "eo meu amado é meu; ele se A. entre os lírios."
        },
        {
          "referencia": "Mateus 6.26",
          "texto": "e vosso Pai celestial as A.. Não tendes"
        },
        {
          "referencia": "Lucas 12.24",
          "texto": "nem celeiro, e Deus os 4.; quanto mais"
        },
        {
          "referencia": "Jó 6.57",
          "texto": "pelo Pai, assim quem de mim se A, também viverá"
        },
        {
          "referencia": "Efésios 5.29",
          "texto": "sua própria carne; antes, a A, e sustenta,"
        },
        {
          "referencia": "Hebreus 5.13",
          "texto": "qualquer que ainda se Á. de leite não está"
        }
      ]
    },
    {
      "palavra": "alimentada",
      "veja tambem": [
        "alimentar"
      ],
      "ocorrencias": 1,
      "fonte": "",
      "concordancias": [
        {
          "referencia": "Apocalipse 12.6",
          "texto": "por Deus para que ali fosse A. durante mil"
        }
      ]
    },
    {
      "palavra": "alimentado",
      "veja tambem": [
        "alimentar"
      ],
      "ocorrencias": 1,
      "fonte": "",
      "concordancias": [
        {
          "referencia": "S137.3",
          "texto": "na terra e, verdadeiramente, serás Á.."
        }
      ]
    },
    {
      "palavra": "alimentam-se",
      "veja tambem": [],
      "ocorrencias": 1,
      "fonte": "",
      "concordancias": [
        {
          "referencia": "Oséias 48",
          "texto": "A, do pecado do meu povo e da maldade dele"
        }
      ]
    },
    {
      "palavra": "alimentar",
      "veja tambem": [],
      "ocorrencias": 2,
      "fonte": "",
      "concordancias": [
        {
          "referencia": "Top 406",
          "texto": "posição; Palavras Relacionadas: (alimenta-6; alimenta-"
        },
        {
          "referencia": "Cânticos 6.2",
          "texto": "de bálsamo, para se Á. nos jardins e"
        }
      ]
    },
    {
      "palavra": "alimentar-se",
      "veja tambem": [
        "ali-"
      ],
      "ocorrencias": 1,
      "fonte": "",
      "concordancias": [
        {
          "referencia": "Lucas 16.21",
          "texto": "E desejava Á. com as migalhas que caíam da"
        }
      ]
    },
    {
      "palavra": "alimentará",
      "veja tambem": [
        "alimentar"
      ],
      "ocorrencias": 1,
      "fonte": "",
      "concordancias": [
        {
          "referencia": "S149.14",
          "texto": "são enterrados; a morte se A. deles; os"
        }
      ]
    },
    {
      "palavra": "alimentarás",
      "veja tambem": [
        "ali-"
      ],
      "ocorrencias": 1,
      "fonte": "",
      "concordancias": [
        {
          "referencia": "Isaías 60.16",
          "texto": "o leite das nações e te Á. aos peitos dos"
        }
      ]
    },
    {
      "palavra": "alimento",
      "veja tambem": [
        "alimentar"
      ],
      "ocorrencias": 10,
      "fonte": "",
      "concordancias": [
        {
          "referencia": "Gênesis 43.2",
          "texto": "seu pai: Tornai, comprai-nos um pouco de A.."
        },
        {
          "referencia": "Gênesis 43.4",
          "texto": "o nosso irmão, desceremos e te compraremos A.;"
        },
        {
          "referencia": "Levítico 25.6",
          "texto": "da terra vos será por Á., a ti, e ao teu"
        },
        {
          "referencia": "Jó 23.12",
          "texto": "palavras da sua boca prezei mais do que o meu A.."
        },
        {
          "referencia": "Jó 38.41",
          "texto": "para os corvos o seu Á., quando os seus"
        },
        {
          "referencia": "SI 104.14",
          "texto": "o serviço do homem, para que tire da terra o A."
        },
        {
          "referencia": "Isaías 5.17",
          "texto": "pelos gordos servirão de A. a forasteiros."
        },
        {
          "referencia": "Lamentações 4.10",
          "texto": "filhos; serviram-lhes de A. na destruição da"
        },
        {
          "referencia": "Ezequiel 47.12",
          "texto": "eo seu fruto servirá de Á., ea sua"
        },
        {
          "referencia": "Mateus 10.10",
          "texto": "nem bordão, porque digno é o operário do seu Á.."
        }
      ]
    }
  ]
}