{
  "a": [
    {
      "palavra": "alimentos",
      "veja tambem": [
        "alimento"
      ],
      "ocorrencias": 3,
      "fonte": "Strong's H400 (אָכְלָה/oklah)",
      "concordancias": [
        {
          "referencia": "Ester 2.9",
          "texto": "os seus enfeites e os seus Á., como também em"
        },
        {
          "referencia": "Lucas 3.11",
          "texto": "com o que não tem, e quem tiver A., que faça"
        },
        {
          "referencia": "Atos 7.11",
          "texto": "grande tribulação; e nossos pais não achavam A.."
        }
      ]
    },
    {
      "palavra": "alimpai",
      "veja tambem": [
        "limpar",
        "purificar",
        "lavar"
      ],
      "ocorrencias": 2,
      "fonte": "Strong's H2891 (טָהֵר/tahar)",
      "concordancias": [
        {
          "referencia": "Jeremias 46.4",
          "texto": "e dai vos com elmos; A. as lanças e"
        },
        {
          "referencia": "Jeremias 51.11",
          "texto": "A, as flechas, preparai perfeitamente os"
        }
      ]
    },
    {
      "palavra": "alimpai-vos",
      "veja tambem": [
        "alimpar"
      ],
      "ocorrencias": 1,
      "fonte": "Strong's H2891 (טָהֵר/tahar)",
      "concordancias": [
        {
          "referencia": "1C05.7",
          "texto": "A., pois, do fermento velho, para que sejais"
        }
      ]
    },
    {
      "palavra": "alimpar",
      "veja tambem": [
        "limpar",
        "purificar",
        "lavar"
      ],
      "ocorrencias": 1,
      "fonte": "Strong's H2891 (טָהֵר/tahar)",
      "concordancias": [
        {
          "referencia": "Jeremias 4.11",
          "texto": "filha do meu povo, não para padejar, nem para Å.."
        }
      ]
    },
    {
      "palavra": "alimpei",
      "veja tambem": [
        "alimpar"
      ],
      "ocorrencias": 1,
      "fonte": "Strong's H2891 (טָהֵר/tahar)",
      "concordancias": [
        {
          "referencia": "Neemias 13.30",
          "texto": "Assim, os À. de todos os estranhos e designei os"
        }
      ]
    },
    {
      "palavra": "aliou",
      "veja tambem": [
        "aliar"
      ],
      "ocorrencias": 1,
      "fonte": "Strong's H226 (אָחַז/achaz)",
      "concordancias": [
        {
          "referencia": "2 Crônicas 20.35",
          "texto": "disso, Josafá, rei de Judá, se A. com Acazias, rei"
        }
      ]
    },
    {
      "palavra": "aliou-se",
      "veja tambem": [
        "aliar"
      ],
      "ocorrencias": 1,
      "fonte": "Strong's H226 (אָחַז/achaz)",
      "concordancias": [
        {
          "referencia": "2 Crônicas 20.36",
          "texto": "E A. com ele, para fazerem navios que fossem a"
        }
      ]
    },
    {
      "palavra": "alisa",
      "veja tambem": [
        "alisar",
        "polir",
        "lixar"
      ],
      "ocorrencias": 2,
      "fonte": "Strong's H2505 (חָלַק/chalaq)",
      "concordancias": [
        {
          "referencia": "Deuteronômio 10.1",
          "texto": "tempo, me disse o Senhor: A. duas tábuas de"
        },
        {
          "referencia": "Isaías 41.7",
          "texto": "animou o ourives, e o que À. com o martelo, ao"
        }
      ]
    },
    {
      "palavra": "alisam-se",
      "veja tambem": [
        "alisar"
      ],
      "ocorrencias": 1,
      "fonte": "Strong's H2505 (חָלַק/chalaq)",
      "concordancias": [
        {
          "referencia": "Jeremias 5.28",
          "texto": "Engordam-se, À. e ultrapassam até os feitos"
        }
      ]
    },
    {
      "palavra": "alisei",
      "veja tambem": [
        "alisar"
      ],
      "ocorrencias": 1,
      "fonte": "Strong's H2505 (חָלַק/chalaq)",
      "concordancias": [
        {
          "referencia": "Deuteronômio 10.3",
          "texto": "arca de madeira de cetim, e À. duas tábuas de"
        }
      ]
    },
    {
      "palavra": "alistar-se",
      "veja tambem": [
        "alistar"
      ],
      "ocorrencias": 2,
      "fonte": "Strong's H5833 (אֶסֶף/ecaph)",
      "concordancias": [
        {
          "referencia": "Lucas 2.3",
          "texto": "E todos iam A., cada um à sua própria cidade."
        },
        {
          "referencia": "Lucas 2.5",
          "texto": "a fim de À. com Maria, sua mulher, que estava grávida."
        }
      ]
    },
    {
      "palavra": "alistasse",
      "veja tambem": [
        "alistar"
      ],
      "ocorrencias": 1,
      "fonte": "Strong's H5833 (אֶסֶף/ecaph)",
      "concordancias": [
        {
          "referencia": "Lucas 2.1",
          "texto": "de César Augusto, para que todo o mundo se Á.."
        }
      ]
    },
    {
      "palavra": "alistou",
      "veja tambem": [
        "alistar"
      ],
      "ocorrencias": 1,
      "fonte": "Strong's H5833 (אֶסֶף/ecaph)",
      "concordancias": [
        {
          "referencia": "2 Timóteo 2.4",
          "texto": "a fim de agradar àquele que o À, para a guerra."
        }
      ]
    },
    {
      "palavra": "alivia",
      "veja tambem": [
        "ali-"
      ],
      "ocorrencias": 4,
      "fonte": "Strong's H7043 (קָלַל/qalal)",
      "concordancias": [
        {
          "referencia": "1 Reis 12.4",
          "texto": "o nosso jugo; agora, pois, A. tu a dura"
        },
        {
          "referencia": "1 Reis 12.9",
          "texto": "povo, que me falou, dizendo: Á. o jugo que teu"
        },
        {
          "referencia": "1 Reis 12.10",
          "texto": "o nosso jugo, mas tu o À. de sobre nós;"
        },
        {
          "referencia": "2 Crônicas 10.4",
          "texto": "pai fez duro o nosso jugo; À. tu, pois, agora, a"
        }
      ]
    },
    {
      "palavra": "alivia-nos",
      "veja tambem": [
        "aliviar"
      ],
      "ocorrencias": 2,
      "fonte": "Strong's H7043 (קָלַל/qalal)",
      "concordancias": [
        {
          "referencia": "2 Crônicas 10.9",
          "texto": "povo, que me falou, dizendo: A. o jugo que"
        },
        {
          "referencia": "2 Crônicas 10.10",
          "texto": "agravou o nosso jugo, tu, porém, A.. Ássim,"
        }
      ]
    },
    {
      "palavra": "aliviará",
      "veja tambem": [
        "aliviar"
      ],
      "ocorrencias": 4,
      "fonte": "Strong's H7043 (קָלַל/qalal)",
      "concordancias": [
        {
          "referencia": "Top 404",
          "texto": "posição;"
        },
        {
          "referencia": "1 Samuel 6.5",
          "texto": "ao Deus de Israel; porventura, À, a sua mão"
        },
        {
          "referencia": "Jó 7.13",
          "texto": "a minha cama, meu leito A. a minha ânsia!"
        },
        {
          "referencia": "Provérbios 18.14",
          "texto": "O espírito do homem A, a sua enfermidade, mas"
        }
      ]
    },
    {
      "palavra": "aliviaram",
      "veja tambem": [
        "ali-"
      ],
      "ocorrencias": 2,
      "fonte": "",
      "concordancias": [
        {
          "referencia": "Atos 27.18",
          "texto": "tempestade, no dia seguinte, A. onavio."
        },
        {
          "referencia": "Atos 27.38",
          "texto": "Refeitos com a comida, A. o navio, lançando o"
        }
      ]
    },
    {
      "palavra": "aliviarás",
      "veja tambem": [
        "aliviar"
      ],
      "ocorrencias": 1,
      "fonte": "",
      "concordancias": [
        {
          "referencia": "Êxodo 18.22",
          "texto": "julguem; assim, a ti mesmo te 4, da carga, e"
        }
      ]
    },
    {
      "palavra": "aliviareil",
      "veja tambem": [
        "aliviar"
      ],
      "ocorrencias": 1,
      "fonte": "",
      "concordancias": [
        {
          "referencia": "Mateus 11.28",
          "texto": "os que estais cansados e oprimidos, e eu vos Á.."
        }
      ]
    },
    {
      "palavra": "aliviarem",
      "veja tambem": [
        "aliviar"
      ],
      "ocorrencias": 1,
      "fonte": "",
      "concordancias": [
        {
          "referencia": "Jonas 1.5",
          "texto": "que estavam no navio, para o Á. do seu peso;"
        }
      ]
    },
    {
      "palavra": "alívio",
      "veja tambem": [],
      "ocorrencias": 3,
      "fonte": "",
      "concordancias": [
        {
          "referencia": "ISm 16.23",
          "texto": "a sua mão; então, Saul sentia A, e se achava"
        },
        {
          "referencia": "Jó 16.6",
          "texto": "dor não cessa; e, calando-me, qual é o meu A.?"
        },
        {
          "referencia": "2 Coríntios 8.13",
          "texto": "isso para que os outros tenham Á., e vós, opressão;"
        }
      ]
    },
    {
      "palavra": "aljava",
      "veja tambem": [],
      "ocorrencias": 7,
      "fonte": "",
      "concordancias": [
        {
          "referencia": "Gênesis 27.3",
          "texto": "toma as tuas armas, a tua Á. e o teu arco, e"
        },
        {
          "referencia": "Jó 39.23",
          "texto": "Contra ele rangem a Á., o ferro flamante da lança"
        },
        {
          "referencia": "S1127.5",
          "texto": "que enche deles a sua Á.; não serão"
        },
        {
          "referencia": "Isaías 22.6",
          "texto": "Porque Elão tomou a A., com carros de homens e"
        },
        {
          "referencia": "Isaías 49.2",
          "texto": "pôs como uma flecha limpa, e me escondeu na sua A.."
        },
        {
          "referencia": "Jeremias 5.16",
          "texto": "À sua À. é como uma sepultura aberta; todos eles"
        },
        {
          "referencia": "Lamentações 3.13",
          "texto": "Fez entrar nos meus rins as flechas da sua Á.."
        }
      ]
    }
  ]
}