{
  "a": [
    {
      "palavra": "alma",
      "veja tambem": [
        "vida",
        "espírito",
        "coração",
        "vida",
        "pessoa"
      ],
      "ocorrencias": 510,
      "fonte": "Strong's H5315 (נֶפֶשׁ/nephesh)",
      "concordancias": [
        {
          "referencia": "Gênesis 1.20",
          "texto": "abundantemente répteis de 4. vivente; e voem as"
        },
        {
          "referencia": "Gênesis 1.21",
          "texto": "baleias, e todo réptil de A. vivente que as águas"
        },
        {
          "referencia": "Gênesis 1.24",
          "texto": "disse Deus: Produza a terra Á. vivente conforme a"
        },
        {
          "referencia": "Gênesis 1.30",
          "texto": "réptil da terra, em que há Á. vivente, toda a"
        },
        {
          "referencia": "Gênesis 2.7",
          "texto": "o fôlego da vida; e o homem foi feito A, vivente."
        },
        {
          "referencia": "Gênesis 2.19",
          "texto": "tudo o que Adão chamou a toda a À. vivente, isso"
        },
        {
          "referencia": "Gênesis 9.10",
          "texto": "e com toda À, vivente, que convosco está, de aves,"
        },
        {
          "referencia": "Gênesis 9.12",
          "texto": "mim e vós e entre toda Á, vivente, que está"
        },
        {
          "referencia": "Gênesis 9.15",
          "texto": "entre mim e vós e ainda toda A. vivente de toda"
        },
        {
          "referencia": "Gênesis 9.16",
          "texto": "eterno entre Deus e toda A. vivente de toda"
        },
        {
          "referencia": "Gênesis 12.13",
          "texto": "por tua causa, e que viva a minha Á. por amor de ti."
        },
        {
          "referencia": "Gênesis 17.14",
          "texto": "estiver circuncidada, aquela A. será extirpada dos"
        },
        {
          "referencia": "Gênesis 19.19",
          "texto": "fizeste, para guardar a minha A. em vida; mas não"
        },
        {
          "referencia": "Gênesis 19.20",
          "texto": "escaparei (não é pequena?), para que minha 4. viva."
        },
        {
          "referencia": "Gênesis 274",
          "texto": "que eu coma, e para que minha A, te abençoe, antes"
        },
        {
          "referencia": "Gênesis 27.19",
          "texto": "e come da minha caça, para que a tua A. me abençoe."
        },
        {
          "referencia": "Gênesis 27.25",
          "texto": "de meu filho; para que a minha A, te abençoe. E"
        },
        {
          "referencia": "Gênesis 27.31",
          "texto": "da caça de teu filho, para que me abençoe a tua A.."
        },
        {
          "referencia": "Gênesis 32.30",
          "texto": "visto a Deus face a face, e a minha A. foi salva."
        },
        {
          "referencia": "Gênesis 34.3",
          "texto": "E apegou-se a sua 4. com Diná, filha de Jacó, e"
        },
        {
          "referencia": "Gênesis 34.8",
          "texto": "Hamor com eles, dizendo: A A. de Siquém, meu"
        },
        {
          "referencia": "Gênesis 35.18",
          "texto": "que, saindo-se-lhe a 4. (porque morreu),"
        },
        {
          "referencia": "Gênesis 42.21",
          "texto": "pois vimos a angústia de sua Á,, quando nos"
        },
        {
          "referencia": "Gênesis 44.30",
          "texto": "não indo conosco, como a sua Å, está atada com a"
        },
        {
          "referencia": "Gênesis 44.30",
          "texto": "conosco, como a sua Á, está atada com a Á. dele,"
        },
        {
          "referencia": "Gênesis 49.6",
          "texto": "conselho, não entre minha A4.; coma sua"
        },
        {
          "referencia": "Êxodo 4.19",
          "texto": "porque todos os que buscavam a tua A. morreram."
        },
        {
          "referencia": "Êxodo 12.15",
          "texto": "até ao sétimo dia, aquela 4. será cortada de Israel."
        },
        {
          "referencia": "Êxodo 12.16",
          "texto": "se fará neles, senão o que cada 4, houver de"
        },
        {
          "referencia": "Êxodo 12.19",
          "texto": "comer pão levedado, aquela À. será cortada da"
        },
        {
          "referencia": "Êxodo 15.9",
          "texto": "despojos; fartar-se-á a minha A. deles, arrancarei"
        },
        {
          "referencia": "Êxodo 30.12",
          "texto": "ao Senhor o resgate da sua Á., quando os"
        },
        {
          "referencia": "Êxodo 31.14",
          "texto": "nele fizer alguma obra, aquela 4. será extirpada"
        },
        {
          "referencia": "Iv 4.2",
          "texto": "Israel, dizendo: Quando uma À. pecar por erro"
        },
        {
          "referencia": "Levítico 11.10",
          "texto": "todo réptil das águas e toda A. vivente que há nas"
        },
        {
          "referencia": "Levítico 11.43",
          "texto": "Não façais a vossa A. abominável por nenhum réptil"
        },
        {
          "referencia": "Levítico 11.44",
          "texto": "e não contaminareis a vossa À. por nenhum"
        },
        {
          "referencia": "Levítico 11.46",
          "texto": "e das aves, e de toda À. vivente que se move"
        },
        {
          "referencia": "Levítico 11.46",
          "texto": "se move nas águas, e de toda A, que se arrasta"
        },
        {
          "referencia": "Levítico 16.29",
          "texto": "do mês, afligireis a vossa 4. e nenhuma obra"
        },
        {
          "referencia": "Levítico 16.31",
          "texto": "vós, e afligireis a vossa .; isto é estatuto perpétuo."
        },
        {
          "referencia": "Levítico 17.10",
          "texto": "algum sangue, contra aquela Á. que comer sangue eu"
        },
        {
          "referencia": "Levítico 17.11",
          "texto": "Porque a À, da carne está no sangue, pelo que vo-lo"
        },
        {
          "referencia": "Levítico 17.11",
          "texto": "A., porquanto é o sangue que fará expiação pela A.."
        },
        {
          "referencia": "Levítico 17.12",
          "texto": "filhos de Israel: Nenhuma A dentre vós comerá"
        },
        {
          "referencia": "Levítico 17.14",
          "texto": "Porquanto é a Á. de toda a carne; o seu sangue é"
        },
        {
          "referencia": "Levítico 17.14",
          "texto": "de nenhuma carne, porque a À, de toda a carne"
        },
        {
          "referencia": "Levítico 17.15",
          "texto": "E toda À, entre os naturais ou entre os"
        },
        {
          "referencia": "Levítico 19.8",
          "texto": "do Senhor; por isso, tal À, será extirpada do"
        },
        {
          "referencia": "Levítico 20.6",
          "texto": "Quando uma Á, se virar para os adivinhadores e"
        },
        {
          "referencia": "Levítico 20.6",
          "texto": "a minha face contra aquela À, e a extirparei do"
        },
        {
          "referencia": "Levítico 20.25",
          "texto": "e as limpas; eavossa À. não fareis"
        },
        {
          "referencia": "Levítico 22.3",
          "texto": "sobre si a sua imundícia, aquela À. será extirpada"
        },
        {
          "referencia": "Levítico 22.11",
          "texto": "o sacerdote comprar alguma À. com o seu dinheiro,"
        },
        {
          "referencia": "Ly 23.27",
          "texto": "e afligireis a vossa Á., e oferecereis"
        },
        {
          "referencia": "Levítico 23.29",
          "texto": "Porque toda À. que, naquele mesmo dia, se não"
        },
        {
          "referencia": "Levítico 23.30",
          "texto": "Também toda Å. que, naquele mesmo dia, fizer al-"
        },
        {
          "referencia": "e 23.30",
          "texto": "fizer alguma obra, aquela 4. eu destruirei do"
        },
        {
          "referencia": "Levítico 23.32",
          "texto": "então, afligireis a vossa A.; aos nove do mês, à"
        },
        {
          "referencia": "Levítico 26.11",
          "texto": "no meio de vós, e a minha Á. de vós não se enfadará."
        },
        {
          "referencia": "Levítico 26.15",
          "texto": "meus estatutos, e a vossa A. se enfadar dos meus"
        },
        {
          "referencia": "Ly 26.16",
          "texto": "os olhos e atormentem a .À.; e semeareis"
        },
        {
          "referencia": "Levítico 26.30",
          "texto": "dos vossos deuses; a minha A. se enfadará de vós."
        },
        {
          "referencia": "Ly 26.43",
          "texto": "os meus juízos e a sua À. se enfastiou dos"
        },
        {
          "referencia": "Números 5.6",
          "texto": "transgredindo contra o Senhor, tal A. culpada é."
        },
        {
          "referencia": "Números 9.13",
          "texto": "de celebrar a Páscoa, tal A. do seu povo será"
        },
        {
          "referencia": "Números 11.6",
          "texto": "Mas agora a nossa À. se seca; coisa nenhuma há"
        },
        {
          "referencia": "Números 15.27",
          "texto": "E, se alguma A. pecar por erro, para expiação do"
        },
        {
          "referencia": "Números 15.28",
          "texto": "fará expiação pela Á. que pecar, quando"
        },
        {
          "referencia": "Números 15.30",
          "texto": "Mas a À, que fizer alguma coisa à mão levantada,"
        },
        {
          "referencia": "Números 15.30",
          "texto": "injúria ao Senhor; e tal A. será extirpada do"
        },
        {
          "referencia": "Números 15.31",
          "texto": "será extirpada aquela A., e a sua iniquidade"
        },
        {
          "referencia": "Números 16.38",
          "texto": "que pecaram contra a sua Á., deles se façam"
        },
        {
          "referencia": "Números 19.13",
          "texto": "do Senhor; e aquela A. será extirpada de"
        },
        {
          "referencia": "Números 19.20",
          "texto": "e se não purificar, a tal 4. do meio da"
        },
        {
          "referencia": "Números 19.22",
          "texto": "também será imundo; e a A. que o tocar será"
        },
        {
          "referencia": "Números 21.4",
          "texto": "a terra de Edom; porém a À. do povo"
        },
        {
          "referencia": "Números 21.5",
          "texto": "nem pão nem água há; e a nossa Á. tem fastio"
        },
        {
          "referencia": "Números 23.10",
          "texto": "parte de Israel? A minha A. morra da morte dos"
        },
        {
          "referencia": "Números 29.7",
          "texto": "e afligireis a vossa A.; nenhuma obra fareis."
        },
        {
          "referencia": "Números 30.2",
          "texto": "juramento, ligando a sua A. com obrigação, não"
        },
        {
          "referencia": "Números 30.4",
          "texto": "com que ligou a sua A., e seu pai se calar"
        },
        {
          "referencia": "Números 30.4",
          "texto": "toda obrigação, com que ligou a sua A., será valiosa."
        },
        {
          "referencia": "Números 30.5",
          "texto": "com que tiver ligado a sua A., não serão"
        },
        {
          "referencia": "Números 30.6",
          "texto": "dos seus lábios, com que tiver ligado a sua À,;"
        },
        {
          "referencia": "Números 30.7",
          "texto": "obrigações, com que ligou a sua Á., serão valiosas."
        },
        {
          "referencia": "Nn 30.8",
          "texto": "lábios, com que ligou a sua Á., o Senhor lho per-"
        },
        {
          "referencia": "Números 30.9",
          "texto": "tudo com que ligar a sua 4. sobre ela será válido."
        },
        {
          "referencia": "Números 30.10",
          "texto": "seu marido ou ligou a sua À. com obrigação de ju-"
        },
        {
          "referencia": "Números 30.11",
          "texto": "toda obrigação, com que ligou a sua Á., será valiosa,"
        },
        {
          "referencia": "Números 30.12",
          "texto": "quer da obrigação da sua A., não será válido;"
        },
        {
          "referencia": "Números 30.13",
          "texto": "obrigação, para humilhar a A., seu marido o"
        },
        {
          "referencia": "Números 31.28",
          "texto": "de cada quinhentos, uma A., tanto dos homens"
        },
        {
          "referencia": "Ami 31.50",
          "texto": "para fazer propiciação pela nossa A. perante o Se-"
        },
        {
          "referencia": "Números 35.11",
          "texto": "se acolha o homicida que ferir a alguma À. por erro."
        },
        {
          "referencia": "Deuteronômio 4.9",
          "texto": "mesmo e guarda bem a tua A., que te não esqueças"
        },
        {
          "referencia": "Deuteronômio 4.15",
          "texto": "pois, com diligência a vossa Á., pois semelhança"
        },
        {
          "referencia": "Deuteronômio 4.29",
          "texto": "o buscares de todo o teu coração e de toda a tua A.."
        },
        {
          "referencia": "Deuteronômio 6.5",
          "texto": "o teu coração, e de toda a tua A, e de todo o teu poder."
        },
        {
          "referencia": "Deuteronômio 10.12",
          "texto": "teu Deus, com todo o teu coração e com toda a tua"
        },
        {
          "referencia": "Deuteronômio 11.13",
          "texto": "de o servir de todo o teu coração e de toda a tua A.,"
        },
        {
          "referencia": "Deuteronômio 11.18",
          "texto": "no vosso coração e na vossa Á., e atai-as por"
        },
        {
          "referencia": "Deuteronômio 12.15",
          "texto": "todo o desejo da tua A., degolarás e comerás"
        },
        {
          "referencia": "Deuteronômio 12.20",
          "texto": "Comerei carne, porquanto a tua 4. tem desejo de"
        },
        {
          "referencia": "Deuteronômio 12.20",
          "texto": "carne; conforme todo desejo da tua AÁ., comerás"
        },
        {
          "referencia": "Deuteronômio 12.21",
          "texto": "das tuas portas, conforme todo o desejo da tua A.."
        },
        {
          "referencia": "Deuteronômio 13.3",
          "texto": "Deus, com todo o vosso coração e com toda a vossa Á.."
        },
        {
          "referencia": "Deuteronômio 13.6",
          "texto": "teu amigo, que te é como a tua Á., dizendo-te em"
        },
        {
          "referencia": "Deuteronômio 14.26",
          "texto": "tudo o que deseja a tua A., por vacas, e por"
        },
        {
          "referencia": "Deuteronômio 14.26",
          "texto": "e por tudo o que te pedir a tua A.; come-o ali"
        },
        {
          "referencia": "Deuteronômio 18.6",
          "texto": "vier com todo o desejo da sua A, ao lugar que o"
        },
        {
          "referencia": "Deuteronômio 24.15",
          "texto": "isso; porquanto pobre é, e sua Á. se atém a isso;"
        },
        {
          "referencia": "Deuteronômio 26.16",
          "texto": "e faze-os com todo o teu coração e com toda a tua A.."
        },
        {
          "referencia": "Deuteronômio 28.65",
          "texto": "e desfalecimento dos olhos, e desmaio da A.."
        },
        {
          "referencia": "Deuteronômio 30.2",
          "texto": "filhos, com todo o teu coração e com toda a tua Á.,"
        },
        {
          "referencia": "Deuteronômio 30.6",
          "texto": "todo o coração e com toda a tua Á., para que vivas."
        },
        {
          "referencia": "ço 30.10",
          "texto": "teu Deus, com todo o teu coração e com toda a tua"
        },
        {
          "referencia": "Josué 10.28",
          "texto": "o seu rei, a eles e a toda À. que nela havia;"
        },
        {
          "referencia": "Josué 10.30",
          "texto": "fio de espada, a ela e a toda À. que nela havia;"
        },
        {
          "referencia": "Josué 10.32",
          "texto": "fio de espada, a ela e a toda 4. que nela havia,"
        },
        {
          "referencia": "Josué 10.35",
          "texto": "a fio de espada; e a toda À. que nela havia"
        },
        {
          "referencia": "Josué 10.37",
          "texto": "as suas cidades, e a toda 4. que nelas havia; a"
        },
        {
          "referencia": "Josué 10.37",
          "texto": "totalmente, a ela e a toda À, que nela havia."
        },
        {
          "referencia": "Josué 10.39",
          "texto": "a fio de espada; e a toda À. que nelas havia"
        },
        {
          "referencia": "Josué 11.11",
          "texto": "Ea toda 4. que nela havia feriram a fio de espada"
        },
        {
          "referencia": "Josué 22.5",
          "texto": "com todo o vosso coração e com toda a vossa A.."
        },
        {
          "referencia": "Josué 23.11",
          "texto": "guardai muito a vossa Á., para amardes ao"
        },
        {
          "referencia": "Josué 23.14",
          "texto": "coração e com toda a vossa À. que nem uma só"
        },
        {
          "referencia": "Juízes 5.21",
          "texto": "o ribeiro de Quisom. Pisaste, ó minha A., a força."
        },
        {
          "referencia": "Juízes 10.16",
          "texto": "então, se angustiou a sua Å. por causa da"
        },
        {
          "referencia": "Juízes 12.3",
          "texto": "não livráveis, pus a minha A. na minha mão e"
        },
        {
          "referencia": "Juízes 16.16",
          "texto": "e molestando-o, a sua À. se angustiou até à morte."
        },
        {
          "referencia": "Rute 4.15",
          "texto": "Ele te será recriador da À. e conservará a tua"
        },
        {
          "referencia": "1 Samuel 1.10",
          "texto": "Ela, pois, com amargura de Á., orou ao Senhor e"
        },
        {
          "referencia": "ao 1.15",
          "texto": "porém tenho derramado a minha A. perante o Se-"
        },
        {
          "referencia": "1 Samuel 1.26",
          "texto": "Ah! Meu senhor, viva a tua A., meu senhor; eu"
        },
        {
          "referencia": "1 Samuel 2.16",
          "texto": "para ti quanto desejar a tua Á., então, ele lhe"
        },
        {
          "referencia": "1 Samuel 2.33",
          "texto": "e para te entristecer a Á.; e toda a multidão"
        },
        {
          "referencia": "1 Samuel 2.35",
          "texto": "o meu coração e a minha A., e eu lhe edificarei"
        },
        {
          "referencia": "1 Samuel 17.55",
          "texto": "Abner? E disse Abner: Vive a tua A., ó rei, que o"
        },
        {
          "referencia": "1 Samuel 18.1",
          "texto": "ele de falar com Saul, a Á. de Jônatas se ligou"
        },
        {
          "referencia": "1 Samuel 18.1",
          "texto": "À. de Davi; e Jônatas o amou como à sua própria Á.."
        },
        {
          "referencia": "1 Samuel 18.3",
          "texto": "porque Jônatas o amava como à sua própria A.."
        },
        {
          "referencia": "1 Samuel 20.3",
          "texto": "vive o Senhor e vive atua Å., que apenas"
        },
        {
          "referencia": "1 Samuel 20.4",
          "texto": "Jônatas a Davi: O que disser a tua 4. eu te farei."
        },
        {
          "referencia": "1 Samuel 20.17",
          "texto": "o amava; porque o amava com todo o amor da sua"
        },
        {
          "referencia": "1 Samuel 23.20",
          "texto": "conforme todo o desejo da tua A.; por nós fica"
        },
        {
          "referencia": "1 Samuel 25.26",
          "texto": "vive o Senhor, e vive a tua Á., que o Senhor te"
        },
        {
          "referencia": "2 Samuel 3.21",
          "texto": "sobre tudo o que desejar a tua Á.. Assim,"
        },
        {
          "referencia": "2 Samuel 49",
          "texto": "Vive o Senhor que remiu a minha A. de toda a an-"
        },
        {
          "referencia": "2 Samuel 11.11",
          "texto": "Pela tua vida e pela vida da tua A., não farei"
        },
        {
          "referencia": "2 Samuel 14.19",
          "texto": "a mulher e disse: Vive a tua Á., ó rei meu"
        },
        {
          "referencia": "1 Reis 1.29",
          "texto": "o Senhor, o qual remiu a minha A. de toda a angústia,"
        },
        {
          "referencia": "1 Reis 2.4",
          "texto": "o seu coração e com toda a sua Á., nunca, disse, te"
        },
        {
          "referencia": "1 Reis 848",
          "texto": "seu coração e de toda a sua A., na terra de seus"
        },
        {
          "referencia": "1 Reis 11.37",
          "texto": "tudo o que desejar a tua Á. e serás rei sobre Israel."
        },
        {
          "referencia": "1 Reis 17.21",
          "texto": "meu Deus, rogo-te que torne a À. deste menino a"
        },
        {
          "referencia": "1 Reis 17.22",
          "texto": "ouviu a voz de Elias; e a À. do menino tornou a"
        },
        {
          "referencia": "1 Reis 20.31",
          "texto": "rei de Israel; pode ser que guarde em vida a tua Á.."
        },
        {
          "referencia": "2 Reis 2.2",
          "texto": "Vive o Senhor, e vive a tua Æ., que te não"
        },
        {
          "referencia": "2 Reis 2.4",
          "texto": "Vive o Senhor, e vive a tua A., que te não"
        },
        {
          "referencia": "2 Reis 2.6",
          "texto": "Vive o Senhor, e vive a tua A., que te não"
        },
        {
          "referencia": "2 Reis 4.27",
          "texto": "de Deus: Deixa-a, porque a sua 4. nela está"
        },
        {
          "referencia": "2 Reis 4.30",
          "texto": "Vive o Senhor, e vive a tua Á., que não te hei de"
        },
        {
          "referencia": "2 Reis 23.3",
          "texto": "com todo o coração e com toda a A., confirmando as"
        },
        {
          "referencia": "2 Reis 23.25",
          "texto": "coração, e com toda a sua A., e com todas as"
        },
        {
          "referencia": "1 Crônicas 22.19",
          "texto": "o vosso coração e a vossa Å. para buscardes ao"
        },
        {
          "referencia": "1 Crônicas 28.9",
          "texto": "coração perfeito e com uma À. voluntária; porque"
        },
        {
          "referencia": "2 Crônicas 6.38",
          "texto": "coração e com toda a sua Á., na terra do seu"
        },
        {
          "referencia": "2 Crônicas 15.12",
          "texto": "pais, com todo o seu coração e com toda a sua Á.,"
        },
        {
          "referencia": "2 Crônicas 34.31",
          "texto": "o seu coração e com toda a sua Á., cumprindo as"
        },
        {
          "referencia": "Jó 6.7",
          "texto": "A minha Á. recusa tocar em vossas palavras, pois"
        },
        {
          "referencia": "Jó 7.11",
          "texto": "meu espírito; queixar-me-ei na amargura da minha A.."
        },
        {
          "referencia": "Jó 7.15",
          "texto": "pelo que a minha Á. escolheria, antes, a"
        },
        {
          "referencia": "Jó 9.21",
          "texto": "não estimo a minha A,; desprezo a minha vida."
        },
        {
          "referencia": "Jó 10.1",
          "texto": "A minha A. tem tédio de minha vida; darei livre"
        },
        {
          "referencia": "Jó 10.1",
          "texto": "à minha queixa, falarei na amargura da minha A.."
        },
        {
          "referencia": "Jó 11.20",
          "texto": "seu refúgio; e a sua esperança será o expirar da Á.."
        },
        {
          "referencia": "Jó 12.10",
          "texto": "que está na sua mão a 4, de tudo quanto vive, e o"
        },
        {
          "referencia": "Jó 14.22",
          "texto": "carne, nele, tem dores; ea sua A., nele, lamenta."
        },
        {
          "referencia": "Jó 16.4",
          "texto": "como vós falais, se a vossa Á. estivesse em lugar"
        },
        {
          "referencia": "Jó 16.4",
          "texto": "estivesse em lugar da minha Á.? Ou amontoaria"
        },
        {
          "referencia": "Jó 184",
          "texto": "O tu, que despedaças a tua À, na tua ira, será a"
        },
        {
          "referencia": "Jó 19.2",
          "texto": "entristecereis a minha A. e me quebrantareis"
        },
        {
          "referencia": "Jó 23.13",
          "texto": "então, o desviará? O que a sua Á. quiser, isso fará."
        },
        {
          "referencia": "Jó 24.12",
          "texto": "gemem os homens, e a À, dos feridos clama;"
        },
        {
          "referencia": "Jó 27.2",
          "texto": "causa, e o Todo-Poderoso, que amargurou a minha A.."
        },
        {
          "referencia": "Jó 27.8",
          "texto": "sido avaro, quando Deus lhe arrancar a sua Á.?"
        },
        {
          "referencia": "Jó 30.16",
          "texto": "derrama-se em mim a minha A.; os dias da aflição"
        },
        {
          "referencia": "Jó 30.25",
          "texto": "ou não se angustiou a minha A, pelo necessitado?"
        },
        {
          "referencia": "Jó 31.39",
          "texto": "novidade sem dinheiro e sufoquei a A. dos seus donos,"
        },
        {
          "referencia": "Jó 33.18",
          "texto": "para desviar a sua À, da cova e a sua vida, de"
        },
        {
          "referencia": "Jó 33.20",
          "texto": "abomina até o pão; ea sua Á., a comida apetecível."
        },
        {
          "referencia": "Jó 33.28",
          "texto": "Mas Deus livrou a minha A. de ir para a cova; e a"
        },
        {
          "referencia": "Jó 33.30",
          "texto": "para desviar a sua À, da perdição e o alumiar com a"
        },
        {
          "referencia": "SI 6.3",
          "texto": "Até a minha Á. está perturbada; mas tu, Senhor, até"
        },
        {
          "referencia": "S16.4",
          "texto": "Senhor, livra a minha A.; salva-me por tua benignidade."
        },
        {
          "referencia": "S17.5",
          "texto": "persiga o inimigo a minha Á. e alcance-a; calque"
        },
        {
          "referencia": "Salmos 11.1",
          "texto": "como dizeis, pois, à minha A.: Foge para a tua"
        },
        {
          "referencia": "Salmos 11.5",
          "texto": "prova o justo, mas a sua Á. aborrece o ímpio e o"
        },
        {
          "referencia": "S116.2",
          "texto": "A minha À. disse ao Senhor: Tu és o meu Senhor; não"
        },
        {
          "referencia": "SI 16.10",
          "texto": "Pois não deixarás a minha A. no inferno, nem"
        },
        {
          "referencia": "S117.13",
          "texto": "derriba-o, livra a minha 4. do ímpio, pela"
        },
        {
          "referencia": "S119.7",
          "texto": "é perfeita e refrigera a À.; o testemunho do"
        },
        {
          "referencia": "S122.20",
          "texto": "Livra a minha A. da espada e a minha predileta, da"
        },
        {
          "referencia": "S123.3",
          "texto": "Refrigera a minha A.; guia-me pelas veredas da"
        },
        {
          "referencia": "SI 24.4",
          "texto": "que não entrega a sua A. à vaidade, nem jura engano-"
        },
        {
          "referencia": "S125.1",
          "texto": "A ti, Senhor levanto a minha A.."
        },
        {
          "referencia": "S125.13",
          "texto": "A sua À, pousará no bem, e a sua descendência"
        },
        {
          "referencia": "Salmos 30.3",
          "texto": "fizeste subir a minha A. da sepultura;"
        },
        {
          "referencia": "S131.9",
          "texto": "de tristeza os meus olhos, a minha À. e o meu corpo."
        },
        {
          "referencia": "S134.2",
          "texto": "A minha À. se gloriará no Senhor; os mansos o"
        },
        {
          "referencia": "St35.3",
          "texto": "me perseguem; dize à minha Á.: Eu sou a tua salvação."
        },
        {
          "referencia": "S135.7",
          "texto": "rede na cova, que sem razão cavaram para a minha A.."
        },
        {
          "referencia": "S135.9",
          "texto": "E a minha Á. se alegrará no Senhor; alegrar-se-á na"
        },
        {
          "referencia": "S135.13",
          "texto": "de saco; humilhava a minha A. com o jejum, e a"
        },
        {
          "referencia": "S135.17",
          "texto": "verás isto? Resgata a minha A. das suas"
        },
        {
          "referencia": "S135.25",
          "texto": "em seu coração: Eja, sus, A. nossa! Não digam:"
        },
        {
          "referencia": "S141.4",
          "texto": "piedade de mim; sara a minha 4., porque pequei"
        },
        {
          "referencia": "S142.1",
          "texto": "das águas, assim suspira a minha Á. por ti, ó Deus!"
        },
        {
          "referencia": "S142.2",
          "texto": "A minha À. tem sede de Deus, do Deus vivo; quando"
        },
        {
          "referencia": "Salmos 42.4",
          "texto": "de mim derramo a minha A.; pois eu havia ido"
        },
        {
          "referencia": "S142.5",
          "texto": "que estás abatida, ó minha A., e por que te"
        },
        {
          "referencia": "S142.6",
          "texto": "Deus, dentro de mim a minha À, está abatida;"
        },
        {
          "referencia": "Salmos 42.11",
          "texto": "que estás abatida, ó minha A., e por que te"
        },
        {
          "referencia": "S143.5",
          "texto": "que estás abatida, ó minha 4.? E por que te"
        },
        {
          "referencia": "S149.8",
          "texto": "(pois a redenção da sua À. é caríssima, e seus"
        },
        {
          "referencia": "S149.15",
          "texto": "Mas Deus remirá a minha Á. do poder da sepultura,"
        },
        {
          "referencia": "S149.18",
          "texto": "vida ele bendisse a sua Á., e os homens o louvem"
        },
        {
          "referencia": "S154.4",
          "texto": "o Senhor está com aqueles que sustêm a minha A.."
        },
        {
          "referencia": "S155.18",
          "texto": "Livrou em paz a minha A, da guerra que me moviam;"
        },
        {
          "referencia": "Salmos 56.13",
          "texto": "pois tu livraste a minha A, da morte, como também"
        },
        {
          "referencia": "Salmos 57.1",
          "texto": "de mim, porque a minha 4. confia em ti; e à"
        },
        {
          "referencia": "S157.6",
          "texto": "aos meus passos, e a minha Á, ficou abatida;"
        },
        {
          "referencia": "St59.3",
          "texto": "que armam ciladas à minha A.; os fortes se ajuntam"
        },
        {
          "referencia": "S162.1",
          "texto": "A minha A. espera somente em Deus; dele vem a minha"
        },
        {
          "referencia": "Salmos 62.5",
          "texto": "Ó minha Á., espera somente em Deus, porque dele"
        },
        {
          "referencia": "S163.1",
          "texto": "te buscarei; a minha À, tem sede de ti; a"
        },
        {
          "referencia": "S163.5",
          "texto": "A minha A. se fartará, como de tutano e de gordura;"
        },
        {
          "referencia": "S163.8",
          "texto": "A minha A. te segue de perto; a tua destra me sustenta."
        },
        {
          "referencia": "S166.9",
          "texto": "sustenta com vida a nossa À. e não consente que"
        },
        {
          "referencia": "Salmos 66.16",
          "texto": "a Deus, e eu contarei o que ele tem feito à minha A.."
        },
        {
          "referencia": "S169.1",
          "texto": "ó Deus, pois as águas entraram até à minha A.."
        },
        {
          "referencia": "S169.10",
          "texto": "castiguei com jejum a minha Æ., mas até isto se me"
        },
        {
          "referencia": "S169.18",
          "texto": "Aproxima-te da minha A., e resgata-a; livra-me por"
        },
        {
          "referencia": "S170.2",
          "texto": "os que procuram a minha A.; tornem atrás e"
        },
        {
          "referencia": "S171.10",
          "texto": "mim, e os que espiam a minha A. consultam juntos,"
        },
        {
          "referencia": "S171.13",
          "texto": "são adversários da minha A.; cubram-se de"
        },
        {
          "referencia": "S172.13",
          "texto": "do pobre e do aflito e salvará a À. dos necessitados."
        },
        {
          "referencia": "S172.14",
          "texto": "Libertará a sua À. do engano e da violência, e"
        },
        {
          "referencia": "Salmos 74.19",
          "texto": "Não entregues às feras a Á. da tua pombinha; não te"
        },
        {
          "referencia": "Salmos 77.2",
          "texto": "noite e não cessava; a minha A. recusava ser consolada."
        },
        {
          "referencia": "S178.50",
          "texto": "à sua ira; não poupou a À. deles à morte, nem a"
        },
        {
          "referencia": "SI 84.2",
          "texto": "A minha À, está anelante e desfalece pelos átrios"
        },
        {
          "referencia": "St 86.2",
          "texto": "Guarda a minha A., pois sou santo; ó Deus meu,"
        },
        {
          "referencia": "St 86.4",
          "texto": "Alegra a À. do teu servo, pois a ti, Senhor,"
        },
        {
          "referencia": "Salmos 86.13",
          "texto": "comigo; e livraste a minha A. do mais profundo da"
        },
        {
          "referencia": "S188.14",
          "texto": "por que rejeitas a minha 4.? Por que escondes de"
        },
        {
          "referencia": "S194.17",
          "texto": "em meu auxílio, já a minha A. habitaria no lugar"
        },
        {
          "referencia": "Salmos 94.19",
          "texto": "cuidados, as tuas consolações reanimaram a minha"
        },
        {
          "referencia": "S197.10",
          "texto": "o mal; ele guarda a A, dos seus santos,"
        },
        {
          "referencia": "Salmos 103.1",
          "texto": "Bendize, ó minha A., ao Senhor, e tudo o que há em"
        },
        {
          "referencia": "SI 103.2",
          "texto": "Bendize, ó minha Á., ao Senhor, e não te esqueças"
        },
        {
          "referencia": "Salmos 103.22",
          "texto": "do seu domínio. Bendize, ó minha A., ao Senhor."
        },
        {
          "referencia": "Salmos 104.1",
          "texto": "Bendize, ó minha AÁ., ao Senhor! Senhor, Deus meu,"
        },
        {
          "referencia": "S1107.9",
          "texto": "Pois fartou a A. sedenta e encheu de bens a A. faminta,"
        },
        {
          "referencia": "S1107.9",
          "texto": "fartou a À. sedenta e encheu de bens a À. faminta,"
        },
        {
          "referencia": "SI 107.18",
          "texto": "A sua Á. aborreceu toda comida, e chegaram até às"
        },
        {
          "referencia": "Salmos 107.26",
          "texto": "descem aos abismos, e a sua À. se derrete em an-"
        },
        {
          "referencia": "S1108.1",
          "texto": "ó Deus; cantarei e salmodiarei com toda a minha Á.."
        },
        {
          "referencia": "A 109.20",
          "texto": "dos meus contrários e dos que falam mal da minha"
        },
        {
          "referencia": "Salmos 109.31",
          "texto": "do pobre, para o livrar dos que condenam a sua Á.."
        },
        {
          "referencia": "S1116.4",
          "texto": "nome do Senhor, dizendo: Ó Senhor, livra a minha A.!"
        },
        {
          "referencia": "SI 116.7",
          "texto": "Volta, minha Á., a teu repouso, pois o Senhor te"
        },
        {
          "referencia": "S1116.8",
          "texto": "tu, Senhor, livraste a minha A. da morte, os meus"
        },
        {
          "referencia": "S1119.25",
          "texto": "A minha À, está pegada ao pó; vivifica-me segundo a"
        },
        {
          "referencia": "SI 119.167",
          "texto": "A minha Á. tem observado os teus testemunhos:"
        },
        {
          "referencia": "Salmos 119.175",
          "texto": "Viva a minha 4. e louvar-te-á; ajudem-me os teus"
        },
        {
          "referencia": "Salmos 121.7",
          "texto": "te guardará de todo mal; ele guardará a tua A.."
        },
        {
          "referencia": "SI 123.4",
          "texto": "A nossa À. está sobremodo farta da zombaria"
        },
        {
          "referencia": "Salmos 124.5",
          "texto": "as águas altivas teriam passado sobre a nossa Á.."
        },
        {
          "referencia": "Salmos 124.7",
          "texto": "A nossa À. escapou, como um pássaro do laço dos"
        },
        {
          "referencia": "S1130.5",
          "texto": "Aguardo o Senhor; a minha À. o aguarda, e espero na"
        },
        {
          "referencia": "S1130.6",
          "texto": "A minha A. anseia pelo Senhor mais do que os"
        },
        {
          "referencia": "S1131.2",
          "texto": "calar e sossegar a minha A.; qual criança"
        },
        {
          "referencia": "S1131.2",
          "texto": "para com sua mãe, tal é a minha Á. para comigo."
        },
        {
          "referencia": "Salmos 138.3",
          "texto": "me escutaste; alentaste-me, fortalecendo a minha A.."
        },
        {
          "referencia": "Salmos 139.14",
          "texto": "são as tuas obras, e a minha 4. o sabe muito bem."
        },
        {
          "referencia": "Salmos 141.8",
          "texto": "Senhor; em ti confio; não desampares a minha A.."
        },
        {
          "referencia": "Salmos 142.4",
          "texto": "refúgio me faltou; ninguém cuidou da minha A.."
        },
        {
          "referencia": "Salmos 142.7",
          "texto": "Tira a minha A. da prisão, para que louve o teu"
        },
        {
          "referencia": "Salmos 143.3",
          "texto": "inimigo perseguiu a minha A.; abateu-me até ao"
        },
        {
          "referencia": "Salmos 143.6",
          "texto": "ti as minhas mãos; a minha À. tem sede de ti como"
        },
        {
          "referencia": "Salmos 143.8",
          "texto": "que devo seguir, porque a ti levanto a minha A.."
        },
        {
          "referencia": "Salmos 143.11",
          "texto": "por amor da tua justiça, tira a minha 4. da angústia."
        },
        {
          "referencia": "Salmos 146.1",
          "texto": "Louvai ao Senhor! Ô minha A., louva ao Senhor!"
        },
        {
          "referencia": "Provérbios 1.19",
          "texto": "à cobiça; ela prenderá a À. dos que a possuem."
        },
        {
          "referencia": "Provérbios 2.10",
          "texto": "no teu coração, e o conhecimento será suave à tua Á.."
        },
        {
          "referencia": "Provérbios 3.22",
          "texto": "serão vida para a tua Á, e graça, para o teu pescoço."
        },
        {
          "referencia": "Provérbios 6.16",
          "texto": "aborrece o Senhor, e a sétima a sua À, abomina:"
        },
        {
          "referencia": "Provérbios 6.30",
          "texto": "quando furta para saciar a sua Á., tendo fome;"
        },
        {
          "referencia": "Provérbios 6.32",
          "texto": "de entendimento; destrói a sua Á. o que tal faz."
        },
        {
          "referencia": "Provérbios 8.36",
          "texto": "violentará a sua própria A.; todos os que me"
        },
        {
          "referencia": "Provérbios 10.3",
          "texto": "não deixa ter fome a A. do justo, mas o"
        },
        {
          "referencia": "Provérbios 11.17",
          "texto": "faz bem à sua própria Á., mas o cruel perturba"
        },
        {
          "referencia": "Do 13.2",
          "texto": "cada um comerá o bem, mas a Á. dos prevaricadores"
        },
        {
          "referencia": "Provérbios 13.3",
          "texto": "a sua boca conserva a sua A., maso que muito abre"
        },
        {
          "referencia": "Provérbios 134",
          "texto": "A À, do preguiçoso deseja e coisa nenhuma alcança,"
        },
        {
          "referencia": "Provérbios 13.4",
          "texto": "nenhuma alcança, mas a 4. dos diligentes engorda."
        },
        {
          "referencia": "Provérbios 13.19",
          "texto": "que se cumpre deleita a A., mas apartar-se do"
        },
        {
          "referencia": "Provérbios 13.25",
          "texto": "O justo come até que a sua À. fique satisfeita, mas"
        },
        {
          "referencia": "Provérbios 15.32",
          "texto": "correção menospreza a sua Å., mas o que escuta a"
        },
        {
          "referencia": "Provérbios 16.17",
          "texto": "do mal; o que guarda o seu caminho preserva a sua"
        },
        {
          "referencia": "Provérbios 16.24",
          "texto": "suaves: doces para a À. e saúde para os ossos."
        },
        {
          "referencia": "Provérbios 18.7",
          "texto": "destruição, e os seus lábios, um laço para a sua A.."
        },
        {
          "referencia": "Provérbios 19.8",
          "texto": "entendimento ama a sua A.; o que conserva a"
        },
        {
          "referencia": "N 19.15",
          "texto": "cair em profundo sono, e a Á, enganadora padecerá"
        },
        {
          "referencia": "Provérbios 19.16",
          "texto": "mandamento guardará a sua A.; mas o que desprezar"
        },
        {
          "referencia": "Provérbios 19.18",
          "texto": "há esperança, más para o matar não alçarás a tua A.."
        },
        {
          "referencia": "Provérbios 20.2",
          "texto": "o que provoca a sua ira peca contra a sua própria A.."
        },
        {
          "referencia": "Provérbios 20.27",
          "texto": "A À. do homem é a lâmpada do Senhor, a qual"
        },
        {
          "referencia": "Provérbios 21.10",
          "texto": "A À. do ímpio deseja o mal; o seu próximo não"
        },
        {
          "referencia": "Provérbios 21.23",
          "texto": "a boca e a língua guarda das angústias a sua Á.."
        },
        {
          "referencia": "Provérbios 22.5",
          "texto": "o que guarda a sua À. retira-se para longe dele."
        },
        {
          "referencia": "Provérbios 22.25",
          "texto": "as suas veredas e tomes um laço para a tua Á.."
        },
        {
          "referencia": "Provérbios 23.7",
          "texto": "como imaginou na sua A., assim é; ele te"
        },
        {
          "referencia": "Provérbios 23.14",
          "texto": "fustigarás com a vara e livrarás a sua Á. do inferno."
        },
        {
          "referencia": "Provérbios 24.12",
          "texto": "E aquele que atenta para a tua Á. não o saberá? Não"
        },
        {
          "referencia": "Provérbios 24.14",
          "texto": "da sabedoria para a tua À.; se a achares, haverá"
        },
        {
          "referencia": "Provérbios 25.13",
          "texto": "que o enviam; porque alegra a À. dos seus senhores."
        },
        {
          "referencia": "Provérbios 25.25",
          "texto": "Como água fria para uma À. cansada, assim são as"
        },
        {
          "referencia": "Provérbios 27.7",
          "texto": "AA. farta pisa o Evo de mel, mas à Å. faminta"
        },
        {
          "referencia": "Provérbios 27.7",
          "texto": "pisa o favo de mel, mas à 4. faminta todo amargo"
        },
        {
          "referencia": "Provérbios 29.17",
          "texto": "filho, e te fará descansar e dará delícias à tua A.."
        },
        {
          "referencia": "Provérbios 29.24",
          "texto": "aborrece a sua própria A.; ouve maldições e não"
        },
        {
          "referencia": "Eclesiastes 2.24",
          "texto": "beba e que faça gozar a sua À. do bem do seu"
        },
        {
          "referencia": "Eclesiastes 4.8",
          "texto": "quem trabalho eu, privando a minha A. do bem?"
        },
        {
          "referencia": "Eclesiastes 6.2",
          "texto": "falta de tudo quanto a sua Á. deseja, mas Deus"
        },
        {
          "referencia": "Eclesiastes 6.3",
          "texto": "forem muitos, e se a sua À, se não fartar do"
        },
        {
          "referencia": "Eclesiastes 7.28",
          "texto": "causa que a minha Á. ainda busca, mas não a achei;"
        },
        {
          "referencia": "Cânticos 1.7",
          "texto": "ó tu, a quem ama a minha A.: onde apascentas o"
        },
        {
          "referencia": "Cânticos 3.1",
          "texto": "aquele a quem ama a minha 4.; busquei-o e não o"
        },
        {
          "referencia": "Cânticos 3.3",
          "texto": "perguntei-lhes: Vistes aquele a quem ama a minha A.?"
        },
        {
          "referencia": "Cânticos 3.4",
          "texto": "aquele a quem ama a minha A.; detive-o, até que o"
        },
        {
          "referencia": "Cânticos 5.6",
          "texto": "ese tinha ido; a minha A. tinha-se derretido"
        },
        {
          "referencia": "Cânticos 6.12",
          "texto": "eu o sentir, me pôs a minha A. nos carros do meu"
        },
        {
          "referencia": "Isaías 1.14",
          "texto": "as aborrece a minha A.; já me são pesadas;"
        },
        {
          "referencia": "Isaías 3.9",
          "texto": "não os dissimulam. Ai da sua Á.! Porque se fazem"
        },
        {
          "referencia": "Isaías 10.18",
          "texto": "seu campo fértil, desde a A. até ao corpo; e será"
        },
        {
          "referencia": "É 15.4",
          "texto": "armados de Moabe clamam; a sua 4. treme dentro de-"
        },
        {
          "referencia": "Isaías 19.10",
          "texto": "que trabalham por salário ficarão com tristeza na A.."
        },
        {
          "referencia": "Isaías 26.8",
          "texto": "teu nome e na tua memória está o desejo da nossa A.."
        },
        {
          "referencia": "Isaías 26.9",
          "texto": "Com minha Á. te desejei de noite e, com o meu"
        },
        {
          "referencia": "Isaías 29.8",
          "texto": "mas, acordando, sente a sua Å. vazia; ou como o"
        },
        {
          "referencia": "Isaías 29.8",
          "texto": "ainda desfalecido se acha, e a sua A., com sede;"
        },
        {
          "referencia": "Isaías 32.6",
          "texto": "Senhor, e para deixar vazia a A. do faminto, e"
        },
        {
          "referencia": "Isaías 38.15",
          "texto": "os meus anos, por causa da amargura da minha A.."
        },
        {
          "referencia": "Isaías 38.17",
          "texto": "amorosamente abraçaste a minha A., que não caiu na"
        },
        {
          "referencia": "Isaías 42.1",
          "texto": "em quem se compraz a minha A.; pus o meu"
        },
        {
          "referencia": "Isaías 43.4",
          "texto": "que dei os homens por ti, e os povos, pela tua A.."
        },
        {
          "referencia": "Isaías 44.20",
          "texto": "que não pode livrar a sua Á., nem dizer: Não há"
        },
        {
          "referencia": "Isaías 46.2",
          "texto": "livrar-se da carga, mas a sua 4. entrou em cativeiro."
        },
        {
          "referencia": "Isaías 49.7",
          "texto": "de Israel, o seu Santo, à À. desprezada, ao que"
        },
        {
          "referencia": "Isaías 51.23",
          "texto": "que dizem à tua Á.: Abaixa-te, para que"
        },
        {
          "referencia": "Isaías 53.10",
          "texto": "enfermar; quando a sua À. se puser por"
        },
        {
          "referencia": "Isaías 53.12",
          "texto": "porquanto derramou a sua À, na morte e foi"
        },
        {
          "referencia": "Isaías 55.2",
          "texto": "comei o que é bom, e a vossa Á, se deleite com a gor-"
        },
        {
          "referencia": "Isaías 55.3",
          "texto": "vinde a mim; ouvi, e a vossa Á, viverá; porque"
        },
        {
          "referencia": "Isaías 58.3",
          "texto": "Por que afligimos a nossa Á., etu o não sabes?"
        },
        {
          "referencia": "Isaías 58.5",
          "texto": "o homem um dia aflija a sua Á., que incline a"
        },
        {
          "referencia": "Isaías 58.10",
          "texto": "e, se abrires a tua Á. ao faminto e fartares a A,"
        },
        {
          "referencia": "Isaías 58.10",
          "texto": "ao faminto e fartares a À. aflita, então, a tua"
        },
        {
          "referencia": "Isaías 58.11",
          "texto": "e fartará a tua Å. em lugares secos, e"
        },
        {
          "referencia": "Isaías 61.10",
          "texto": "muito no Senhor, a minha A. se alegra no meu"
        },
        {
          "referencia": "Isaías 66.3",
          "texto": "os seus próprios caminhos, e a sua Á. toma prazer"
        },
        {
          "referencia": "Jeremias 2.24",
          "texto": "conforme o desejo da sua A., sorve o vento;"
        },
        {
          "referencia": "Jeremias 2.34",
          "texto": "se achou o sangue da A. dos inocentes e"
        },
        {
          "referencia": "Jeremias 3.11",
          "texto": "justificou mais a sua À, do que a aleivosa Judá."
        },
        {
          "referencia": "Jeremias 4.10",
          "texto": "Tereis paz; pois a espada penetra-lhe até à A.."
        },
        {
          "referencia": "Jeremias 4.19",
          "texto": "posso calar, porque tu, ó minha Á., ouviste o som"
        },
        {
          "referencia": "Jeremias 4.31",
          "texto": "Ai de mim agora! Porque a minha A. desmaia"
        },
        {
          "referencia": "Jeremias 5.9",
          "texto": "ou não se vingaria a minha 4. de uma nação como esta?"
        },
        {
          "referencia": "Jeremias 5.29",
          "texto": "não se vingaria a minha Á, de uma nação como esta?"
        },
        {
          "referencia": "Jeremias 6.8",
          "texto": "Jerusalém, para que a minha 4. não se aparte de"
        },
        {
          "referencia": "Jeremias 6.16",
          "texto": "e achareis descanso para a vossa 4.; mas eles"
        },
        {
          "referencia": "Jeremias 9.9",
          "texto": "ou não se vingaria a minha A. de gente tal como esta?"
        },
        {
          "referencia": "Jeremias 12.7",
          "texto": "entreguei a amada da minha A. na mão de seus inimi-"
        },
        {
          "referencia": "Jeremias 13.17",
          "texto": "isso não ouvirdes, a minha A. chorará em lugares"
        },
        {
          "referencia": "Jeremias 14.19",
          "texto": "a Judá? Ou aborrece a tua À. a Sião? Por que nos"
        },
        {
          "referencia": "Jeremias 15.1",
          "texto": "de mim, não seria a minha A. com este povo;"
        },
        {
          "referencia": "Jeremias 15.9",
          "texto": "enfraqueceu; expirou a sua Á.; pôs-se o seu sol"
        },
        {
          "referencia": "Jeremias 17.21",
          "texto": "o Senhor: Guardai a vossa A. e não tragais cargas"
        },
        {
          "referencia": "Jeremias 18.20",
          "texto": "uma cova para a minha A.; lembra-te de que"
        },
        {
          "referencia": "Jeremias 20.13",
          "texto": "ao Senhor; pois livrou a À. do necessitado da"
        },
        {
          "referencia": "Jeremias 22.27",
          "texto": "a qual eles levantam a sua Á., para ali tornarem,"
        },
        {
          "referencia": "Jeremias 26.19",
          "texto": "E nós não fazemos um grande mal contra a nossa A.?"
        },
        {
          "referencia": "Jeremias 31.12",
          "texto": "cordeiros, e os bezerros; e a sua À. será como um"
        },
        {
          "referencia": "Jeremias 31.14",
          "texto": "E saciarei a Á. dos sacerdotes de gordura, eo meu"
        },
        {
          "referencia": "Jeremias 31.25",
          "texto": "Porque satisfiz a À. cansada, e toda a A."
        },
        {
          "referencia": "Jeremias 31.25",
          "texto": "a À. cansada, e toda a Á. entristecida saciei."
        },
        {
          "referencia": "Jeremias 32.41",
          "texto": "com todo o meu o e com toda a minha A.."
        },
        {
          "referencia": "Jeremias 37.9",
          "texto": "Não enganeis a vossa Å., dizendo: Sem"
        },
        {
          "referencia": "Jeremias 38.2",
          "texto": "caldeus viverá; porque a sua A. lhe será por"
        },
        {
          "referencia": "Jeremias 38.16",
          "texto": "Vive o Senhor, que nos fez esta A., que não te"
        },
        {
          "referencia": "Jeremias 38.17",
          "texto": "da Babilônia, então, viverá a tua A., e esta"
        },
        {
          "referencia": "Jeremias 38.20",
          "texto": "a qual eu te falo; e bem te irá, e viverá atua A.."
        },
        {
          "referencia": "Jeremias 39.18",
          "texto": "não cairás à espada; mas a tua A. terás por"
        },
        {
          "referencia": "Jeremias 42.20",
          "texto": "enganastes a vossa Á., pois me enviastes"
        },
        {
          "referencia": "Jeremias 43.6",
          "texto": "e às filhas do rei, e a toda À. que deixara"
        },
        {
          "referencia": "Jeremias 44.7",
          "texto": "tão grande mal contra a vossa AÁ., para"
        },
        {
          "referencia": "Jeremias 44.14",
          "texto": "qual era grande desejo da sua À. voltar e habitar"
        },
        {
          "referencia": "Jeremias 45.5",
          "texto": "Senhor; a ti, porém, darei a tua Á. por despojo, em"
        },
        {
          "referencia": "Jeremias 50.19",
          "texto": "Basã; e fartar-se-á a sua À, no monte de Efraim e"
        },
        {
          "referencia": "Jeremias 51.6",
          "texto": "e livre cada um a sua Á.; não vos destruais a"
        },
        {
          "referencia": "Jeremias 51.45",
          "texto": "meu, e livre cada um a sua A., por causa do ardor"
        },
        {
          "referencia": "Lamentações 1.11",
          "texto": "para refrescarem a A.; vê, Senhor, e"
        },
        {
          "referencia": "Lamentações 1.16",
          "texto": "que devia restaurar a minha A.; os meus filhos"
        },
        {
          "referencia": "Lamentações 1.19",
          "texto": "para si mantimento, para refrescarem a sua A.."
        },
        {
          "referencia": "Lamentações 1.20",
          "texto": "turbada está a minha AÁ., o meu coração"
        },
        {
          "referencia": "Lamentações 2.11",
          "texto": "turbada está a minha A., o meu coração se"
        },
        {
          "referencia": "Lamentações 2.12",
          "texto": "cidade, derramando-se a sua Á. no regaço de suas"
        },
        {
          "referencia": "Lamentações 3.17",
          "texto": "E afastaste da paz a minha A.; esqueci-me do bem."
        },
        {
          "referencia": "Lamentações 3.20",
          "texto": "Minha A., certamente, se lembra e se abate dentro"
        },
        {
          "referencia": "Lamentações 3.24",
          "texto": "é o Senhor, diz a minha À.; portanto, esperarei nele."
        },
        {
          "referencia": "Lamentações 3.25",
          "texto": "para os que se atêm a ele, para a 4. que o busca."
        },
        {
          "referencia": "Lamentações 3.51",
          "texto": "O meu olho move a minha Á., por causa de todas as"
        },
        {
          "referencia": "Lamentações 3.58",
          "texto": "Senhor, os pleitos da minha A., remiste a minha vida."
        },
        {
          "referencia": "Ezequiel 3.19",
          "texto": "ele morrerá na sua maldade, mas tu livraste a tua A.."
        },
        {
          "referencia": "Ezequiel 3.21",
          "texto": "viverá, porque foi avisado; e tu livraste a tua Á.."
        },
        {
          "referencia": "Ezequiel 4.14",
          "texto": "Senhor Jeová! Eis que a minha Á, não foi"
        },
        {
          "referencia": "Ezequiel 7.19",
          "texto": "eles não fartarão a sua A., nem lhes encherão"
        },
        {
          "referencia": "Ezequiel 14.14",
          "texto": "justiça, livrariam apenas a sua A., diz o Senhor Jeová."
        },
        {
          "referencia": "Ezequiel 14.20",
          "texto": "mas só livrariam a sua própria À. pela sua justiça."
        },
        {
          "referencia": "Ezequiel 16.5",
          "texto": "pleno campo, pelo nojo da tua Á., no dia em que"
        },
        {
          "referencia": "Ezequiel 18.4",
          "texto": "as almas são minhas; como a À. do pai, também a"
        },
        {
          "referencia": "Ezequiel 18.4",
          "texto": "a À, do filho é minha; a À. que pecar, essa morrerá."
        },
        {
          "referencia": "Ezequiel 18.20",
          "texto": "A Å. que pecar, essa morrerá; o filho não levará a"
        },
        {
          "referencia": "Ezequiel 18.27",
          "texto": "juízo e a justiça, conservará este a sua Á, em vida."
        },
        {
          "referencia": "Ezequiel 23.17",
          "texto": "com eles; então, apartou-se deles a A. dela."
        },
        {
          "referencia": "Ezequiel 23.18",
          "texto": "sua vergonha; então, a minha A. se apartou dela,"
        },
        {
          "referencia": "Ezequiel 23.18",
          "texto": "como já se tinha apartado a minha Á. de sua irmã."
        },
        {
          "referencia": "Ezequiel 23.22",
          "texto": "quais se tinha apartado a tua Á., eostrarei"
        },
        {
          "referencia": "Ezequiel 23.28",
          "texto": "na mão daqueles de quem se tinha apartado a tua A.."
        },
        {
          "referencia": "Ezequiel 24.21",
          "texto": "olhos e o regalo da vossa À.; e vossos filhos"
        },
        {
          "referencia": "Ezequiel 24.25",
          "texto": "dos seus olhos, a saudade da sua À. e seus filhos"
        },
        {
          "referencia": "Ezequiel 27.31",
          "texto": "sobre ti com amargura de A., com amarga lamen-"
        },
        {
          "referencia": "Ezequiel 33.9",
          "texto": "morrerá na sua iniquidade, mas tu livraste a tua Á.."
        },
        {
          "referencia": "Ezequiel 36.5",
          "texto": "o coração e com menosprezo de Á., para ser"
        },
        {
          "referencia": "Amós 2.15",
          "texto": "tampouco o que vai montado a cavalo livrará a sua"
        },
        {
          "referencia": "Amós 6.8",
          "texto": "o Senhor Jeová pela sua A., o Senhor, Deus dos"
        },
        {
          "referencia": "Jonas 2.5",
          "texto": "As águas me cercaram até à Á., o abismo me rodeou,"
        },
        {
          "referencia": "Jonas 2.7",
          "texto": "desfalecia em mim a minha Á., eu me lembrei do"
        },
        {
          "referencia": "Jonas 4.8",
          "texto": "e desejou com toda a sua A. morrer, dizendo:"
        },
        {
          "referencia": "Mg 6.7",
          "texto": "O fruto do meu ventre, pelo pecado da minha A.?"
        },
        {
          "referencia": "Mg 7.1",
          "texto": "comer, nem figos temporãos que a minha A. desejou."
        },
        {
          "referencia": "Mg 7.3",
          "texto": "fala da Corrupção da sua Á., e assim todos"
        },
        {
          "referencia": "Habacuque 2.4",
          "texto": "Eis que a sua À. se incha, não é reta nele; mas o"
        },
        {
          "referencia": "Habacuque 2.10",
          "texto": "tu a muitos povos, pecaste contra a tua Á.."
        },
        {
          "referencia": "Zacarias 11.8",
          "texto": "se angustiou deles a minha Á., e também a sua 4."
        },
        {
          "referencia": "Zacarias 11.8",
          "texto": "a minha Á., e também a sua Á. teve fastio de mim."
        },
        {
          "referencia": "Mateus 10.28",
          "texto": "corpo e não podem matar a A.; temei, antes, aquele"
        },
        {
          "referencia": "Mateus 10.28",
          "texto": "que pode fazer perecer no inferno a Á, e o corpo."
        },
        {
          "referencia": "Mateus 11.29",
          "texto": "de coração, e encontrareis descanso para a vossa À.."
        },
        {
          "referencia": "Mateus 12.18",
          "texto": "o meu amado, em quem a minha A. se compraz;"
        },
        {
          "referencia": "Mateus 16.26",
          "texto": "inteiro, se perder a sua 4.? Ou que dará o homem"
        },
        {
          "referencia": "o 16.26",
          "texto": "4.? Ou que dará o homem em recompensa da sua"
        },
        {
          "referencia": "Mateus 22.37",
          "texto": "o teu coração, e de toda a tua Á., e de todo o teu"
        },
        {
          "referencia": "Mateus 26.38",
          "texto": "Então, lhes disse: A minha A, está cheia de"
        },
        {
          "referencia": "Marcos 8.36",
          "texto": "ao homem ganhar todo o mundo e perder a sua 4.?"
        },
        {
          "referencia": "Marcos 8.37",
          "texto": "Ou que daria o homem pelo resgate da sua À.?"
        },
        {
          "referencia": "Marcos 12.30",
          "texto": "o teu coração, e de toda a tua Å., e de todo o teu"
        },
        {
          "referencia": "Marcos 12.33",
          "texto": "o entendimento, e detodaa 4., e de todas as"
        },
        {
          "referencia": "Marcos 14.34",
          "texto": "E disse-lhes: A minha À, está profundamente triste"
        },
        {
          "referencia": "Lucas 1.46",
          "texto": "Disse, então, Maria: A minha Å. engrandece ao Senhor,"
        },
        {
          "referencia": "Lucas 2.35",
          "texto": "também a tua própria A.), para que se"
        },
        {
          "referencia": "Lucas 10.27",
          "texto": "o teu coração, e de toda a tua A., e de todas as"
        },
        {
          "referencia": "Lucas 12.19",
          "texto": "e direi à minha A.: A., tens em depósito muitos"
        },
        {
          "referencia": "Lucas 12.20",
          "texto": "esta noite te pedirão a tua Á., eo que tens"
        },
        {
          "referencia": "Lucas 21.19",
          "texto": "Na vossa paciência, possuí a vossa A.."
        },
        {
          "referencia": "Jó 10.24",
          "texto": "Até quando terás a nossa Á. suspensa? Se tu és"
        },
        {
          "referencia": "Jó 12.27",
          "texto": "Agora, a minha Á. está perturbada; e que direi eu?"
        },
        {
          "referencia": "Atos 2.27",
          "texto": "Pois não deixarás a minha Á. no Hades, nem"
        },
        {
          "referencia": "Atos 2.31",
          "texto": "de Cristo, que a sua Á. não foi deixada no"
        },
        {
          "referencia": "Atos 2.43",
          "texto": "Em cada À, havia temor, e muitas maravilhas e"
        },
        {
          "referencia": "Atos 3.23",
          "texto": "E acontecerá que toda À. que não escutar esse"
        },
        {
          "referencia": "Atos 4.32",
          "texto": "E era um o coração e a À, aa multidão dos que"
        },
        {
          "referencia": "Atos 15.24",
          "texto": "e transtornaram a vossa Á. (não lhes tendo nós"
        },
        {
          "referencia": "Atos 20.10",
          "texto": "disse: Não vos perturbeis, que a sua Á. nele está."
        },
        {
          "referencia": "Romanos 2.9",
          "texto": "e angústia sobre toda Á, do homem que faz o"
        },
        {
          "referencia": "Romanos 11.3",
          "texto": "os teus altares; e só eu fiquei, e buscam a minha 4.?"
        },
        {
          "referencia": "Romanos 13.1",
          "texto": "Toda Á. esteja sujeita às autoridades superiores;"
        },
        {
          "referencia": "1 Coríntios 15.45",
          "texto": "homem, Adão, foi feito em A. vivente; o último"
        },
        {
          "referencia": "2 Coríntios 1.23",
          "texto": "por testemunha sobre a minha A., que, para vos"
        },
        {
          "referencia": "1 Tessalonicenses 2.8",
          "texto": "mas ainda a nossa própria A.; porquanto nos"
        },
        {
          "referencia": "1 Tessalonicenses 5.23",
          "texto": "e todo o vosso espírito, e Á., e corpo sejam"
        },
        {
          "referencia": "Hebreus 4.12",
          "texto": "e penetra até à divisão da A., e do espírito, e"
        },
        {
          "referencia": "Hebreus 6.19",
          "texto": "qual temos como âncora da À, segura e firme e que"
        },
        {
          "referencia": "Hebreus 10.38",
          "texto": "fé; e, se ele recuar, a minha A. não tem prazer nele."
        },
        {
          "referencia": "Hebreus 10.39",
          "texto": "mas daqueles que creem para a conservação da A.."
        },
        {
          "referencia": "Hebreus 13.17",
          "texto": "porque velam por vossa A., como aqueles gue"
        },
        {
          "referencia": "Tiago 5.20",
          "texto": "salvará da morte uma Á. e cobrirá uma"
        },
        {
          "referencia": "1 Pedro 1.9",
          "texto": "alcançando o fim da vossa fé, a salvação da A.."
        },
        {
          "referencia": "1 Pedro 1.22",
          "texto": "Purificando a vossa A. na obediência à verdade,"
        },
        {
          "referencia": "1 Pedro 2.11",
          "texto": "concupiscências carnais, que combatem contra a Á.,"
        },
        {
          "referencia": "1 Pedro 2.25",
          "texto": "agora, tendes voltado ao Pastor e Bispo da vossa Á.."
        },
        {
          "referencia": "1 Pedro 4.19",
          "texto": "Deus encomendem-lhe a sua A., como ao fiel"
        },
        {
          "referencia": "2 Pedro 2.8",
          "texto": "afligia todos os dias a sua À. justa, pelo que via"
        },
        {
          "referencia": "3 João 1.2",
          "texto": "e que tenhas saúde, assim como bem vai a tua Á.."
        },
        {
          "referencia": "Apocalipse 16.3",
          "texto": "como de um morto, e morreu no mar toda À. vivente."
        },
        {
          "referencia": "Apocalipse 18.14",
          "texto": "E o fruto do desejo da tua À. foi-se de ti, e todas"
        }
      ]
    }
  ]
}