{
  "a": [
    {
      "palavra": "almagra",
      "veja tambem": [
        "tinta",
        "corante",
        "pigmento"
      ],
      "ocorrencias": 1,
      "fonte": "Strong's H4843 (מָרַק/maraq)",
      "concordancias": [
        {
          "referencia": "Isaías 44.13",
          "texto": "a régua, e emprega a Á., eaplaina com o"
        }
      ]
    },
    {
      "palavra": "abisai",
      "veja tambem": [
        "nome",
        "filho",
        "zeruia",
        "davi"
      ],
      "ocorrencias": 25,
      "fonte": "Strong's H52 (אֲבִישַׁי/Abishay)",
      "concordancias": [
        {
          "referencia": "1 Samuel 26.6",
          "texto": "a Aimeleque, o heteu, e a A., filho de Zeruia,"
        },
        {
          "referencia": "1 Samuel 26.6",
          "texto": "comigo a Saul ao arraial? E disse A.: Eu descerei"
        },
        {
          "referencia": "1 Samuel 26.7",
          "texto": "Vieram, pois, Davi e Á. de noite ao povo, e eis"
        },
        {
          "referencia": "1 Samuel 26.8",
          "texto": "Então, disse A, a Davi: Deus te entregou, hoje,"
        },
        {
          "referencia": "1 Samuel 26.9",
          "texto": "E disse Davi a Á.: Nenhum dano lhe faças; porque"
        },
        {
          "referencia": "2 Samuel 2.18",
          "texto": "filhos de Zeruia, Joabe, A. e Asael; e Asael"
        },
        {
          "referencia": "2 Samuel 2.24",
          "texto": "Porém Joabe e Á. seguiram após Abner; e pôs-se o"
        },
        {
          "referencia": "2 Samuel 3.30",
          "texto": "Joabe, pois, e A., seu irmão, mataram a Abner,"
        },
        {
          "referencia": "2 Samuel 10.10",
          "texto": "do povo entregou na mão de Á., seu irmão, o qual"
        },
        {
          "referencia": "2 Samuel 10.14",
          "texto": "eles fugiram de diante de A. e entraram na"
        },
        {
          "referencia": "2 Samuel 16.9",
          "texto": "Então, disse A., filho de Zeruia, ao rei: Por que"
        },
        {
          "referencia": "2 Samuel 16.11",
          "texto": "Disse mais Davi a Á. e a todos os seus servos:"
        },
        {
          "referencia": "2 Samuel 18.2",
          "texto": "terço debaixo da mão de A., filho de Zeruia"
        },
        {
          "referencia": "2 Samuel 18.5",
          "texto": "rei deu ordem a Joabe, e a A., ea Itai,"
        },
        {
          "referencia": "2 Samuel 18.12",
          "texto": "que o rei te deu ordem a ti, e a A. ealtai,"
        },
        {
          "referencia": "2 Samuel 19.21",
          "texto": "Então, respondeu A., filho de Zeruia, e disse:"
        },
        {
          "referencia": "2 Samuel 20.6",
          "texto": "Então, disse Davia Æ.: Mais mal agora nos fará"
        },
        {
          "referencia": "2 Samuel 20.10",
          "texto": "vez, e morreu; então, Joabe e Á., seu irmão,"
        },
        {
          "referencia": "2 Samuel 21.17",
          "texto": "Porém A., filho de Zeruia, o socorreu, e feriu o"
        },
        {
          "referencia": "2 Samuel 23.18",
          "texto": "Também AÁ., irmão de Joabe, filho de Zeruia, era"
        },
        {
          "referencia": "1 Crônicas 2.16",
          "texto": "e foram os filhos de Zeruia: A., e Joabe, e"
        },
        {
          "referencia": "1 Crônicas 11.20",
          "texto": "E também Á., irmão de Joabe, foi chefe de três, o"
        },
        {
          "referencia": "1 Crônicas 18.12",
          "texto": "Também A., filho de Zeruia, feriu a dezoito mil"
        },
        {
          "referencia": "1 Crônicas 19.11",
          "texto": "do povo entregou na mão de Á., seu irmão; e"
        },
        {
          "referencia": "1 Crônicas 19.15",
          "texto": "eles fugiram de diante de A., irmão de Joabe,"
        }
      ]
    },
    {
      "palavra": "almas",
      "veja tambem": [
        "alma"
      ],
      "ocorrencias": 49,
      "fonte": "Strong's H5315 (נֶפֶשׁ/nephesh)",
      "concordancias": [
        {
          "referencia": "Gênesis 12.5",
          "texto": "que haviam adquirido, e as Á. que lhe"
        },
        {
          "referencia": "Gênesis 14.21",
          "texto": "a Abrão: Dá-me a mim as Á. e a fazenda toma"
        },
        {
          "referencia": "Gênesis 36.6",
          "texto": "e suas filhas, e todas as A. de sua casa, e"
        },
        {
          "referencia": "Gênesis 46.15",
          "texto": "com Diná, sua filha; todas as A. de seus filhos e"
        },
        {
          "referencia": "Gênesis 46.18",
          "texto": "sua filha Leia e que deu a Jacó estas dezesseis A.."
        },
        {
          "referencia": "Gênesis 46.22",
          "texto": "de Raquel, que nasceram a Jacó, ao todo catorze Á.."
        },
        {
          "referencia": "Gênesis 46.25",
          "texto": "e que deu estes a Jacó; todas as À. foram sete."
        },
        {
          "referencia": "Gênesis 46.26",
          "texto": "Todas as À. que vieram com Jacó ao Egito, que"
        },
        {
          "referencia": "Gênesis 46.26",
          "texto": "dos filhos de Jacó, todas foram sessenta e seis A.."
        },
        {
          "referencia": "Gênesis 46.27",
          "texto": "nasceram no Egito, eram duas Á.. Todas as A. da"
        },
        {
          "referencia": "Gênesis 46.27",
          "texto": "eram duas A.. Todas as 4, da casa de Jacó,"
        },
        {
          "referencia": "Êxodo 1.5",
          "texto": "Todas as Á., pois, que descenderam de Jacó foram"
        },
        {
          "referencia": "Êxodo 1.5",
          "texto": "de Jacó foram setenta A,; José, porém,"
        },
        {
          "referencia": "Êxodo 12.4",
          "texto": "casa, conforme o número das Á.; conforme o"
        },
        {
          "referencia": "Êxodo 16.16",
          "texto": "segundo o número das vossas Á.; cada um tomará"
        },
        {
          "referencia": "Êxodo 30.15",
          "texto": "oferta ao Senhor, para fazer expiação por vossas Á.."
        },
        {
          "referencia": "Êxodo 30.16",
          "texto": "diante do Senhor, para fazer expiação por vossas Á.."
        },
        {
          "referencia": "Levítico 18.29",
          "texto": "dessas abominações, as Á. que as fizerem"
        },
        {
          "referencia": "Números 19.18",
          "texto": "e sobre todo fato, e sobre as À. que ali"
        },
        {
          "referencia": "Números 31.35",
          "texto": "com ele, todas as Å. foram trinta e duas mil."
        },
        {
          "referencia": "Números 31.40",
          "texto": "E houve de À. humanas dezesseis mil; e o seu"
        },
        {
          "referencia": "Números 31.40",
          "texto": "e o seu tributo para o Senhor, trinta e duas Á.."
        },
        {
          "referencia": "Números 31.46",
          "texto": "e das À, humanas, dezesseis mil.),"
        },
        {
          "referencia": "Deuteronômio 10.22",
          "texto": "Com setenta Á. teus pais desceram ao Egito; e,"
        },
        {
          "referencia": "1 Samuel 22.22",
          "texto": "eu dei ocasião contra todas as Á. da casa de"
        },
        {
          "referencia": "Provérbios 11.30",
          "texto": "do justo é árvore de vida, e o que ganha Á. sábio é."
        },
        {
          "referencia": "Provérbios 14.25",
          "texto": "verdadeira livra as Á., mas o que se"
        },
        {
          "referencia": "Isaías 57.16",
          "texto": "a minha face se enfraqueceria, e as À. que eu fiz."
        },
        {
          "referencia": "Jeremias 52.29",
          "texto": "cativas de Jerusalém oitocentas e trinta e duas Á.."
        },
        {
          "referencia": "Jeremias 52.30",
          "texto": "setecentas e quarenta e cinco 4.; todas as Á."
        },
        {
          "referencia": "Jeremias 52.30",
          "texto": "quarenta e cinco A.; todas as À. são quatro mil"
        },
        {
          "referencia": "Ezequiel 13.18",
          "texto": "toda estátua, para caçarem as A.! Porventura,"
        },
        {
          "referencia": "Ezequiel 13.19",
          "texto": "de pão, para matardes as 4. que não haviam de"
        },
        {
          "referencia": "Ezequiel 13.19",
          "texto": "e para guardardes vivas as Á. que não haviam de"
        },
        {
          "referencia": "Ezequiel 13.20",
          "texto": "com que vós ali caçais as Á. como aves, e as"
        },
        {
          "referencia": "Ezequiel 13.20",
          "texto": "de vossos braços; e soltarei as À. que vós caçais"
        },
        {
          "referencia": "Ezequiel 18.4",
          "texto": "Eis que todas as A. são minhas; como a alma do"
        },
        {
          "referencia": "Ezequiel 22.25",
          "texto": "a presa; eles devoram as Á,; tesouros e"
        },
        {
          "referencia": "Ezequiel 22.27",
          "texto": "o sangue, para destrufrem as Á., para seguirem a"
        },
        {
          "referencia": "Lucas 9.56",
          "texto": "não veio para destruir as 4. dos homens, mas para"
        },
        {
          "referencia": "Atos 2.41",
          "texto": "e, naquele dia, agregaram-se quase três mil A.."
        },
        {
          "referencia": "Atos 7.14",
          "texto": "a toda sua parentela, que era de setenta e cinco A.."
        },
        {
          "referencia": "Atos 27.37",
          "texto": "ao todo no navio duzentas e setenta e seis Á.."
        },
        {
          "referencia": "2 Coríntios 12.15",
          "texto": "deixarei gastar pelas vossas Á., ainda que,"
        },
        {
          "referencia": "1 Pedro 3.20",
          "texto": "na qual poucas (isto é, oito) Á. se salvaram"
        },
        {
          "referencia": "2 Pedro 2.14",
          "texto": "de pecar, engodando as A. inconstantes, tendo"
        },
        {
          "referencia": "Apocalipse 6.9",
          "texto": "selo, vi debaixo do altar as 4. dos que foram"
        },
        {
          "referencia": "Apocalipse 18.13",
          "texto": "cavalos, e de carros, e de corpos e de À. de homens."
        },
        {
          "referencia": "Apocalipse 20.4",
          "texto": "o poder de julgar. E vi as A. daqueles que foram"
        }
      ]
    },
    {
      "palavra": "almodá",
      "veja tambem": [],
      "ocorrencias": 2,
      "fonte": "",
      "concordancias": [
        {
          "referencia": "Gênesis 10.26",
          "texto": "E Joctã gerou a A., ea Selefe, e a Hazar-Mavé, e"
        },
        {
          "referencia": "1 Crônicas 1.20",
          "texto": "E Joctã gerou a A. ea Selefe, e a Hazar Mavé, e"
        }
      ]
    },
    {
      "palavra": "almofada",
      "veja tambem": [],
      "ocorrencias": 2,
      "fonte": "",
      "concordancias": [
        {
          "referencia": "Top 406",
          "texto": "posição; Palavras Relacionadas: (almofadas-2; almofa-"
        },
        {
          "referencia": "Marcos 4.38",
          "texto": "na popa dormindo sobre uma À.; e"
        }
      ]
    },
    {
      "palavra": "almofadas",
      "veja tambem": [
        "almofada"
      ],
      "ocorrencias": 2,
      "fonte": "",
      "concordancias": [
        {
          "referencia": "Ezequiel 13.18",
          "texto": "Jeová: Ai das que cosem À. para todos os"
        },
        {
          "referencia": "Ezequiel 13.20",
          "texto": "aí vou eu contra as vossas Á., com que vós"
        }
      ]
    },
    {
      "palavra": "almom",
      "veja tambem": [],
      "ocorrencias": 1,
      "fonte": "",
      "concordancias": [
        {
          "referencia": "Josué 21.18",
          "texto": "e os seus arrabaldes, e Á. e os seus"
        }
      ]
    },
    {
      "palavra": "almom-diblataim",
      "veja tambem": [],
      "ocorrencias": 2,
      "fonte": "",
      "concordancias": [
        {
          "referencia": "Números 33.46",
          "texto": "de Dibom-Gade e acamparam-se em A.."
        },
        {
          "referencia": "Números 33.47",
          "texto": "E partiram de 4. e acamparam-se nos"
        }
      ]
    },
    {
      "palavra": "almotolia",
      "veja tambem": [],
      "ocorrencias": 2,
      "fonte": "",
      "concordancias": [
        {
          "referencia": "2 Reis 9.1",
          "texto": "os teus lombos, e toma esta A. de azeite na"
        },
        {
          "referencia": "2 Reis 9.3",
          "texto": "E toma a Á, de azeite, e derrama-o sobre a sua"
        }
      ]
    },
    {
      "palavra": "almugue",
      "veja tambem": [],
      "ocorrencias": 2,
      "fonte": "",
      "concordancias": [
        {
          "referencia": "IRs 10.11",
          "texto": "Ofir muitíssima madeira de A. e pedras preciosas."
        },
        {
          "referencia": "1 Reis 10.12",
          "texto": "E dessa madeira de A. fez o rei balaústres para"
        }
      ]
    },
    {
      "palavra": "aloes",
      "veja tambem": [],
      "ocorrencias": 4,
      "fonte": "",
      "concordancias": [
        {
          "referencia": "S145.8",
          "texto": "vestes cheiram a mirra, a Å. e a cássia, desde"
        },
        {
          "referencia": "Provérbios 7.17",
          "texto": "já perfumei o meu leito com mirra, Á. e canela."
        },
        {
          "referencia": "Cânticos 414",
          "texto": "árvores de incenso, a mirra e Á., com todas as"
        },
        {
          "referencia": "Jó 19.39",
          "texto": "quase cem libras de um composto de mirra e Á.."
        }
      ]
    },
    {
      "palavra": "alojados",
      "veja tambem": [
        "alojar"
      ],
      "ocorrencias": 2,
      "fonte": "",
      "concordancias": [
        {
          "referencia": "Números 10.5",
          "texto": "partirão os arraiais que 4. estão da"
        },
        {
          "referencia": "Josué 5.10",
          "texto": "pois, os filhos de Israel A. em Gilgal,"
        }
      ]
    },
    {
      "palavra": "alojai-vos",
      "veja tambem": [
        "alojar"
      ],
      "ocorrencias": 1,
      "fonte": "",
      "concordancias": [
        {
          "referencia": "Números 31.19",
          "texto": "E, vós, Á. sete dias fora do arraial;"
        }
      ]
    },
    {
      "palavra": "alojam",
      "veja tambem": [
        "alojar"
      ],
      "ocorrencias": 2,
      "fonte": "",
      "concordancias": [
        {
          "referencia": "Números 10.6",
          "texto": "partirão os arraiais que se 4, da banda do"
        },
        {
          "referencia": "Isaías 10.29",
          "texto": "Já vão passando, já se Á. em Geba; já Ramá treme,"
        }
      ]
    },
    {
      "palavra": "alojamento",
      "veja tambem": [
        "alojar"
      ],
      "ocorrencias": 3,
      "fonte": "",
      "concordancias": [
        {
          "referencia": "Josué 43",
          "texto": "à outra banda e depositai-as no Á, em que"
        },
        {
          "referencia": "Josué 4.8",
          "texto": "Israel, e levaram-nas consigo ao Á., eas"
        },
        {
          "referencia": "1 Crônicas 11.16",
          "texto": "então, no lugar forte, € o A, dos"
        }
      ]
    }
  ]
}