{
  "a": [
    {
      "palavra": "alojamos",
      "veja tambem": [
        "alojar"
      ],
      "ocorrencias": 1,
      "fonte": "Strong's H2583 (חָנָה/chanah)",
      "concordancias": [
        {
          "referencia": "Números 10.31",
          "texto": "porque tu sabes que nós nos Á. no deserto; de"
        }
      ]
    },
    {
      "palavra": "alojaram-se",
      "veja tambem": [
        "acampamento",
        "parada",
        "descanso"
      ],
      "ocorrencias": 6,
      "fonte": "Strong's H2583 (חָנָה/chanah)",
      "concordancias": [
        {
          "referencia": "Números 21.10",
          "texto": "os filhos de Israel partiram e A. em Obote."
        },
        {
          "referencia": "Números 21.11",
          "texto": "Depois, partiram de Obote e 4. nos outeiros"
        },
        {
          "referencia": "Números 21.12",
          "texto": "Dali, partiram e 4. junto ao ribeiro de Zerede."
        },
        {
          "referencia": "Números 21.13",
          "texto": "E, dali, partiram e A. desta banda de Arnom,"
        },
        {
          "referencia": "Josué 4.19",
          "texto": "no dia dez do mês primeiro; e A. em Gilgal,"
        },
        {
          "referencia": "Josué 8.11",
          "texto": "e vieram em frente da cidade, e A. da banda"
        }
      ]
    },
    {
      "palavra": "alojavam",
      "veja tambem": [
        "alojar"
      ],
      "ocorrencias": 3,
      "fonte": "Strong's H2583 (חָנָה/chanah)",
      "concordancias": [
        {
          "referencia": "Números 9.20",
          "texto": "segundo o dito do Senhor, se A. e, segundo o"
        },
        {
          "referencia": "Números 9.22",
          "texto": "então, os filhos de Israel se À. e não"
        },
        {
          "referencia": "Números 9.23",
          "texto": "o dito do Senhor, se A. e, segundo o"
        }
      ]
    },
    {
      "palavra": "alojou-se",
      "veja tambem": [
        "alojar"
      ],
      "ocorrencias": 1,
      "fonte": "Strong's H2583 (חָנָה/chanah)",
      "concordancias": [
        {
          "referencia": "Juízes 11.18",
          "texto": "do sol à terra dos moabitas, e 4. dalém de"
        }
      ]
    },
    {
      "palavra": "alom",
      "veja tambem": [
        "nome",
        "localidade",
        "lugar"
      ],
      "ocorrencias": 2,
      "fonte": "Strong's H596 (אָלַם/alam)",
      "concordancias": [
        {
          "referencia": "Josué 19.33",
          "texto": "termo desde Helefe e desde A. em Zaananim, e"
        },
        {
          "referencia": "1 Crônicas 4.37",
          "texto": "filho de Sif, filho de A., filho de Jedaías,"
        }
      ]
    },
    {
      "palavra": "alom-bacute",
      "veja tambem": [
        "carvalho",
        "árvore",
        "lugar"
      ],
      "ocorrencias": 1,
      "fonte": "Strong's H436 (אַלּוֹן/allon)",
      "concordancias": [
        {
          "referencia": "Gênesis 35.8",
          "texto": "debaixo do carvalho cujo nome chamou A.."
        }
      ]
    },
    {
      "palavra": "alonga",
      "veja tambem": [
        "alongar"
      ],
      "ocorrencias": 2,
      "fonte": "Strong's H5186 (נָטָה/natah)",
      "concordancias": [
        {
          "referencia": "Provérbios 4.24",
          "texto": "a tortuosidade da boca e A. de ti a"
        },
        {
          "referencia": "Isaías 54.2",
          "texto": "se estendam; não o impeças; À. as tuas cordas e"
        }
      ]
    },
    {
      "palavra": "alongam",
      "veja tambem": [
        "alongar"
      ],
      "ocorrencias": 1,
      "fonte": "Strong's H5186 (נָטָה/natah)",
      "concordancias": [
        {
          "referencia": "S173.27",
          "texto": "Pois eis que os que se Á. de ti perecerão; tu"
        }
      ]
    },
    {
      "palavra": "alongaram",
      "veja tambem": [
        "alongar"
      ],
      "ocorrencias": 1,
      "fonte": "Strong's H5186 (נָטָה/natah)",
      "concordancias": [
        {
          "referencia": "Ezequiel 31.5",
          "texto": "os seus ramos, e se Á. as suas"
        }
      ]
    },
    {
      "palavra": "alongas",
      "veja tambem": [
        "alongar"
      ],
      "ocorrencias": 1,
      "fonte": "Strong's H5186 (נָטָה/natah)",
      "concordancias": [
        {
          "referencia": "S122.1",
          "texto": "me desamparaste? Por que te À. das palavras do"
        }
      ]
    },
    {
      "palavra": "alongaste",
      "veja tambem": [
        "alongar"
      ],
      "ocorrencias": 0,
      "fonte": "Strong's H5186 (נָטָה/natah)",
      "concordancias": []
    },
    {
      "palavra": "alongueis",
      "veja tambem": [
        "alongar"
      ],
      "ocorrencias": 1,
      "fonte": "Strong's H5186 (נָטָה/natah)",
      "concordancias": [
        {
          "referencia": "Josué 8.4",
          "texto": "por detrás da cidade; não vos A. muito da"
        }
      ]
    },
    {
      "palavra": "alongues",
      "veja tambem": [
        "alon-"
      ],
      "ocorrencias": 5,
      "fonte": "Strong's H5186 (נָטָה/natah)",
      "concordancias": [
        {
          "referencia": "S122.11",
          "texto": "Não te A. de mim, pois a angústia está perto, e"
        },
        {
          "referencia": "S122.19",
          "texto": "Mas tu, Senhor, não te A. de mim; força minha,"
        },
        {
          "referencia": "S135.22",
          "texto": "o viste, não te cales; Senhor, não te A. de mim;"
        },
        {
          "referencia": "S138.21",
          "texto": "desampares, Senhor; meu Deus, não te Å. de mim."
        },
        {
          "referencia": "S171.12",
          "texto": "Ó Deus, não te À. de mim; meu Deus, apressa-te"
        }
      ]
    },
    {
      "palavra": "alosna",
      "veja tambem": [
        "absinto",
        "amargura",
        "veneno"
      ],
      "ocorrencias": 4,
      "fonte": "Strong's H3939 (לַעֲנָה/la'anah)",
      "concordancias": [
        {
          "referencia": "Jeremias 9.15",
          "texto": "Eis que darei de comer A. a este povo e"
        },
        {
          "referencia": "Jeremias 23.15",
          "texto": "Eis que lhes darei a comer A., e lhes farei"
        },
        {
          "referencia": "Amós 5.7",
          "texto": "que converteis o juízo em A. e deitais por terra"
        },
        {
          "referencia": "Amós 6.12",
          "texto": "tornado o juízo em fel e o fruto da justiça em A.?"
        }
      ]
    },
    {
      "palavra": "alpendre",
      "veja tambem": [],
      "ocorrencias": 10,
      "fonte": "",
      "concordancias": [
        {
          "referencia": "1 Crônicas 28.11",
          "texto": "seu filho, o risco do 4. com as suas"
        },
        {
          "referencia": "2 Crônicas 3.4",
          "texto": "E 0 À. que estava na frente, de comprimento,"
        },
        {
          "referencia": "2 Crônicas 29.7",
          "texto": "fecharam as portas do A., e apagaram as"
        },
        {
          "referencia": "2 Crônicas 29.17",
          "texto": "ao oitavo dia do mês, vieram ao A. do Senhor e"
        },
        {
          "referencia": "Ezequiel 40.9",
          "texto": "Então, mediu o outro A. da porta, que tinha"
        },
        {
          "referencia": "J12.17",
          "texto": "ministros do Senhor, entre o Å, e o altar, e"
        },
        {
          "referencia": "Marcos 14.68",
          "texto": "o que dizes. E saiu fora ao A., e o galo cantou."
        },
        {
          "referencia": "Jó 10.23",
          "texto": "E Jesus passeava no templo, no À. de Salomão."
        },
        {
          "referencia": "Atos 3.11",
          "texto": "atônito para junto deles no À. chamado de Salomão."
        },
        {
          "referencia": "Atos 5.12",
          "texto": "E estavam todos unanimemente no Á, de Salomão."
        }
      ]
    },
    {
      "palavra": "alpendres",
      "veja tambem": [
        "alpendre"
      ],
      "ocorrencias": 1,
      "fonte": "",
      "concordancias": [
        {
          "referencia": "Jó 5.2",
          "texto": "chamado em hebreu Betesda, o qual tem cinco A.."
        }
      ]
    },
    {
      "palavra": "alqueire",
      "veja tambem": [],
      "ocorrencias": 2,
      "fonte": "",
      "concordancias": [
        {
          "referencia": "Mateus 5.15",
          "texto": "e se coloca debaixo do Á., mas, no velador,"
        },
        {
          "referencia": "Lucas 11.33",
          "texto": "põe em oculto, nem debaixo do A., mas no"
        }
      ]
    },
    {
      "palavra": "alqueires",
      "veja tambem": [
        "alqueire"
      ],
      "ocorrencias": 1,
      "fonte": "",
      "concordancias": [
        {
          "referencia": "Lucas 16.7",
          "texto": "deves? E ele respondeu: Cem A. de trigo."
        }
      ]
    },
    {
      "palavra": "altamente",
      "veja tambem": [
        "alto"
      ],
      "ocorrencias": 2,
      "fonte": "",
      "concordancias": [
        {
          "referencia": "2 Crônicas 26.8",
          "texto": "até à entrada do Egito, porque se fortificou A.."
        },
        {
          "referencia": "Oséias 5.8",
          "texto": "a trombeta em Ramá; gritai A. em Bete-Áven;"
        }
      ]
    }
  ]
}