{
  "a": [
    {
      "palavra": "altar",
      "veja tambem": [
        "sacrifício",
        "oferta",
        "santuário",
        "templo"
      ],
      "ocorrencias": 362,
      "fonte": "Strong's H4196 (מִזְבֵּחַ/mizbeach)",
      "concordancias": [
        {
          "referencia": "Gênesis 8.20",
          "texto": "E edificou Noé um A. ao Senhor; e tomou de todo"
        },
        {
          "referencia": "Gênesis 8.20",
          "texto": "de toda ave limpa e ofereceu holocaustos sobre o A.."
        },
        {
          "referencia": "Gênesis 12.7",
          "texto": "terra. E edificou ali um 4. ao Senhor, que lhe apare-"
        },
        {
          "referencia": "Gênesis 12.8",
          "texto": "oriente; e edificou ali um À. ao Senhor e"
        },
        {
          "referencia": "Gênesis 13.4",
          "texto": "até ao lugar do A. que, dantes, ali tinha feito; e"
        },
        {
          "referencia": "Gênesis 13.18",
          "texto": "junto a Hebrom; e edificou ali um A. ao Senhor."
        },
        {
          "referencia": "Gênesis 229",
          "texto": "e edificou Abraão ali um A., e pôs em ordem a"
        },
        {
          "referencia": "Gênesis 22.9",
          "texto": "seu filho, e deitou-o sobre o A. em cima da lenha."
        },
        {
          "referencia": "Gênesis 26.25",
          "texto": "Então, edificou ali um A., e invocou o nome do"
        },
        {
          "referencia": "Gênesis 35.1",
          "texto": "e habita ali; faze ali um A. ao Deus que te"
        },
        {
          "referencia": "Gênesis 35.3",
          "texto": "a Betel; e ali farei um À. ao Deus que me"
        },
        {
          "referencia": "Gênesis 35.7",
          "texto": "E edificou ali um A. e chamou aquele lugar"
        },
        {
          "referencia": "Êxodo 17.15",
          "texto": "E Moisés edificou um A. e chamou o seu nome: O"
        },
        {
          "referencia": "Êxodo 20.24",
          "texto": "Um 4. de terra me farás e sobre ele sacrificarás"
        },
        {
          "referencia": "Êxodo 20.25",
          "texto": "E, se me fizeres um A. de pedras, não o farás de"
        },
        {
          "referencia": "Êxodo 20.26",
          "texto": "também por degraus ao meu Á., para que a tua"
        },
        {
          "referencia": "Êxodo 21.14",
          "texto": "com engano, tirá-lo-ás do meu A. para que morra."
        },
        {
          "referencia": "Êxodo 24.4",
          "texto": "de madrugada, e edificou um À. ao pé do monte e"
        },
        {
          "referencia": "Êxodo 246",
          "texto": "e a outra metade do sangue espargiu sobre o Á.."
        },
        {
          "referencia": "Êxodo 27.1",
          "texto": "Farás também o A. de madeira de cetim; cinco"
        },
        {
          "referencia": "Êxodo 27.1",
          "texto": "a largura (será quadrado o A.),etrês"
        },
        {
          "referencia": "Êxodo 27.5",
          "texto": "porás dentro do cerco do À. para baixo, de"
        },
        {
          "referencia": "Êxodo 27.5",
          "texto": "de maneira que a rede chegue até ao meio do A.."
        },
        {
          "referencia": "Êxodo 27.6",
          "texto": "Farás também varais para o Á., varais de madeira"
        },
        {
          "referencia": "Êxodo 27.7",
          "texto": "estejam de ambos os lados do A. quando for levado."
        },
        {
          "referencia": "Êxodo 28.43",
          "texto": "ou quando chegarem ao À. para ministrar no"
        },
        {
          "referencia": "Êxodo 29.12",
          "texto": "teu dedo sobre as pontas do A., e todo o sangue"
        },
        {
          "referencia": "Êxodo 29.12",
          "texto": "e todo o sangue restante derramarás à base do Á.."
        },
        {
          "referencia": "Êxodo 29.13",
          "texto": "gordura que houver neles e queimá-los-ás sobre o Á.;"
        },
        {
          "referencia": "Êxodo 29.16",
          "texto": "o seu sangue, e o espalharás sobre o Á., ao redor;"
        },
        {
          "referencia": "Êxodo 29.18",
          "texto": "todo o carneiro sobre o A,; é um holocausto"
        },
        {
          "referencia": "Êxodo 29.20",
          "texto": "e o resto do sangue espalharás sobre o A. ao redor."
        },
        {
          "referencia": "Êxodo 29.21",
          "texto": "sangue que estará sobre o À, e do azeite da"
        },
        {
          "referencia": "Êxodo 29.25",
          "texto": "suas mãos e o queimarás no Á. sobre o holocausto"
        },
        {
          "referencia": "Êxodo 29.36",
          "texto": "expiações e purificarás o Á., fazendo expiação"
        },
        {
          "referencia": "Êxodo 29.37",
          "texto": "dias farás expiação pelo À, e o santificarás, e"
        },
        {
          "referencia": "Êxodo 29.37",
          "texto": "será santíssimo; tudo o que tocar o 4. será santo."
        },
        {
          "referencia": "Êxodo 29.38",
          "texto": "é o que oferecereis sobre o A.: dois cordeiros de"
        },
        {
          "referencia": "Êxodo 30.1",
          "texto": "E farás um Á. para queimar o incenso; de madeira"
        },
        {
          "referencia": "Êxodo 30.10",
          "texto": "sobre as pontas do A. com o sangue do"
        },
        {
          "referencia": "Êxodo 30.18",
          "texto": "a tenda da congregação e o A. e deitarás água nela."
        },
        {
          "referencia": "Êxodo 30.20",
          "texto": "ou quando se chegarem ao A. para ministrar,"
        },
        {
          "referencia": "Êxodo 30.27",
          "texto": "castiçal com os seus utensílios, e o Á. do incenso,"
        },
        {
          "referencia": "Êxodo 30.28",
          "texto": "e o 4. do holocausto com todos os seus utensílios,"
        },
        {
          "referencia": "Êxodo 31.8",
          "texto": "com todos os seus utensílios, e o À. do incenso;"
        },
        {
          "referencia": "Êxodo 31.9",
          "texto": "e o 4. do holocausto com todos os seus utensílios"
        },
        {
          "referencia": "Êxodo 32.5",
          "texto": "vendo isto, edificou um Á. diante dele; e"
        },
        {
          "referencia": "Êxodo 35.15",
          "texto": "e o À. do incenso, e os seus varais, e o azeite da"
        },
        {
          "referencia": "Êxodo 35.160",
          "texto": "A. do holocausto, e o crivo de cobre que terá"
        },
        {
          "referencia": "Êxodo 37.25",
          "texto": "E fez o À. do incenso de madeira de cetim; de um"
        },
        {
          "referencia": "Êxodo 38.1",
          "texto": "Fez também o Á. do holocausto de madeira de cetim;"
        },
        {
          "referencia": "Êxodo 38.2",
          "texto": "formavam uma só peça com o Á.; e cobriu-o de cobre."
        },
        {
          "referencia": "Êxodo 38.3",
          "texto": "todos os utensílios do A.: os caldeirões, e as"
        },
        {
          "referencia": "Êxodo 38.4",
          "texto": "Fez também para o 4. um crivo de cobre, de obra de"
        },
        {
          "referencia": "Êxodo 38.7",
          "texto": "pelas argolas aos lados do Á., para levá-lo com"
        },
        {
          "referencia": "Êxodo 38.30",
          "texto": "tenda da congregação, e o À, de cobre, e o crivo"
        },
        {
          "referencia": "Êxodo 38.30",
          "texto": "de cobre para ele, e todos os utensílios do A.,"
        },
        {
          "referencia": "Êxodo 39.38",
          "texto": "também o Á. de ouro, e o azeite da unção, e o"
        },
        {
          "referencia": "Êxodo 39.39",
          "texto": "0 À. de cobre, e o seu crivo de cobre, e os seus"
        },
        {
          "referencia": "Êxodo 40.5",
          "texto": "E porás o À. de ouro para o incenso diante da arca"
        },
        {
          "referencia": "Êxodo 40.6",
          "texto": "Porás também o Á. do holocausto diante da porta do"
        },
        {
          "referencia": "Êxodo 40.7",
          "texto": "a tenda da congregação e o À. e nela porás água."
        },
        {
          "referencia": "Êxodo 40.10",
          "texto": "Ungirás também o Á. do holocausto e a todos os"
        },
        {
          "referencia": "Êxodo 40.10",
          "texto": "esantificaráso Á.; eo À, será uma coisa santíssima."
        },
        {
          "referencia": "Êxodo 40.26",
          "texto": "E pôs o À. de ouro na tenda da congregação, diante"
        },
        {
          "referencia": "Êxodo 40.29",
          "texto": "e pôs o 4. do holocausto à porta do tabernáculo da"
        },
        {
          "referencia": "Êxodo 40.30",
          "texto": "a tenda da congregação e o À. e derramou água"
        },
        {
          "referencia": "Êxodo 40.32",
          "texto": "e quando chegavam ao Á., lavavam-se, como o"
        },
        {
          "referencia": "Êxodo 40.33",
          "texto": "redor do tabernáculo e do A. e pendurou a coberta"
        },
        {
          "referencia": "Levítico 1.5",
          "texto": "o sangue à roda sobre o 4. que está diante"
        },
        {
          "referencia": "Levítico 1.7",
          "texto": "porão fogo sobre o Á., pondo em ordem a"
        },
        {
          "referencia": "Levítico 1.8",
          "texto": "sobre a lenha que está no fogo em cima do À.."
        },
        {
          "referencia": "Levítico 1.9",
          "texto": "tudo isto queimará sobre o 4.; holocausto é,"
        },
        {
          "referencia": "Levítico 1.11",
          "texto": "e a degolará ao lado do A., para a banda do norte,"
        },
        {
          "referencia": "Levítico 1.11",
          "texto": "espargirão o seu sangue à roda sobre o A.."
        },
        {
          "referencia": "Levítico 1.12",
          "texto": "em ordem sobre a lenha que está no fogo sobre o A.."
        },
        {
          "referencia": "Levítico 1.13",
          "texto": "eo queimará sobre o 4.; holocausto é,"
        },
        {
          "referencia": "Levítico 1.15",
          "texto": "a oferecerá sobre o A., elhe torcerá o"
        },
        {
          "referencia": "Levítico 1.15",
          "texto": "e o seu sangue será espremido na parede do A;"
        },
        {
          "referencia": "Levítico 1.16",
          "texto": "eo lançará junto ao À, ara a banda do"
        },
        {
          "referencia": "Levítico 1.17",
          "texto": "a queimará em cima do A. sobre a lenha que"
        },
        {
          "referencia": "Levítico 2.2",
          "texto": "este memorial sobre o A.; oferta queimada"
        },
        {
          "referencia": "Levítico 2.8",
          "texto": "se apresentará ao sacerdote, o qual a levará ao A.."
        },
        {
          "referencia": "Levítico 2.9",
          "texto": "ea queimará sobre o À.; oferta queimada é,"
        },
        {
          "referencia": "Levítico 2.12",
          "texto": "das primícias; porém sobre o Á. não subirão por"
        },
        {
          "referencia": "Levítico 3.2",
          "texto": "sacerdotes, espargirão o sangue sobre o A., emroda."
        },
        {
          "referencia": "Levítico 3.5",
          "texto": "queimarão isso sobre o A., em cima do"
        },
        {
          "referencia": "Levítico 3.8",
          "texto": "Arão espargirão o seu sangue sobre o Á., em redor."
        },
        {
          "referencia": "Levítico 3.11",
          "texto": "queimará isso sobre o A.; manjar é da oferta"
        },
        {
          "referencia": "Levítico 3.13",
          "texto": "de Arão espargirão o seu sangue sobre o A. em redor."
        },
        {
          "referencia": "Levítico 3.16",
          "texto": "queimará isso sobre o A.; manjar é da oferta"
        },
        {
          "referencia": "Levítico 4.7",
          "texto": "sangue sobre as pontas do À. do incenso"
        },
        {
          "referencia": "Levítico 4.7",
          "texto": "novilho derramará à base do À. do holocausto,"
        },
        {
          "referencia": "Levítico 4.10",
          "texto": "eo sacerdote a queimará sobre o À. do holocausto."
        },
        {
          "referencia": "Levítico 4.18",
          "texto": "porá sobre as pontas do Á., que está perante a"
        },
        {
          "referencia": "Iv 4.18",
          "texto": "do sangue derramará à base do À, do holocausto,"
        },
        {
          "referencia": "Levítico 4.19",
          "texto": "dele toda a sua gordura e queimá-la-á sobre o A.;"
        },
        {
          "referencia": "Levítico 4.25",
          "texto": "eo porá sobre as pontas do À, do holocausto;"
        },
        {
          "referencia": "Levítico 4.25",
          "texto": "do seu sangue derramará à base do A. do holocausto."
        },
        {
          "referencia": "Levítico 4.26",
          "texto": "Também queimará sobre o À. toda a sua gordura como"
        },
        {
          "referencia": "Levítico 4.30",
          "texto": "e o porá sobre as pontas do Á. do holocausto; e"
        },
        {
          "referencia": "Levítico 4.30",
          "texto": "e todo o resto do seu sangue derramará à base do A.."
        },
        {
          "referencia": "Levítico 4.31",
          "texto": "sacerdote a queimará sobre o 4. por cheiro suave"
        },
        {
          "referencia": "Levítico 4.34",
          "texto": "e o porá sobre as pontas do A. do holocausto;"
        },
        {
          "referencia": "Levítico 4.34",
          "texto": "todo o resto do seu sangue derramará na base do A.."
        },
        {
          "referencia": "Levítico 4.35",
          "texto": "sacerdote a queimará sobre o Á., em cima das"
        },
        {
          "referencia": "Levítico 5.9",
          "texto": "sobre a parede do A., porém o que sobejar"
        },
        {
          "referencia": "Levítico 5.9",
          "texto": "espremer-se-á à base do À.; expiação do pecado é."
        },
        {
          "referencia": "Levítico 5.12",
          "texto": "ea queimará sobre o Á., em cima das"
        },
        {
          "referencia": "Levítico 6.9",
          "texto": "será queimado sobre o Á, toda a noite até"
        },
        {
          "referencia": "Levítico 6.9",
          "texto": "a noite até pela manhã, e o fogo do A. arderá nele."
        },
        {
          "referencia": "Levítico 6.10",
          "texto": "o holocausto sobre o Á., e a porá junto"
        },
        {
          "referencia": "Levítico 6.10",
          "texto": "o holocausto sobre o A., ea porá junto ao A.."
        },
        {
          "referencia": "Ly 6.12",
          "texto": "O fogo, pois, sobre o À. arderá nele, não se"
        },
        {
          "referencia": "Iv 6.13",
          "texto": "arderá continuamente sobre o A.; não se apagará."
        },
        {
          "referencia": "Levítico 6.14",
          "texto": "de Arão a oferecerá perante o Senhor, diante do A.."
        },
        {
          "referencia": "Levítico 6.15",
          "texto": "então, o queimará sobre o À.; cheiro suave é"
        },
        {
          "referencia": "Iv 7.2",
          "texto": "eo seu sangue se espargirá sobre o 4. em redor."
        },
        {
          "referencia": "Levítico 7.5",
          "texto": "o queimará sobre o À. em oferta queimada"
        },
        {
          "referencia": "Levítico 7.31",
          "texto": "queimará a gordura sobre o A., porém o peito será"
        },
        {
          "referencia": "Levítico 8.11",
          "texto": "sete vezes sobre o À, e ungiu o A. e"
        },
        {
          "referencia": "1v8.11",
          "texto": "sobre o 4. e ungiu o Á. e todos os seus"
        },
        {
          "referencia": "Levítico 8.15",
          "texto": "seu dedo sobre as pontas do A. em redor, e expiou"
        },
        {
          "referencia": "Levítico 8.15",
          "texto": "o resto do sangue à base do 4. e o santificou,"
        },
        {
          "referencia": "Levítico 8.16",
          "texto": "rins, e sua gordura; e Moisés os queimou sobre o A.."
        },
        {
          "referencia": "Levítico 8.19",
          "texto": "e Moisés espargiu o sangue sobre o A., em redor."
        },
        {
          "referencia": "Levítico 8.21",
          "texto": "todo o carneiro sobre o Á,; holocausto de"
        },
        {
          "referencia": "Levítico 8.24",
          "texto": "espargiu o resto do sangue sobre o A., em redor."
        },
        {
          "referencia": "Levítico 8.28",
          "texto": "suas mãos e os queimou no Á. sobre o holocausto;"
        },
        {
          "referencia": "Levítico 8.30",
          "texto": "sangue que estava sobre o Á. e o espargiu sobre"
        },
        {
          "referencia": "Levítico 9.7",
          "texto": "Moisés a Arão: Chega-te ao A. e faze a tua"
        },
        {
          "referencia": "Levítico 9.8",
          "texto": "Então, Arão se chegou ao Á, e degolou o bezerro da"
        },
        {
          "referencia": "Levítico 9.9",
          "texto": "eo pôs sobre as pontas do À.; eo resto do"
        },
        {
          "referencia": "Levítico 9.9",
          "texto": "do À.; eo resto do sangue derramou à base do Á.."
        },
        {
          "referencia": "Levítico 9.10",
          "texto": "do pecado queimou sobre o Á., como o Senhor"
        },
        {
          "referencia": "Levítico 9.12",
          "texto": "o sangue, e ele espargiu-o sobre o A. em redor."
        },
        {
          "referencia": "Levítico 9.13",
          "texto": "seus pedaços, com a cabeça; e queimou-o sobre o A.."
        },
        {
          "referencia": "Levítico 9.14",
          "texto": "e as pernas e as queimou sobre o holocausto no A.."
        },
        {
          "referencia": "Iv 9.17",
          "texto": "dela, e a queimou sobre o A., além do"
        },
        {
          "referencia": "Levítico 9.18",
          "texto": "o sangue, que espargiu sobre o A., em redor,"
        },
        {
          "referencia": "Levítico 9.20",
          "texto": "sobre o peito, e ele queimou a gordura sobre o 4.;"
        },
        {
          "referencia": "Levítico 9.24",
          "texto": "e a gordura sobre o À.; o que vendo todo o"
        },
        {
          "referencia": "Levítico 10.12",
          "texto": "e comei-a sem levedura junto ao A., porquanto uma"
        },
        {
          "referencia": "Levítico 14.20",
          "texto": "oferta de manjares sobre o A.; assim, o sacerdote"
        },
        {
          "referencia": "Levítico 16.12",
          "texto": "cheio de brasas de fogo do Á., de diante do"
        },
        {
          "referencia": "Levítico 16.18",
          "texto": "Então, sairá ao À., que está perante o Senhor, e"
        },
        {
          "referencia": "Levítico 16.18",
          "texto": "do bode e o porá sobre as pontas do Á. ao redor."
        },
        {
          "referencia": "Levítico 16.20",
          "texto": "e a tenda da congregação, e o Á., então, fará"
        },
        {
          "referencia": "Levítico 16.25",
          "texto": "da oferta pela expiação do pecado sobre o A.."
        },
        {
          "referencia": "Levítico 16.33",
          "texto": "a tenda da congregação e o À.; semelhantemente"
        },
        {
          "referencia": "Levítico 17.6",
          "texto": "espargirá o sangue sobre o À. do Senhor, à porta"
        },
        {
          "referencia": "Levítico 17.11",
          "texto": "vo-lo tenho dado sobre o Á., para fazer"
        },
        {
          "referencia": "Levítico 21.23",
          "texto": "entrará, nem se chegará ao A., porquanto falta há"
        },
        {
          "referencia": "Levítico 22.22",
          "texto": "não poreis oferta queimada ao Senhor sobre o A.."
        },
        {
          "referencia": "Números 3.26",
          "texto": "ao tabernáculo e junto ao A., em redor; como"
        },
        {
          "referencia": "Números 4.11",
          "texto": "E, sobre o À, de ouro, estenderão um pano azul, e"
        },
        {
          "referencia": "Números 4.13",
          "texto": "E tirarão as cinzas do Á. e por cima dele"
        },
        {
          "referencia": "Números 4.14",
          "texto": "bacias, todos os utensílios do À,; e por cima"
        },
        {
          "referencia": "Números 4.26",
          "texto": "ao tabernáculo e junto ao Á. em redor, e as"
        },
        {
          "referencia": "Números 5.25",
          "texto": "manjares perante o Senhor; e a oferecerá sobre o A.."
        },
        {
          "referencia": "Números 5.26",
          "texto": "oferta memorativa, e sobre o À. o queimará; e,"
        },
        {
          "referencia": "Números 7.1",
          "texto": "os seus utensílios, e também o A. e todos os seus"
        },
        {
          "referencia": "Números 7.10",
          "texto": "para a consagração do A., no dia em que foi"
        },
        {
          "referencia": "Números 7.10",
          "texto": "pois, os príncipes a sua oferta perante o Á.."
        },
        {
          "referencia": "Números 7.11",
          "texto": "(cada qual em seu dia) para a consagração do A.."
        },
        {
          "referencia": "Números 7.84",
          "texto": "Esta é a consagração do Á., feita pelos príncipes"
        },
        {
          "referencia": "Números 7.88",
          "texto": "sessenta; esta é a consagração do A., depois que"
        },
        {
          "referencia": "Números 16.38",
          "texto": "para cobertura do A.; porquanto os"
        },
        {
          "referencia": "Números 16.39",
          "texto": "queimados, e os estenderam para cobertura do A.,"
        },
        {
          "referencia": "Números 16.46",
          "texto": "e põe nele fogo do À., e deita incenso"
        },
        {
          "referencia": "Números 18.3",
          "texto": "utensílios do santuário e ao Á., para que não"
        },
        {
          "referencia": "Números 18.5",
          "texto": "do santuário e a guarda do A., para que não haja"
        },
        {
          "referencia": "Números 18.7",
          "texto": "em todo o negócio do Á., e no que estiver"
        },
        {
          "referencia": "Números 18.17",
          "texto": "seu sangue espargirás sobre o Á., e a sua gordura"
        },
        {
          "referencia": "Números 23.2",
          "texto": "ofereceram um bezerro e um carneiro sobre cada"
        },
        {
          "referencia": "Números 23.4",
          "texto": "e ofereci um bezerro e um carneiro sobre cada Á.."
        },
        {
          "referencia": "Números 23.14",
          "texto": "e ofereceu um bezerro e um carneiro sobre cada A.."
        },
        {
          "referencia": "Números 23.30",
          "texto": "e ofereceu um bezerro e um carneiro sobre cada A.."
        },
        {
          "referencia": "Deuteronômio 12.27",
          "texto": "a carne e o sangue sobre o À, do Senhor, teu"
        },
        {
          "referencia": "Deuteronômio 12.27",
          "texto": "se derramará sobre o Á. do Senhor, teu"
        },
        {
          "referencia": "Deuteronômio 16.21",
          "texto": "bosque de árvores junto ao À, do Senhor, teu Deus,"
        },
        {
          "referencia": "Deuteronômio 26.4",
          "texto": "tua mão e o porá diante do À, do Senhor, teu Deus."
        },
        {
          "referencia": "Deuteronômio 27.5",
          "texto": "E ali edificarás um Á. ao Senhor, teu Deus, um"
        },
        {
          "referencia": "Deuteronômio 27.5",
          "texto": "ao Senhor, teu Deus, um A. de pedras; não"
        },
        {
          "referencia": "Deuteronômio 27.6",
          "texto": "inteiras edificarás o Á. do Senhor, teu Deus;"
        },
        {
          "referencia": "Deuteronômio 33.10",
          "texto": "incenso ao teu nariz e o holocausto sobre o teu A.."
        },
        {
          "referencia": "Josué 8.30",
          "texto": "Então, Josué edificou um Á. ao Senhor, Deus de"
        },
        {
          "referencia": "Josué 8.31",
          "texto": "da Lei de Moisés, a saber, um À. de pedras"
        },
        {
          "referencia": "Josué 9.27",
          "texto": "para a congregação e para o Á, do Senhor até ao"
        },
        {
          "referencia": "Josué 22.10",
          "texto": "tribo de Manassés edificaram um A. junto ao"
        },
        {
          "referencia": "Josué 22.10",
          "texto": "um Á. junto ao Jordão, um 4. de grande aparência."
        },
        {
          "referencia": "Josué 22.11",
          "texto": "de Manassés edificaram um À, na frente da"
        },
        {
          "referencia": "Josué 22.16",
          "texto": "ao Senhor, edificando-vos um A,, para vos"
        },
        {
          "referencia": "Josué 22.19",
          "texto": "contra nós, edificando-vos um Á., afora o"
        },
        {
          "referencia": "Josué 22.19",
          "texto": "edificando-vos um A., afora o Á. do Senhor,"
        },
        {
          "referencia": "Josué 22.23",
          "texto": "Se nós edificamos A. para nos tornar de após o"
        },
        {
          "referencia": "Josué 22.26",
          "texto": "agora, e nos edifiquemos um Á., não para"
        },
        {
          "referencia": "Josué 22.28",
          "texto": "então, diremos: Vede o modelo do A. do Senhor que"
        },
        {
          "referencia": "Josué 22.29",
          "texto": "ao Senhor, edificando Á. para holocausto,"
        },
        {
          "referencia": "Josué 22.29",
          "texto": "ou sacrifício, fora do A. do Senhor, nosso"
        },
        {
          "referencia": "Josué 22.34",
          "texto": "filhos de Gade puseram no À. o nome Ede, para que"
        },
        {
          "referencia": "Juízes 6.24",
          "texto": "Gideão edificou ali um Á. ao Senhor e lhe"
        },
        {
          "referencia": "Juízes 6.25",
          "texto": "boi de sete anos, e derriba o Á. de Baal, que é"
        },
        {
          "referencia": "Juízes 6.26",
          "texto": "ao Senhor, teu Deus, um Á. no cume deste"
        },
        {
          "referencia": "Juízes 6.28",
          "texto": "e o segundo boi foi oferecido no A. de novo edificado."
        },
        {
          "referencia": "Juízes 6.30",
          "texto": "que morra, pois derribou o À. de Baal e cortou"
        },
        {
          "referencia": "Juízes 6.31",
          "texto": "por si mesmo contenda; pois derribaram o seu A.."
        },
        {
          "referencia": "Juízes 6.32",
          "texto": "Baal contenda contra ele, pois derribou o seu Á.."
        },
        {
          "referencia": "Juízes 13.20",
          "texto": "que, subindo a chama do Á, para o céu, o Anjo"
        },
        {
          "referencia": "Juízes 13.20",
          "texto": "do Senhor subiu na chama do A.; o que vendo Manoá"
        },
        {
          "referencia": "Juízes 21.4",
          "texto": "levantou, e edificou ali um A., e ofereceu"
        },
        {
          "referencia": "1 Samuel 2.28",
          "texto": "para oferecer sobre o meu Á., para acender o"
        },
        {
          "referencia": "1 Samuel 2.33",
          "texto": "eu te não desarraigar do meu À. será para te"
        },
        {
          "referencia": "1 Samuel 7.17",
          "texto": "julgava a Israel, e edificou ali um A, ao Senhor."
        },
        {
          "referencia": "1 Samuel 14.35",
          "texto": "Então, edificou Saul um A. ao Senhor; este foi o"
        },
        {
          "referencia": "Lorn 14.35",
          "texto": "Senhor; este foi o primeiro Á. que edificou ao Se-"
        },
        {
          "referencia": "2 Samuel 24.18",
          "texto": "Sobe, levanta ao Senhor um A. na eira de"
        },
        {
          "referencia": "2 Samuel 24.21",
          "texto": "eira, a fim de edificar nela um Á. ao Senhor,"
        },
        {
          "referencia": "2 Samuel 24.25",
          "texto": "ali Davi ao Senhor um Á. e ofereceu"
        },
        {
          "referencia": "1 Reis 1.50",
          "texto": "e levantou-se, e foi, e pegou das pontas do Á.."
        },
        {
          "referencia": "1 Reis 1.51",
          "texto": "eis que pegou das pontas do A., dizendo:"
        },
        {
          "referencia": "1 Reis 1.53",
          "texto": "eo fizeram descer do Á.; e veio e"
        },
        {
          "referencia": "1 Reis 2.28",
          "texto": "o tabernáculo do Senhor, e pegou das pontas do A.."
        },
        {
          "referencia": "IRs 2.29",
          "texto": "e eis que está junto ao Á.; então, enviou"
        },
        {
          "referencia": "1 Reis 3.4",
          "texto": "mil holocaustos sacrificou Salomão naquele A.."
        },
        {
          "referencia": "e 6.20",
          "texto": "o cobriu de ouro puro e também cobriu de cedro o"
        },
        {
          "referencia": "1 Reis 6.22",
          "texto": "toda a casa; também todo o A. que estava diante"
        },
        {
          "referencia": "1 Reis 7.48",
          "texto": "à Casa do Senhor: o Á. de ouro; e a mesa"
        },
        {
          "referencia": "1 Reis 8.22",
          "texto": "E pôs-se Salomão diante do A. do Senhor, em frente"
        },
        {
          "referencia": "1 Reis 8.31",
          "texto": "e vier o juramento diante do teu A., nesta casa,"
        },
        {
          "referencia": "1 Reis 8.54",
          "texto": "para os céus, se levantou de diante do À. do Senhor,"
        },
        {
          "referencia": "1 Reis 8.64",
          "texto": "pacíficos; porque o A. de cobre que"
        },
        {
          "referencia": "1 Reis 9.25",
          "texto": "pacíficos sobre o À. que edificaram ao"
        },
        {
          "referencia": "1 Reis 12.32",
          "texto": "em Judá, e sacrificou no À.; semelhantemente,"
        },
        {
          "referencia": "1 Reis 12.33",
          "texto": "E sacrificou no À. que fizera em Betel, no dia"
        },
        {
          "referencia": "1 Reis 12.33",
          "texto": "de Israel e sacrificou no A., queimando incenso."
        },
        {
          "referencia": "1 Reis 13.1",
          "texto": "eJeroboão estava junto ao A.. para queimar incenso."
        },
        {
          "referencia": "1 Reis 13.2",
          "texto": "E clamou contra o Á. com a palavra do Senhor e"
        },
        {
          "referencia": "1 Reis 13.2",
          "texto": "do Senhor e disse: A., A.. Assim diz o"
        },
        {
          "referencia": "1 Reis 13.3",
          "texto": "que o Senhor falou: Eis que o À, se fenderá, e a"
        },
        {
          "referencia": "1 Reis 13.4",
          "texto": "de Deus que clamara contra o À. de Betel,"
        },
        {
          "referencia": "1 Reis 13.4",
          "texto": "estendeu a mão de sobre o A., dizendo: Pegai"
        },
        {
          "referencia": "1 Reis 13.5",
          "texto": "E o Á. se fendeu, e a cinza se derramou do A.,"
        },
        {
          "referencia": "1 Reis 13.5",
          "texto": "e a cinza se derramou do Á., segundo o sinal"
        },
        {
          "referencia": "1 Reis 13.32",
          "texto": "do Senhor clamou contra o À. que está em Betel,"
        },
        {
          "referencia": "1 Reis 16.32",
          "texto": "E levantou um A. a Baal, na casa de Baal que"
        },
        {
          "referencia": "1 Reis 18.26",
          "texto": "respondesse; e saltavam sobre o A. que se"
        },
        {
          "referencia": "1 Reis 18.30",
          "texto": "se chegou a ele; e reparou o 4. do Senhor, que"
        },
        {
          "referencia": "1 Reis 18.32",
          "texto": "aquelas pedras edificou o A. em nome do Senhor;"
        },
        {
          "referencia": "1 Reis 18.32",
          "texto": "fez um rego em redor do A., segundo a largura"
        },
        {
          "referencia": "IRs 18.35",
          "texto": "a água corria ao redor do A., e ainda até o rego"
        },
        {
          "referencia": "2 Reis 11.11",
          "texto": "esquerdo da casa, da banda do A. e da banda da"
        },
        {
          "referencia": "2 Reis 12.9",
          "texto": "na tampa, e a pós ao pé do Á., à mão direita dos"
        },
        {
          "referencia": "2 Reis 16.10",
          "texto": "rei da Assíria; e, vendo um À, que estava em"
        },
        {
          "referencia": "2 Reis 16.10",
          "texto": "sacerdote Urias a aparência do A, e o modelo,"
        },
        {
          "referencia": "2 Reis 16.11",
          "texto": "o sacerdote, edificou um Á. conforme tudo o"
        },
        {
          "referencia": "2 Reis 16.12",
          "texto": "pois, de Damasco o rei, viu o A.; eo rei se"
        },
        {
          "referencia": "2 Reis 16.12",
          "texto": "o À.; eo rei se chegou ao Å, e sacrificou nele."
        },
        {
          "referencia": "2 Reis 16.13",
          "texto": "o sangue dos seus sacrifícios pacíficos naquele A.."
        },
        {
          "referencia": "2 Reis 16.14",
          "texto": "Porém o Á. de cobre, que estava perante o Senhor,"
        },
        {
          "referencia": "2 Reis 16.14",
          "texto": "Senhor e pô-lo ao lado do seu A., da banda do norte."
        },
        {
          "referencia": "2 Reis 16.15",
          "texto": "sacerdote, dizendo: No grande A., queima o"
        },
        {
          "referencia": "2 Reis 16.15",
          "texto": "sacrifícios espargirás nele; porém o À, de"
        },
        {
          "referencia": "2 Reis 18.22",
          "texto": "a Judá e a Jerusalém: Perante este A. vos"
        },
        {
          "referencia": "2 Reis 23.9",
          "texto": "não sacrificavam sobre o À. do Senhor em"
        },
        {
          "referencia": "2 Reis 23.15",
          "texto": "E também o 4. que estava em Betel e o alto que fez"
        },
        {
          "referencia": "2 Reis 23.15",
          "texto": "Israel, juntamente com aquele A., também o alto"
        },
        {
          "referencia": "2 Reis 23.16",
          "texto": "e os queimou sobre aquele Á., e assim o"
        },
        {
          "referencia": "2 Reis 23.17",
          "texto": "estas coisas que fizeste contra este A. de Betel."
        },
        {
          "referencia": "1 Crônicas 6.49",
          "texto": "queimavam perfumes sobre o Á. do holocausto e"
        },
        {
          "referencia": "1 Crônicas 6.49",
          "texto": "do holocausto e sobre o Á. do incenso, para"
        },
        {
          "referencia": "1 Crônicas 16.40",
          "texto": "os holocaustos sobre o À, dos holocaustos"
        },
        {
          "referencia": "1 Crônicas 21.18",
          "texto": "Davi para levantar um A. ao Senhor na eira"
        },
        {
          "referencia": "1 Crônicas 21.22",
          "texto": "eira, para edificar nele um Á. ao Senhor; dá-mo"
        },
        {
          "referencia": "1 Crônicas 21.26",
          "texto": "Então, Davi edificou ali um Á. ao Senhor, e"
        },
        {
          "referencia": "1 Crônicas 21.26",
          "texto": "respondeu com fogo do céu sobre o À. do holocaus-"
        },
        {
          "referencia": "1 Crônicas 21.29",
          "texto": "fizera no deserto, e o À. do holocausto"
        },
        {
          "referencia": "1 Crônicas 28.18",
          "texto": "e para o À. do incenso, ouro purificado, por seu"
        },
        {
          "referencia": "2 Crônicas 1.5",
          "texto": "Também o À. de cobre que tinha feito Bezalel,"
        },
        {
          "referencia": "2 Crônicas 1.6",
          "texto": "perante o Senhor, sobre o A. de cobre que estava"
        },
        {
          "referencia": "2 Crônicas 4.1",
          "texto": "Também fez um À. de metal de vinte côvados de"
        },
        {
          "referencia": "2 Crônicas 4.19",
          "texto": "eram para a Casa de Deus: o À. de ouro e as mesas,"
        },
        {
          "referencia": "2 Crônicas 5.12",
          "texto": "estavam em pé para o oriente do A., e com"
        },
        {
          "referencia": "2 Crônicas 6.12",
          "texto": "E pôs-se em pé perante o Á. do Senhor, defronte de"
        },
        {
          "referencia": "2 Crônicas 6.22",
          "texto": "de maldição vier perante o teu Á., nesta casa,"
        },
        {
          "referencia": "2 Crônicas 7.7",
          "texto": "pacíficos; porque no À. de metal, que"
        },
        {
          "referencia": "2 Crônicas 7.9",
          "texto": "celebraram a consagração do Á, e sete dias, a festa."
        },
        {
          "referencia": "2 Crônicas 8.12",
          "texto": "ao Senhor, sobre o À. do Senhor, que"
        },
        {
          "referencia": "2 Crônicas 15.8",
          "texto": "montanhas de Efraim; e renovou o À. do Senhor, que"
        },
        {
          "referencia": "2 Crônicas 23.10",
          "texto": "esquerda da casa, da banda do À. e da casa, à a"
        },
        {
          "referencia": "2 Crônicas 26.16",
          "texto": "do Senhor para queimar incenso no Å. do incenso."
        },
        {
          "referencia": "2 Crônicas 26.19",
          "texto": "na Casa do Senhor, junto ao A. do incenso."
        },
        {
          "referencia": "2 Crônicas 29.18",
          "texto": "a Casa do Senhor, como também o Á. do holocausto"
        },
        {
          "referencia": "2 Crônicas 29.19",
          "texto": "e eis que estão diante do À. do Senhor."
        },
        {
          "referencia": "2 Crônicas 29.21",
          "texto": "sacerdotes, que os oferecessem sobre o Á. do Se-"
        },
        {
          "referencia": "2 Crônicas 29.22",
          "texto": "e o aspergiram sobre o A.; também mataram os"
        },
        {
          "referencia": "2 Crônicas 29.22",
          "texto": "os cordeiros e aspergiram o sangue sobre o A.."
        },
        {
          "referencia": "2 Crônicas 29.24",
          "texto": "expiação do pecado sobre o A., para reconciliar"
        },
        {
          "referencia": "2 Crônicas 29.27",
          "texto": "o holocausto sobre o A., e, ao tempo em que"
        },
        {
          "referencia": "2 Crônicas 32.12",
          "texto": "dizendo: Diante do único Á, vos prostrareis e"
        },
        {
          "referencia": "2 Crônicas 33.16",
          "texto": "E reparou o À. do Senhor, e ofereceu sobre ele"
        },
        {
          "referencia": "2 Crônicas 35.16",
          "texto": "holocaustos sobre o À, do Senhor, segundo"
        },
        {
          "referencia": "Esdras 3.2",
          "texto": "e seus irmãos e edificaram o À. do Deus de"
        },
        {
          "referencia": "Esdras 3.3",
          "texto": "E firmaram o Á. sobre as suas bases, porque o"
        },
        {
          "referencia": "Esdras 7.17",
          "texto": "libações e oferece-as sobre o À. da Casa do vosso"
        },
        {
          "referencia": "Neemias 10.34",
          "texto": "em ano, para se queimar sobre o À. do Senhor,"
        },
        {
          "referencia": "S126.6",
          "texto": "e assim andarci, Senhor, ao redor do teu A.,"
        },
        {
          "referencia": "S151.19",
          "texto": "então, se oferecerão novilhos sobre o teu A.."
        },
        {
          "referencia": "S1118.27",
          "texto": "da festa com cordas e levai-a até aos ângulos do A.."
        },
        {
          "referencia": "Isaías 6.6",
          "texto": "mão uma brasa viva, que tirara do À. com uma tenaz;"
        },
        {
          "referencia": "Isaías 19.19",
          "texto": "tempo, o Senhor terá um Á. no meio da terra do"
        },
        {
          "referencia": "Isaías 27.9",
          "texto": "fizer a todas as pedras do À. como pedras de"
        },
        {
          "referencia": "Isaías 36.7",
          "texto": "Judá e a Jerusalém: Perante este A. vos inclinareis?"
        },
        {
          "referencia": "Isaías 56.7",
          "texto": "serão aceitos no meu Á., porque a minha"
        },
        {
          "referencia": "Isaías 60.7",
          "texto": "com agrado subirão ao meu Á., e eu glorificarei"
        },
        {
          "referencia": "Lamentações 2.7",
          "texto": "Rejeitou o Senhor o seu A., detestou o seu"
        },
        {
          "referencia": "Ezequiel 8.5",
          "texto": "que da banda do norte, à porta do A., estava esta"
        },
        {
          "referencia": "Ezequiel 8.16",
          "texto": "Senhor, entre o pórtico e o Á., cerca de vinte e"
        },
        {
          "referencia": "Ezequiel 9.2",
          "texto": "e entraram e se puseram junto ao A, de bronze."
        },
        {
          "referencia": "Ezequiel 40.46",
          "texto": "que têm a guarda do Va ; estes são os filhos"
        },
        {
          "referencia": "Ezequiel 40.47",
          "texto": "de cem côvados, um quadrado; e o Á, estava diante"
        },
        {
          "referencia": "Ezequiel 41.22",
          "texto": "O À, de madeira era de três côvados de altura, e o"
        },
        {
          "referencia": "Ezequiel 43.13",
          "texto": "E estas são as medidas do Á., por côvados (o"
        },
        {
          "referencia": "Ezequiel 43.13",
          "texto": "o seu contorno, de um palmo; e esta é a base do A.."
        },
        {
          "referencia": "Ezequiel 43.18",
          "texto": "Estes são os estatutos do Á., no dia em que o"
        },
        {
          "referencia": "Ezequiel 43.22",
          "texto": "do pecado; e purificarão o Á., como o"
        },
        {
          "referencia": "Ezequiel 43.26",
          "texto": "Por sete dias, expiarão o A., eo purificarão, e"
        },
        {
          "referencia": "Ezequiel 43.27",
          "texto": "os sacerdotes sobre o À. os vossos"
        },
        {
          "referencia": "Ezequiel 45.19",
          "texto": "esquinas da listra do 4., e nas ombreiras da"
        },
        {
          "referencia": "Ezequiel 47.1",
          "texto": "a banda direita da casa, da banda do sul do A.."
        },
        {
          "referencia": "J11.13",
          "texto": "gemei, ministros do A.; entrai e passai,"
        },
        {
          "referencia": "Amós 2.8",
          "texto": "se deitam junto a qualquer A. sobre roupas"
        },
        {
          "referencia": "Amós 3.14",
          "texto": "de Betel; e os hikes o À, serão cortados e"
        },
        {
          "referencia": "Amós 5.26",
          "texto": "tenda de vosso Moloque, e o À, das vossas"
        },
        {
          "referencia": "Amós 9.1",
          "texto": "que estava em pé sobre o Á., e me disse: Fere o"
        },
        {
          "referencia": "Zacarias 9.15",
          "texto": "e encher-se-ão como taças, como os cantos do A.."
        },
        {
          "referencia": "Zacarias 14.20",
          "texto": "na Casa do Senhor serão como as bacias diante do"
        },
        {
          "referencia": "MI 1.7",
          "texto": "Ofereceis sobre o meu A. pão imundo e dizeis: Em"
        },
        {
          "referencia": "Malaquias 2.13",
          "texto": "Ainda fazeis isto: cobris o A. do Senhor de"
        },
        {
          "referencia": "Mateus 5.23",
          "texto": "trouxeres a tua oferta ao À. e aí te lembrares"
        },
        {
          "referencia": "Mateus 5.24",
          "texto": "deixa ali diante do A. a tua oferta, e vai"
        },
        {
          "referencia": "Mateus 23.18",
          "texto": "E aquele que jurar pelo A., isso nada é; mas"
        },
        {
          "referencia": "Mateus 23.18",
          "texto": "pela oferta que está sobre o A., esse é devedor."
        },
        {
          "referencia": "Mateus 23.19",
          "texto": "qual é maior: a oferta ouo Á., que santifica a oferta?"
        },
        {
          "referencia": "Mateus 23.20",
          "texto": "Portanto, o que jurar pelo À. jura por ele e por"
        },
        {
          "referencia": "Mateus 23.35",
          "texto": "de Baraquias, que matastes entre o santuário e o Á.."
        },
        {
          "referencia": "Lucas 1.11",
          "texto": "apareceu, posto em pé, à direita do À. do incenso."
        },
        {
          "referencia": "Lucas 11.51",
          "texto": "que foi morto entre o À. e o templo; assim,"
        },
        {
          "referencia": "Atos 17.23",
          "texto": "santuários, achei também um A. em que estava"
        },
        {
          "referencia": "1 Coríntios 9.13",
          "texto": "de contínuo estão junto ao À. participam do 4.?"
        },
        {
          "referencia": "1 Coríntios 10.18",
          "texto": "não são, porventura, participantes do A.?"
        },
        {
          "referencia": "Hebreus 7.13",
          "texto": "a outra tribo, da qual ninguém serviu ao A.,"
        },
        {
          "referencia": "Hebreus 13.10",
          "texto": "Temos um À. de que não têm direito de comer os que"
        },
        {
          "referencia": "Tiago 2.21",
          "texto": "quando ofereceu sobre o À. o seu filho Isaque?"
        },
        {
          "referencia": "Apocalipse 6.9",
          "texto": "o quinto selo, vi debaixo do 4. as almas dos que"
        },
        {
          "referencia": "Apocalipse 8.3",
          "texto": "anjo e pôs-se junto ao A., tendo um incensário"
        },
        {
          "referencia": "Apocalipse 8.3",
          "texto": "de todos os santos sobre o À, de ouro que está"
        },
        {
          "referencia": "Apocalipse 8.5",
          "texto": "eo encheu do fogo do A., eo lançou sobre a"
        },
        {
          "referencia": "Apocalipse 9.13",
          "texto": "vinha das quatro pontas do À, de ouro que estava"
        },
        {
          "referencia": "Apocalipse 11.1",
          "texto": "e mede o templo de Deus, e o A., e os que nele ado-"
        },
        {
          "referencia": "Apocalipse 14.18",
          "texto": "E saiu do À. outro anjo, que tinha poder sobre o"
        },
        {
          "referencia": "Apocalipse 16.7",
          "texto": "E ouvi outro do A., que dizia: Na verdade, ó"
        }
      ]
    }
  ]
}