{
  "a": [
    {
      "palavra": "afronta",
      "veja tambem": [
        "afrontar",
        "desonra",
        "vergonha",
        "insulto"
      ],
      "ocorrencias": 19,
      "fonte": "Strong's H2781 (חֶרְפָּה/cherpah), G3680 (ὀνειδισμός/oneidismos)",
      "concordancias": [
        {
          "referencia": "Lsm 11.2",
          "texto": "olho direito, e assim ponha esta Á. sobre todo o Is-"
        },
        {
          "referencia": "1 Samuel 17.26",
          "texto": "a este filisteu e tirar a A. de sobre"
        },
        {
          "referencia": "1 Samuel 25.39",
          "texto": "que pleiteou o pleito da minha A, da mão de"
        },
        {
          "referencia": "S140.15",
          "texto": "sejam em troca da sua Á. os que me dizem:"
        },
        {
          "referencia": "S144.16",
          "texto": "à voz daquele que A, e blasfema, por causa do"
        },
        {
          "referencia": "S174.22",
          "texto": "própria causa; lembra-te da À, que o louco te"
        },
        {
          "referencia": "Provérbios 9.7",
          "texto": "repreende o escarnecedor À, toma para si e o"
        },
        {
          "referencia": "Provérbios 11.2",
          "texto": "a soberba, virá também a A.; mas com os"
        },
        {
          "referencia": "Provérbios 12.16",
          "texto": "conhece no mesmo dia, mas o avisado encobre a A.."
        },
        {
          "referencia": "Provérbios 13.18",
          "texto": "Pobreza e À. virão ao que rejeita a correção,"
        },
        {
          "referencia": "Isaías 45.16",
          "texto": "todos; cairão juntamente na A. os que fabricam ima-"
        },
        {
          "referencia": "s 61.7",
          "texto": "Por vossa dupla vergonha e À., exultarão pela"
        },
        {
          "referencia": "Jeremias 15.15",
          "texto": "sabe que, por amor de ti, tenho sofrido A.."
        },
        {
          "referencia": "Lamentações 3.30",
          "texto": "Dê a face ao que o fere; farte-se de A.."
        },
        {
          "referencia": "Ezequiel 36.15",
          "texto": "nunca mais se ouça em ti a Á, dos gentios; e não"
        },
        {
          "referencia": "Sofonias 3.18",
          "texto": "esses para os quais o peso foi uma A.."
        },
        {
          "referencia": "Atos 5.41",
          "texto": "julgados dignos de padecer À. pelo nome de Jesus."
        },
        {
          "referencia": "1 Timóteo 3.7",
          "texto": "de fora, para que não caia em À. e no laço do diabo."
        },
        {
          "referencia": "Hebreus 12.2",
          "texto": "suportou a cruz, desprezando a Á., e"
        }
      ]
    },
    {
      "palavra": "afrontado",
      "veja tambem": [
        "afrontar",
        "insultado",
        "desonrado"
      ],
      "ocorrencias": 2,
      "fonte": "Strong's H2778 (חָרַף/charaph), G820 (ἀτιμάζω/atimazó)",
      "concordancias": [
        {
          "referencia": "1 Samuel 17.45",
          "texto": "o Deus dos exércitos de Israel, a quem tens A.."
        },
        {
          "referencia": "Marcos 12.4",
          "texto": "na cabeça e o mandaram embora, tendo-o A.."
        }
      ]
    },
    {
      "palavra": "afrontam",
      "veja tambem": [
        "afrontar",
        "insultam",
        "desonram"
      ],
      "ocorrencias": 2,
      "fonte": "Strong's H2778 (חָרַף/charaph)",
      "concordancias": [
        {
          "referencia": "S169.9",
          "texto": "e as afrontas dos que te A. caíram sobre mim."
        },
        {
          "referencia": "Isaías 50.6",
          "texto": "não escondo a face dos que me Á, e me cospem."
        }
      ]
    },
    {
      "palavra": "afrontando-o",
      "veja tambem": [
        "afrontar",
        "insultando-o",
        "desonrando-o"
      ],
      "ocorrencias": 1,
      "fonte": "Strong's G820 (ἀτιμάζω/atimazó)",
      "concordancias": [
        {
          "referencia": "Lucas 20.11",
          "texto": "espancando também a este e Á.,"
        }
      ]
    },
    {
      "palavra": "afrontar",
      "veja tambem": [
        "desafiar",
        "insultar",
        "provocar"
      ],
      "ocorrencias": 6,
      "fonte": "Strong's H2778 (חָרַף/charaph)",
      "concordancias": [
        {
          "referencia": "1 Samuel 17.25",
          "texto": "que subiu? Pois subiu para A. a Israel. Há de"
        },
        {
          "referencia": "1 Samuel 17.26",
          "texto": "este incircunciso filisteu, para À. os"
        },
        {
          "referencia": "2 Reis 19.4",
          "texto": "senhor, o rei da Assíria, para A, o Deus vivo"
        },
        {
          "referencia": "2 Reis 19.16",
          "texto": "Senaqueribe, que ele enviou para A. o Deus vivo."
        },
        {
          "referencia": "Isaías 37.4",
          "texto": "o rei da Assíria, seu amo, para Á. o Deus vivo"
        },
        {
          "referencia": "Isaías 37.17",
          "texto": "as quais ele mandou para À. o Deus vivo."
        }
      ]
    },
    {
      "palavra": "afrontará",
      "veja tambem": [
        "afrontar",
        "insultará"
      ],
      "ocorrencias": 1,
      "fonte": "Strong's H2778 (חָרַף/charaph)",
      "concordancias": [
        {
          "referencia": "S174.10",
          "texto": "Até quando, ó Deus, nos À. o adversário?"
        }
      ]
    },
    {
      "palavra": "afrontaram",
      "veja tambem": [
        "afrontar",
        "blasfemaram",
        "provocaram"
      ],
      "ocorrencias": 1,
      "fonte": "Strong's H2778 (חָרַף/charaph)",
      "concordancias": [
        {
          "referencia": "Isaías 65.7",
          "texto": "incenso nos montes e me À. nos outeiros;"
        }
      ]
    },
    {
      "palavra": "afrontas",
      "veja tambem": [
        "afrontar",
        "insultos",
        "injúrias"
      ],
      "ocorrencias": 4,
      "fonte": "Strong's H2781 (חֶרְפָּה/cherpah), G5196 (ὑβρίζω/hubrizó)",
      "concordancias": [
        {
          "referencia": "S169.9",
          "texto": "tua casa me devorou, e as À. dos que te"
        },
        {
          "referencia": "S169.20",
          "texto": "A. me quebrantaram o coração, e estou"
        },
        {
          "referencia": "Lamentações 3.61",
          "texto": "Ouviste as suas Á., Senhor, todos os seus"
        },
        {
          "referencia": "Lucas 11.45",
          "texto": "Mestre, quando dizes isso também nos A.anós."
        }
      ]
    },
    {
      "palavra": "afrontaste",
      "veja tambem": [
        "insultaste",
        "blasfemaste"
      ],
      "ocorrencias": 4,
      "fonte": "Strong's H2778 (חָרַף/charaph)",
      "concordancias": [
        {
          "referencia": "2 Reis 19.22",
          "texto": "A quem À, e blasfemaste? E contra quem"
        },
        {
          "referencia": "2 Reis 19.23",
          "texto": "meio de teus mensageiros, À. o Senhor e"
        },
        {
          "referencia": "Isaías 37.23",
          "texto": "A quem À. e de quem blasfemaste? E contra"
        },
        {
          "referencia": "Isaías 37.24",
          "texto": "Por meio de teus servos, Á. o Senhor e"
        }
      ]
    },
    {
      "palavra": "afrontava",
      "veja tambem": [
        "afrontar",
        "insultava"
      ],
      "ocorrencias": 1,
      "fonte": "Strong's H2778 (חָרַף/charaph)",
      "concordancias": [
        {
          "referencia": "S155.12",
          "texto": "não era um inimigo que me Á.; então, eu o"
        }
      ]
    },
    {
      "palavra": "afrontosa",
      "veja tambem": [
        "vergonhosa",
        "desonrosa"
      ],
      "ocorrencias": 1,
      "fonte": "Strong's G2556 (κακός/kakos)",
      "concordancias": [
        {
          "referencia": "Mateus 21.41",
          "texto": "Dizem-lhe eles: Dará Á, morte aos maus e"
        }
      ]
    },
    {
      "palavra": "afrontou",
      "veja tambem": [
        "insultou",
        "desafiou"
      ],
      "ocorrencias": 2,
      "fonte": "Strong's H2778 (חָרַף/charaph)",
      "concordancias": [
        {
          "referencia": "1 Samuel 17.36",
          "texto": "como um deles; porquanto A. os exércitos"
        },
        {
          "referencia": "S174.18",
          "texto": "disto: que o inimigo Á. ao Senhor, e que"
        }
      ]
    },
    {
      "palavra": "afrouxa",
      "veja tambem": [
        "enfraquecer",
        "soltar"
      ],
      "ocorrencias": 2,
      "fonte": "Strong's H7342 (רָתַק/rathaq), H6324 (פּוּג/pug)",
      "concordancias": [
        {
          "referencia": "Jó 12.21",
          "texto": "sobre os príncipes e À. o cinto dos fortes."
        },
        {
          "referencia": "Habacuque 14",
          "texto": "Por esta causa, a lei se Á., e a sentença nunca"
        }
      ]
    },
    {
      "palavra": "afrouxaram",
      "veja tambem": [
        "enfraqueceram"
      ],
      "ocorrencias": 1,
      "fonte": "Strong's H7503 (רָפָה/raphah)",
      "concordancias": [
        {
          "referencia": "2 Samuel 4.1",
          "texto": "em Hebrom, as mãos se lhe A., etodo o"
        }
      ]
    },
    {
      "palavra": "afrouxaram-se",
      "veja tambem": [
        "enfraqueceram-se"
      ],
      "ocorrencias": 1,
      "fonte": "Strong's H7503 (רָפָה/raphah)",
      "concordancias": [
        {
          "referencia": "Jeremias 6.24",
          "texto": "Ouvimos a sua fama, À. as nossas mãos;"
        }
      ]
    },
    {
      "palavra": "afugenta",
      "veja tambem": [
        "expulsar",
        "dispersar"
      ],
      "ocorrencias": 2,
      "fonte": "Strong's H1272 (בָּרַח/barach), H2115 (זוּר/zur)",
      "concordancias": [
        {
          "referencia": "Provérbios 19.26",
          "texto": "O que aflige a seu pai ou À. a sua mãe filho é"
        },
        {
          "referencia": "Provérbios 25.23",
          "texto": "O vento norte À. a chuva, e a língua fingida, a"
        }
      ]
    },
    {
      "palavra": "afugentadas",
      "veja tambem": [
        "afugentar",
        "dispersadas"
      ],
      "ocorrencias": 1,
      "fonte": "Strong's H5086 (נָדַף/nadaph)",
      "concordancias": [
        {
          "referencia": "Isaías 17.13",
          "texto": "e fugirão para longe; e serão A. como a"
        }
      ]
    },
    {
      "palavra": "afugentado",
      "veja tambem": [
        "afugentar",
        "disperso",
        "expulso"
      ],
      "ocorrencias": 3,
      "fonte": "Strong's H5080 (נָדַח/nadach), H5086 (נָדַף/nadaph)",
      "concordancias": [
        {
          "referencia": "Êxodo 22.10",
          "texto": "e morrer, ou for dilacerado, ou A., ninguém"
        },
        {
          "referencia": "Jó 20.8",
          "texto": "e não será achado, e será Å. como uma"
        },
        {
          "referencia": "Jeremias 23.3",
          "texto": "terras para onde as tiver Á., e as farei"
        }
      ]
    },
    {
      "palavra": "afugentará",
      "veja tambem": [
        "afugentar",
        "expulsará"
      ],
      "ocorrencias": 1,
      "fonte": "Strong's H7368 (רָחַק/rachaq)",
      "concordancias": [
        {
          "referencia": "Provérbios 22.15",
          "texto": "do menino, mas a vara da correção a À. dele."
        }
      ]
    },
    {
      "palavra": "afugentaram",
      "veja tambem": [
        "afugentar",
        "expulsaram"
      ],
      "ocorrencias": 2,
      "fonte": "Strong's H1272 (בָּרַח/barach), H1760 (דָּחָה/dachah)",
      "concordancias": [
        {
          "referencia": "1 Crônicas 8.13",
          "texto": "moradores de Aijalom; estes A. os moradores"
        },
        {
          "referencia": "Jeremias 50.17",
          "texto": "é Israel; os leões o Á.. O primeiro a"
        }
      ]
    },
    {
      "palavra": "afugentastes",
      "veja tambem": [
        "expulsastes",
        "dispersastes"
      ],
      "ocorrencias": 1,
      "fonte": "Strong's H5080 (נָדַח/nadach)",
      "concordancias": [
        {
          "referencia": "Jeremias 23.2",
          "texto": "as minhas ovelhas, cas A., e não"
        }
      ]
    },
    {
      "palavra": "afugentei",
      "veja tambem": [
        "afugentar",
        "expulsei"
      ],
      "ocorrencias": 1,
      "fonte": "Strong's H1272 (בָּרַח/barach)",
      "concordancias": [
        {
          "referencia": "Neemias 13.28",
          "texto": "de Sambalate, o horonita, pelo que o Á., de mim."
        }
      ]
    },
    {
      "palavra": "afugentem-se",
      "veja tambem": [
        "fujam",
        "dispersem-se"
      ],
      "ocorrencias": 1,
      "fonte": "Strong's H5074 (נָדַד/nadad)",
      "concordancias": [
        {
          "referencia": "Daniel 4.14",
          "texto": "folhas, e espalhai o seu fruto; A. os"
        }
      ]
    },
    {
      "palavra": "afugentou",
      "veja tambem": [
        "afugentar",
        "pôr em fuga"
      ],
      "ocorrencias": 1,
      "fonte": "Strong's H2729 (חָרַד/charad)",
      "concordancias": [
        {
          "referencia": "Juízes 8.12",
          "texto": "a Zeba e a Salmuna, e À. todo o exército."
        }
      ]
    },
    {
      "palavra": "afundada",
      "veja tambem": [
        "submersa"
      ],
      "ocorrencias": 1,
      "fonte": "Strong's H2883 (טָבַע/taba)",
      "concordancias": [
        {
          "referencia": "Jeremias 51.64",
          "texto": "E dirás: Assim será À. a Babilônia e não se"
        }
      ]
    },
    {
      "palavra": "afundaram-se",
      "veja tambem": [
        "submergiram"
      ],
      "ocorrencias": 1,
      "fonte": "Strong's H6749 (צָלַל/tsalal)",
      "concordancias": [
        {
          "referencia": "Êxodo 15.10",
          "texto": "teu vento, o mar os cobriu: Á. como chumbo"
        }
      ]
    },
    {
      "palavra": "ágabo",
      "veja tambem": [],
      "ocorrencias": 2,
      "fonte": "Strong's G13 (Ἄγαβος/Agabos)",
      "concordancias": [
        {
          "referencia": "Atos 11.28",
          "texto": "um deles, por nome Å., dava a entender, ."
        },
        {
          "referencia": "Atos 21.10",
          "texto": "dias, chegou da Judeia um profeta, por nome A.;"
        }
      ]
    },
    {
      "palavra": "agacham",
      "veja tambem": [
        "deitam-se",
        "escondem-se"
      ],
      "ocorrencias": 1,
      "fonte": "Strong's H7931 (שָׁכַן/shakan)",
      "concordancias": [
        {
          "referencia": "Jó 38.40",
          "texto": "quando se À. nos covis e estão à espreita nas covas?"
        }
      ]
    },
    {
      "palavra": "agagita",
      "veja tambem": [],
      "ocorrencias": 5,
      "fonte": "Strong's H91 (אֲגָגִי/Agagi)",
      "concordancias": [
        {
          "referencia": "Ester 3.1",
          "texto": "a Hamā, filho de Hamedata, A., eo exaltou e"
        },
        {
          "referencia": "Ester 3.10",
          "texto": "a Hamã, filho de Hamedata, A., adversário dos judeus."
        },
        {
          "referencia": "Ester 8.3",
          "texto": "a maldade de Hamã, o A., eo seu intento"
        },
        {
          "referencia": "Ester 8.5",
          "texto": "de Hamã, filho de Hamedata, o A., as quais"
        },
        {
          "referencia": "Ester 9.24",
          "texto": "Hamã, filho de Hamedata, o A., inimigo de"
        }
      ]
    },
    {
      "palavra": "agague",
      "veja tambem": [],
      "ocorrencias": 7,
      "fonte": "Strong's H90 (אֲגַג/Agag)",
      "concordancias": [
        {
          "referencia": "Números 24.7",
          "texto": "rei se exalçará mais do que Á., eo seu reino"
        },
        {
          "referencia": "iSm 15.8",
          "texto": "E tomou vivo a A., rei dos amalequitas; porém a"
        },
        {
          "referencia": "1 Samuel 15.9",
          "texto": "Saul e o povo perdoaram a Á., e ao melhor das"
        },
        {
          "referencia": "1 Samuel 15.20",
          "texto": "o Senhor me enviou; e trouxe a A., rei de"
        },
        {
          "referencia": "1 Samuel 15.32",
          "texto": "disse Samuel: Trazei-me aqui Á., rei dos"
        },
        {
          "referencia": "1 Samuel 15.32",
          "texto": "a ele animosamente; e disse Á.: Na verdade,"
        },
        {
          "referencia": "1 Samuel 15.33",
          "texto": "Então, Samuel despedaçou 4. perante o"
        }
      ]
    },
    {
      "palavra": "agar",
      "veja tambem": [],
      "ocorrencias": 14,
      "fonte": "Strong's H1904 (הָגָר/Hagar), G28 (Ἄγαρ/Agar)",
      "concordancias": [
        {
          "referencia": "Gênesis 16.1",
          "texto": "e ele tinha uma serva egípcia, cujo nome era A.."
        },
        {
          "referencia": "Gênesis 16.3",
          "texto": "Sarai, mulher de Abrão, a Á., egípcia, sua"
        },
        {
          "referencia": "Gênesis 164",
          "texto": "E ele entrou a Á., e ela concebeu; e, vendo ela que"
        },
        {
          "referencia": "Gênesis 16.8",
          "texto": "E disse: A., serva de Sarai, de onde vens e para"
        },
        {
          "referencia": "a 16.15",
          "texto": "E Á. deu um filho a Abrão; e Abrão chamou o nome"
        },
        {
          "referencia": "Gênesis 16.15",
          "texto": "chamou o nome do seu filho que tivera A., Ismael."
        },
        {
          "referencia": "Gênesis 16.16",
          "texto": "de oitenta e seis anos, quando A, deu Ismael a Abrão."
        },
        {
          "referencia": "Gênesis 21.9",
          "texto": "E viu Sara que o filho de A., a egípcia, que esta"
        },
        {
          "referencia": "Gênesis 21.14",
          "texto": "e um odre de água, e os deu a A., pondo-os sobre o"
        },
        {
          "referencia": "Gênesis 21.17",
          "texto": "e bradou o Anjo de Deus a 4. desde os céus e"
        },
        {
          "referencia": "Gênesis 21.17",
          "texto": "céus e disse-lhe: Que tens, A.? Não temas, porque"
        },
        {
          "referencia": "Gênesis 25.12",
          "texto": "de Abraão, que a serva de Sara, Á., egípcia, deu a"
        },
        {
          "referencia": "Gálatas 4.24",
          "texto": "Sinai, gerando filhos para a servidão,"
        },
        {
          "referencia": "Gálatas 4.25",
          "texto": "Ora, esta À. é Sinai, sb"
        }
      ]
    },
    {
      "palavra": "agarenos",
      "veja tambem": [],
      "ocorrencias": 2,
      "fonte": "Strong's H1905 (הַגְרִי/Hagri)",
      "concordancias": [
        {
          "referencia": "Top 406",
          "texto": "posição; ."
        },
        {
          "referencia": "S183.6",
          "texto": "tendas de Edom, dos ismaelitas, de Moabe, dos A.,"
        }
      ]
    },
    {
      "palavra": "agarrada",
      "veja tambem": [
        "agarrar",
        "segurando"
      ],
      "ocorrencias": 1,
      "fonte": "Strong's H270 (אָחַז/achaz)",
      "concordancias": [
        {
          "referencia": "Gênesis 25.26",
          "texto": "E, depois, saiu o seu irmão, A. sua mão ao"
        }
      ]
    },
    {
      "palavra": "agarrando-o",
      "veja tambem": [
        "agarrar",
        "segurando-o"
      ],
      "ocorrencias": 0,
      "fonte": "Strong's G2902 (κρατέω/krateó)",
      "concordancias": []
    },
    {
      "palavra": "agarraram",
      "veja tambem": [
        "agarrar",
        "pegaram",
        "prenderam"
      ],
      "ocorrencias": 1,
      "fonte": "Strong's G1949 (ἐπιλαμβάνομαι/epilambanomai)",
      "concordancias": [
        {
          "referencia": "Atos 18.17",
          "texto": "Então, todos A, Sóstenes, principal da"
        }
      ]
    },
    {
      "palavra": "agradar",
      "veja tambem": [
        "contentar",
        "satisfazer",
        "deleitar",
        "aprazer"
      ],
      "ocorrencias": 1,
      "fonte": "Strong's G700 (ἀρέσκω/areskó)",
      "concordancias": [
        {
          "referencia": "Romanos 15.1",
          "texto": "Ora, nós que somos fortes devemos suportar as fraquezas dos fracos e não nos agradarmos a nós mesmos."
        }
      ]
    },
    {
      "palavra": "agradável",
      "veja tambem": [
        "aprazível",
        "deleitoso",
        "saboroso",
        "bom"
      ],
      "ocorrencias": 1,
      "fonte": "Strong's H2896 (טוֹב/tob)",
      "concordancias": [
        {
          "referencia": "Gênesis 49.15",
          "texto": "E viu que o repouso era bom e que a terra era agradável; e abaixou seus ombros para carregar e serviu debaixo de tributo."
        }
      ]
    },
    {
      "palavra": "agradecer",
      "veja tambem": [
        "agradecer",
        "louvar",
        "bendizer",
        "dar graças"
      ],
      "ocorrencias": 1,
      "fonte": "Strong's G2168 (εὐχαριστέω/eucharisteó)",
      "concordancias": [
        {
          "referencia": "1 Coríntios 14.18",
          "texto": "Dou graças ao meu Deus, porque falo mais línguas do que vós todos."
        }
      ]
    },
    {
      "palavra": "agradeceu",
      "veja tambem": [
        "agradecer",
        "louvar",
        "bendizer",
        "dar graças"
      ],
      "ocorrencias": 1,
      "fonte": "Strong's G2168 (εὐχαριστέω/eucharisteó)",
      "concordancias": [
        {
          "referencia": "João 11.41",
          "texto": "Tiraram, pois, a pedra. E Jesus, levantando os olhos ao céu, disse: Pai, graças te dou porque me ouviste."
        }
      ]
    },
    {
      "palavra": "agradecimento",
      "veja tambem": [
        "agradecer",
        "ação de graças",
        "louvor",
        "bendição"
      ],
      "ocorrencias": 1,
      "fonte": "Strong's G2169 (εὐχαριστία/eucharistia)",
      "concordancias": [
        {
          "referencia": "1 Timóteo 4.4",
          "texto": "Porque toda a criatura de Deus é boa, e não há nada que rejeitar, sendo recebido com ações de graças."
        }
      ]
    },
    {
      "palavra": "agradecimentos",
      "veja tambem": [
        "agradecer",
        "ações de graças",
        "louvor",
        "bendição"
      ],
      "ocorrencias": 1,
      "fonte": "Strong's G2169 (εὐχαριστία/eucharistia)",
      "concordancias": [
        {
          "referencia": "1 Timóteo 4.4",
          "texto": "Porque toda a criatura de Deus é boa, e não há nada que rejeitar, sendo recebido com ações de graças."
        }
      ]
    },
    {
      "palavra": "agradeço",
      "veja tambem": [
        "agradecer",
        "louvar",
        "bendizer",
        "dar graças"
      ],
      "ocorrencias": 1,
      "fonte": "Strong's G2168 (εὐχαριστέω/eucharisteó)",
      "concordancias": [
        {
          "referencia": "1 Coríntios 14.18",
          "texto": "Dou graças ao meu Deus, porque falo mais línguas do que vós todos."
        }
      ]
    },
    {
      "palavra": "agradeço-lhe",
      "veja tambem": [
        "agradecer",
        "louvar",
        "bendizer",
        "dar graças"
      ],
      "ocorrencias": 1,
      "fonte": "Strong's G2168 (εὐχαριστέω/eucharisteó)",
      "concordancias": [
        {
          "referencia": "1 Coríntios 14.18",
          "texto": "Dou graças ao meu Deus, porque falo mais línguas do que vós todos."
        }
      ]
    },
    {
      "palavra": "agradeço-te",
      "veja tambem": [
        "agradecer",
        "louvar",
        "bendizer",
        "dar graças"
      ],
      "ocorrencias": 1,
      "fonte": "Strong's G2168 (εὐχαριστέω/eucharisteó)",
      "concordancias": [
        {
          "referencia": "João 11.41",
          "texto": "Tiraram, pois, a pedra. E Jesus, levantando os olhos ao céu, disse: Pai, graças te dou porque me ouviste."
        }
      ]
    },
    {
      "palavra": "agradeço-vos",
      "veja tambem": [
        "agradecer",
        "louvar",
        "bendizer",
        "dar graças"
      ],
      "ocorrencias": 1,
      "fonte": "Strong's G2168 (εὐχαριστέω/eucharisteó)",
      "concordancias": [
        {
          "referencia": "1 Coríntios 14.18",
          "texto": "Dou graças ao meu Deus, porque falo mais línguas do que vós todos."
        }
      ]
    }
  ]
}