{
  "a": [
    {
      "palavra": "altares",
      "veja tambem": [
        "altar"
      ],
      "ocorrencias": 52,
      "fonte": "Strong's H4196 (מִזְבֵּחַ/mizbeach)",
      "concordancias": [
        {
          "referencia": "Êxodo 34.13",
          "texto": "Mas os seus A. transtornareis, e as suas"
        },
        {
          "referencia": "Números 3.31",
          "texto": "ea mesa, e o castiçal, e os A. eos"
        },
        {
          "referencia": "Números 23.1",
          "texto": "Edifica-me aqui sete A. e prepara-me"
        },
        {
          "referencia": "Números 23.4",
          "texto": "lhe disse este: Preparei sete 4. e ofereci um"
        },
        {
          "referencia": "Números 23.14",
          "texto": "de Pisga; e edificou sete A. e ofereceu um"
        },
        {
          "referencia": "Números 23.29",
          "texto": "Edifica-me aqui sete À. e prepara-me aqui"
        },
        {
          "referencia": "Deuteronômio 7.5",
          "texto": "fareis: derrubareis os seus Á., quebrareis as"
        },
        {
          "referencia": "Deuteronômio 12.3",
          "texto": "e derribareis os seus A., e quebrareis as suas"
        },
        {
          "referencia": "Juízes 2.2",
          "texto": "antes, derrubareis os seus Á.. Mas vós não"
        },
        {
          "referencia": "IRs 19.10",
          "texto": "concerto, derribaram os teus À. e mataram os"
        },
        {
          "referencia": "1 Reis 19.14",
          "texto": "concerto, derribaram os teus À. e mataram os"
        },
        {
          "referencia": "2 Reis 11.18",
          "texto": "como também os seus Á. e as suas"
        },
        {
          "referencia": "2 Reis 11.18",
          "texto": "de Baal, mataram perante os À.; então, o"
        },
        {
          "referencia": "2 Reis 18.22",
          "texto": "é este aquele cujos altos e cujos A. Ezequias"
        },
        {
          "referencia": "2 Reis 21.3",
          "texto": "tinha destruído, e levantou Á. a Baal, e fez"
        },
        {
          "referencia": "2 Reis 21.4",
          "texto": "E edificou 4. na Casa do Senhor, de que o Senhor"
        },
        {
          "referencia": "2 Reis 21.5",
          "texto": "Também edificou A. a todo o exército dos céus em"
        },
        {
          "referencia": "2 Reis 23.12",
          "texto": "Também o rei derribou os Á. que estavam sobre o"
        },
        {
          "referencia": "2 Reis 23.12",
          "texto": "também o rei derribou os A. que fizera"
        },
        {
          "referencia": "2 Reis 23.20",
          "texto": "que havia ali, sobre os A., e queimou ossos"
        },
        {
          "referencia": "2 Crônicas 14.3",
          "texto": "porque tirou os Á. dos deuses estranhos e os"
        },
        {
          "referencia": "2 Crônicas 23.17",
          "texto": "eles quebraram os seus Á. e as suas"
        },
        {
          "referencia": "2 Crônicas 23.17",
          "texto": "a Matã, sacerdote de Baal, mataram diante dos A.."
        },
        {
          "referencia": "2 Crônicas 28.24",
          "texto": "Casa do Senhor, e fez para si Á. em todos os"
        },
        {
          "referencia": "2 Crônicas 30.14",
          "texto": "levantaram-se, e tiraram os À. que havia em"
        },
        {
          "referencia": "2 Crônicas 31.1",
          "texto": "e derribaram os altos e A. por todo o Judá"
        },
        {
          "referencia": "2 Crônicas 32.12",
          "texto": "os seus altos e os seus Á. e falou a Judá e a"
        },
        {
          "referencia": "2 Crônicas 33.3",
          "texto": "tinha derribado, e levantou À. a baalins, e"
        },
        {
          "referencia": "2 Crônicas 334",
          "texto": "E edificou A, na Casa do Senhor, da qual o"
        },
        {
          "referencia": "2 Crônicas 33.5",
          "texto": "Edificou Á. a todo o exército dos céus, em ambos"
        },
        {
          "referencia": "2 Crônicas 33.15",
          "texto": "ídolo, como também todos os À, que tinha"
        },
        {
          "referencia": "2 Crônicas 34.5",
          "texto": "queimou sobre os seus Á. e purificou a Judá"
        },
        {
          "referencia": "2 Crônicas 34.7",
          "texto": "E, tendo derribado os Á., e os bosques, e as"
        },
        {
          "referencia": "SI 84.3",
          "texto": "a sua prole, junto dos teus A., Senhor dos"
        },
        {
          "referencia": "Isaías 17.8",
          "texto": "E não atentará para os Á., obra das suas mãos,"
        },
        {
          "referencia": "Isaías 36.7",
          "texto": "esse aquele cujos altos e cujos À. Ezequias"
        },
        {
          "referencia": "Jeremias 11.13",
          "texto": "ruas de Jerusalém, levantaste A. à"
        },
        {
          "referencia": "Jeremias 11.13",
          "texto": "levantaste Á. à impudência, A. para"
        },
        {
          "referencia": "Jeremias 17.1",
          "texto": "na tábua do seu coração e nos ângulos dos seus Á.."
        },
        {
          "referencia": "Jeremias 17.2",
          "texto": "filhos se lembram dos seus A., e dos seus"
        },
        {
          "referencia": "Ezequiel 6.4",
          "texto": "serão assolados os vossos Á., e quebradas as"
        },
        {
          "referencia": "Ezequiel 6.5",
          "texto": "espalharei os vossos ossos em redor dos vossos À.."
        },
        {
          "referencia": "Ezequiel 6.6",
          "texto": "assolados; para que os vossos À. sejam"
        },
        {
          "referencia": "Ezequiel 6.13",
          "texto": "ídolos, em redor dos seus Á., em todo o"
        },
        {
          "referencia": "Oséias 8.11",
          "texto": "Efraim multiplicou os Á. para pecar; teve"
        },
        {
          "referencia": "Oséias 8.11",
          "texto": "os Á. para pecar; teve À, para pecar."
        },
        {
          "referencia": "Oséias 10.1",
          "texto": "fruto, assim multiplicou os 4.; conforme a"
        },
        {
          "referencia": "Oséias 10.2",
          "texto": "culpados; cortará os seus A. e destruirá as estátuas."
        },
        {
          "referencia": "Oséias 10.8",
          "texto": "crescerão sobre os seus Á.; e dirão aos"
        },
        {
          "referencia": "Oséias 12.11",
          "texto": "sacrificam bois; os seus À, são como"
        },
        {
          "referencia": "Amós 3.14",
          "texto": "ele, também visitarei os A. de Betel; e os"
        },
        {
          "referencia": "Romanos 113",
          "texto": "e derribaram os teus Á.; e só eu fiquei,"
        }
      ]
    },
    {
      "palavra": "altas",
      "veja tambem": [
        "alta"
      ],
      "ocorrencias": 18,
      "fonte": "Strong's H1364 (גָּבֹהַּ/gaboah)",
      "concordancias": [
        {
          "referencia": "Deuteronômio 12.2",
          "texto": "os seus deuses, sobre as A. montanhas, e sobre"
        },
        {
          "referencia": "Deuteronômio 33.26",
          "texto": "ajuda e, com a sua alteza, sobre as mais Á. nuvens!"
        },
        {
          "referencia": "1 Reis 18.27",
          "texto": "deles e dizia: Clamai em A. vozes, porque ele"
        },
        {
          "referencia": "Esdras 3.12",
          "texto": "olhos esta casa, choraram em À. vozes; mas"
        },
        {
          "referencia": "Esdras 10.12",
          "texto": "a congregação e disse em A. vozes: Assim seja;"
        },
        {
          "referencia": "Jó 35.5",
          "texto": "evê;e contempla as mais Á. nuvens, que estão"
        },
        {
          "referencia": "Jó 35.5",
          "texto": "as mais À. nuvens, que estão mais À, do que tu."
        },
        {
          "referencia": "S168.34",
          "texto": "sobre Israel e a sua fortaleza nas mais Á. nuvens."
        },
        {
          "referencia": "S178.23",
          "texto": "que tivesse mandado às À. nuvens, e tivesse"
        },
        {
          "referencia": "SI 108.4",
          "texto": "céus, e a tua verdade ultrapassa as mais Á. nuvens."
        },
        {
          "referencia": "Isaías 14.14",
          "texto": "Subirei acima das mais Á. nuvens e serei"
        },
        {
          "referencia": "Isaías 25.12",
          "texto": "E abaixará as À. fortalezas dos teus muros e"
        },
        {
          "referencia": "Jeremias 12.6",
          "texto": "mesmos clamam após ti em A. vozes. Não te fies"
        },
        {
          "referencia": "Jeremias 51.9",
          "texto": "chegou até ao céu e se elevou até às mais A. nuvens."
        },
        {
          "referencia": "Ezequiel 1.18",
          "texto": "Essas rodas eram tão Á., que metiam medo; e as"
        },
        {
          "referencia": "Daniel 8.3",
          "texto": "pontas; e as duas pontas eram AÁ., mas uma era mais"
        },
        {
          "referencia": "Sofonias 1.16",
          "texto": "contra as cidades fortes e contra as torres Á.."
        },
        {
          "referencia": "Romanos 12.16",
          "texto": "vós; não ambicioneis coisas Á., mas acomodai-vos"
        }
      ]
    },
    {
      "palavra": "alterarei",
      "veja tambem": [],
      "ocorrencias": 2,
      "fonte": "",
      "concordancias": [
        {
          "referencia": "Top 406",
          "texto": "posição; Palavras Relacionadas: (alterou-2); Total de re-"
        },
        {
          "referencia": "S189.34",
          "texto": "o meu concerto, não À. o que saiu dos"
        }
      ]
    },
    {
      "palavra": "altercando",
      "veja tambem": [],
      "ocorrencias": 1,
      "fonte": "",
      "concordancias": [
        {
          "referencia": "2 Samuel 19.9",
          "texto": "as tribos de Israel, andava A. entre si,"
        }
      ]
    },
    {
      "palavra": "alterou",
      "veja tambem": [],
      "ocorrencias": 2,
      "fonte": "",
      "concordancias": [
        {
          "referencia": "2 Crônicas 16.10",
          "texto": "porque disso grandemente se À, contra ele;"
        },
        {
          "referencia": "Jeremias 48.11",
          "texto": "conservou o seu sabor, e o seu cheiro não se A.."
        }
      ]
    },
    {
      "palavra": "alteza",
      "veja tambem": [],
      "ocorrencias": 5,
      "fonte": "",
      "concordancias": [
        {
          "referencia": "Gênesis 49.3",
          "texto": "vigor, o mais excelente em À. e o mais"
        },
        {
          "referencia": "Deuteronômio 33.26",
          "texto": "para a tua ajuda e, com a sua A., sobre as mais"
        },
        {
          "referencia": "Deuteronômio 33.29",
          "texto": "teu socorro e a espada da tua À.? Pelo que os"
        },
        {
          "referencia": "Jó 13.11",
          "texto": "não vos espantará a sua A,? E não cairá sobre"
        },
        {
          "referencia": "Jó 40.10",
          "texto": "pois, de excelência e A.; e veste-te de"
        }
      ]
    },
    {
      "palavra": "altíssimas",
      "veja tambem": [
        "alto"
      ],
      "ocorrencias": 1,
      "fonte": "",
      "concordancias": [
        {
          "referencia": "1 Samuel 2.3",
          "texto": "multipliqueis palavras de A. altivezas, nem"
        }
      ]
    }
  ]
}