{
  "a": [
    {
      "palavra": "altissimo",
      "veja tambem": [
        "alto"
      ],
      "ocorrencias": 55,
      "fonte": "Strong's H5945 (עֶלְיוֹן/elyon)",
      "concordancias": [
        {
          "referencia": "Gênesis 14.18",
          "texto": "pão e vinho; e este era sacerdote do Deus A.."
        },
        {
          "referencia": "Gênesis 14.19",
          "texto": "Bendito seja Abrão do Deus A., o Possuidor"
        },
        {
          "referencia": "Gênesis 14.20",
          "texto": "e bendito seja o Deus A., que entregou os teus"
        },
        {
          "referencia": "Gênesis 14.22",
          "texto": "minha mão ao Senhor o Deus A., o Possuidor"
        },
        {
          "referencia": "Números 24.16",
          "texto": "e o que sabe a ciência do A.; o que viu a"
        },
        {
          "referencia": "Deuteronômio 32.8",
          "texto": "Quando o À. distribuía as heranças às nações,"
        },
        {
          "referencia": "2 Samuel 22.14",
          "texto": "desde os céus o Senhor e o À. fez soar a sua voz."
        },
        {
          "referencia": "S17.17",
          "texto": "e cantarei louvores ao nome do Senhor A.."
        },
        {
          "referencia": "S19.2",
          "texto": "de prazer; cantarei louvores ao teu nome, ó A.."
        },
        {
          "referencia": "S118.13",
          "texto": "Senhor trovejou nos céus; o A. levantou a sua"
        },
        {
          "referencia": "S121.7",
          "texto": "Senhor e pela misericórdia do A. nunca vacilará."
        },
        {
          "referencia": "Salmos 47.2",
          "texto": "Porque o Senhor À, é tremendo e Rei grande"
        },
        {
          "referencia": "S150.14",
          "texto": "sacrifício de louvor e paga ao À, os teus votos."
        },
        {
          "referencia": "S156.2",
          "texto": "pois são muitos os que pelejam contra mim, ó Á.."
        },
        {
          "referencia": "S157.2",
          "texto": "Clamarei ao Deus A., ao Deus que por mim tudo exe-"
        },
        {
          "referencia": "S173.11",
          "texto": "Como o sabe Deus? Ou: Há conhecimento no A.?"
        },
        {
          "referencia": "S178.17",
          "texto": "pecar contra ele, provocando ao A. na solidão."
        },
        {
          "referencia": "S178.56",
          "texto": "e provocaram o Deus A., e não"
        },
        {
          "referencia": "SI 82.6",
          "texto": "deuses, e vós outros sois todos filhos do A.."
        },
        {
          "referencia": "S183.18",
          "texto": "o nome de Jeová, és o À, sobre toda a terra."
        },
        {
          "referencia": "S187.5",
          "texto": "nasceram ali; e o mesmo Á, a estabelecerá."
        },
        {
          "referencia": "S191.1",
          "texto": "habita no esconderijo do A., à sombra do"
        },
        {
          "referencia": "S191.9",
          "texto": "ó Senhor, és o meu refúgio! O A. é a tua habitação."
        },
        {
          "referencia": "S192.1",
          "texto": "ao Senhor e cantar louvores ao teu nome, ó Á.,"
        },
        {
          "referencia": "S197.9",
          "texto": "Pois tu, Senhor, és o Á. em toda a terra;"
        },
        {
          "referencia": "S1107.11",
          "texto": "palavras de Deus e desprezaram o conselho do A.,"
        },
        {
          "referencia": "Isaías 14.14",
          "texto": "das mais altas nuvens e serei semelhante ao A.."
        },
        {
          "referencia": "Lamentações 3.35",
          "texto": "o direito do homem perante a face do A.,"
        },
        {
          "referencia": "Lamentações 3.38",
          "texto": "Porventura da boca do À. não sai o male o bem?"
        },
        {
          "referencia": "Daniel 3.26",
          "texto": "e Abede-Nego, servos do Deus Å., saí e"
        },
        {
          "referencia": "Daniel 4.2",
          "texto": "e maravilhas que Deus, o A., tem feito para comigo."
        },
        {
          "referencia": "Daniel 4.17",
          "texto": "conheçam os viventes que o À. tem domínio"
        },
        {
          "referencia": "Daniel 4.24",
          "texto": "ó rei; e este é o decreto do Á., que virá"
        },
        {
          "referencia": "Daniel 4.25",
          "texto": "de ti, até que conheças que o À. tem domínio"
        },
        {
          "referencia": "Daniel 4.32",
          "texto": "ti, até que conheças que o À. tem domínio"
        },
        {
          "referencia": "Daniel 4.34",
          "texto": "entendimento, e eu bendisseo Á., e louvei,"
        },
        {
          "referencia": "Daniel 5.18",
          "texto": "O rei! Deus, o A., deu a Nabucodonosor teu"
        },
        {
          "referencia": "Daniel 5.21",
          "texto": "até que conheceu que Deus, o Á., tem"
        },
        {
          "referencia": "Daniel 7.18",
          "texto": "Mas os santos do À, receberão o reino e"
        },
        {
          "referencia": "Daniel 7.22",
          "texto": "dado o juízo aos santos do A.; e chegou o"
        },
        {
          "referencia": "Daniel 7.25",
          "texto": "palavras contrao Á., e destruirá os"
        },
        {
          "referencia": "Daniel 7.25",
          "texto": "e destruirá os santos do Á., e cuidará em"
        },
        {
          "referencia": "Daniel 7.27",
          "texto": "dados ao povo dos santos do A.; o seu reino"
        },
        {
          "referencia": "Oséias 7.16",
          "texto": "Eles voltam, mas não para o A.. Fizeram-se"
        },
        {
          "referencia": "Oséias 11.7",
          "texto": "de mim; bem que clamam ao A., nenhum deles o"
        },
        {
          "referencia": "Mg 6.6",
          "texto": "me inclinarei ante o Deus 4,? Virei perante"
        },
        {
          "referencia": "Marcos 5.7",
          "texto": "contigo, Jesus, Filho do Deus 4.? Conjuro-te"
        },
        {
          "referencia": "Lucas 1.32",
          "texto": "e será chamado Filho do 4.; e o Senhor Deus"
        },
        {
          "referencia": "Lucas 1.35",
          "texto": "Espírito Santo, e a virtude do A. te cobrirá"
        },
        {
          "referencia": "Lucas 1.76",
          "texto": "serás chamado profeta do Á., porque hás de"
        },
        {
          "referencia": "Lucas 6.35",
          "texto": "galardão, e sereis filhos do A; porque"
        },
        {
          "referencia": "Lucas 8.28",
          "texto": "eu contigo Jesus, Filho do Deus A.? Peço-te"
        },
        {
          "referencia": "Atos 7.48",
          "texto": "mas o À. não habita em templos feitos por mãos"
        },
        {
          "referencia": "Atos 16.17",
          "texto": "o caminho da salvação, são servos do Deus A.."
        },
        {
          "referencia": "Hebreus 7.1",
          "texto": "Salém e sacerdote do Deus Á., e que saiu ao"
        }
      ]
    },
    {
      "palavra": "altissonantemente",
      "veja tambem": [
        "voz",
        "clamar",
        "gritar"
      ],
      "ocorrencias": 1,
      "fonte": "Strong's H7442 (רָנַן/ranan)",
      "concordancias": [
        {
          "referencia": "Provérbios 1.20",
          "texto": "A suprema Sabedoria A. clama de fora;"
        }
      ]
    },
    {
      "palavra": "altissonantes",
      "veja tambem": [
        "altissonantemente"
      ],
      "ocorrencias": 0,
      "fonte": "Strong's H7442 (רָנַן/ranan)",
      "concordancias": []
    },
    {
      "palavra": "altiva",
      "veja tambem": [
        "altivo"
      ],
      "ocorrencias": 1,
      "fonte": "",
      "concordancias": [
        {
          "referencia": "S175.5",
          "texto": "não levanteis a fronte Á., nem faleis com cerviz dura."
        }
      ]
    },
    {
      "palavra": "altivas",
      "veja tambem": [
        "altivo"
      ],
      "ocorrencias": 1,
      "fonte": "",
      "concordancias": [
        {
          "referencia": "SI 124.5",
          "texto": "então, as águas Á. teriam passado sobre a nossa alma."
        }
      ]
    },
    {
      "palavra": "altivez",
      "veja tambem": [],
      "ocorrencias": 10,
      "fonte": "",
      "concordancias": [
        {
          "referencia": "Provérbios 16.18",
          "texto": "precede a ruína, e a À. do espírito"
        },
        {
          "referencia": "Isaías 2.11",
          "texto": "homens serão abatidos, e a A. dos varões será"
        },
        {
          "referencia": "Isaías 2.17",
          "texto": "Ea À. do homem será humilhada, e a Á. dos"
        },
        {
          "referencia": "Isaías 2.17",
          "texto": "homem será humilhada, e a A. dos varões se"
        },
        {
          "referencia": "Isaías 9.9",
          "texto": "de Samaria, que, em soberba e À. de coração, dizem:"
        },
        {
          "referencia": "Isaías 10.12",
          "texto": "do rei da Assíria e a pompa da À. dos seus olhos."
        },
        {
          "referencia": "Isaías 16.6",
          "texto": "a soberbíssima, e da sua A., e da sua"
        },
        {
          "referencia": "Isaías 25.11",
          "texto": "mas o Senhor abaterá a sua Á., apesar da"
        },
        {
          "referencia": "Jeremias 48.29",
          "texto": "e do seu orgulho, e da sua A., e da altura"
        },
        {
          "referencia": "2 Coríntios 10.5",
          "texto": "os conselhos e toda À. que se levanta"
        }
      ]
    },
    {
      "palavra": "altivezas",
      "veja tambem": [
        "altivez"
      ],
      "ocorrencias": 1,
      "fonte": "",
      "concordancias": [
        {
          "referencia": "1 Samuel 2.3",
          "texto": "palavras de altíssimas Á., nem saiam"
        }
      ]
    },
    {
      "palavra": "altivo",
      "veja tambem": [],
      "ocorrencias": 5,
      "fonte": "",
      "concordancias": [
        {
          "referencia": "Jó 38.15",
          "texto": "se desvia a sua luz, e o braço À. se quebranta."
        },
        {
          "referencia": "Provérbios 16.5",
          "texto": "é para o Senhor todo À. de coração; ainda"
        },
        {
          "referencia": "Provérbios 28.25",
          "texto": "O 4. de ânimo levanta contendas, mas o que confia"
        },
        {
          "referencia": "Eclesiastes 7.8",
          "texto": "delas; melhor é o longânimo do que o À. de coração."
        },
        {
          "referencia": "Isaías 2.12",
          "texto": "contra todo o soberbo e 4. e contra todo o que"
        }
      ]
    },
    {
      "palavra": "altivos",
      "veja tambem": [
        "altivo"
      ],
      "ocorrencias": 11,
      "fonte": "",
      "concordancias": [
        {
          "referencia": "2 Samuel 22.28",
          "texto": "mas teus olhos são contra os A., e tu os abaterás."
        },
        {
          "referencia": "Jó 28.8",
          "texto": "pisaram filhos de animais A., nem o feroz leão"
        },
        {
          "referencia": "Jó 41.34",
          "texto": "vê; é rei sobre todos os filhos de animais 4.."
        },
        {
          "referencia": "S118.27",
          "texto": "tulivrarás o povo aflito e abaterás os olhos A.."
        },
        {
          "referencia": "Provérbios 6.17",
          "texto": "olhos A., e língua mentirosa, e mãos que"
        },
        {
          "referencia": "Provérbios 30.13",
          "texto": "geração cujos olhos são A. e cujas pálpebras"
        },
        {
          "referencia": "Isaías 2.11",
          "texto": "Os olhos A. dos homens serão abatidos, e a"
        },
        {
          "referencia": "Isaías 5.15",
          "texto": "se humilhará; e os olhos dos A. se humilharão."
        },
        {
          "referencia": "Isaías 10.33",
          "texto": "estatura serão cortados, e os À. serão abatidos."
        },
        {
          "referencia": "Mg 2.3",
          "texto": "pescoços; e não andareis tão A., porque o"
        },
        {
          "referencia": "1 Timóteo 6.17",
          "texto": "deste mundo que não sejam A., nem ponham a"
        }
      ]
    }
  ]
}