{
  "a": [
    {
      "palavra": "alto",
      "veja tambem": [
        "elevado",
        "superior",
        "grande",
        "excelso",
        "sublime"
      ],
      "ocorrencias": 132,
      "fonte": "Strong's H1364 (גָּבֹהַּ/gaboah)",
      "concordancias": [
        {
          "referencia": "Gênesis 40.17",
          "texto": "e, no cesto mais Á., havia de todos os manjares de"
        },
        {
          "referencia": "Gênesis 49.26",
          "texto": "a cabeça de José e sobre o À. da cabeça do que"
        },
        {
          "referencia": "Números 23.3",
          "texto": "o que me mostrar te notificarei. Então, foi a um A.."
        },
        {
          "referencia": "Deuteronômio 1.28",
          "texto": "dizendo: Maior e mais À, é este povo do que"
        },
        {
          "referencia": "Deuteronômio 2.10",
          "texto": "um povo grande, e numeroso, e Á. como os gigantes;"
        },
        {
          "referencia": "Deuteronômio 2.21",
          "texto": "povo grande, e numeroso, e Á., como os gigantes;"
        },
        {
          "referencia": "Deuteronômio 9.2",
          "texto": "um povo grande e Å., filhos de gigantes, que tu"
        },
        {
          "referencia": "Deuteronômio 28.35",
          "texto": "sarar, dede a planta do teu pé até ao À, da cabeça."
        },
        {
          "referencia": "Deuteronômio 33.16",
          "texto": "a cabeça de José e sobre o À. da cabeça do que"
        },
        {
          "referencia": "Deuteronômio 33.20",
          "texto": "como a leoa e despedaça o braço e o À. da cabeça."
        },
        {
          "referencia": "Juízes 9.6",
          "texto": "como rei, junto ao carvalho À. que está perto de Siquém."
        },
        {
          "referencia": "Juízes 14.6",
          "texto": "que o fendeu de À, a baixo, como quem"
        },
        {
          "referencia": "Juízes 21.19",
          "texto": "do nascente do sol, pelo caminho A. que sobe de"
        },
        {
          "referencia": "1 Samuel 9.12",
          "texto": "à cidade; porquanto o povo tem hoje sacrifício no"
        },
        {
          "referencia": "1 Samuel 9.13",
          "texto": "achareis, antes que suba ao À, para comer; porque"
        },
        {
          "referencia": "1 Samuel 9.14",
          "texto": "que Samuel lhes saiu ao encontro, para subir ao A.."
        },
        {
          "referencia": "1 Samuel 9.19",
          "texto": "sobe diante de mim ao Á.; e comei hoje"
        },
        {
          "referencia": "1 Samuel 9.25",
          "texto": "Então, desceram do A. para a cidade; e falou com"
        },
        {
          "referencia": "1 Samuel 10.5",
          "texto": "de profetas que descem do 4. e trazem diante"
        },
        {
          "referencia": "1 Samuel 10.13",
          "texto": "E, acabando de profetizar, veio ao Á.."
        },
        {
          "referencia": "1 Samuel 10.23",
          "texto": "no meio do povo e era mais 4. do que todo o povo,"
        },
        {
          "referencia": "2 Samuel 11.24",
          "texto": "os teus servos desde o A. do muro, e morreram"
        },
        {
          "referencia": "2 Samuel 22.3",
          "texto": "de minha salvação, e o meu Á. retiro, e o meu"
        },
        {
          "referencia": "2 Samuel 22.17",
          "texto": "Desde o À. enviou e me tomou; tirou-me das muitas"
        },
        {
          "referencia": "Bs 3.4",
          "texto": "porque aquele era o 4. grande; mil"
        },
        {
          "referencia": "1 Reis 7.23",
          "texto": "redor, e de cinco côvados de À.; e um cordão de"
        },
        {
          "referencia": "1 Reis 7.35",
          "texto": "E, no À. de cada base, havia uma altura redonda de"
        },
        {
          "referencia": "1 Reis 7.35",
          "texto": "ao redor; também sobre o À. de cada base havia"
        },
        {
          "referencia": "1 Reis 11.7",
          "texto": "Então, edificou Salomão um Á. a Quemos, a"
        },
        {
          "referencia": "1 Reis 14.23",
          "texto": "imagens do bosque sobre todo À. outeiro e debaixo"
        },
        {
          "referencia": "2 Reis 1.2",
          "texto": "pelas grades de um quarto A., que tinha em"
        },
        {
          "referencia": "2 Reis 9.13",
          "texto": "e a pôs debaixo dele, no mais A. degrau; e tocaram"
        },
        {
          "referencia": "2 Reis 9.33",
          "texto": "disse ele: Lançai-a de A. abaixo. E"
        },
        {
          "referencia": "2 Reis 9.33",
          "texto": "À, abaixo. E lançaram-na de A. abaixo; e foram"
        },
        {
          "referencia": "2 Reis 19.22",
          "texto": "e ergueste os teus olhos ao À.? Contra o Santo de"
        },
        {
          "referencia": "2 Reis 19.23",
          "texto": "de meus carros, subo eu ao A. dos montes, aos"
        },
        {
          "referencia": "2 Reis 23.15",
          "texto": "que estava em Betel e o À. que fez Jeroboão,"
        },
        {
          "referencia": "2 Reis 23.15",
          "texto": "0 À. derribou; queimando o A., em pó o desfez"
        },
        {
          "referencia": "1 Crônicas 16.39",
          "texto": "do tabernáculo do Senhor, no À. que estava em Gi-"
        },
        {
          "referencia": "1 Crônicas 21.29",
          "texto": "holocausto estavam, naquele tempo, no A. de Gi-"
        },
        {
          "referencia": "2 Crônicas 1.3",
          "texto": "a congregação com ele ao A. que estava em Gibeão;"
        },
        {
          "referencia": "2 Crônicas 1.13",
          "texto": "Salomão veio a Jerusalém, do À. que está em Gibeão,"
        },
        {
          "referencia": "2 Crônicas 4.2",
          "texto": "e de cinco cóvados de A.; cingia-o em roda"
        },
        {
          "referencia": "2 Crônicas 25.12",
          "texto": "ao cume da rocha, e do mais À, da rocha os"
        },
        {
          "referencia": "2 Crônicas 30.21",
          "texto": "e os sacerdotes louvaram bem Á. ao Senhor, dia após"
        },
        {
          "referencia": "2 Crônicas 32.33",
          "texto": "e o sepultaram no mais A. dos sepulcros dos"
        },
        {
          "referencia": "2 Crônicas 33.14",
          "texto": "roda, até Ofel, e o levantou mui À,; também pôs"
        },
        {
          "referencia": "Neemias 9.4",
          "texto": "se puseram em pé no lugar A. dos levitas e"
        },
        {
          "referencia": "Jó 2.7",
          "texto": "maligna, desde a planta do pé até ao A. da cabeça."
        },
        {
          "referencia": "Jó 5.11",
          "texto": "pôr os abatidos num lugar 4.; e para que os"
        },
        {
          "referencia": "Jó 39.18",
          "texto": "A seu tempo se levanta ao A.; ri-se do cavalo e do"
        },
        {
          "referencia": "Jó 39.27",
          "texto": "a águia ao teu mandado e põe no 4. o seu ninho?"
        },
        {
          "referencia": "Jó 41.34",
          "texto": "Todo o Á. vê; é rei sobre todos os filhos de"
        },
        {
          "referencia": "S19.9",
          "texto": "O Senhor será também um Á. refúgio para o oprimido;"
        },
        {
          "referencia": "S19.9",
          "texto": "refúgio para o oprimido; um Á. refúgio em tempos de"
        },
        {
          "referencia": "Salmos 18.2",
          "texto": "escudo, a força da minha salvação e o meu Á, refúgio."
        },
        {
          "referencia": "SI 18.16",
          "texto": "Enviou desde o À. e me tomou; tirou-me das muitas"
        },
        {
          "referencia": "SI 48.3",
          "texto": "Deus é conhecido nos seus palácios por um À. refúgio."
        },
        {
          "referencia": "S150.4",
          "texto": "Do A., chamará os céus e a terra, para julgar o seu povo."
        },
        {
          "referencia": "S159.16",
          "texto": "porquanto tu foste o meu A. refúgio e"
        },
        {
          "referencia": "S168.18",
          "texto": "Tu subiste ao A., levaste cativo o cativeiro,"
        },
        {
          "referencia": "S169.29",
          "texto": "ponha-me a tua salvação, ó Deus, num A. retiro."
        },
        {
          "referencia": "Si 102.19",
          "texto": "porquanto olhara desde o A. do seu santuário; desde"
        },
        {
          "referencia": "S1107.41",
          "texto": "o necessitado, para um Á, retiro, e multiplica"
        },
        {
          "referencia": "Salmos 144.7",
          "texto": "Estende as mãos desde o A.; livra-me e arrebata-me"
        },
        {
          "referencia": "Provérbios 16.17",
          "texto": "O Á. caminho dos retos é desviar-se do mal; o que"
        },
        {
          "referencia": "Provérbios 18.10",
          "texto": "para ela correrá o justo e estará em A. retiro."
        },
        {
          "referencia": "Provérbios 18.11",
          "texto": "cidade forte e, como um muro A., nasua imaginação."
        },
        {
          "referencia": "Provérbios 29.25",
          "texto": "mas o que confia no Senhor será posto em 4. retiro."
        },
        {
          "referencia": "Eclesiastes 5.8",
          "texto": "caso; porque o que mais A. é do que os altos"
        },
        {
          "referencia": "Eclesiastes 12.5",
          "texto": "temerem o que está no A., e houver espantos no"
        },
        {
          "referencia": "Isaías 6.1",
          "texto": "Senhor assentado sobre um A. e sublime trono; e o"
        },
        {
          "referencia": "Isaías 9.18",
          "texto": "da floresta; e subirão ao Á. espessas nuvens"
        },
        {
          "referencia": "Isaías 10.30",
          "texto": "Clama Á. com a tua voz, ó filha de Galim! Ouve, ó"
        },
        {
          "referencia": "Isaías 18.7",
          "texto": "dos Exércitos um povo À. e polido e um povo"
        },
        {
          "referencia": "Isaías 22.16",
          "texto": "sepultura, cavando em lugar Á. a sua sepultura,"
        },
        {
          "referencia": "Isaías 24.18",
          "texto": "porque as janelas do A. se abriram, e os"
        },
        {
          "referencia": "Isaías 24.21",
          "texto": "visitará os exércitos do Á, na altura e os reis"
        },
        {
          "referencia": "Isaías 30.13",
          "texto": "forma barriga desde o mais Á. sítio, e cuja queda"
        },
        {
          "referencia": "Isaías 30.25",
          "texto": "E haverá, em todo monte À. e em todo outeiro"
        },
        {
          "referencia": "Isaías 32.15",
          "texto": "sobre nós o Espírito lá do A.; então, o deserto se"
        },
        {
          "referencia": "Isaías 33.16",
          "texto": "das rochas serão o seu À. refúgio, o seu pão"
        },
        {
          "referencia": "Isaías 35.8",
          "texto": "E ali haverá um Á. caminho, um caminho que se"
        },
        {
          "referencia": "Isaías 36.2",
          "texto": "junto ao cano do tanque mais Á., junto ao caminho"
        },
        {
          "referencia": "Isaías 38.14",
          "texto": "a pomba; alçava os olhos ao A.; ó Senhor, ando"
        },
        {
          "referencia": "Isaías 40.9",
          "texto": "a Sião, sobe a um monte A.. Tu, anunciador de"
        },
        {
          "referencia": "Isaías 40.26",
          "texto": "Levantai ao À. os olhos e vede quem criou estas"
        },
        {
          "referencia": "Isaías 57.15",
          "texto": "Porque assim diz o Á. e o Sublime, que habita na"
        },
        {
          "referencia": "Isaías 57.15",
          "texto": "e cujo nome é Santo: Em um A. e santo lugar"
        },
        {
          "referencia": "Isaías 58.4",
          "texto": "como hoje, para fazer ouvir a vossa voz no Å.."
        },
        {
          "referencia": "Jeremias 2.16",
          "texto": "de Nofa e de Tafnes te quebraram o Á, da cabeça."
        },
        {
          "referencia": "Jeremias 2.20",
          "texto": "contudo, em todo outeiro À. e debaixo de toda"
        },
        {
          "referencia": "Jeremias 3.6",
          "texto": "Ela foi-se a todo monte À. e debaixo de toda"
        },
        {
          "referencia": "Jeremias 25.30",
          "texto": "lhes dirás: O Senhor, desde o A., bramirá e"
        },
        {
          "referencia": "Lamentações 1.13",
          "texto": "Desde o Á. enviou fogo a meus ossos, o qual se"
        },
        {
          "referencia": "z 1.26",
          "texto": "como que a semelhança de um homem, no A., sobre"
        },
        {
          "referencia": "Ezequiel 6.13",
          "texto": "altares, em todo o outeiro Á., em todos os"
        },
        {
          "referencia": "Ezequiel 10.15",
          "texto": "querubins se elevaram ao A.; estes são os mesmos"
        },
        {
          "referencia": "Ezequiel 10.19",
          "texto": "a glória do Deus de Israel estava no Á., sobre eles."
        },
        {
          "referencia": "Ezequiel 11.22",
          "texto": "a glória do Deus de Israel estava no Á., sobre eles."
        },
        {
          "referencia": "Ezequiel 16.25",
          "texto": "edificaste o teu lugar A., e fizeste abominável"
        },
        {
          "referencia": "Ezequiel 16.31",
          "texto": "e fazendo o teu lugar À. em cada rua, não"
        },
        {
          "referencia": "Ezequiel 17.3",
          "texto": "veio ao Líbano e levou o mais Á. ramo de um cedro."
        },
        {
          "referencia": "Ezequiel 17.22",
          "texto": "mais tenro e o plantarei sobre um monte À. e sublime."
        },
        {
          "referencia": "Ezequiel 17.23",
          "texto": "No monte Á. de Israel, o plantarei, e produzirá"
        },
        {
          "referencia": "Ezequiel 20.28",
          "texto": "olharam para todo outeiro A. e para toda"
        },
        {
          "referencia": "Ezequiel 20.29",
          "texto": "E eu lhes disse: Que Á. é este, aonde vós ides? E"
        },
        {
          "referencia": "Ezequiel 20.40",
          "texto": "meu santo monte, no monte A. de Israel, diz o"
        },
        {
          "referencia": "Ezequiel 34.6",
          "texto": "os montes e por todo o À, outeiro; sim, as"
        },
        {
          "referencia": "Ezequiel 40.2",
          "texto": "me pôs sobre um monte muito A.; e havia sobre ele"
        },
        {
          "referencia": "Ezequiel 41.7",
          "texto": "caracol do templo subia mui 4. por todo o redor do"
        },
        {
          "referencia": "Habacuque 2.9",
          "texto": "para pôr o seu ninho no A., a fim de se livrar"
        },
        {
          "referencia": "Habacuque 3.10",
          "texto": "deu o abismo a sua voz, levantou as suas mãos ao Á.."
        },
        {
          "referencia": "Mateus 4.8",
          "texto": "o diabo a um monte muito A.; e mostrou-lhe todos"
        },
        {
          "referencia": "Mateus 17.1",
          "texto": "seu irmão, e os conduziu em particular a um Á, mon-"
        },
        {
          "referencia": "Mateus 27.51",
          "texto": "se rasgou em dois, de À, a baixo; e tremeu a"
        },
        {
          "referencia": "Marcos 9.2",
          "texto": "levou sós, em particular, a um Á. monte, e"
        },
        {
          "referencia": "Marcos 15.38",
          "texto": "E o véu do templo se rasgou em dois, de A. a baixo."
        },
        {
          "referencia": "Lucas 1.78",
          "texto": "do nosso Deus, com que o oriente do À, nos visitou,"
        },
        {
          "referencia": "Lucas 4.5",
          "texto": "E o diabo, levando-o a um A. monte, mostrou-lhe,"
        },
        {
          "referencia": "Lucas 5.4",
          "texto": "disse a Simão: faze-te ao mar A., e lançai as"
        },
        {
          "referencia": "Lucas 24.49",
          "texto": "de Jerusalém, até que do A. sejais revestidos"
        },
        {
          "referencia": "Jó 19.23",
          "texto": "A túnica, porém, tecida toda de A, a baixo, não"
        },
        {
          "referencia": "Atos 9.37",
          "texto": "e, tendo-a lavado, a depositaram num quarto A.."
        },
        {
          "referencia": "Atos 9.39",
          "texto": "chegou, o levaram ao quarto A., e todas as"
        },
        {
          "referencia": "Romanos 10.6",
          "texto": "Quem subirá ao céu (isto é, a trazer do À, a Cristo)?"
        },
        {
          "referencia": "Efésios 4.8",
          "texto": "Pelo que diz: Subindo ao A., levou cativo o"
        },
        {
          "referencia": "Tiago 1.17",
          "texto": "e todo dom perfeito vêm do A., descendo do Pai das"
        },
        {
          "referencia": "Tiago 3.15",
          "texto": "é a sabedoria que vem do A., mas é terrena,"
        },
        {
          "referencia": "Tiago 3.17",
          "texto": "Mas a sabedoria que vem do Á. é, primeiramente,"
        },
        {
          "referencia": "Apocalipse 21.10",
          "texto": "em espírito a um grande e A. monte e mostrou-me a"
        },
        {
          "referencia": "Apocalipse 21.12",
          "texto": "E tinha um grande e À, muro com doze portas, e, nas"
        }
      ]
    }
  ]
}