{
  "a": [
    {
      "palavra": "altos",
      "veja tambem": [
        "alto"
      ],
      "ocorrencias": 104,
      "fonte": "Strong's H1364 (גָּבֹהַּ/gaboah)",
      "concordancias": [
        {
          "referencia": "Gênesis 7.19",
          "texto": "sobre a terra; e todos os Á. montes que havia"
        },
        {
          "referencia": "Levítico 26.30",
          "texto": "E destruirei os vossos Á., e desfarei as vossas"
        },
        {
          "referencia": "Números 21.28",
          "texto": "a Ar dos moabitas e aos senhores dos À. de Arnom."
        },
        {
          "referencia": "Números 22.41",
          "texto": "a Balaão e o fez subir aos 4. de Baal. E viu"
        },
        {
          "referencia": "Números 33.52",
          "texto": "imagens de fundição e desfareis todos os seus À.;"
        },
        {
          "referencia": "Deuteronômio 3.5",
          "texto": "eram fortificadas com A. muros, portas e"
        },
        {
          "referencia": "Deuteronômio 28.52",
          "texto": "que venham a cair os teus À. e fortes muros, em"
        },
        {
          "referencia": "2 Samuel 1.19",
          "texto": "de Israel! Nos teus Á., fui ferido; como"
        },
        {
          "referencia": "2 Samuel 1.25",
          "texto": "no meio da peleja! Jônatas nos teus A. foi ferido!"
        },
        {
          "referencia": "1 Reis 3.2",
          "texto": "povo sacrificava sobre os Á., porque até àqueles"
        },
        {
          "referencia": "1 Reis 3.3",
          "texto": "seu pai; somente que nos Á. sacrificava e"
        },
        {
          "referencia": "1 Reis 12.31",
          "texto": "Também fez casa dos A. e fez sacerdotes dos mais"
        },
        {
          "referencia": "1 Reis 12.32",
          "texto": "em Betel estabeleceu sacerdotes dos A. que fizera."
        },
        {
          "referencia": "1 Reis 13.2",
          "texto": "sobre ti os sacerdotes dos Á, que queimam"
        },
        {
          "referencia": "IRs 13.32",
          "texto": "contra todas as casas dos À. que estão nas"
        },
        {
          "referencia": "IRs 13.33",
          "texto": "fazer sacerdotes dos lugares À.; a quem queria,"
        },
        {
          "referencia": "1 Reis 13.33",
          "texto": "a mão, e assim era um dos sacerdotes dos lugares A.."
        },
        {
          "referencia": "1 Reis 14.23",
          "texto": "também eles edificaram Á., e estátuas, e"
        },
        {
          "referencia": "1 Reis 15.14",
          "texto": "Os A., porém, se não tiraram; todavia, foi o"
        },
        {
          "referencia": "IRs 22.44",
          "texto": "Todavia, os À. não se tiraram; ainda o povo"
        },
        {
          "referencia": "1 Reis 22.44",
          "texto": "ainda o povo sacrificava e queimava incenso nos Á.."
        },
        {
          "referencia": "2 Reis 12.3",
          "texto": "Tão somente os À. se não tiraram; porque ainda o"
        },
        {
          "referencia": "2 Reis 12.3",
          "texto": "ainda o povo sacrificava e queimava incenso nos Á.."
        },
        {
          "referencia": "2 Reis 14.4",
          "texto": "Tão somente os À. se não tiraram; porque ainda o"
        },
        {
          "referencia": "2 Reis 144",
          "texto": "ainda o povo sacrificava e queimava incenso nos Á.."
        },
        {
          "referencia": "2 Reis 15.4",
          "texto": "Tão somente os À. se não tiraram; porque ainda o"
        },
        {
          "referencia": "2 Reis 15.4",
          "texto": "ainda o povo sacrificava e queimava incenso nos Á.."
        },
        {
          "referencia": "2 Reis 15.35",
          "texto": "Tão somente os A. se não tiraram; porque ainda o"
        },
        {
          "referencia": "2 Reis 15.35",
          "texto": "e queimava incenso nos 4.; Jotão edificou a"
        },
        {
          "referencia": "2 Reis 16.4",
          "texto": "e queimou incenso nos Á. e nos outeiros, como"
        },
        {
          "referencia": "2 Reis 17.9",
          "texto": "seu Deus; e edificaram À. em todas as suas"
        },
        {
          "referencia": "2 Reis 17.10",
          "texto": "do bosque, em todos os À. outeiros e debaixo"
        },
        {
          "referencia": "2 Reis 17.11",
          "texto": "ali incenso em todos os Á., como as nações que"
        },
        {
          "referencia": "2 Reis 17.29",
          "texto": "e os puseram nas casas dos À. que os samaritanos"
        },
        {
          "referencia": "2 Reis 17.32",
          "texto": "sacerdotes dos lugares Á., os quais exerciam o"
        },
        {
          "referencia": "2 Reis 17.32",
          "texto": "exerciam o ministério nas casas dos lugares A.."
        },
        {
          "referencia": "2 Reis 184",
          "texto": "Este tirou os Á., e quebrou as estátuas, e deitou"
        },
        {
          "referencia": "2 Reis 18.22",
          "texto": "não é este aquele cujos A. e cujos"
        },
        {
          "referencia": "2 Reis 19.23",
          "texto": "do Líbano, e cortarei os seus Á. cedros e as"
        },
        {
          "referencia": "2 Reis 21.3",
          "texto": "tornou a edificar os À. que Ezequias, seu"
        },
        {
          "referencia": "2 Reis 23.5",
          "texto": "para incensarem sobre os A. nas cidades de Judá"
        },
        {
          "referencia": "2 Reis 23.8",
          "texto": "de Judá, e profanou os 4. em que os"
        },
        {
          "referencia": "2 Reis 23.8",
          "texto": "até Berseba, e derribou os À. das portas, que"
        },
        {
          "referencia": "2 Reis 23.9",
          "texto": "Mas os sacerdotes dos A. não sacrificavam sobre o"
        },
        {
          "referencia": "2 Reis 23.13",
          "texto": "O rei profanou também os A. que estavam defronte"
        },
        {
          "referencia": "2 Reis 23.19",
          "texto": "tirou todas as casas dos A. que havia nas"
        },
        {
          "referencia": "2 Reis 23.20",
          "texto": "todos os sacerdotes dos A., que havia ali,"
        },
        {
          "referencia": "2 Crônicas 11.15",
          "texto": "para si sacerdotes para os Á., e para os demônios,"
        },
        {
          "referencia": "2 Crônicas 14.3",
          "texto": "dos deuses estranhos e os A., e quebrou as"
        },
        {
          "referencia": "2 Crônicas 14.5",
          "texto": "as cidades de Judá os Á. e as imagens do sol;"
        },
        {
          "referencia": "2 Crônicas 15.17",
          "texto": "Os A., porém, não se tiraram de Israel; contudo, o"
        },
        {
          "referencia": "2 Crônicas 17.6",
          "texto": "do Senhor e ainda tirou os 4. e os bosques de Judá."
        },
        {
          "referencia": "2 Crônicas 20.33",
          "texto": "Contudo, os À. se não tiraram, porque o povo não"
        },
        {
          "referencia": "2 Crônicas 21.11",
          "texto": "Ele também fez A. nos montes de Judá, e fez com"
        },
        {
          "referencia": "2 Crônicas 28.4",
          "texto": "e queimou incenso nos Á, e nos outeiros, como"
        },
        {
          "referencia": "2 Crônicas 28.25",
          "texto": "em cada cidade de Judá fez A, para queimar incenso"
        },
        {
          "referencia": "2 Crônicas 31.1",
          "texto": "os bosques e derribaram os 4. e altares por"
        },
        {
          "referencia": "2 Crônicas 32.12",
          "texto": "o mesmo que tirou os seus Å. e os seus altares e"
        },
        {
          "referencia": "2 Crônicas 33.3",
          "texto": "tornou a edificar os À. que Ezequias, seu"
        },
        {
          "referencia": "2 Crônicas 33.17",
          "texto": "o povo sacrificava nos Á., mas somente ao"
        },
        {
          "referencia": "2 Crônicas 33.19",
          "texto": "e os lugares onde edificou À. e pôs bosques e"
        },
        {
          "referencia": "2 Crônicas 34.3",
          "texto": "a Judá e a Jerusalém dos Á., e dos"
        },
        {
          "referencia": "Neemias 4.13",
          "texto": "por detrás do muro e nos A.; e pus o povo, pelas"
        },
        {
          "referencia": "Jó 9.8",
          "texto": "sozinho estende os céus e anda sobre os À. do mar;"
        },
        {
          "referencia": "Jó 36.30",
          "texto": "estende sobre elas a sua luz e encobre os Á. do mar."
        },
        {
          "referencia": "S178.58",
          "texto": "a ira com os seus A. e despertaram-lhe o"
        },
        {
          "referencia": "SI 104.18",
          "texto": "Os A, montes são um refúgio para as cabras"
        },
        {
          "referencia": "Eclesiastes 5.8",
          "texto": "o que mais alto é do que os Á, para isso atenta;"
        },
        {
          "referencia": "Eclesiastes 5.8",
          "texto": "os À. para isso atenta; e há mais Á. do que eles."
        },
        {
          "referencia": "Isaías 2.13",
          "texto": "todos os cedros do Líbano, À. e sublimes; e"
        },
        {
          "referencia": "Isaías 2.14",
          "texto": "e contra todos os montes Á., e contra todos os"
        },
        {
          "referencia": "Isaías 15.2",
          "texto": "ea Dibom, e aos lugares A., a chorar; por"
        },
        {
          "referencia": "Isaías 16.12",
          "texto": "quando se cansar nos Á., e entrar no seu"
        },
        {
          "referencia": "Isaías 24.4",
          "texto": "se murcha; enfraquecem os mais 4. do povo da terra."
        },
        {
          "referencia": "Isaías 36.7",
          "texto": "não é esse aquele cujos À. e cujos"
        },
        {
          "referencia": "Isaías 37.24",
          "texto": "do Líbano; e cortarei os seus À. cedros e as suas"
        },
        {
          "referencia": "Isaías 41.18",
          "texto": "Abrirei rios em lugares A. e fontes, no meio dos"
        },
        {
          "referencia": "Isaías 49.9",
          "texto": "caminhos e, em todos os lugares Á., terão o seu pasto."
        },
        {
          "referencia": "Isaías 55.9",
          "texto": "assim como os céus são mais À. do que a terra,"
        },
        {
          "referencia": "Isaías 55.9",
          "texto": "e os meus pensamentos, mais 4. do que os vossos pen-"
        },
        {
          "referencia": "Isaías 57.7",
          "texto": "Sobre os montes Á. e levantados pões a tua cama; e"
        },
        {
          "referencia": "Jeremias 3.2",
          "texto": "Levanta os olhos aos Á. e vê; onde não te"
        },
        {
          "referencia": "Jeremias 3.21",
          "texto": "Nos lugares A. se ouviu uma voz, pranto e súplicas"
        },
        {
          "referencia": "Jeremias 7.31",
          "texto": "E edificaram os À, de Tofete, que está no vale do"
        },
        {
          "referencia": "Jeremias 12.12",
          "texto": "Sobre todos os lugares A. do deserto vieram"
        },
        {
          "referencia": "Jeremias 14.6",
          "texto": "se põem nos lugares A., sorvem o vento como"
        },
        {
          "referencia": "Jeremias 17.2",
          "texto": "bosques, e das árvores verdes, sobre os À. outeiros."
        },
        {
          "referencia": "Jeremias 17.3",
          "texto": "presa, como também os teus 4. por causa do"
        },
        {
          "referencia": "Jeremias 19.5",
          "texto": "Porque edificaram os A. de Baal, para queimarem"
        },
        {
          "referencia": "Jeremias 26.18",
          "texto": "e o monte desta casa, como os À, de um bosque."
        },
        {
          "referencia": "Jeremias 32.35",
          "texto": "E edificaram os À. de Baal, que estão no vale ao"
        },
        {
          "referencia": "Jeremias 48.35",
          "texto": "Senhor, quem sacrifique nos Á, e queime incenso"
        },
        {
          "referencia": "Ezequiel 6.3",
          "texto": "trarei a espada sobre vós e destruirei os vossos Á.."
        },
        {
          "referencia": "Ezequiel 6.6",
          "texto": "serão destruídas, e os Á., assolados; para"
        },
        {
          "referencia": "Ezequiel 16.16",
          "texto": "vestes, e fizeste lugares A. adornados de"
        },
        {
          "referencia": "Ezequiel 16.24",
          "texto": "uma abóbada e fizeste lugares Á. por todas as ruas."
        },
        {
          "referencia": "Ezequiel 16.39",
          "texto": "etranstornarão os teus A. lugares, e te"
        },
        {
          "referencia": "Ezequiel 34.14",
          "texto": "as apascentarei, e nos Á. montes de Israel"
        },
        {
          "referencia": "Ezequiel 43.7",
          "texto": "e com os cadáveres dos seus reis, nos seus A.,"
        },
        {
          "referencia": "Oséias 10.8",
          "texto": "E os À. de Áven, pecado de Israel, serão"
        },
        {
          "referencia": "Amós 4.13",
          "texto": "faz da manhã trevas e pisa os Á, da terra; Senhor,"
        },
        {
          "referencia": "Amós 7.9",
          "texto": "Mas os À, de Isaque serão assolados, e destruídos"
        },
        {
          "referencia": "Miquéias 1.5",
          "texto": "Não é Samaria? E quais os A. de Judá? Não é Jerusalém?"
        },
        {
          "referencia": "Miquéias 3.12",
          "texto": "e o monte desta casa, em lugares A. de um bosque."
        }
      ]
    }
  ]
}