{
  "a": [
    {
      "palavra": "abismo",
      "veja tambem": [
        "profundidade",
        "inferno",
        "trevas",
        "caos"
      ],
      "ocorrencias": 35,
      "fonte": "Strong's H8415 (תְּהוֹם/tehom)",
      "concordancias": [
        {
          "referencia": "Gênesis 1.2",
          "texto": "trevas sobre a face do À.; eo Espírito de"
        },
        {
          "referencia": "Gênesis 7.11",
          "texto": "todas as fontes do grande A., e as janelas"
        },
        {
          "referencia": "Gênesis 8.2",
          "texto": "também as fontes do A. e as janelas dos"
        },
        {
          "referencia": "Gênesis 49.25",
          "texto": "céus de cima, com bênçãos do A. que está"
        },
        {
          "referencia": "Deuteronômio 33.13",
          "texto": "como orvalho e com o que há no A., que jaz abaixo,"
        },
        {
          "referencia": "Jó 28.14",
          "texto": "O A. diz: Não está em mim; e o mar diz: Ela não"
        },
        {
          "referencia": "Jó 38.16",
          "texto": "do mar, ou passeaste no mais profundo do A.?"
        },
        {
          "referencia": "Jó 38.30",
          "texto": "águas se escondem, e a superfície do À. se coalha?"
        },
        {
          "referencia": "Jó 41.32",
          "texto": "alumia o caminho; parece o À. tornado em"
        },
        {
          "referencia": "S130.3",
          "texto": "conservaste-me avida para que não descesse ao Å.."
        },
        {
          "referencia": "S169.15",
          "texto": "das águas e não me sorva o Á., nem o poço cerre a"
        },
        {
          "referencia": "Si 88.6",
          "texto": "no mais profundo do Á., em trevas e nas profundezas"
        },
        {
          "referencia": "Salmos 104.6",
          "texto": "Tu a cobriste com o A., como com uma veste; as"
        },
        {
          "referencia": "Provérbios 8.27",
          "texto": "estava eu; quando compassava ao redor a face do A.;"
        },
        {
          "referencia": "Provérbios 8.28",
          "texto": "nuvens de cima, quando fortificava as fontes do A.;"
        },
        {
          "referencia": "Isaías 14.15",
          "texto": "levado serás ao inferno, ao mais profundo do A.."
        },
        {
          "referencia": "Isaías 51.10",
          "texto": "o mar, as águas do grande A.? E que fez o"
        },
        {
          "referencia": "Ezequiel 26.19",
          "texto": "quando fizer sobre ti um Á., eas muitas"
        },
        {
          "referencia": "Ezequiel 31.4",
          "texto": "águas o fizeram crescer, o À. o exalçou, as suas"
        },
        {
          "referencia": "Ezequiel 31.15",
          "texto": "houvesse luto; fiz cobrir o Á., por sua causa,"
        },
        {
          "referencia": "Amós 7.4",
          "texto": "do fogo; e consumiu o grande A. e também queria"
        },
        {
          "referencia": "Jonas 2.5",
          "texto": "me cercaram até à alma, o A. me rodeou, e as"
        },
        {
          "referencia": "Miquéias 1.4",
          "texto": "do fogo, como as águas que se precipitam em um Á.."
        },
        {
          "referencia": "Habacuque 3.10",
          "texto": "das águas passou; deu o Á. a sua voz,"
        },
        {
          "referencia": "Lucas 8.31",
          "texto": "E rogavam-lhe que os não mandasse para o A.."
        },
        {
          "referencia": "Lucas 16.26",
          "texto": "disso, está posto um grande A. entre nós e vós,"
        },
        {
          "referencia": "Romanos 10.7",
          "texto": "Ou: Quem descerá ao A. (isto é, a tornar a trazer"
        },
        {
          "referencia": "2 Coríntios 11.25",
          "texto": "sofri naufrágio, uma noite e um dia passei no A."
        },
        {
          "referencia": "Apocalipse 9.1",
          "texto": "na terra; e foi-lhe dada a chave do poço do A.."
        },
        {
          "referencia": "Apocalipse 9.2",
          "texto": "E abriu o poço do A., e subiu fumaça do poço como"
        },
        {
          "referencia": "Apocalipse 9.11",
          "texto": "sobre si rei, o anjo do A,; em hebreu era o"
        },
        {
          "referencia": "Apocalipse 11.7",
          "texto": "a besta que sobe do A. lhes fará guerra,"
        },
        {
          "referencia": "Apocalipse 17.8",
          "texto": "já não é, e há de subir do A., e irá à perdição."
        },
        {
          "referencia": "Apocalipse 20.1",
          "texto": "anjo que tinha a chave do A. e uma grande cadeia"
        },
        {
          "referencia": "Apocalipse 20.3",
          "texto": "E lançou-o no Á., e ali o encerrou, e pôs selo"
        }
      ]
    },
    {
      "palavra": "abismos",
      "veja tambem": [
        "abismo"
      ],
      "ocorrencias": 13,
      "fonte": "Strong's H8415 (תְּהוֹם/tehom)",
      "concordancias": [
        {
          "referencia": "Êxodo 15.5",
          "texto": "Os À. os cobriram; desceram às profundezas como"
        },
        {
          "referencia": "Êxodo 15.8",
          "texto": "pararam como montão; os Á. coalharam-se"
        },
        {
          "referencia": "Deuteronômio 8.7",
          "texto": "de águas, de fontes e de A., que saem dos"
        },
        {
          "referencia": "S133.7",
          "texto": "do mar como num montão; põe os Á. em tesouros."
        },
        {
          "referencia": "S171.20",
          "texto": "darás ainda a vida e me tirarás dos Á. da terra."
        },
        {
          "referencia": "S177.16",
          "texto": "águas te viram, e tremeram; os À. também se abala-"
        },
        {
          "referencia": "Salmos 78.15",
          "texto": "no deserto e deu-lhes de beber como de grandes A.."
        },
        {
          "referencia": "S1106.9",
          "texto": "e os fez caminhar pelos À. como pelo deserto."
        },
        {
          "referencia": "S1107.26",
          "texto": "Sobem aos céus, descem aos A., e a sua alma se"
        },
        {
          "referencia": "S1135.6",
          "texto": "nos céus e na terra, nos mares e em todos os A.."
        },
        {
          "referencia": "Provérbios 3.20",
          "texto": "se fenderam os A., e as nuvens"
        },
        {
          "referencia": "Provérbios 8.24",
          "texto": "Antes de haver A., fui gerada; e antes ainda de"
        },
        {
          "referencia": "Isaías 63.13",
          "texto": "Aquele que os guiou pelos Á., como o cavalo, no"
        }
      ]
    }
  ]
}