{
  "a": [
    {
      "palavra": "alumiar",
      "veja tambem": [
        "iluminar",
        "esclarecer",
        "ilustrar",
        "mostrar"
      ],
      "ocorrencias": 10,
      "fonte": "Strong's H215 (אוֹר/or)",
      "concordancias": [
        {
          "referencia": "Gênesis 1.15",
          "texto": "na expansão dos céus, para À. a terra. E assim foi."
        },
        {
          "referencia": "Gênesis 1.17",
          "texto": "Deus os pôs na expansão dos céus para À. a terra,"
        },
        {
          "referencia": "Êxodo 13.21",
          "texto": "numa coluna de fogo, para os Á., para que"
        },
        {
          "referencia": "Êxodo 25.37",
          "texto": "as quais se acenderão para À. defronte dele."
        },
        {
          "referencia": "Esdras 9.8",
          "texto": "no seu santo lugar; para nos À. os olhos; ó"
        },
        {
          "referencia": "Neemias 9.19",
          "texto": "coluna de fogo de noite, para os À. e mostrar o"
        },
        {
          "referencia": "Jó 33.30",
          "texto": "a sua alma da perdição e o À. com a luz dos viventes."
        },
        {
          "referencia": "SI 105.39",
          "texto": "nuvem por coberta e um fogo, para os À, de noite."
        },
        {
          "referencia": "Lucas 1.79",
          "texto": "para Á. os que estão assentados em trevas e"
        },
        {
          "referencia": "Lucas 2.32",
          "texto": "luz para À, as nações e para glória de teu povo Israel."
        }
      ]
    },
    {
      "palavra": "alumiará",
      "veja tambem": [
        "alumiar"
      ],
      "ocorrencias": 2,
      "fonte": "Strong's H215 (אוֹר/or)",
      "concordancias": [
        {
          "referencia": "S118.28",
          "texto": "candeia; o Senhor, meu Deus. À. as minhas trevas."
        },
        {
          "referencia": "Isaías 60.19",
          "texto": "o seu resplendor a lua te Á.: mas o Senhor"
        }
      ]
    },
    {
      "palavra": "alumiaram",
      "veja tambem": [
        "alu-"
      ],
      "ocorrencias": 0,
      "fonte": "Strong's H215 (אוֹר/or)",
      "concordancias": []
    },
    {
      "palavra": "alumiares",
      "veja tambem": [
        "alumiar"
      ],
      "ocorrencias": 1,
      "fonte": "Strong's H215 (אוֹר/or)",
      "concordancias": [
        {
          "referencia": "Neemias 9.12",
          "texto": "uma coluna de fogo, para os À. no caminho por"
        }
      ]
    },
    {
      "palavra": "alumiava",
      "veja tambem": [
        "alumiar"
      ],
      "ocorrencias": 1,
      "fonte": "Strong's H215 (אוֹר/or)",
      "concordancias": [
        {
          "referencia": "Jó 5.35",
          "texto": "era a candeia que ardia e A.; e vós quisestes"
        }
      ]
    },
    {
      "palavra": "aluno",
      "veja tambem": [
        "discípulo",
        "aprendiz",
        "estudante"
      ],
      "ocorrencias": 1,
      "fonte": "Strong's H525 (אָמוֹן/amon)",
      "concordancias": [
        {
          "referencia": "Provérbios 8.30",
          "texto": "eu estava com ele e era seu A.; e era cada dia as"
        }
      ]
    },
    {
      "palavra": "alus",
      "veja tambem": [
        "lugar",
        "acampamento",
        "parada"
      ],
      "ocorrencias": 2,
      "fonte": "Strong's H425 (אֵלוּת/eluth)",
      "concordancias": [
        {
          "referencia": "Números 33.13",
          "texto": "E partiram de Dofca e acamparam-se em Á.."
        },
        {
          "referencia": "Números 33.14",
          "texto": "E partiram de À. e acamparam-se em Refidim; po-"
        }
      ]
    },
    {
      "palavra": "alva",
      "veja tambem": [
        "alvo"
      ],
      "ocorrencias": 25,
      "fonte": "Strong's H7837 (שַׁחַר/shachar)",
      "concordancias": [
        {
          "referencia": "Gênesis 32.24",
          "texto": "só; e lutou com ele um varão, até que a À. subia."
        },
        {
          "referencia": "Gênesis 32.26",
          "texto": "Deixa-me ir, porque já a Á. subiu. Porém ele"
        },
        {
          "referencia": "Gênesis 36.40",
          "texto": "o príncipe Timna, o príncipe Á., o príncipe Jetete,"
        },
        {
          "referencia": "Josué 6.15",
          "texto": "dia, madrugaram ao subir da À. e da mesma maneira"
        },
        {
          "referencia": "Juízes 19.25",
          "texto": "a noite até pela manhã, e, subindo a A., a deixaram."
        },
        {
          "referencia": "1 Samuel 9.26",
          "texto": "que, quase ao subir da Á., chamou Samuel a"
        },
        {
          "referencia": "1 Crônicas 1.51",
          "texto": "o príncipe Timna, o príncipe Á., o príncipe Jetete,"
        },
        {
          "referencia": "Neemias 4.21",
          "texto": "as lanças desde a subida da À, até ao sair das estrelas."
        },
        {
          "referencia": "Neemias 8.3",
          "texto": "da Porta das Águas, desde a À. até ao meio-dia,"
        },
        {
          "referencia": "Jó 3.9",
          "texto": "e não venha; e não veja as pestanas dos olhos da À.!"
        },
        {
          "referencia": "Jó 7.4",
          "texto": "é a noite, e farto-me de me voltar na cama até à Á.."
        },
        {
          "referencia": "Jó 38.7",
          "texto": "quando as estrelas da À. juntas alegremente"
        },
        {
          "referencia": "Jó 38.12",
          "texto": "ordem à madrugada ou mostraste à 4. o seu lugar,"
        },
        {
          "referencia": "Jó 41.18",
          "texto": "a luz, e os seus olhos são como as pestanas da A.."
        },
        {
          "referencia": "S157.8",
          "texto": "alaúde e harpa! Eu mesmo despertarei ao romper da Á.."
        },
        {
          "referencia": "Salmos 119.147",
          "texto": "Antecipei-me à A. da manhã e clamei; esperei na"
        },
        {
          "referencia": "SI 139.9",
          "texto": "se tomar as asas da Á., se habitar nas extremidades"
        },
        {
          "referencia": "Cânticos 6.10",
          "texto": "é esta que aparece como a Á. do dia, formosa como"
        },
        {
          "referencia": "Isaías 8.20",
          "texto": "não falarem segundo esta palavra, nunca verão a A.."
        },
        {
          "referencia": "Isaías 14.12",
          "texto": "ó estrela da manhã, filha da A.! Como foste lançado"
        },
        {
          "referencia": "Isaías 58.8",
          "texto": "romperá a tua luz como a Á., ea tua cura"
        },
        {
          "referencia": "Oséias 6.3",
          "texto": "conhecer o Senhor: como a A., será a sua saída; e"
        },
        {
          "referencia": "Jonas 4.7",
          "texto": "no dia seguinte, ao subir da A., o qual feriu a"
        },
        {
          "referencia": "Mg 2.1",
          "texto": "e maquinam o mal; à luz da 4. o praticam, porque"
        },
        {
          "referencia": "2 Pedro 1.19",
          "texto": "o dia esclareça, e a estrela da À. apareça em"
        }
      ]
    },
    {
      "palavra": "alvas",
      "veja tambem": [
        "alvo"
      ],
      "ocorrencias": 1,
      "fonte": "Strong's H7837 (שַׁחַר/shachar)",
      "concordancias": [
        {
          "referencia": "Eclesiastes 9.8",
          "texto": "Em todo tempo sejam Á. as tuas vestes, e nunca"
        }
      ]
    },
    {
      "palavra": "alvíssaras",
      "veja tambem": [],
      "ocorrencias": 1,
      "fonte": "",
      "concordancias": [
        {
          "referencia": "2 Samuel 4.10",
          "texto": "cuidando ele que eu, por isso, lhe desse A.,"
        }
      ]
    },
    {
      "palavra": "alvo",
      "veja tambem": [],
      "ocorrencias": 7,
      "fonte": "",
      "concordancias": [
        {
          "referencia": "1 Samuel 20.20",
          "texto": "flechas para aquela banda, como se atirara ao A.."
        },
        {
          "referencia": "Jó 7.20",
          "texto": "Por que fizeste de mim um A. para ti, para que"
        },
        {
          "referencia": "Jó 16.12",
          "texto": "pescoço e me despedaçou; também me pôs por seu"
        },
        {
          "referencia": "S151.7",
          "texto": "puro; lava-me, e ficarei mais A. do que a neve."
        },
        {
          "referencia": "Cânticos 5.14",
          "texto": "o seu ventre, como Á. marfim, coberto de safiras."
        },
        {
          "referencia": "Lamentações 3.12",
          "texto": "Armou o seu arco, e me pôs como A. à flecha."
        },
        {
          "referencia": "Filipenses 3.14",
          "texto": "prossigo para o Á., pelo prêmio da soberana vocação"
        }
      ]
    },
    {
      "palavra": "alvorada",
      "veja tambem": [],
      "ocorrencias": 1,
      "fonte": "",
      "concordancias": [
        {
          "referencia": "Atos 20.11",
          "texto": "Ihes falou largamente até à A.; e, assim, partiu."
        }
      ]
    },
    {
      "palavra": "alvoroça",
      "veja tambem": [],
      "ocorrencias": 2,
      "fonte": "",
      "concordancias": [
        {
          "referencia": "Provérbios 30.21",
          "texto": "Por três coisas se Å. a terra, e a quarta não a"
        },
        {
          "referencia": "Lucas 23.5",
          "texto": "cada vez mais, dizendo: Á. o povo"
        }
      ]
    },
    {
      "palavra": "alvoroçada",
      "veja tambem": [],
      "ocorrencias": 2,
      "fonte": "",
      "concordancias": [
        {
          "referencia": "1 Reis 1.41",
          "texto": "e disse: Por que há tal ruído na cidade A.?"
        },
        {
          "referencia": "1 Reis 1.45",
          "texto": "alegres, e a cidade está A.; este é o"
        }
      ]
    },
    {
      "palavra": "alvoroçado",
      "veja tambem": [
        "alvoroçar"
      ],
      "ocorrencias": 1,
      "fonte": "",
      "concordancias": [
        {
          "referencia": "Atos 17.6",
          "texto": "clamando: Estes que têm 4. o mundo"
        }
      ]
    },
    {
      "palavra": "alvoroçadora",
      "veja tambem": [],
      "ocorrencias": 3,
      "fonte": "",
      "concordancias": [
        {
          "referencia": "Provérbios 7.11",
          "texto": "Esta era Å. e contenciosa, e não paravam em"
        },
        {
          "referencia": "Provérbios 9.13",
          "texto": "A mulher louca é À.; é néscia e não sabe"
        },
        {
          "referencia": "Provérbios 20.1",
          "texto": "ea bebida forte, A.; e todo"
        }
      ]
    },
    {
      "palavra": "alvoroçai-vos",
      "veja tambem": [
        "alvoroçar"
      ],
      "ocorrencias": 0,
      "fonte": "",
      "concordancias": []
    },
    {
      "palavra": "alvoroçais",
      "veja tambem": [
        "alvoroçar"
      ],
      "ocorrencias": 1,
      "fonte": "",
      "concordancias": [
        {
          "referencia": "Marcos 5.39",
          "texto": "disse-lhes: Por que vos À. e chorais?"
        }
      ]
    },
    {
      "palavra": "alvoroçaram",
      "veja tambem": [],
      "ocorrencias": 3,
      "fonte": "",
      "concordancias": [
        {
          "referencia": "Atos 17.5",
          "texto": "os vadios, e, ajuntando o povo, À. a cidade,"
        },
        {
          "referencia": "Atos 17.8",
          "texto": "E À, a multidão e os principais da cidade,"
        },
        {
          "referencia": "Atos 21.27",
          "texto": "da Ásia, vendo-o no templo, A. todo o povo"
        }
      ]
    },
    {
      "palavra": "alvoroço",
      "veja tambem": [
        "alvoroçar"
      ],
      "ocorrencias": 14,
      "fonte": "",
      "concordancias": [
        {
          "referencia": "1 Samuel 4.14",
          "texto": "do grito, disse: Que voz de A. é esta? Então,"
        },
        {
          "referencia": "1 Samuel 14.19",
          "texto": "falando com o sacerdote, o A. que havia no"
        },
        {
          "referencia": "2 Samuel 18.29",
          "texto": "E disse Aimaás: Vi um grande Á., quando"
        },
        {
          "referencia": "Isaías 22.5",
          "texto": "Porque dia de A., e de vexame, e de contusão é"
        },
        {
          "referencia": "Sofonias 1.15",
          "texto": "angústia e de ânsia, dia de Á. e de desolação,"
        },
        {
          "referencia": "Mateus 9.23",
          "texto": "chefe, e vendo os instrumentistas e o povo em A.,"
        },
        {
          "referencia": "Mateus 26.5",
          "texto": "a festa, para que não haja Á. entre o povo."
        },
        {
          "referencia": "Marcos 5.38",
          "texto": "principal da sinagoga, viu o Á, e os que"
        },
        {
          "referencia": "Marcos 14.2",
          "texto": "que, porventura, se não faça A. entre o povo."
        },
        {
          "referencia": "Lucas 22.6",
          "texto": "e buscava oportunidade para lho entregar sem A.."
        },
        {
          "referencia": "Atos 12.18",
          "texto": "já dia, houve não pouco Á. entre os"
        },
        {
          "referencia": "Atos 19.23",
          "texto": "tempo, houve um não pequeno A. acerca do Cami-"
        },
        {
          "referencia": "Atos 20.1",
          "texto": "Depois que cessou o Á., Paulo chamou a si os"
        },
        {
          "referencia": "Atos 21.34",
          "texto": "saber ao certo por causa do A., mandou"
        }
      ]
    },
    {
      "palavra": "alvoroços",
      "veja tambem": [
        "alvoroço"
      ],
      "ocorrencias": 2,
      "fonte": "",
      "concordancias": [
        {
          "referencia": "Amós 3.9",
          "texto": "Samaria e vede os grandes Á. no meio dela e"
        },
        {
          "referencia": "Atos 24.18",
          "texto": "não em ajuntamentos, nem com Å., uns certos"
        }
      ]
    },
    {
      "palavra": "alvoroçou",
      "veja tambem": [
        "alvoroçar"
      ],
      "ocorrencias": 3,
      "fonte": "",
      "concordancias": [
        {
          "referencia": "Êxodo 14.24",
          "texto": "viu o campo dos egípcios; e A. o campo dos egípcios,"
        },
        {
          "referencia": "ISm 14.15",
          "texto": "tremeram, e até a terra se Á., porquanto"
        },
        {
          "referencia": "Mateus 21.10",
          "texto": "Jerusalém, toda a cidade se A., dizendo: Quem"
        }
      ]
    },
    {
      "palavra": "alvoroçou-se",
      "veja tambem": [
        "alvoroçar"
      ],
      "ocorrencias": 1,
      "fonte": "",
      "concordancias": [
        {
          "referencia": "Atos 21.30",
          "texto": "E À, toda a cidade, e houve grande concurso"
        }
      ]
    },
    {
      "palavra": "alvos",
      "veja tambem": [
        "alvo"
      ],
      "ocorrencias": 1,
      "fonte": "",
      "concordancias": [
        {
          "referencia": "Lamentações 4.7",
          "texto": "Os seus nazireus eram mais Á. do que a neve, eram"
        }
      ]
    }
  ]
}