{
  "a": [
    {
      "palavra": "ama",
      "veja tambem": [
        "amar",
        "amor",
        "caridade",
        "afeto"
      ],
      "ocorrencias": 74,
      "fonte": "Strong's H157 (אָהַב/ahab)",
      "concordancias": [
        {
          "referencia": "Gênesis 24.59",
          "texto": "Rebeca, sua irmã, e a sua Á., eo servo de"
        },
        {
          "referencia": "Gênesis 35.8",
          "texto": "E morreu Débora, a A. de Rebeca, e foi sepultada ao"
        },
        {
          "referencia": "Gênesis 44.20",
          "texto": "é morto; e só ele ficou de sua mãe, e seu pai o Á.."
        },
        {
          "referencia": "Êxodo 2.7",
          "texto": "Faraó: Irei eu a chamar uma Á. das hebreias, que"
        },
        {
          "referencia": "Deuteronômio 10.18",
          "texto": "ao órfão e à viúva e Á. o estrangeiro,"
        },
        {
          "referencia": "Deuteronômio 15.16",
          "texto": "sairei de ti, porquanto te Á. a ti e a tua casa,"
        },
        {
          "referencia": "Deuteronômio 21.15",
          "texto": "duas mulheres, uma a quem 4. e outra a quem"
        },
        {
          "referencia": "Rute 4.15",
          "texto": "pois tua nora, que te Å., o teve, e ela te é"
        },
        {
          "referencia": "Rute 4.16",
          "texto": "tomou o filho, e o pôs no seu regaço, e foi sua Á.."
        },
        {
          "referencia": "2 Samuel 4.4",
          "texto": "vieram de Jezreel; e sua A. o tomou e fugiu; e"
        },
        {
          "referencia": "1 Reis 10.9",
          "texto": "de Israel; porque o Senhor 4. a Israel para"
        },
        {
          "referencia": "2 Reis 11.2",
          "texto": "matavam, eo pôs, a ele e à sua Á., na recâmara,"
        },
        {
          "referencia": "2 Crônicas 2.11",
          "texto": "dizendo: Porquanto o Senhor A. o seu povo, te pôs"
        },
        {
          "referencia": "2 Crônicas 9.8",
          "texto": "teu Deus, porquanto teu Deus A. a Israel, para o"
        },
        {
          "referencia": "2 Crônicas 22.11",
          "texto": "quem matavam, e o pôs com a sua 4. na câmara dos"
        },
        {
          "referencia": "S111.5",
          "texto": "a sua alma aborrece o ímpio e o que Á, a violência."
        },
        {
          "referencia": "SI 11.7",
          "texto": "Porque o Senhor é justo e A. a justiça; o seu rosto"
        },
        {
          "referencia": "S133.5",
          "texto": "Ele À. a justiça e o juízo; a terra está cheia da"
        },
        {
          "referencia": "S135.27",
          "texto": "continuamente: O Senhor, que A. a prosperidade do"
        },
        {
          "referencia": "Provérbios 3.12",
          "texto": "repreende aquele a quem A., assim como o pai, ao"
        },
        {
          "referencia": "Provérbios 12.1",
          "texto": "O que À. a correção À. o conhecimento, mas o que"
        },
        {
          "referencia": "Provérbios 13.24",
          "texto": "a seu filho, mas o que o Å., aseu tempo, o castiga."
        },
        {
          "referencia": "Provérbios 15.9",
          "texto": "ao Senhor, mas SEA. o que segue a justiça."
        },
        {
          "referencia": "Provérbios 15.12",
          "texto": "Não Á. o escarnecedor aquele que o repreende, nem"
        },
        {
          "referencia": "Provérbios 17.17",
          "texto": "Em todo o tempo Á. o amigo; e na angústia nasce o"
        },
        {
          "referencia": "Provérbios 17.190",
          "texto": "que Á, a contenda Á. a transgressão; o que alça a"
        },
        {
          "referencia": "Provérbios 18.21",
          "texto": "dalgia: e aquele que a A. comerá do seu fruto."
        },
        {
          "referencia": "Provérbios 19.8",
          "texto": "O que adquire entendimento A. a sua alma; o que"
        },
        {
          "referencia": "Provérbios 21.17",
          "texto": "que Á. os prazeres; o que À. o vinho e o azeite"
        },
        {
          "referencia": "Provérbios 22.11",
          "texto": "O que À. a pureza do coração e tem graça nos seus"
        },
        {
          "referencia": "Provérbios 27.6",
          "texto": "as feridas feitas pelo que A., mas os beijos do que"
        },
        {
          "referencia": "Provérbios 29.3",
          "texto": "O homem que A a sabedoria alegra a seu pai, mas o"
        },
        {
          "referencia": "Cânticos 1.7",
          "texto": "Dize-me, ó tu, a quem Á. a minha alma: onde"
        },
        {
          "referencia": "Cânticos 3.1",
          "texto": "minha cama aquele a quem Á. a minha alma;"
        },
        {
          "referencia": "Cânticos 3.2",
          "texto": "praças buscarei aquele a quem A. a minha alma;"
        },
        {
          "referencia": "Cânticos 3.3",
          "texto": "perguntei-lhes: Vistes aquele a quem À. a minha alma?"
        },
        {
          "referencia": "Cânticos 3.4",
          "texto": "logo achei aquele a quem À. a minha alma;"
        },
        {
          "referencia": "Isaías 1.23",
          "texto": "de ladrões; cada um deles A. os subornos e corre"
        },
        {
          "referencia": "Oséias 3.1",
          "texto": "me disse: Vai outra vez, À, uma mulher, amada de"
        },
        {
          "referencia": "Oséias 3.1",
          "texto": "e adúltera, como o Senhor A. os filhos de"
        },
        {
          "referencia": "Oséias 12.7",
          "texto": "tem balança enganadora em sua mão; ele Á. a opres-"
        },
        {
          "referencia": "E 10.37",
          "texto": "Quem Á. o pai ou a mãe mais do que a mim não é"
        },
        {
          "referencia": "Mateus 10.37",
          "texto": "não é digno de mim; e quem A. o filho ou a filha"
        },
        {
          "referencia": "Mateus 27.43",
          "texto": "em Deus; livre-o agora, se O A. porque disse: Sou"
        },
        {
          "referencia": "Lucas 7.5",
          "texto": "Porque A, a nossa nação e ele mesmo nos edificou a si-"
        },
        {
          "referencia": "Lucas 7.47",
          "texto": "amou; mas aquele a quem pouco é perdoado pouco"
        },
        {
          "referencia": "Jó 3.35",
          "texto": "O Pai À. o Filho e todas as coisas entregou nas suas"
        },
        {
          "referencia": "Jó 5.20",
          "texto": "Porque o Pai A, ao Filho e mostra-lhe tudo o que"
        },
        {
          "referencia": "Jó 10.17",
          "texto": "Por isso, o Pai me Á., porque dou a minha vida para"
        },
        {
          "referencia": "Jó 12.25",
          "texto": "Quem Á. a sua vida perdê-la-á, e quem, neste mundo,"
        },
        {
          "referencia": "Jó 14.21",
          "texto": "os guarda, este é o que me 4.; e aquele que me À."
        },
        {
          "referencia": "Jó 14.21",
          "texto": "que me Á,; e aquele que me A. será amado de meu"
        },
        {
          "referencia": "Jó 14.23",
          "texto": "e disse-lhe: Se alguém me Á., guardará a minha"
        },
        {
          "referencia": "Jó 14.24",
          "texto": "Quem não me À. não guarda as minhas palavras; ora,"
        },
        {
          "referencia": "Jó 16.27",
          "texto": "pois o mesmo Pai vos Á., visto como vós me amastes e"
        },
        {
          "referencia": "Romanos 13.8",
          "texto": "uns aos outros; porque quem Á, aos outros cumpriu"
        },
        {
          "referencia": "1 Coríntios 8.3",
          "texto": "Mas, se alguém A. a Deus, esse é conhecido dele."
        },
        {
          "referencia": "1 Coríntios 16.22",
          "texto": "Se alguém não Á. o Senhor Jesus Cristo, seja"
        },
        {
          "referencia": "2 Coríntios 9.7",
          "texto": "por necessidade; porque Deus A. ao que dá com ale-"
        },
        {
          "referencia": "Efésios 5.28",
          "texto": "a seu próprio corpo. Quem A, a sua mulher ama-se a"
        },
        {
          "referencia": "1 Tessalonicenses 2.7",
          "texto": "brandos entre vós, como a Á. que cria seus filhos."
        },
        {
          "referencia": "Hebreus 12.6",
          "texto": "o Senhor corrige o que À. e açoita a qualquer"
        },
        {
          "referencia": "1 João 2.10",
          "texto": "Aquele que 4. a seu irmão está na luz, e nele não há"
        },
        {
          "referencia": "1 João 2.15",
          "texto": "o que no mundo há. Se alguém A. o mundo, o amor"
        },
        {
          "referencia": "1 João 3.10",
          "texto": "não pratica a justiça e não Á. a seu irmão não é de"
        },
        {
          "referencia": "1 João 3.14",
          "texto": "amamos os irmãos; quem não Á, a seu irmão"
        },
        {
          "referencia": "1 João 4.7",
          "texto": "é de Deus; e qualer que Á, é nascido de Deus e"
        },
        {
          "referencia": "1 João 4.8",
          "texto": "Aquele que não À. não conhece a Deus, porque Deus"
        },
        {
          "referencia": "1 João 4.20",
          "texto": "é mentiroso. Pois quem não Á. seu irmão, ao qual"
        },
        {
          "referencia": "1 João 4.21",
          "texto": "este mandamento: que quem A. a Deus, ame também"
        },
        {
          "referencia": "1 João 5.1",
          "texto": "de Deus; e todo aquele que À. ao que o gerou também"
        },
        {
          "referencia": "1 João 5.1",
          "texto": "A. ao que o gerou também Á. ao que dele é nascido."
        },
        {
          "referencia": "Apocalipse 1.5",
          "texto": "reis da terra. Aquele que nos A., e em seu sangue"
        },
        {
          "referencia": "Apocalipse 22.15",
          "texto": "e os idólatras, e qualquer que Á, e comete a mentira."
        }
      ]
    },
    {
      "palavra": "amá",
      "veja tambem": [],
      "ocorrencias": 1,
      "fonte": "",
      "concordancias": [
        {
          "referencia": "2 Samuel 2.24",
          "texto": "chegando eles ao outeiro de A., que está diante de"
        }
      ]
    },
    {
      "palavra": "ama-a",
      "veja tambem": [
        "amar"
      ],
      "ocorrencias": 1,
      "fonte": "",
      "concordancias": [
        {
          "referencia": "Provérbios 46",
          "texto": "e ela te guardará; Á., eela te conservará."
        }
      ]
    },
    {
      "palavra": "amá-lo",
      "veja tambem": [
        "amar"
      ],
      "ocorrencias": 1,
      "fonte": "",
      "concordancias": [
        {
          "referencia": "Marcos 12.33",
          "texto": "e que À. de todo o coração, e de todo o"
        }
      ]
    },
    {
      "palavra": "amá-lo-eis",
      "veja tambem": [
        "amar"
      ],
      "ocorrencias": 1,
      "fonte": "",
      "concordancias": [
        {
          "referencia": "Levítico 19.34",
          "texto": "que peregrina convosco; Á. como a vós"
        }
      ]
    },
    {
      "palavra": "ama-se",
      "veja tambem": [
        "amar"
      ],
      "ocorrencias": 1,
      "fonte": "",
      "concordancias": [
        {
          "referencia": "Efésios 5.28",
          "texto": "próprio corpo. Quem ama a sua mulher A. a si mesmo."
        }
      ]
    },
    {
      "palavra": "amabilíssimo",
      "veja tambem": [],
      "ocorrencias": 1,
      "fonte": "",
      "concordancias": [
        {
          "referencia": "2 Samuel 1.26",
          "texto": "ti, meu irmão Jônatas; quão A. me eras!"
        }
      ]
    },
    {
      "palavra": "amada",
      "veja tambem": [
        "amar"
      ],
      "ocorrencias": 7,
      "fonte": "",
      "concordancias": [
        {
          "referencia": "Deuteronômio 21.15",
          "texto": "e outra a quem aborrece, e a À, e a aborrecida lhe"
        },
        {
          "referencia": "Deuteronômio 21.16",
          "texto": "a primogenitura ao filho da Á., adiante do filho"
        },
        {
          "referencia": "Jeremias 12.7",
          "texto": "manba herança e entreguei a À. da minha alma na"
        },
        {
          "referencia": "Oséias 3.1",
          "texto": "outra vez, ama uma mulher, A. de seu amigo e"
        },
        {
          "referencia": "Romanos 9.25",
          "texto": "ao que não era meu povo; e Á., à que não era Á.."
        },
        {
          "referencia": "Romanos 16.12",
          "texto": "no Senhor. Saudai à A. Pérside, a qual"
        },
        {
          "referencia": "Apocalipse 20.9",
          "texto": "dos santos e a cidade A.; mas desceu fogo do"
        }
      ]
    },
    {
      "palavra": "amade",
      "veja tambem": [],
      "ocorrencias": 1,
      "fonte": "",
      "concordancias": [
        {
          "referencia": "Josué 19.26",
          "texto": "e Alameleque, e A., e Misal; e chegava ao Carmelo"
        }
      ]
    }
  ]
}