{
  "a": [
    {
      "palavra": "amado",
      "veja tambem": [
        "amar"
      ],
      "ocorrencias": 75,
      "fonte": "Strong's H157 (אָהַב/ahab)",
      "concordancias": [
        {
          "referencia": "Deuteronômio 33.8",
          "texto": "e teu Urim são para o teu Á., que tu provaste,"
        },
        {
          "referencia": "Deuteronômio 33.12",
          "texto": "E de Benjamim disse: O A, do Senhor habitará"
        },
        {
          "referencia": "1 Reis 5.1",
          "texto": "de seu pai), porquanto Hirão sempre tinha A. a Davi."
        },
        {
          "referencia": "Neemias 13.26",
          "texto": "rei semelhante a ele, e sendo A. de seu Deus, e"
        },
        {
          "referencia": "Cânticos 1.13",
          "texto": "O meu Á. é para mim um ramalhete de mirra; morará"
        },
        {
          "referencia": "Cânticos 1.14",
          "texto": "Chipre nas vinhas de En-Gedi, é para mim o meu A.."
        },
        {
          "referencia": "Cânticos 1.16",
          "texto": "és gentil e agradável, 6 4, meu; o nosso leito"
        },
        {
          "referencia": "Cânticos 2.3",
          "texto": "do bosque, tal é o meu À. entre os filhos;"
        },
        {
          "referencia": "Cânticos 2.8",
          "texto": "Esta é a voz do meu A.; ei-lo aí, que já vem"
        },
        {
          "referencia": "Cânticos 2.9",
          "texto": "O meu Á, é semelhante ao gamo ou ao filho do"
        },
        {
          "referencia": "Cânticos 2.10",
          "texto": "O meu Å, fala e me diz: Levanta-te, amiga minha,"
        },
        {
          "referencia": "Cânticos 2.16",
          "texto": "O meu À. é meu, e eu sou dele; ele apascenta o seu"
        },
        {
          "referencia": "Cânticos 2.17",
          "texto": "e caiam as sombras, volta, A. meu; faze-te"
        },
        {
          "referencia": "Cânticos 4.16",
          "texto": "seus aromas. Ah! Se viesse o meu À. para o seu"
        },
        {
          "referencia": "Cânticos 5.2",
          "texto": "velava; eis a voz do meu Á., que estava"
        },
        {
          "referencia": "Cânticos 5.4",
          "texto": "O meu Á. meteu a sua mão pela fresta da porta, e o"
        },
        {
          "referencia": "Cânticos 5.5",
          "texto": "levantei para abrir ao meu A, eas minhas mãos"
        },
        {
          "referencia": "Cânticos 5.6",
          "texto": "Eu abri ao meu Á., mas já o meu A. se tinha"
        },
        {
          "referencia": "Cânticos 5.6",
          "texto": "ao meu A., mas já o meu Á, se tinha retirado e"
        },
        {
          "referencia": "Cânticos 5.8",
          "texto": "que, se achardes o meu A., lhe digais que"
        },
        {
          "referencia": "Cânticos 5.9",
          "texto": "Que éo teu À. mais do que outro A., ótu, a"
        },
        {
          "referencia": "Cânticos 5.9",
          "texto": "as mulheres? Que é o teu A. mais do que outro"
        },
        {
          "referencia": "Cânticos 5.9",
          "texto": "o teu À, mais do que outro Á., que tanto nos conju-"
        },
        {
          "referencia": "Cânticos 5.10",
          "texto": "O meu Á. é cândido e rubicundo; ele traz a"
        },
        {
          "referencia": "Cânticos 5.16",
          "texto": "desejável. Tal é o meu Á., etalomeu"
        },
        {
          "referencia": "Cânticos 6.1",
          "texto": "Para onde foi o teu Á., ó mais formosa entre as"
        },
        {
          "referencia": "Cânticos 6.1",
          "texto": "onde virou a vista o teu Á., e o buscaremos contigo?"
        },
        {
          "referencia": "Cânticos 6.20",
          "texto": "meu À. desceu ao seu jardim, aos canteiros de"
        },
        {
          "referencia": "Cânticos 6.3",
          "texto": "Eu sou do meu Å., e o meu Å. é meu; ele se"
        },
        {
          "referencia": "Cânticos 6.3",
          "texto": "sou do meu A., e o meu Å, é meu; ele se"
        },
        {
          "referencia": "Cânticos 7.9",
          "texto": "como o bom vinho para o meu A., que se bebe"
        },
        {
          "referencia": "Cânticos 7.10",
          "texto": "Eu sou do meu Á., e ele me tem afeição."
        },
        {
          "referencia": "Cânticos 7.11",
          "texto": "Vem, ó meu Á., saiamos ao campo, passemos as"
        },
        {
          "referencia": "Cânticos 7.13",
          "texto": "frutos, novos e velhos; ó Á. meu, eu os"
        },
        {
          "referencia": "Cânticos 8.5",
          "texto": "tão aprazivelmente ao seu A.? Debaixo de uma"
        },
        {
          "referencia": "Cânticos 8.14",
          "texto": "Vem depressa, A. meu, e faze-te semelhante ao gamo"
        },
        {
          "referencia": "Isaías 5.1",
          "texto": "Agora, cantarei ao meu À. o cântico do meu querido"
        },
        {
          "referencia": "Isaías 5.1",
          "texto": "respeito da sua vinha. O meu A. tem uma vinha em"
        },
        {
          "referencia": "Jeremias 8.2",
          "texto": "do céu, a quem tinham A., e a quem tinham"
        },
        {
          "referencia": "Jeremias 11.15",
          "texto": "Que tem o meu 4. que fazer na minha casa, visto"
        },
        {
          "referencia": "Daniel 9.23",
          "texto": "to declarar, porque és mui A.; toma, pois, bem"
        },
        {
          "referencia": "Mateus 3.17",
          "texto": "dizia: Este é o meu Filho Á., em quem me comprazo."
        },
        {
          "referencia": "Mateus 12.18",
          "texto": "servo que escolhi, o meu Á., em quem a minha"
        },
        {
          "referencia": "Mateus 17.5",
          "texto": "que dizia: Este é o meu Filho A., em quem me"
        },
        {
          "referencia": "Marcos 1.11",
          "texto": "que dizia: Tu és o meu Filho A., em quem me com-"
        },
        {
          "referencia": "Marcos 9.7",
          "texto": "voz, que dizia: Este é o meu Filho A,; a ele ouvi."
        },
        {
          "referencia": "Marcos 12.6",
          "texto": "pois, ainda um, seu filho A., enviou-o também"
        },
        {
          "referencia": "te 9.35",
          "texto": "voz que dizia: Este é o meu Filho A,; a ele ouvi."
        },
        {
          "referencia": "Lucas 20.13",
          "texto": "farei? Mandarei o meu filho A.; talvez, vendo-o,"
        },
        {
          "referencia": "Jó 13.1",
          "texto": "mundo para o Pai, como havia A, os seus que"
        },
        {
          "referencia": "Jó 14.21",
          "texto": "e aquele que me ama será A. de meu Pai, e eu o"
        },
        {
          "referencia": "Jó 17.23",
          "texto": "me enviaste a mim e que tens A. a eles como me"
        },
        {
          "referencia": "Jó 17.23",
          "texto": "a mim e que tens 4. a eles como me tens À. a mim."
        },
        {
          "referencia": "Jó 17.24",
          "texto": "que me deste; porque tu me hás À. antes da"
        },
        {
          "referencia": "Jó 17.26",
          "texto": "que o amor com que me tens A. esteja neles, e eu"
        },
        {
          "referencia": "Romanos 16.5",
          "texto": "casa. Saudai a Epêneto, meu Á., que é as"
        },
        {
          "referencia": "Romanos 16.8",
          "texto": "Saudai a Amplíato, meu 4. no Senhor."
        },
        {
          "referencia": "Romanos 16.9",
          "texto": "nosso cooperador em Cristo, e a Estáquis, meu A."
        },
        {
          "referencia": "1 Coríntios 4.17",
          "texto": "Timóteo, que é meu filho A. e fiel no Senhor, o"
        },
        {
          "referencia": "2 Coríntios 12.15",
          "texto": "ainda que, amando-vos cada vez mais, seja menos"
        },
        {
          "referencia": "Efésios 1.6",
          "texto": "sua graça, pela qual nos fez agradáveis a si no Á.."
        },
        {
          "referencia": "Efésios 6.21",
          "texto": "o que eu faço, Tíquico, irmão A. e fiel ministro"
        },
        {
          "referencia": "Colossenses 1.7",
          "texto": "de Epafras, nosso À. conservo, que para"
        },
        {
          "referencia": "Colossenses 4.7",
          "texto": "Tíquico, irmão A., e fiel ministro, e conservo no"
        },
        {
          "referencia": "Colossenses 4.9",
          "texto": "juntamente com Onésimo, À. e fiel irmão, que é dos"
        },
        {
          "referencia": "Colossenses 4.14",
          "texto": "Saúda-vos Lucas, o médico Á., e Demas."
        },
        {
          "referencia": "2 Timóteo 1.2",
          "texto": "a Timóteo, meu A. filho: graça, misericórdia e"
        },
        {
          "referencia": "Em 1.1",
          "texto": "Cristo, e o irmão Timóteo, ao Á. Filemom, nosso co-"
        },
        {
          "referencia": "Filemom 1.16",
          "texto": "mais do que servo, como irmão A., particularmente"
        },
        {
          "referencia": "2 Pedro 3.15",
          "texto": "Senhor, como também o nosso Á., irmão Paulo vos"
        },
        {
          "referencia": "1 João 4.10",
          "texto": "não em que nós tenhamos 4. a Deus, mas em que"
        },
        {
          "referencia": "3 João 1.1",
          "texto": "O presbítero ao À. Gaio, a quem, na verdade, eu amo."
        },
        {
          "referencia": "3 João 1.2",
          "texto": "A., desejo que te vá bem em todas as coisas e que"
        },
        {
          "referencia": "3 João 1.5",
          "texto": "A., procedes fielmente em tudo o que fazes para"
        },
        {
          "referencia": "3 João 1.11",
          "texto": "Á., não sigas o mal, mas o bem. Quem faz bem é de"
        }
      ]
    },
    {
      "palavra": "amadores",
      "veja tambem": [],
      "ocorrencias": 2,
      "fonte": "",
      "concordancias": [
        {
          "referencia": "Lamentações 1.2",
          "texto": "console entre todos os seus 4.; todos os seus"
        },
        {
          "referencia": "Lamentações 1.19",
          "texto": "Chamei os meus Á., mas eles me enganaram; os"
        }
      ]
    }
  ]
}