{
  "a": [
    {
      "palavra": "amados",
      "veja tambem": [
        "amado",
        "amar"
      ],
      "ocorrencias": 37,
      "fonte": "Strong's H157 (אָהַב/ahab)",
      "concordancias": [
        {
          "referencia": "2 Samuel 1.23",
          "texto": "Saul e Jônatas, tão A. e queridos na sua vida,"
        },
        {
          "referencia": "Salmos 127.2",
          "texto": "pão de dores, pois assim dá ele aos seus Á. o sono."
        },
        {
          "referencia": "Cânticos 5.1",
          "texto": "leite. Comei, amigos, bebei abundantemente, ó Á.."
        },
        {
          "referencia": "Atos 15.25",
          "texto": "e enviá-los com os nossos 4. Barnabé e Paulo,"
        },
        {
          "referencia": "Romanos 1.7",
          "texto": "os que estais em Roma, A. de Deus, chamados"
        },
        {
          "referencia": "Romanos 11.28",
          "texto": "de vós; mas, quanto à eleição, A. por causa dos pais"
        },
        {
          "referencia": "Romanos 12.19",
          "texto": "vos vingueis a vós mesmos, Á., mas dai lugar à"
        },
        {
          "referencia": "1 Coríntios 4.14",
          "texto": "envergonhar; mas admoesto-vos como meus filhos"
        },
        {
          "referencia": "1 Coríntios 10.14",
          "texto": "Portanto, meus Á., fugi da idolatria."
        },
        {
          "referencia": "1 Coríntios 15.58",
          "texto": "Portanto, meus Á. irmãos, sede firmes e"
        },
        {
          "referencia": "2 Coríntios 7.1",
          "texto": "Ora, Á., pois que temos tais promessas,"
        },
        {
          "referencia": "2 Coríntios 12.19",
          "texto": "perante Deus, e tudo isto, ó Á., para vossa edifi-"
        },
        {
          "referencia": "Filipenses 2.12",
          "texto": "De sorte que, meus Á., assim como sempre"
        },
        {
          "referencia": "Filipenses 4.1",
          "texto": "Portanto, meus A. e mui queridos irmãos, minha"
        },
        {
          "referencia": "Filipenses 4.1",
          "texto": "alegria e coroa, estai assim firmes no Senhor, Á.."
        },
        {
          "referencia": "d 3.12",
          "texto": "eleitos de Deus, santos e Á., de entranhas de"
        },
        {
          "referencia": "1 Tessalonicenses 1.4",
          "texto": "sabendo, A. irmãos, que a vossa eleição é de Deus;"
        },
        {
          "referencia": "2 Tessalonicenses 2.13",
          "texto": "a Deus, por vós, irmãos À. do Senhor, por"
        },
        {
          "referencia": "1 Timóteo 6.2",
          "texto": "do benefício, são crentes e A.. Isto ensina"
        },
        {
          "referencia": "Hebreus 6.9",
          "texto": "Mas de vós, ó Á., esperamos coisas melhores e"
        },
        {
          "referencia": "Tiago 1.16",
          "texto": "Não erreis, meus A. irmãos."
        },
        {
          "referencia": "Tiago 1.19",
          "texto": "Sabeis isto, meus A. irmãos; mas todo o homem"
        },
        {
          "referencia": "Tiago 2.5",
          "texto": "Ouvi, meus À. irmãos. Porventura, não escolheu"
        },
        {
          "referencia": "1 Pedro 2.11",
          "texto": "A., peço-vos, como a peregrinos e forasteiros,"
        },
        {
          "referencia": "1 Pedro 4.12",
          "texto": "A., não estranheis a ardente prova que vem sobre"
        },
        {
          "referencia": "2 Pedro 3.1",
          "texto": "Á., escrevo-vos, agora, esta segunda carta, em"
        },
        {
          "referencia": "2 Pedro 3.8",
          "texto": "Mas, Á., não ignoreis uma coisa: que um dia para"
        },
        {
          "referencia": "2 Pedro 3.14",
          "texto": "Pelo que, A., aguardándo estas coisas, procurai"
        },
        {
          "referencia": "2 Pedro 3.17",
          "texto": "Vós, portanto, Á., sabendo isto de antemão,"
        },
        {
          "referencia": "1 João 3.2",
          "texto": "A., agora somos filhos de Deus, e ainda não é"
        },
        {
          "referencia": "1 João 3.21",
          "texto": "A., se o nosso coração nos não condena, temos"
        },
        {
          "referencia": "1 João 4.1",
          "texto": "Á., não creiais em todo espírito, mas provai se"
        },
        {
          "referencia": "1 João 4.7",
          "texto": "A., amemo-nos uns aos outros, porque o amor é de"
        },
        {
          "referencia": "1 João 4.11",
          "texto": "Á., se Deus assim nos amou, também nós devemos"
        },
        {
          "referencia": "Judas 1.3",
          "texto": "A., procurando eu escrever-vos com toda a"
        },
        {
          "referencia": "Judas 1.17",
          "texto": "Mas vós, Á., lembrai-vos das palavras que vos"
        },
        {
          "referencia": "Judas 1.20",
          "texto": "Mas vós, Á., edificando-vos a vós mesmos sobre a"
        }
      ]
    },
    {
      "palavra": "amadurecem",
      "veja tambem": [
        "maduro",
        "crescer",
        "desenvolver"
      ],
      "ocorrencias": 1,
      "fonte": "Strong's H158 (אָהַב/ahab)",
      "concordancias": [
        {
          "referencia": "Isaías 18.5",
          "texto": "perfeito, e as uvas verdes Á., então,"
        }
      ]
    },
    {
      "palavra": "amadureciam",
      "veja tambem": [
        "amadurecem"
      ],
      "ocorrencias": 1,
      "fonte": "Strong's H158 (אָהַב/ahab)",
      "concordancias": [
        {
          "referencia": "Gênesis 40.10",
          "texto": "a sua flor saía, e os seus cachos A. em uvas."
        }
      ]
    },
    {
      "palavra": "amai",
      "veja tambem": [
        "amar"
      ],
      "ocorrencias": 8,
      "fonte": "Strong's H157 (אָהַב/ahab)",
      "concordancias": [
        {
          "referencia": "S131.23",
          "texto": "A, ao Senhor, vós todos os que sois seus santos;"
        },
        {
          "referencia": "Amós 5.15",
          "texto": "Aborrecei o mal, e Á. o bem, e estabelecei o juízo"
        },
        {
          "referencia": "Zacarias 8.19",
          "texto": "alegria, e festividades solenes; Á., pois, a"
        },
        {
          "referencia": "Mateus 5.44",
          "texto": "Eu, porém, vos digo: À. a vossos inimigos, bendizei"
        },
        {
          "referencia": "Lucas 6.27",
          "texto": "Mas a vós, que ouvis, digo: A. a vossos inimigos,"
        },
        {
          "referencia": "Lucas 6.35",
          "texto": "A., pois, a vossos inimigos, e fazei o bem, e"
        },
        {
          "referencia": "Efésios 5.25",
          "texto": "Vós, maridos, A. vossa mulher, como também Cristo"
        },
        {
          "referencia": "1 Pedro 2.17",
          "texto": "Honrai a todos. Á. a fraternidade. Temei a Deus."
        }
      ]
    },
    {
      "palavra": "amai-vos",
      "veja tambem": [
        "amar"
      ],
      "ocorrencias": 2,
      "fonte": "Strong's H157 (אָהַב/ahab)",
      "concordancias": [
        {
          "referencia": "Romanos 12.10",
          "texto": "A. cordialmente uns aos outros com amor"
        },
        {
          "referencia": "1 Pedro 1.22",
          "texto": "amor fraternal, não fingido, A. ardentemente"
        }
      ]
    },
    {
      "palavra": "amainadas",
      "veja tambem": [
        "calmar",
        "tranquilizar",
        "aquietar"
      ],
      "ocorrencias": 1,
      "fonte": "Strong's H1820 (דָּמַם/damam)",
      "concordancias": [
        {
          "referencia": "Atos 27.17",
          "texto": "temendo darem à costa na Sirte, A. as velas,"
        }
      ]
    },
    {
      "palavra": "amal",
      "veja tambem": [],
      "ocorrencias": 1,
      "fonte": "",
      "concordancias": [
        {
          "referencia": "1 Crônicas 7.35",
          "texto": "de seu irmão Helém: Zofa, e Imna, e Seles, e A.."
        }
      ]
    },
    {
      "palavra": "amaldiçoa",
      "veja tambem": [
        "amaldiçoar"
      ],
      "ocorrencias": 7,
      "fonte": "",
      "concordancias": [
        {
          "referencia": "Números 23.8",
          "texto": "o que Deus não 4.? E como"
        },
        {
          "referencia": "2 Samuel 16.10",
          "texto": "pois, se o Senhor lhe disse: A, a Davi,"
        },
        {
          "referencia": "Jó 2.9",
          "texto": "reténs a tua sinceridade? A. a Deus e morre."
        },
        {
          "referencia": "Provérbios 11.26",
          "texto": "que retém o trigo o povo o Á., mas bênção"
        },
        {
          "referencia": "Provérbios 30.11",
          "texto": "Há uma geração que A. a seu pai e que não"
        },
        {
          "referencia": "Eclesiastes 7.21",
          "texto": "que não venhas a ouvir que o teu servo te Á.."
        },
        {
          "referencia": "Jeremias 15.10",
          "texto": "mim com usura, e, todavia, cada um deles me Á.."
        }
      ]
    },
    {
      "palavra": "amaldiçoa-me",
      "veja tambem": [
        "amaldiçoar"
      ],
      "ocorrencias": 3,
      "fonte": "",
      "concordancias": [
        {
          "referencia": "Números 22.6",
          "texto": "Vem, pois, agora, rogo-te, Á. este povo,"
        },
        {
          "referencia": "Números 22.17",
          "texto": "disseres; vem, pois, rogo-te, À. este povo."
        },
        {
          "referencia": "Números 23.7",
          "texto": "do oriente, dizendo: Vem, À. a"
        }
      ]
    },
    {
      "palavra": "amaldiçoa-mo",
      "veja tambem": [
        "amaldiçoar"
      ],
      "ocorrencias": 7,
      "fonte": "",
      "concordancias": [
        {
          "referencia": "Números 22.11",
          "texto": "a face da terra; vem, agora, A.;"
        },
        {
          "referencia": "Números 23.13",
          "texto": "dele, mas a todo ele não verás; e A. dali."
        },
        {
          "referencia": "Top 403",
          "texto": "posição;"
        },
        {
          "referencia": "Números 22.6",
          "texto": "abençoado e a quem tu amaldiçoares será Á.."
        },
        {
          "referencia": "2 Samuel 19.21",
          "texto": "pois, Simei por isso, havendo Á. ao"
        },
        {
          "referencia": "Isaías 65.20",
          "texto": "cem anos, mas o pecador de cem anos será Á.."
        },
        {
          "referencia": "Malaquias 2.2",
          "texto": "vossas bênçãos; e já as tenho Á., porque vós"
        }
      ]
    },
    {
      "palavra": "amaldiçoados",
      "veja tambem": [
        "amaldiçoar"
      ],
      "ocorrencias": 2,
      "fonte": "",
      "concordancias": [
        {
          "referencia": "Josué 7.12",
          "texto": "inimigos, porquanto estão A.; não serei"
        },
        {
          "referencia": "S137.22",
          "texto": "e aqueles que forem por ele À. serão desarraigados."
        }
      ]
    },
    {
      "palavra": "amaldiçoai",
      "veja tambem": [],
      "ocorrencias": 2,
      "fonte": "",
      "concordancias": [
        {
          "referencia": "Juízes 5.23",
          "texto": "À. a Meroz, diz o Anjo do Senhor; acremente"
        },
        {
          "referencia": "Juízes 5.23",
          "texto": "o Anjo do Senhor; acremente A. os seus"
        }
      ]
    },
    {
      "palavra": "amaldiçoam",
      "veja tambem": [
        "amaldiçoar"
      ],
      "ocorrencias": 2,
      "fonte": "",
      "concordancias": [
        {
          "referencia": "Jó 3.8",
          "texto": "Amaldiçoem-na aqueles que Á. o dia, que estão"
        },
        {
          "referencia": "SI 102.8",
          "texto": "o dia; os que contra mim se enfurecem me AÁ.."
        }
      ]
    },
    {
      "palavra": "amaldiçoamos",
      "veja tambem": [],
      "ocorrencias": 1,
      "fonte": "",
      "concordancias": [
        {
          "referencia": "Tiago 3.9",
          "texto": "a Deus e Pai, e com ela À. os homens,"
        }
      ]
    },
    {
      "palavra": "amaldiçoando",
      "veja tambem": [],
      "ocorrencias": 2,
      "fonte": "",
      "concordancias": [
        {
          "referencia": "2 Samuel 16.5",
          "texto": "era Simei, filho de Gera; e, saindo, ia A.."
        },
        {
          "referencia": "2 Samuel 16.13",
          "texto": "defronte dele, caminhando e A., e"
        }
      ]
    },
    {
      "palavra": "amaldiçoando-o",
      "veja tambem": [],
      "ocorrencias": 1,
      "fonte": "",
      "concordancias": [
        {
          "referencia": "2 Samuel 16.7",
          "texto": "E, À. Simei, assim dizia: Sai, sai, homem"
        }
      ]
    },
    {
      "palavra": "amaldiçoante",
      "veja tambem": [
        "amaldiçoar"
      ],
      "ocorrencias": 4,
      "fonte": "",
      "concordancias": [
        {
          "referencia": "Números 5.22",
          "texto": "e esta água À. entre nas tuas entranhas,"
        },
        {
          "referencia": "Números 5.24",
          "texto": "E a água amarga, Á., dará a beber à mulher,"
        },
        {
          "referencia": "Números 5.24",
          "texto": "a beber à mulher, e a água À. entrará"
        },
        {
          "referencia": "Números 5.27",
          "texto": "tiver prevaricado, a água Á. entrará"
        }
      ]
    },
    {
      "palavra": "amaldiçoantes",
      "veja tambem": [],
      "ocorrencias": 1,
      "fonte": "",
      "concordancias": [
        {
          "referencia": "Números 5.19",
          "texto": "destas águas amargas, Á., serás livre."
        }
      ]
    },
    {
      "palavra": "amaldiçoaram",
      "veja tambem": [],
      "ocorrencias": 1,
      "fonte": "",
      "concordancias": [
        {
          "referencia": "Juízes 9.27",
          "texto": "seu Deus, e comeram, e beberam, e Å, a Abimeleque."
        }
      ]
    },
    {
      "palavra": "amaldiçoarás",
      "veja tambem": [
        "amaldiçoar"
      ],
      "ocorrencias": 4,
      "fonte": "",
      "concordancias": [
        {
          "referencia": "Êxodo 22.28",
          "texto": "Os juízes não A. e o príncipe dentre o teu"
        },
        {
          "referencia": "Levítico 19.14",
          "texto": "Não À. ao surdo, nem porás tropeço diante"
        },
        {
          "referencia": "Números 22.12",
          "texto": "Não irás com eles, nem À. a este"
        },
        {
          "referencia": "Números 23.25",
          "texto": "a Balaão: Nem totalmente o Á., nem"
        }
      ]
    },
    {
      "palavra": "amaldiçoarei",
      "veja tambem": [],
      "ocorrencias": 3,
      "fonte": "",
      "concordancias": [
        {
          "referencia": "Gênesis 12.3",
          "texto": "os que te abençoarem e 4, os e te"
        },
        {
          "referencia": "Números 23.8",
          "texto": "Como A. o que Deus não amaldiçoa? E como"
        },
        {
          "referencia": "MI 2.2",
          "texto": "a maldição contra vós e Á. as vossas"
        }
      ]
    },
    {
      "palavra": "amaldiçoarem",
      "veja tambem": [
        "amaldiçoar"
      ],
      "ocorrencias": 3,
      "fonte": "",
      "concordancias": [
        {
          "referencia": "Gênesis 12.3",
          "texto": "e amaldiçoarei os que te Á.; eem ti"
        },
        {
          "referencia": "Gênesis 27.29",
          "texto": "a ti; malditos sejam os que te Á., e"
        },
        {
          "referencia": "Números 24.9",
          "texto": "que te abençoarem, e malditos os que te Á.."
        }
      ]
    },
    {
      "palavra": "amaldiçoares",
      "veja tambem": [],
      "ocorrencias": 1,
      "fonte": "",
      "concordancias": [
        {
          "referencia": "Números 22.6",
          "texto": "será abençoado e a quem tu À. será amaldiçoado."
        }
      ]
    },
    {
      "palavra": "amaldiçoaria",
      "veja tambem": [],
      "ocorrencias": 1,
      "fonte": "",
      "concordancias": [
        {
          "referencia": "2 Samuel 16.9",
          "texto": "de Zeruia, ao rei: Por que Á. este cão"
        }
      ]
    },
    {
      "palavra": "amaldiçoasse",
      "veja tambem": [],
      "ocorrencias": 1,
      "fonte": "",
      "concordancias": [
        {
          "referencia": "Josué 24.9",
          "texto": "a Balaão, filho de Beor, para que vos Á.."
        }
      ]
    },
    {
      "palavra": "amaldiçoaste",
      "veja tambem": [
        "amaidiçoar"
      ],
      "ocorrencias": 2,
      "fonte": "",
      "concordancias": [
        {
          "referencia": "Eclesiastes 7.22",
          "texto": "já confessou muitas vezes que tu Á. a outros."
        },
        {
          "referencia": "Marcos 11.21",
          "texto": "eis que a figueira que tu À. se secou."
        }
      ]
    }
  ]
}