{
  "a": [
    {
      "palavra": "abençoou-o",
      "veja tambem": [
        "abençoar",
        "bendisse-o"
      ],
      "ocorrencias": 5,
      "fonte": "Strong's H1288 (בָּרַךְ/barak)",
      "concordancias": [
        {
          "referencia": "Gênesis 14.19",
          "texto": "E 4. e disse: Bendito seja Abrão do Deus"
        },
        {
          "referencia": "Gênesis 27.23",
          "texto": "como as mãos de Esaú, seu irmão. E A.."
        },
        {
          "referencia": "Gênesis 27.27",
          "texto": "o cheiro das suas vestes, e Á., e disse:"
        },
        {
          "referencia": "Gênesis 32.29",
          "texto": "Por que perguntas pelo meu nome? E À. ali."
        },
        {
          "referencia": "Gênesis 35.9",
          "texto": "Deus outra vez a Jacó, vindo de Pada-Arã,e A.."
        }
      ]
    },
    {
      "palavra": "abençoou-os",
      "veja tambem": [
        "abençoar",
        "bendisse-os"
      ],
      "ocorrencias": 2,
      "fonte": "Strong's H1288 (בָּרַךְ/barak), G2127 (εὐλογέω/eulogeo)",
      "concordancias": [
        {
          "referencia": "Gênesis 31.55",
          "texto": "seus filhos e suas filhas, e 4.; e partiu e"
        },
        {
          "referencia": "Lucas 9.16",
          "texto": "peixes e olhando para o céu, Á., e"
        }
      ]
    },
    {
      "palavra": "aberta",
      "veja tambem": [
        "abrir",
        "descoberta",
        "revelada"
      ],
      "ocorrencias": 9,
      "fonte": "Strong's H6605 (פָּתַח/pathach)",
      "concordancias": [
        {
          "referencia": "Josué 8.17",
          "texto": "Israel; e deixaram a cidade A. e seguiram a Israel."
        },
        {
          "referencia": "Neemias 6.5",
          "texto": "me enviou o seu moço com uma carta Å, na sua mão,"
        },
        {
          "referencia": "Provérbios 27.5",
          "texto": "Melhor é a repreensão Á. do que o amor encoberto."
        },
        {
          "referencia": "Jeremias 5.16",
          "texto": "é como uma sepultura A,; todos eles são valentes."
        },
        {
          "referencia": "Jeremias 52.7",
          "texto": "foi A, uma brecha na cidade, e todos os homens de"
        },
        {
          "referencia": "Zacarias 13.1",
          "texto": "dia, haverá uma fonte Á. para a casa de"
        },
        {
          "referencia": "2 Coríntios 6.11",
          "texto": "a nossa boca está A. para vós, o nosso"
        },
        {
          "referencia": "Apocalipse 3.8",
          "texto": "diante de ti pus uma porta Á., e ninguém a pode"
        },
        {
          "referencia": "Apocalipse 4.1",
          "texto": "e eis que estava uma porta À. no céu; e a"
        }
      ]
    },
    {
      "palavra": "abertamente",
      "veja tambem": [
        "claramente",
        "publicamente",
        "explicitamente"
      ],
      "ocorrencias": 8,
      "fonte": "Strong's G3954 (παρρησία/parrésia)",
      "concordancias": [
        {
          "referencia": "Mateus 7.23",
          "texto": "E, então, lhes direi Á.: Nunca vos conheci;"
        },
        {
          "referencia": "Marcos 8.32",
          "texto": "E dizia À, estas palavras. E Pedro o tomou à"
        },
        {
          "referencia": "Jó 7.13",
          "texto": "ninguém falava dele A., por medo dos judeus."
        },
        {
          "referencia": "Jó 7.26",
          "texto": "E ei-lo aí está falando A., e nada lhe"
        },
        {
          "referencia": "Jó 10.24",
          "texto": "suspensa? Se tu és o Cristo, dize-no-lo A.."
        },
        {
          "referencia": "Jó 16.25",
          "texto": "mais por parábolas, mas À. vos"
        },
        {
          "referencia": "Jó 16.29",
          "texto": "Eis que, agora, falas A. e não dizes"
        },
        {
          "referencia": "Jó 18.20",
          "texto": "lhe respondeu: Eu falei Á. ao mundo; eu"
        }
      ]
    },
    {
      "palavra": "abertas",
      "veja tambem": [
        "abrir",
        "descobertas",
        "reveladas"
      ],
      "ocorrencias": 9,
      "fonte": "Strong's H6605 (פָּתַח/pathach)",
      "concordancias": [
        {
          "referencia": "1 Reis 6.18",
          "texto": "lavrado de botões e flores Á.; tudo era cedro;"
        },
        {
          "referencia": "1 Reis 6.29",
          "texto": "e de palmas, e de flores A., por dentro e"
        },
        {
          "referencia": "1 Reis 6.32",
          "texto": "e de palmas, e de flores A., os quais"
        },
        {
          "referencia": "1 Reis 6.35",
          "texto": "e de palmas, e de flores A. e as cobriu de"
        },
        {
          "referencia": "Isaías 60.11",
          "texto": "E as tuas portas estarão Á, de contínuo: nem de"
        },
        {
          "referencia": "Daniel 6.10",
          "texto": "havia no seu quarto janelas 4. da banda de"
        },
        {
          "referencia": "Oséias 13.16",
          "texto": "e as suas mulheres grávidas serão A. pelo meio."
        },
        {
          "referencia": "Naum 3.13",
          "texto": "tua terra estarão de todo Á. aos teus"
        },
        {
          "referencia": "Atos 16.27",
          "texto": "o carcereiro e vendo A. as portas da"
        }
      ]
    },
    {
      "palavra": "abertos",
      "veja tambem": [
        "abrir",
        "descobertos",
        "revelados"
      ],
      "ocorrencias": 17,
      "fonte": "Strong's H6491 (פָּקַח/paqach), G1272 (διανοίγω/dianoigó)",
      "concordancias": [
        {
          "referencia": "Gênesis 3.7",
          "texto": "Então, foram Å, os olhos de ambos, e conheceram"
        },
        {
          "referencia": "Números 24.3",
          "texto": "Balaão, filho de Beor, e fala o homem de olhos A.;"
        },
        {
          "referencia": "Números 24.4",
          "texto": "do Todo-Poderoso, caindo em êxtase e de olhos A.:"
        },
        {
          "referencia": "Números 24.15",
          "texto": "Balaão, filho de Beor, e fala o homem de olhos A.;"
        },
        {
          "referencia": "Números 24.16",
          "texto": "do Todo-Poderoso, caído em êxtase e de olhos A.:"
        },
        {
          "referencia": "1 Reis 8.29",
          "texto": "olhos, noite e dia, estejam A. sobre esta casa,"
        },
        {
          "referencia": "1 Reis 8.52",
          "texto": "que teus olhos estejam A. à súplica do teu"
        },
        {
          "referencia": "2 Crônicas 6.20",
          "texto": "olhos estejam dia e noite A. sobre este lugar, -"
        },
        {
          "referencia": "2 Crônicas 640",
          "texto": "Deus, estejam os teus olhos A., e os teus"
        },
        {
          "referencia": "2 Crônicas 7.15",
          "texto": "Agora, estarão À. os meus olhos e atentos os"
        },
        {
          "referencia": "Neemias 1.6",
          "texto": "teus ouvidos, e os teus olhos, Á., para ouvires"
        },
        {
          "referencia": "Isaías 35.5",
          "texto": "os olhos dos cegos serão A., e os ouvidos dos"
        },
        {
          "referencia": "Isaías 42.20",
          "texto": "guardas; ainda que tenha os ouvidos A., nada ouve."
        },
        {
          "referencia": "Jeremias 32.19",
          "texto": "porque os teus olhos estão 4, sobre todos os"
        },
        {
          "referencia": "Mateus 20.33",
          "texto": "eles: Senhor, que os nossos olhos sejam A.."
        },
        {
          "referencia": "Mic 1.10",
          "texto": "saiu da água, viu os céus À. e o Espírito,"
        },
        {
          "referencia": "Atos 7.56",
          "texto": "disse: Eis que vejo os céus À, e o Filho do"
        }
      ]
    },
    {
      "palavra": "agarrasse",
      "veja tambem": [
        "agarrar",
        "pegar"
      ],
      "ocorrencias": 1,
      "fonte": "Strong's H270 (אָחַז/achaz)",
      "concordancias": [
        {
          "referencia": "Jó 38.13",
          "texto": "para que Á. nas extremidades da terra, e os"
        }
      ]
    },
    {
      "palavra": "agasalhem",
      "veja tambem": [
        "hospedar-se",
        "alojar-se"
      ],
      "ocorrencias": 1,
      "fonte": "Strong's G2646 (καταλύω/kataluó)",
      "concordancias": [
        {
          "referencia": "Lucas 9.12",
          "texto": "aos campos e aldeias ao redor, se Á, e achem o"
        }
      ]
    },
    {
      "palavra": "agastei",
      "veja tambem": [
        "irar-se",
        "indignar-se"
      ],
      "ocorrencias": 1,
      "fonte": "Strong's H7107 (קָצַף/qatsaph)",
      "concordancias": [
        {
          "referencia": "Isaías 47.6",
          "texto": "Muito me Á. contra o meu povo, tornei profana a"
        }
      ]
    },
    {
      "palavra": "ágata",
      "veja tambem": [],
      "ocorrencias": 2,
      "fonte": "Strong's H7618 (שְׁבוּ/shebo)",
      "concordancias": [
        {
          "referencia": "Êxodo 28.19",
          "texto": "será de um jacinto, de uma Å. e de uma ametista;"
        },
        {
          "referencia": "Êxodo 39.12",
          "texto": "ordem, de um jacinto, uma Å. e uma ametista;"
        }
      ]
    },
    {
      "palavra": "age",
      "veja tambem": [
        "agir",
        "fazer",
        "operar"
      ],
      "ocorrencias": 4,
      "fonte": "Strong's H6213 (עָשָׂה/asah), H7919 (שָׂכַל/sakal)",
      "concordancias": [
        {
          "referencia": "1 Reis 8.32",
          "texto": "ouve tu, então, nos céus, e Å., e julga os teus"
        },
        {
          "referencia": "2 Crônicas 6.23",
          "texto": "tu, então, desde os céus, e A., e julga a teus"
        },
        {
          "referencia": "Provérbios 13.16",
          "texto": "Todo prudente A, com conhecimento, mas o tolo"
        },
        {
          "referencia": "Provérbios 17.26",
          "texto": "justo, nem ferirem os príncipes ao que A. justamente."
        }
      ]
    },
    {
      "palavra": "agé",
      "veja tambem": [],
      "ocorrencias": 1,
      "fonte": "Strong's H89 (אָגֵא/Age)",
      "concordancias": [
        {
          "referencia": "2 Samuel 23.11",
          "texto": "depois dele, Sama, filho de A., o hararita, quando"
        }
      ]
    },
    {
      "palavra": "agem",
      "veja tambem": [
        "agir",
        "fazer",
        "proceder"
      ],
      "ocorrencias": 1,
      "fonte": "Strong's H6213 (עָשָׂה/asah)",
      "concordancias": [
        {
          "referencia": "Provérbios 12.22",
          "texto": "ao Senhor, mas os que A. fielmente são o seu deleite."
        }
      ]
    },
    {
      "palavra": "ages",
      "veja tambem": [
        "agir",
        "proceder"
      ],
      "ocorrencias": 1,
      "fonte": "Strong's H898 (בָּגַד/bagad)",
      "concordancias": [
        {
          "referencia": "Isaías 33.1",
          "texto": "não foste despojado e que À. perfidamente contra"
        }
      ]
    },
    {
      "palavra": "ageu",
      "veja tambem": [
        "agir",
        "proceder"
      ],
      "ocorrencias": 10,
      "fonte": "Strong's H2292 (חַגַּי/Chaggay)",
      "concordancias": [
        {
          "referencia": "Esdras 6.14",
          "texto": "pela profecia do profeta A. e de Zacarias, filho"
        },
        {
          "referencia": "Ageu 1.1",
          "texto": "pelo ministério do profeta A., a Zorobabel,"
        },
        {
          "referencia": "Ageu 1.3",
          "texto": "do Senhor, pelo ministério do profeta A., dizendo:"
        },
        {
          "referencia": "Ageu 1.12",
          "texto": "seu Deus, e as palavras do profeta A., como o"
        },
        {
          "referencia": "Ageu 1.13",
          "texto": "Então, Á., o embaixador do Senhor, falou ao povo,"
        },
        {
          "referencia": "Ageu 2.1",
          "texto": "do Senhor pelo ministério do profeta Á., dizendo:"
        },
        {
          "referencia": "Ageu 210",
          "texto": "do Senhor pelo ministério do profeta A., dizendo:"
        },
        {
          "referencia": "Ageu 2.13",
          "texto": "E disse A.: Se alguém, que se tinha tornado impuro"
        },
        {
          "referencia": "Ageu 2.14",
          "texto": "Então, respondeu À, e disse: Assim é este povo, e"
        },
        {
          "referencia": "Ageu 2.20",
          "texto": "do Senhor segunda vez a Á., aos vinte e quatro"
        }
      ]
    },
    {
      "palavra": "ágil",
      "veja tambem": [
        "rápido",
        "veloz"
      ],
      "ocorrencias": 1,
      "fonte": "Strong's H7031 (קַל/qal)",
      "concordancias": [
        {
          "referencia": "Amós 2.14",
          "texto": "de nada valerá a fuga ao Å.; nem o forte"
        }
      ]
    },
    {
      "palavra": "agilidade",
      "veja tambem": [
        "rapidez",
        "velocidade"
      ],
      "ocorrencias": 0,
      "fonte": "Strong's H7031 (קַל/qal)",
      "concordancias": []
    },
    {
      "palavra": "agimos",
      "veja tambem": [
        "agir",
        "proceder"
      ],
      "ocorrencias": 1,
      "fonte": "Strong's H5753 (עָוָה/avah)",
      "concordancias": [
        {
          "referencia": "IRs 8.47",
          "texto": "dizendo: Pecamos, e perversamente Á., e comete-"
        }
      ]
    },
    {
      "palavra": "agiram",
      "veja tambem": [
        "procederam",
        "fizeram"
      ],
      "ocorrencias": 3,
      "fonte": "Strong's H6213 (עָשָׂה/asah), H898 (בָּגַד/bagad)",
      "concordancias": [
        {
          "referencia": "Provérbios 31.29",
          "texto": "Muitas filhas À. virtuosamente, mas tu a todas és su-"
        },
        {
          "referencia": "Isaías 33.1",
          "texto": "contra os que não À. perfidamente contra"
        },
        {
          "referencia": "Jeremias 38.9",
          "texto": "Ó rei, senhor meu, Á. mal estes homens em tudo"
        }
      ]
    },
    {
      "palavra": "agirem",
      "veja tambem": [
        "agir",
        "fazer"
      ],
      "ocorrencias": 1,
      "fonte": "Strong's H6213 (עָשָׂה/asah)",
      "concordancias": [
        {
          "referencia": "Gênesis 18.19",
          "texto": "o caminho do Senhor, para Á. com justiça e"
        }
      ]
    },
    {
      "palavra": "agiste",
      "veja tambem": [
        "agir",
        "procedeste"
      ],
      "ocorrencias": 1,
      "fonte": "Strong's H5528 (סָכַל/sakal)",
      "concordancias": [
        {
          "referencia": "1 Samuel 13.13",
          "texto": "Então, disse Samuel a Saul: A. nesciamente e não"
        }
      ]
    },
    {
      "palavra": "agitada",
      "veja tambem": [
        "agitar",
        "movida",
        "perturbada"
      ],
      "ocorrencias": 2,
      "fonte": "Strong's G4531 (σαλεύω/saleuó), G5015 (ταράσσω/tarassó)",
      "concordancias": [
        {
          "referencia": "Mateus 11.7",
          "texto": "Que fostes ver no deserto? Uma cana A. pelo vento?"
        },
        {
          "referencia": "Jó 5.7",
          "texto": "algum que, quando a água é A., me coloque no"
        }
      ]
    },
    {
      "palavra": "agitado",
      "veja tambem": [
        "agitar",
        "eriçado"
      ],
      "ocorrencias": 1,
      "fonte": "Strong's H5568 (סָמָר/samar)",
      "concordancias": [
        {
          "referencia": "Jeremias 51.27",
          "texto": "um capitão, fazei subir cavalos, como pulgão A.."
        }
      ]
    },
    {
      "palavra": "agitados",
      "veja tambem": [
        "agitado",
        "atormentados"
      ],
      "ocorrencias": 1,
      "fonte": "Strong's G4951 (συσσεíω/susseió)",
      "concordancias": [
        {
          "referencia": "Atos 27.18",
          "texto": "Andando nós À, por uma veemente tempestade, no"
        }
      ]
    },
    {
      "palavra": "agitando",
      "veja tambem": [
        "agitar",
        "movendo"
      ],
      "ocorrencias": 1,
      "fonte": "Strong's H5130 (נוּף/nuph)",
      "concordancias": [
        {
          "referencia": "Zacarias 5.9",
          "texto": "que duas mulheres saíram, Á. o ar com as"
        }
      ]
    },
    {
      "palavra": "agitando-o",
      "veja tambem": [
        "agitar",
        "convulsionando-o"
      ],
      "ocorrencias": 2,
      "fonte": "Strong's G4682 (σπαράσσω/sparassó)",
      "concordancias": [
        {
          "referencia": "Marcos 1.26",
          "texto": "Então, o espírito imundo, A. e clamando com"
        },
        {
          "referencia": "Marcos 9.26",
          "texto": "E ele, clamando e 4. com violência, saiu; e"
        }
      ]
    },
    {
      "palavra": "agitará",
      "veja tambem": [
        "agitar",
        "incitará"
      ],
      "ocorrencias": 1,
      "fonte": "Strong's H5782 (עוּר/ur)",
      "concordancias": [
        {
          "referencia": "Daniel 11.2",
          "texto": "com as suas riquezas, 4, todos"
        }
      ]
    },
    {
      "palavra": "agitava",
      "veja tambem": [
        "agitar",
        "movia",
        "perturbava"
      ],
      "ocorrencias": 1,
      "fonte": "Strong's G5015 (ταράσσω/tarassó)",
      "concordancias": [
        {
          "referencia": "Jó 5.4",
          "texto": "em certo tempo ao tanque e 4. a água; e o"
        }
      ]
    },
    {
      "palavra": "agitou",
      "veja tambem": [
        "agitar",
        "convulsionou"
      ],
      "ocorrencias": 1,
      "fonte": "Strong's G4952 (συσπαράσσω/susparassó)",
      "concordancias": [
        {
          "referencia": "Marcos 9.20",
          "texto": "ele o viu, logo o espírito o Á, com violência;"
        }
      ]
    },
    {
      "palavra": "agiu",
      "veja tambem": [
        "agir",
        "operou",
        "fez"
      ],
      "ocorrencias": 2,
      "fonte": "Strong's H6381 (פָּלָא/pala), G4160 (ποιέω/poieó)",
      "concordancias": [
        {
          "referencia": "Juízes 13.19",
          "texto": "sobre uma penha ao Senhor; e À. o Anjo"
        },
        {
          "referencia": "Lucas 1.51",
          "texto": "Com o seu braço, À. valorosamente, dissipou os"
        }
      ]
    },
    {
      "palavra": "agonia",
      "veja tambem": [
        "angústia",
        "sofrimento"
      ],
      "ocorrencias": 1,
      "fonte": "Strong's G74 (ἀγωνία/agónia)",
      "concordancias": [
        {
          "referencia": "Lucas 22.44",
          "texto": "E, posto em Á., orava mais intensamente. E o seu"
        }
      ]
    }
  ]
}