{
  "a": [
    {
      "palavra": "amaleque",
      "veja tambem": [
        "amalequita",
        "inimigo",
        "povo"
      ],
      "ocorrencias": 21,
      "fonte": "Strong's H6002 (עֲמָלֵק/Amaleq)",
      "concordancias": [
        {
          "referencia": "Gênesis 36.12",
          "texto": "de Esaú, e teve de Elifaz a A.; estes são os"
        },
        {
          "referencia": "Gênesis 36.16",
          "texto": "o príncipe Gaetã, o príncipe À,; estes são os"
        },
        {
          "referencia": "Êxodo 17.8",
          "texto": "Então, veio À. e pelejou contra Israel em Refidim."
        },
        {
          "referencia": "Êxodo 17.9",
          "texto": "e sai, e peleja contra A.; amanhã, eu"
        },
        {
          "referencia": "Êxodo 17.10",
          "texto": "dissera, pelejando contra A.; mas Moisés,"
        },
        {
          "referencia": "Êxodo 17.11",
          "texto": "quando ele abaixava a sua mão, A, prevalecia."
        },
        {
          "referencia": "Êxodo 17.13",
          "texto": "E, assim, Josué desfez a Á. e a seu povo a fio"
        },
        {
          "referencia": "Êxodo 17.14",
          "texto": "hei de riscar a memória de Á. de debaixo dos céu»."
        },
        {
          "referencia": "Êxodo 17.16",
          "texto": "guerra do Senhor contra A, de geração em geração."
        },
        {
          "referencia": "Números 24.20",
          "texto": "alçou a sua parábola e disse: À. é o primeiro"
        },
        {
          "referencia": "Deuteronômio 25.17",
          "texto": "Lembra-te do que te fez A, no caminho, quando"
        },
        {
          "referencia": "Deuteronômio 25.19",
          "texto": "então, apagarás a memória de Á. de"
        },
        {
          "referencia": "Juízes 5.14",
          "texto": "saiu a sua raiz contra A.; e após ti vinha"
        },
        {
          "referencia": "1 Samuel 15.2",
          "texto": "Eu me recordei do que fez A. a Israel; como"
        },
        {
          "referencia": "1 Samuel 15.3",
          "texto": "Vai, pois, agora, e ferea A., e destrói"
        },
        {
          "referencia": "1 Samuel 15.5",
          "texto": "pois, Saul à cidade de A., pôs emboscada"
        },
        {
          "referencia": "1 Samuel 15.15",
          "texto": "E disse Saul: De A. as trouxeram; porque o povo"
        },
        {
          "referencia": "1 Samuel 15.20",
          "texto": "e trouxe a Agague, rei de Á., eos"
        },
        {
          "referencia": "1 Samuel 28.18",
          "texto": "o fervor da sua ira contra Á., por isso, o"
        },
        {
          "referencia": "2 Samuel 8.12",
          "texto": "de Amom, e dos filisteus, e de A., e dos"
        },
        {
          "referencia": "1 Crônicas 1.36",
          "texto": "e Omar, e Zefi, e Gaetã, e Quenaz, e Timna, e Á.."
        }
      ]
    },
    {
      "palavra": "amalequita",
      "veja tambem": [
        "amaleque"
      ],
      "ocorrencias": 3,
      "fonte": "Strong's H6003 (עֲמָלֵקִי/Amaleqi)",
      "concordancias": [
        {
          "referencia": "1 Samuel 30.13",
          "texto": "egípcio: Sou servo de um homem Á., e meu"
        },
        {
          "referencia": "2 Samuel 1.8",
          "texto": "me disse: Quem és tu? E eu lhe disse: Sou A.."
        },
        {
          "referencia": "2 Samuel 1.13",
          "texto": "ele: Sou filho de um homem estrangeiro,"
        }
      ]
    },
    {
      "palavra": "abisua",
      "veja tambem": [
        "nome",
        "filho",
        "fineias"
      ],
      "ocorrencias": 3,
      "fonte": "Strong's H50 (אֲבִישׁוּעַ/Abishua)",
      "concordancias": [
        {
          "referencia": "1 Crônicas 6.4",
          "texto": "Eleazar gerou a Fineias, e Fineias gerou a A.;"
        },
        {
          "referencia": "1 Crônicas 6.50",
          "texto": "seu filho Eleazar, seu filho Fineias, seu filho A.,"
        },
        {
          "referencia": "Esdras 7.5",
          "texto": "filho de A., filho de Fineias, filho de Eleazar,"
        }
      ]
    },
    {
      "palavra": "abisur",
      "veja tambem": [
        "nome",
        "filho",
        "samai"
      ],
      "ocorrencias": 2,
      "fonte": "Strong's H51 (אֲבִישׁוּר/Abishur)",
      "concordancias": [
        {
          "referencia": "1 Crônicas 2.28",
          "texto": "Samai e Jada; e os filhos de Samai: Nadabe e A.."
        },
        {
          "referencia": "1 Crônicas 2.29",
          "texto": "E era o nome da mulher de A. Abiail, que lhe deu"
        }
      ]
    },
    {
      "palavra": "abital",
      "veja tambem": [
        "nome",
        "mulher",
        "davi"
      ],
      "ocorrencias": 2,
      "fonte": "Strong's H37 (אֲבִיטָל/Abital)",
      "concordancias": [
        {
          "referencia": "2 Samuel 34",
          "texto": "filho de e e o quinto, Sefatias, filho de A.;"
        },
        {
          "referencia": "1 Crônicas 3.3",
          "texto": "o quinto, Sefatias, de A.; o sexto, Itreão, de"
        }
      ]
    },
    {
      "palavra": "abitube",
      "veja tambem": [
        "nome",
        "filho",
        "husim"
      ],
      "ocorrencias": 1,
      "fonte": "Strong's H52 (אֲבִיטוּב/Abiytuwb)",
      "concordancias": [
        {
          "referencia": "1 Crônicas 8.11",
          "texto": "E de Husim gerou a Á. e a Elpaal."
        }
      ]
    },
    {
      "palavra": "abiú",
      "veja tambem": [
        "nome",
        "filho",
        "arão"
      ],
      "ocorrencias": 10,
      "fonte": "Strong's H30 (אֲבִיהוּא/Abihu)",
      "concordancias": [
        {
          "referencia": "Êxodo 6.23",
          "texto": "e ela gerou-lhe a Nadabe, e A., e Eleazar, e Itamar."
        },
        {
          "referencia": "Êxodo 24.1",
          "texto": "ao Senhor, tu e Arão, Nadabe e A., e setenta dos"
        },
        {
          "referencia": "Êxodo 28.1",
          "texto": "Arão e seus filhos Nadabe, Å., Eleazar e Itamar."
        },
        {
          "referencia": "Levítico 10.1",
          "texto": "os filhos de Arão, Nadabe e A., tomaram cada um o"
        },
        {
          "referencia": "Números 3.2",
          "texto": "o primogênito, Nadabe; depois, A., Eleazar e Itamar."
        },
        {
          "referencia": "Números 3.4",
          "texto": "Mas Nadabe e A. morreram perante o Senhor, quando"
        },
        {
          "referencia": "Números 26.60",
          "texto": "E a Arão nasceram Nadabe, A., Eleazar e Itamar."
        },
        {
          "referencia": "Números 26.61",
          "texto": "Porém Nadabe e Á. morreram quando trouxeram"
        },
        {
          "referencia": "1 Crônicas 24.1",
          "texto": "filhos de Arão foram Nadabe, e Á., e Eleazar, e Ita-"
        },
        {
          "referencia": "1 Crônicas 24.2",
          "texto": "E morreram Nadabe e À. antes de seu pai e não"
        }
      ]
    },
    {
      "palavra": "abjetos",
      "veja tambem": [
        "baixo",
        "desprezível",
        "vil"
      ],
      "ocorrencias": 1,
      "fonte": "Strong's H8216 (שֶׁפֶל/shepel)",
      "concordancias": [
        {
          "referencia": "S135.15",
          "texto": "e se congregavam; os Á. se congregavam"
        }
      ]
    },
    {
      "palavra": "amam",
      "veja tambem": [
        "amar"
      ],
      "ocorrencias": 30,
      "fonte": "Strong's H157 (אָהַב/ahab)",
      "concordancias": [
        {
          "referencia": "Êxodo 20.6",
          "texto": "em milhares aos que me A. e guardam os meus man-"
        },
        {
          "referencia": "Deuteronômio 5.10",
          "texto": "em milhares aos que me 4. e guardam os meus man-"
        },
        {
          "referencia": "Deuteronômio 7.9",
          "texto": "até mil gerações aos que o À, e guardam os"
        },
        {
          "referencia": "Juízes 5.31",
          "texto": "teus inimigos! Porém os que o À, sejam como o sol"
        },
        {
          "referencia": "1 Samuel 18.22",
          "texto": "e todos os seus servos te À.; agora, pois,"
        },
        {
          "referencia": "2 Samuel 19.6",
          "texto": "e aborrecendo aos que te A.; porque, hoje, dás a"
        },
        {
          "referencia": "Neemias 1.5",
          "texto": "para com aqueles que te 4. e guardam os"
        },
        {
          "referencia": "S15.11",
          "texto": "os defendes; e em ti se gloriem os que Á. o teu nome."
        },
        {
          "referencia": "S169.36",
          "texto": "de seus servos, e os que À. o seu nome habitarão nela."
        },
        {
          "referencia": "S170.4",
          "texto": "te buscam; e aqueles que Á. a tua salvação digam"
        },
        {
          "referencia": "S1119.132",
          "texto": "de mim, conforme usas com os que À. o teu nome,"
        },
        {
          "referencia": "Salmos 119.165",
          "texto": "Muita paz têm os que Á, a tua lei, e para eles não"
        },
        {
          "referencia": "SI 122.6",
          "texto": "pela paz de Jerusalém! Prosperardo aqueles que te A.."
        },
        {
          "referencia": "Provérbios 8.17",
          "texto": "Eu amo os que me A., e os que de madrugada me"
        },
        {
          "referencia": "Provérbios 8.21",
          "texto": "permanentes aos que me Á, e encher os seus tesouros."
        },
        {
          "referencia": "Provérbios 8.36",
          "texto": "própria alma; todos os que me aborrecem Á. a morte."
        },
        {
          "referencia": "Cânticos 1.3",
          "texto": "derramado é o teu nome; por isso, as virgens te A.."
        },
        {
          "referencia": "Cânticos 1.4",
          "texto": "lembraremos, mais do que do vinho; os retos te A.."
        },
        {
          "referencia": "Isaías 56.10",
          "texto": "andam adormecidos, estão deitados e À, o tosquene-"
        },
        {
          "referencia": "Daniel 9.4",
          "texto": "a misericórdia para com os que te À. e guardam os"
        },
        {
          "referencia": "Mateus 5.46",
          "texto": "Pois, se amardes os que vos A., que galardão"
        },
        {
          "referencia": "Vit 23.6",
          "texto": "e Á. os primeiros lugares nas ceias, e as primeiras"
        },
        {
          "referencia": "Le 6.32",
          "texto": "E, se amardes aos que vos A., que recompensa"
        },
        {
          "referencia": "Lucas 6.32",
          "texto": "tereis? Também os pecadores À. aos que os A.."
        },
        {
          "referencia": "Le 20.46",
          "texto": "com vestes compridas e À. as saudações nas"
        },
        {
          "referencia": "Romanos 8.28",
          "texto": "para o bem daqueles que A. a Deus, daqueles que"
        },
        {
          "referencia": "LCo 2.9",
          "texto": "do homem são as que Deus preparou para osqueo Á.."
        },
        {
          "referencia": "Efésios 6.24",
          "texto": "seja com todos os que Á. a nosso Senhor Jesus"
        },
        {
          "referencia": "Tiago 1.12",
          "texto": "da vida, a qual o Senhor tem prometido aos que o A.."
        },
        {
          "referencia": "Ig 2.5",
          "texto": "na fé e herdeiros do Reino que prometeu aos que o Á.?"
        }
      ]
    },
    {
      "palavra": "amamentado",
      "veja tambem": [
        "amamentar"
      ],
      "ocorrencias": 1,
      "fonte": "",
      "concordancias": [
        {
          "referencia": "Tito 8.1",
          "texto": "meu irmão e que te tivesses 4. aos seios de"
        }
      ]
    },
    {
      "palavra": "amamentam",
      "veja tambem": [
        "ama-"
      ],
      "ocorrencias": 1,
      "fonte": "",
      "concordancias": [
        {
          "referencia": "Isaías 40.11",
          "texto": "levará no seu regaço; as que Á., ele as"
        }
      ]
    },
    {
      "palavra": "amamentaram",
      "veja tambem": [],
      "ocorrencias": 1,
      "fonte": "",
      "concordancias": [
        {
          "referencia": "Lucas 23.29",
          "texto": "que não geraram, e os peitos que não À.!"
        }
      ]
    },
    {
      "palavra": "amamentarem",
      "veja tambem": [],
      "ocorrencias": 1,
      "fonte": "",
      "concordancias": [
        {
          "referencia": "Mateus 24.19",
          "texto": "ai das grávidas e das que A. naqueles dias!"
        }
      ]
    },
    {
      "palavra": "amamos",
      "veja tambem": [],
      "ocorrencias": 5,
      "fonte": "",
      "concordancias": [
        {
          "referencia": "1 João 3.14",
          "texto": "morte para a vida, porque À. os irmãos; quem"
        },
        {
          "referencia": "1 João 4.12",
          "texto": "jamais viu a Deus; se nós Á. uns aos outros,"
        },
        {
          "referencia": "1 João 4.19",
          "texto": "Nós o Á, porque ele nos amou primeiro."
        },
        {
          "referencia": "1 João 5.2",
          "texto": "Nisto conhecemos que 4. os filhos de Deus: quando"
        },
        {
          "referencia": "1 João 5.2",
          "texto": "os filhos de Deus: quando À, a Deus e guardamos"
        }
      ]
    },
    {
      "palavra": "amana",
      "veja tambem": [],
      "ocorrencias": 1,
      "fonte": "",
      "concordancias": [
        {
          "referencia": "Cânticos 4.8",
          "texto": "Líbano; olha desde o cume de A., desde o cume de"
        }
      ]
    },
    {
      "palavra": "amando",
      "veja tambem": [
        "amar"
      ],
      "ocorrencias": 6,
      "fonte": "",
      "concordancias": [
        {
          "referencia": "Deuteronômio 11.22",
          "texto": "ordeno para os guardardes, À. o Senhor, vosso"
        },
        {
          "referencia": "Deuteronômio 19.9",
          "texto": "te ordeno, para fazê-los, A. ao Senhor, teu"
        },
        {
          "referencia": "Deuteronômio 30.20",
          "texto": "Á, ao Senhor, teu Deus, dando ouvidos à sua voz e"
        },
        {
          "referencia": "2 Samuel 19.6",
          "texto": "Á. tu aos que te aborrecem e aborrecendo aos que"
        },
        {
          "referencia": "o 4.10",
          "texto": "Porque Demas me desamparou, A. o presente sé-"
        },
        {
          "referencia": "1 Pedro 3.8",
          "texto": "mesmo sentimento, compassivos, Á. os irmãos,"
        }
      ]
    },
    {
      "palavra": "amando-vos",
      "veja tambem": [
        "amar"
      ],
      "ocorrencias": 1,
      "fonte": "",
      "concordancias": [
        {
          "referencia": "2 Coríntios 12.15",
          "texto": "pelas vossas almas, ainda que, A. cada vez"
        }
      ]
    }
  ]
}