{
  "a": [
    {
      "palavra": "amanha",
      "veja tambem": [
        "amanhã",
        "futuro",
        "próximo",
        "dia"
      ],
      "ocorrencias": 69,
      "fonte": "Strong's H4279 (מָחָר/machar)",
      "concordancias": [
        {
          "referencia": "Gênesis 30.33",
          "texto": "a minha justiça no dia de Á., quando vieres e o"
        },
        {
          "referencia": "Êxodo 8.10",
          "texto": "E ele disse: A.. E Moisés disse: Seja conforme a"
        },
        {
          "referencia": "Êxodo 8.23",
          "texto": "entre o meu povo e o teu povo; À. será este sinal."
        },
        {
          "referencia": "Êxodo 8.29",
          "texto": "enxames de moscas se retirem A. de Faraó, dos"
        },
        {
          "referencia": "Êxodo 9.18",
          "texto": "Eis que A., por este tempo, farei chover saraiva"
        },
        {
          "referencia": "Êxodo 10.4",
          "texto": "o meu povo, eis que trarei Å. gafanhotos aos"
        },
        {
          "referencia": "Êxodo 16.7",
          "texto": "e A, vereis a glória do Senhor, porquanto ouviu"
        },
        {
          "referencia": "Êxodo 16.19",
          "texto": "E disse-lhes Moisés: Ninguém deixe dele para A.."
        },
        {
          "referencia": "Êxodo 16.23",
          "texto": "é o que o Senhor tem dito: 4. é repouso, o"
        },
        {
          "referencia": "Êxodo 16.23",
          "texto": "tudo o que sobejar ponde em guarda para vós até Á.,"
        },
        {
          "referencia": "Êxodo 17.9",
          "texto": "sai, e peleja contra Amaleque; Á., eu estarei no"
        },
        {
          "referencia": "x 19.10",
          "texto": "povo e santifica-os hoje e A., e lavem eles as"
        },
        {
          "referencia": "Êxodo 32.5",
          "texto": "dele; e Arão apregoou e disse: A. será festa ao Senhor."
        },
        {
          "referencia": "Êxodo 34.2",
          "texto": "E prepara-te para A., para que subas pela manhã"
        },
        {
          "referencia": "Números 11.18",
          "texto": "povo: Santificai-vos para Á. e comereis carne;"
        },
        {
          "referencia": "Números 14.25",
          "texto": "habitam no vale; tornai-vos, Á., e caminhai para"
        },
        {
          "referencia": "Números 16.5",
          "texto": "a sua congregação, dizendo: À. pela manhã o"
        },
        {
          "referencia": "Números 16.7",
          "texto": "e, pondo fogo neles A., sobre eles deitai incenso"
        },
        {
          "referencia": "Números 16.16",
          "texto": "ponde-vos perante o Senhor, tu, e eles, e Arão, A.."
        },
        {
          "referencia": "Josué 3.5",
          "texto": "povo: Santificai-vos, porque À. fará o Senhor"
        },
        {
          "referencia": "Josué 7.13",
          "texto": "e dize: Santificai-vos para A., porque assim diz"
        },
        {
          "referencia": "Josué 7.14",
          "texto": "A., pois, vos chegareis, segundo as vossas"
        },
        {
          "referencia": "Josué 11.6",
          "texto": "temas diante deles, porque À. a esta mesma hora"
        },
        {
          "referencia": "Josué 22.18",
          "texto": "hoje contra o Senhor, A. se irará"
        },
        {
          "referencia": "Josué 22.24",
          "texto": "o freios: foi em receio disto: À. vossos filhos"
        },
        {
          "referencia": "Josué 22.27",
          "texto": "para que vossos filhos não digam À. a nossos"
        },
        {
          "referencia": "Josué 22.28",
          "texto": "dissemos: Quando for que, Ã, assim nos digam"
        },
        {
          "referencia": "Juízes 19.9",
          "texto": "noite, e que o teu coração se alegre; e, A. de"
        },
        {
          "referencia": "Juízes 20.28",
          "texto": "pararei? E disse o Senhor: Subi, que 4. eu to"
        },
        {
          "referencia": "1 Samuel 9.16",
          "texto": "A., a estas horas, te enviarei um homem da terra"
        },
        {
          "referencia": "1 Samuel 11.9",
          "texto": "aos homens de Jabes-Gileade: A., em aquecendo o"
        },
        {
          "referencia": "1 Samuel 11.10",
          "texto": "homens de Jabes disseram: Á., sairemos a vós;"
        },
        {
          "referencia": "1ISm 19.11",
          "texto": "não salvares a tua vida esta noite, A. te matarão."
        },
        {
          "referencia": "1 Samuel 20.5",
          "texto": "Davi a Jônatas: Eis que Á. é a lua nova, em"
        },
        {
          "referencia": "1 Samuel 20.12",
          "texto": "Sondando eu a meu pai À. a estas horas"
        },
        {
          "referencia": "ISm 20.12",
          "texto": "a estas horas ou depois de A., e eis que"
        },
        {
          "referencia": "1 Samuel 20.18",
          "texto": "E disse-lhe Jônatas: Á. é a lua nova, e não te"
        },
        {
          "referencia": "1 Samuel 28.19",
          "texto": "na mão dos filisteus, e Á. tu e teus filhos ~"
        },
        {
          "referencia": "1 Samuel 29.10",
          "texto": "Agora, pois, A. de madrugada, levanta-te com os"
        },
        {
          "referencia": "2 Samuel 11.12",
          "texto": "Urias: Fica cá ainda hoje, e À. te despedirei."
        },
        {
          "referencia": "1 Reis 19.2",
          "texto": "e outro tanto, se decerto À. a estas horas"
        },
        {
          "referencia": "1 Reis 20.6",
          "texto": "todavia, Á. a estas horas, enviarei os meus"
        },
        {
          "referencia": "2 Reis 6.28",
          "texto": "para que hoje o comamos e Á. comeremos o"
        },
        {
          "referencia": "2 Reis 7.1",
          "texto": "do Senhor; assim diz o Senhor: A., quase a este"
        },
        {
          "referencia": "2 Reis 7.18",
          "texto": "Deus falara ao rei, dizendo: Á., quase a este"
        },
        {
          "referencia": "2 Reis 10.6",
          "texto": "homens, filhos de vosso senhor, e A. a este tempo"
        },
        {
          "referencia": "2 Reis 10.8",
          "texto": "em dois montões à entrada da porta, até Á.."
        },
        {
          "referencia": "2 Crônicas 20.16",
          "texto": "A., descereis contra eles; eis que sobem pela"
        },
        {
          "referencia": "2 Crônicas 20.17",
          "texto": "não temais, nem vos assusteis; Á., saí-lhes ao"
        },
        {
          "referencia": "Ester 5.8",
          "texto": "que lhes hei de preparar, e À. farei conforme o"
        },
        {
          "referencia": "Ester 5.12",
          "texto": "senão a mim; e também para Á, estou convidado"
        },
        {
          "referencia": "Ester 5.14",
          "texto": "cinquenta côvados de altura, e À, dize ao rei"
        },
        {
          "referencia": "Ester 9.13",
          "texto": "ao rei, conceda-se também, A., aos judeus que"
        },
        {
          "referencia": "Provérbios 3.28",
          "texto": "teu próximo: Vai e torna, e Á. to darei, tendo-o"
        },
        {
          "referencia": "Provérbios 27.1",
          "texto": "Não presumas do dia de A., porque não sabes o que"
        },
        {
          "referencia": "Isaías 22.13",
          "texto": "e diz-se: Comamos e bebamos, porque Á. morrere-"
        },
        {
          "referencia": "Isaías 56.12",
          "texto": "bebida forte; e o dia de A. será como este e"
        },
        {
          "referencia": "Mateus 6.30",
          "texto": "do campo, que hoje existe e A. é lançada no"
        },
        {
          "referencia": "Mateus 6.34",
          "texto": "pois, pelo dia de Á., porque o dia de"
        },
        {
          "referencia": "Mateus 6.34",
          "texto": "de A., porque o dia de À. cuidará de si"
        },
        {
          "referencia": "Lucas 12.28",
          "texto": "que hoje está no campo e A. é lançada no"
        },
        {
          "referencia": "Lucas 13.32",
          "texto": "e efetuo curas, hoje e A., e, no terceiro"
        },
        {
          "referencia": "Lucas 13.33",
          "texto": "e efetuo curas, hoje e A., e, no terceiro"
        },
        {
          "referencia": "Atos 23.15",
          "texto": "ao tribuno que vo-lo traga Á., como querendo"
        },
        {
          "referencia": "Atos 23.20",
          "texto": "se concertaram rogar-te que À. leves Paulo ao"
        },
        {
          "referencia": "Atos 25.22",
          "texto": "ouvir também esse homem. E ele disse: A. o ouvirás."
        },
        {
          "referencia": "1 Coríntios 15.32",
          "texto": "ressuscitam? Comamos e bebamos, que A. mor-"
        },
        {
          "referencia": "Tiago 4.13",
          "texto": "vós que dizeis: Hoje ou Á., iremos a tal"
        },
        {
          "referencia": "Tiago 4.14",
          "texto": "sabeis o que acontecerá Á.. Porque que é a"
        }
      ]
    },
    {
      "palavra": "amanheça",
      "veja tambem": [],
      "ocorrencias": 2,
      "fonte": "",
      "concordancias": [
        {
          "referencia": "1 Samuel 14.36",
          "texto": "e despojemo-los, até que A. a luz, e"
        },
        {
          "referencia": "Isaías 17.14",
          "texto": "que há pavor; e, antes que A., eles não"
        }
      ]
    },
    {
      "palavra": "amanhecer",
      "veja tambem": [],
      "ocorrencias": 4,
      "fonte": "",
      "concordancias": [
        {
          "referencia": "Gênesis 19.15",
          "texto": "E, ao Á., os anjos apertaram com Ló, dizendo:"
        },
        {
          "referencia": "Êxodo 14.27",
          "texto": "o mar retomou a sua força ao A., e os egípcios"
        },
        {
          "referencia": "Êxodo 19.16",
          "texto": "ao terceiro dia, ao Á., que houve"
        },
        {
          "referencia": "Marcos 15.1",
          "texto": "E, logo ao A., os principais dos sacerdotes, e"
        }
      ]
    },
    {
      "palavra": "amanheceu-lhes",
      "veja tambem": [
        "amanhecer"
      ],
      "ocorrencias": 1,
      "fonte": "",
      "concordancias": [
        {
          "referencia": "2 Samuel 2.32",
          "texto": "toda aquela noite, e A. o dia em Hebrom."
        }
      ]
    },
    {
      "palavra": "amanhecia",
      "veja tambem": [
        "amanhecer"
      ],
      "ocorrencias": 0,
      "fonte": "",
      "concordancias": []
    },
    {
      "palavra": "amansa",
      "veja tambem": [
        "amansar"
      ],
      "ocorrencias": 1,
      "fonte": "",
      "concordancias": [
        {
          "referencia": "Tiago 3.7",
          "texto": "como de animais do mar, se À. e foi domada"
        }
      ]
    },
    {
      "palavra": "amansar",
      "veja tambem": [],
      "ocorrencias": 2,
      "fonte": "",
      "concordancias": [
        {
          "referencia": "Top 406",
          "texto": "posição; Palavras Relacionadas: (amansa-1); Total de re-"
        },
        {
          "referencia": "Marcos 5.4",
          "texto": "e os grilhões, em migalhas, e ninguém o podia A.."
        }
      ]
    },
    {
      "palavra": "amantes",
      "veja tambem": [],
      "ocorrencias": 13,
      "fonte": "",
      "concordancias": [
        {
          "referencia": "Jeremias 3.1",
          "texto": "Ora, tu te maculaste com muitos A.; mas, ainda"
        },
        {
          "referencia": "Jeremias 4.30",
          "texto": "debalde te farias bela; os A. te"
        },
        {
          "referencia": "Jeremias 30.14",
          "texto": "Todos os teus À. se esqueceram de ti e não"
        },
        {
          "referencia": "Ezequiel 16.33",
          "texto": "presentes a todos os teus A.; e lhes dás"
        },
        {
          "referencia": "Ezequiel 16.36",
          "texto": "prostituições com os teus Á., como também com"
        },
        {
          "referencia": "Ezequiel 16.37",
          "texto": "ajuntarei todos os teus 4., com os quais te"
        },
        {
          "referencia": "Ezequiel 23.5",
          "texto": "e enamorou-se dos seus Á., dos assírios,"
        },
        {
          "referencia": "Ezequiel 23.9",
          "texto": "a entreguei na mão dos seus Á., na mão dos"
        },
        {
          "referencia": "Ezequiel 23.20",
          "texto": "E enamorou-se dos seus Á., cujos membros são"
        },
        {
          "referencia": "Ezequiel 23.22",
          "texto": "suscitarei contra ti os teus Á., dos quais se"
        },
        {
          "referencia": "Oséias 2.7",
          "texto": "irá em seguimento de seus Á., mas não os"
        },
        {
          "referencia": "Oséias 2.12",
          "texto": "a paga que me deram os meus À.; eu, pois, farei"
        },
        {
          "referencia": "2 Timóteo 3.2",
          "texto": "porque haverá homens Á. de si mesmos, avarentos,"
        }
      ]
    }
  ]
}