{
  "a": [
    {
      "palavra": "amar",
      "veja tambem": [
        "amor",
        "caridade",
        "afeto",
        "querer"
      ],
      "ocorrencias": 12,
      "fonte": "Strong's H157 (אָהַב/ahab)",
      "concordancias": [
        {
          "referencia": "Deuteronômio 10.15",
          "texto": "em teus pais para os Á.; ea vós, semente"
        },
        {
          "referencia": "Deuteronômio 11.13",
          "texto": "que hoje te ordeno, de À. o Senhor, teu Deus,"
        },
        {
          "referencia": "2 Crônicas 19.2",
          "texto": "Devias tu ajudar ao ímpio e 4. aqueles que ao"
        },
        {
          "referencia": "Eclesiastes 3.8",
          "texto": "tempo de À. e tempo de aborrecer; tempo de guerra e"
        },
        {
          "referencia": "Eclesiastes 5.10",
          "texto": "O que 4. o dinheiro nunca se fartará de dinheiro; e"
        },
        {
          "referencia": "Eclesiastes 5.10",
          "texto": "fartará de dinheiro; e quem A. a abundância nunca"
        },
        {
          "referencia": "Mateus 6.24",
          "texto": "porque ou há de odiar um e À. o outro ou se"
        },
        {
          "referencia": "Marcos 12.33",
          "texto": "alma, e de todas as forças e Á. o próximo como a"
        },
        {
          "referencia": "Lucas 16.13",
          "texto": "ou há de aborrecer a um e À. ao outro ou se há de"
        },
        {
          "referencia": "Efésios 5.28",
          "texto": "Assim devem os maridos A. a sua própria mulher como"
        },
        {
          "referencia": "1 Pedro 3.10",
          "texto": "Porque quem quer A. a vida e ver os dias bons,"
        },
        {
          "referencia": "1 João 4.20",
          "texto": "irmão, ao qual viu, como pode A. a Deus, a quem"
        }
      ]
    },
    {
      "palavra": "amar-te-á",
      "veja tambem": [
        "amar"
      ],
      "ocorrencias": 1,
      "fonte": "Strong's H157 (אָהַב/ahab)",
      "concordancias": [
        {
          "referencia": "Provérbios 9.8",
          "texto": "que te não aborreça; repreende o sábio, e Á.."
        }
      ]
    },
    {
      "palavra": "amara",
      "veja tambem": [
        "amar"
      ],
      "ocorrencias": 1,
      "fonte": "Strong's H157 (אָהַב/ahab)",
      "concordancias": [
        {
          "referencia": "2 Samuel 13.15",
          "texto": "do que o amor com que a A.. E disse-lhe"
        }
      ]
    },
    {
      "palavra": "amará",
      "veja tambem": [
        "amar"
      ],
      "ocorrencias": 2,
      "fonte": "Strong's H157 (אָהַב/ahab)",
      "concordancias": [
        {
          "referencia": "Gênesis 29.32",
          "texto": "à minha aflição. Por isso, agora me A. o meu marido"
        },
        {
          "referencia": "Jó 14.23",
          "texto": "a minha palavra, e meu Paio Á., e viremos para"
        }
      ]
    },
    {
      "palavra": "amaram",
      "veja tambem": [
        "amar"
      ],
      "ocorrencias": 5,
      "fonte": "Strong's H157 (אָהַב/ahab)",
      "concordancias": [
        {
          "referencia": "Jeremias 14.10",
          "texto": "deste povo: Pois que tanto À. o afastar-se e não"
        },
        {
          "referencia": "Oséias 4.18",
          "texto": "cada vez mais; certamente Á. a vergonha os"
        },
        {
          "referencia": "Oséias 9.10",
          "texto": "e se tornaram abomináveis como aquilo que A..."
        },
        {
          "referencia": "To 3.19",
          "texto": "veio ao mundo, e os homens Á. mais as trevas do"
        },
        {
          "referencia": "Apocalipse 12.11",
          "texto": "do seu testemunho; e não A. a sua vida até à morte."
        }
      ]
    },
    {
      "palavra": "amarás",
      "veja tambem": [
        "amar"
      ],
      "ocorrencias": 12,
      "fonte": "Strong's H157 (אָהַב/ahab)",
      "concordancias": [
        {
          "referencia": "Levítico 19.18",
          "texto": "os filhos do teu povo; mas À, o teu próximo"
        },
        {
          "referencia": "Deuteronômio 6.5",
          "texto": "Å., pois, o Senhor, teu Deus, de todo o teu"
        },
        {
          "referencia": "Deuteronômio 11.1",
          "texto": "Á., pois, o Senhor, teu Deus, e guardarás a sua"
        },
        {
          "referencia": "Mateus 5.43",
          "texto": "Ouvistes que foi dito: A. o teu próximo e"
        },
        {
          "referencia": "Mateus 19.19",
          "texto": "honra teu pai e tua mãe, e À. o teu próximo como"
        },
        {
          "referencia": "Mateus 22.37",
          "texto": "E Jesus disse-lhe: A. o Senhor, teu Deus, de todo"
        },
        {
          "referencia": "Mateus 22.39",
          "texto": "semelhante a este, é: Á. o teu próximo"
        },
        {
          "referencia": "Marcos 12.30",
          "texto": "A., pois, ao Senhor, teu Deus, de todo o teu"
        },
        {
          "referencia": "Marcos 12.31",
          "texto": "semelhante a este, é: 4, oteu próximo"
        },
        {
          "referencia": "Lucas 10.27",
          "texto": "E, respondendo ele, disse: A. ao Senhor, teu"
        },
        {
          "referencia": "Romanos 13.9",
          "texto": "tudo nesta palavra se resume: Á, ao teu"
        },
        {
          "referencia": "Tiago 2.8",
          "texto": "a Escritura, a lei real: Á. ateu próximo"
        }
      ]
    },
    {
      "palavra": "amardes",
      "veja tambem": [
        "amar"
      ],
      "ocorrencias": 5,
      "fonte": "Strong's H157 (אָהַב/ahab)",
      "concordancias": [
        {
          "referencia": "Josué 23.11",
          "texto": "muito a vossa alma, para À. ao Senhor, vosso Deus."
        },
        {
          "referencia": "Mateus 5.46",
          "texto": "Pois, se Á. os que vos amam, que galardão"
        },
        {
          "referencia": "Lucas 6.32",
          "texto": "E, se À, aos que vos amam, que recompensa"
        },
        {
          "referencia": "Jó 13.35",
          "texto": "sois meus discípulos, se vos Á. uns aos outros."
        },
        {
          "referencia": "Jó 14.15",
          "texto": "Se me Á., guardareis os meus mandamentos."
        }
      ]
    },
    {
      "palavra": "amarei",
      "veja tambem": [
        "amar"
      ],
      "ocorrencias": 4,
      "fonte": "Strong's H157 (אָהַב/ahab)",
      "concordancias": [
        {
          "referencia": "SI 18.1",
          "texto": "Eu te A. do coração, ó Senhor, fortaleza minha."
        },
        {
          "referencia": "Oséias 9.15",
          "texto": "fora de minha casa; não os À. mais; todos os"
        },
        {
          "referencia": "Oséias 14.4",
          "texto": "eu voluntariamente os 4.; porque a minha"
        },
        {
          "referencia": "Jó 14.21",
          "texto": "será amado de meu Pai, e eu o À, eme"
        }
      ]
    },
    {
      "palavra": "amareis",
      "veja tambem": [
        "amar"
      ],
      "ocorrencias": 3,
      "fonte": "Strong's H157 (אָהַב/ahab)",
      "concordancias": [
        {
          "referencia": "Deuteronômio 10.19",
          "texto": "Pelo que Á. o estrangeiro, pois fostes"
        },
        {
          "referencia": "S14.2",
          "texto": "em infâmia? Até quando A. a vaidade e"
        },
        {
          "referencia": "Provérbios 1.22",
          "texto": "Até quando, ó néscios, Á. a necedade? E vós,"
        }
      ]
    },
    {
      "palavra": "amarelo",
      "veja tambem": [],
      "ocorrencias": 5,
      "fonte": "",
      "concordancias": [
        {
          "referencia": "Levítico 13.30",
          "texto": "funda do que a pele, e pelo A., fino nela há,"
        },
        {
          "referencia": "Levítico 13.32",
          "texto": "e nela não houver pelo A., nem a tinha"
        },
        {
          "referencia": "Levítico 13.36",
          "texto": "o sacerdote não buscará pelo À.; imundo está."
        },
        {
          "referencia": "S168.13",
          "texto": "cobertas de prata, com as suas penas de ouro A.."
        },
        {
          "referencia": "Apocalipse 6.8",
          "texto": "E olhei, e eis um cavalo Á.; e o que estava"
        }
      ]
    },
    {
      "palavra": "amarem",
      "veja tambem": [
        "amar"
      ],
      "ocorrencias": 4,
      "fonte": "",
      "concordancias": [
        {
          "referencia": "Isaías 56.6",
          "texto": "para o servirem e para À. o nome do Senhor,"
        },
        {
          "referencia": "2 Timóteo 4.8",
          "texto": "a mim, mas também a todos os que À, a sua vinda."
        },
        {
          "referencia": "Tito 2.4",
          "texto": "novas a serem prudentes, a A. seus maridos, a"
        },
        {
          "referencia": "R2.4",
          "texto": "prudentes, a À. seus maridos, a À. seus filhos,"
        }
      ]
    },
    {
      "palavra": "amares",
      "veja tambem": [],
      "ocorrencias": 1,
      "fonte": "",
      "concordancias": [
        {
          "referencia": "Deuteronômio 30.6",
          "texto": "coração de tua semente, para À. ao Senhor, teu"
        }
      ]
    },
    {
      "palavra": "amargamente",
      "veja tambem": [],
      "ocorrencias": 9,
      "fonte": "",
      "concordancias": [
        {
          "referencia": "Isaías 22.4",
          "texto": "de mim a vista, e chorarei A.; não vos"
        },
        {
          "referencia": "Isaías 33.7",
          "texto": "e os mensageiros de paz estão chorando A.."
        },
        {
          "referencia": "Jeremias 13.17",
          "texto": "por causa da vossa soberba; e A. chorarão"
        },
        {
          "referencia": "Ezequiel 27.30",
          "texto": "voz sobre ti, e gritarão A., e lançarão"
        },
        {
          "referencia": "Sofonias 1.14",
          "texto": "muito a voz do dia do Senhor; A. clamará ali"
        },
        {
          "referencia": "Zacarias 12.10",
          "texto": "por um unigênito; e chorarão A. por ele,"
        },
        {
          "referencia": "Zacarias 12.10",
          "texto": "por ele, como se chora A. pelo primogênito."
        },
        {
          "referencia": "Mateus 26.75",
          "texto": "vezes me negarás. E, saindo dali, chorou Á.."
        },
        {
          "referencia": "Lucas 22.62",
          "texto": "E, saindo Pedro para fora, chorou Á.."
        }
      ]
    },
    {
      "palavra": "amargar",
      "veja tambem": [],
      "ocorrencias": 1,
      "fonte": "",
      "concordancias": [
        {
          "referencia": "Êxodo 1.14",
          "texto": "assim, lhes fizeram Å. a vida com dura servidão,"
        }
      ]
    },
    {
      "palavra": "amargas",
      "veja tambem": [
        "amargar"
      ],
      "ocorrencias": 6,
      "fonte": "",
      "concordancias": [
        {
          "referencia": "Êxodo 15.23",
          "texto": "as águas de Mara, porque eram Á.; por isso,"
        },
        {
          "referencia": "Números 5.19",
          "texto": "pela imundícia, destas águas Á., amaldiçoantes,"
        },
        {
          "referencia": "Números 9.11",
          "texto": "a celebrarão: Com pães asmos e ervas À. a comerão."
        },
        {
          "referencia": "Jó 13.26",
          "texto": "escreves contra mim coisas Á. e me fazes herdar"
        },
        {
          "referencia": "S164.3",
          "texto": "espadas; e armaram, por suas flechas, palavras A.,"
        },
        {
          "referencia": "Apocalipse 8.11",
          "texto": "homens morreram das águas, porque se tornaram Á.."
        }
      ]
    },
    {
      "palavra": "amargo",
      "veja tambem": [
        "amargar"
      ],
      "ocorrencias": 10,
      "fonte": "",
      "concordancias": [
        {
          "referencia": "Gênesis 27.34",
          "texto": "pai, bradou com grande e mui 4. brado e disse a"
        },
        {
          "referencia": "Rute 1.13",
          "texto": "Não, filhas minhas, que mais A. é a mim do que"
        },
        {
          "referencia": "Ester 4.1",
          "texto": "meio da cidade, e clamou com grande e 4. clamor;"
        },
        {
          "referencia": "Provérbios 27.7",
          "texto": "o favo de mel, mas à alma faminta todo À, é doce."
        },
        {
          "referencia": "Isaías 5.20",
          "texto": "da luz, escuridade, e fazem do A. doce, e do"
        },
        {
          "referencia": "Isaías 5.20",
          "texto": "escuridade, e fazem do A. doce, e do doce, A.!"
        },
        {
          "referencia": "Jeremias 2.19",
          "texto": "pois, e vê, que mau e quão A. é deixares ao"
        },
        {
          "referencia": "Jeremias 31.15",
          "texto": "em Ramá, lamentação, choro A.; Raquel chora"
        },
        {
          "referencia": "Apocalipse 10.9",
          "texto": "Toma-o e come-o, e ele fará A. o teu ventre,"
        },
        {
          "referencia": "Apocalipse 10.10",
          "texto": "mel; e, havendo-o comido, o meu ventre ficou A.."
        }
      ]
    },
    {
      "palavra": "amargosa",
      "veja tambem": [
        "amargoso"
      ],
      "ocorrencias": 2,
      "fonte": "",
      "concordancias": [
        {
          "referencia": "Jeremias 4.18",
          "texto": "a tua iniquidade, que, de tão A., te chega até"
        },
        {
          "referencia": "Tiago 3.11",
          "texto": "fonte de um mesmo manancial água doce e água A.?"
        }
      ]
    },
    {
      "palavra": "amargosamente",
      "veja tambem": [
        "amargo"
      ],
      "ocorrencias": 1,
      "fonte": "",
      "concordancias": [
        {
          "referencia": "Oséias 12.14",
          "texto": "Efraim mui À. provocou a sua ira;"
        }
      ]
    },
    {
      "palavra": "amargoso",
      "veja tambem": [],
      "ocorrencias": 2,
      "fonte": "",
      "concordancias": [
        {
          "referencia": "Juízes 18.25",
          "texto": "porventura, homens de ânimo Á., não se lancem"
        },
        {
          "referencia": "Provérbios 5.4",
          "texto": "mas o seu fim é A. como o absinto, agudo como a"
        }
      ]
    },
    {
      "palavra": "amargosos",
      "veja tambem": [
        "amargoso"
      ],
      "ocorrencias": 2,
      "fonte": "",
      "concordancias": [
        {
          "referencia": "Deuteronômio 32.32",
          "texto": "as suas uvas são uvas de fel, cachos À. têm."
        },
        {
          "referencia": "Provérbios 31.6",
          "texto": "aos que perecem, e o vinho, aos À. de espírito;"
        }
      ]
    }
  ]
}