{
  "a": [
    {
      "palavra": "amargura",
      "veja tambem": [
        "amargurar"
      ],
      "ocorrencias": 26,
      "fonte": "Strong's H4843 (מָרַר/marar)",
      "concordancias": [
        {
          "referencia": "Gênesis 26.35",
          "texto": "foram para Isaque e Rebeca uma A, de espírito."
        },
        {
          "referencia": "Gênesis 49.23",
          "texto": "Os flecheiros lhe deram A., e o flecharam, e o abor-"
        },
        {
          "referencia": "Números 5.27",
          "texto": "amaldiçoante entrará nela para Á., eoseu"
        },
        {
          "referencia": "Rute 1.20",
          "texto": "chamai-me Mara, porque grande A. me tem dado o"
        },
        {
          "referencia": "1 Samuel 1.10",
          "texto": "Ela, pois, com À. de alma, orou ao Senhor e"
        },
        {
          "referencia": "1 Samuel 15.32",
          "texto": "Agague: Na verdade, já passou a À. da morte."
        },
        {
          "referencia": "1 Samuel 30.6",
          "texto": "de todo o povo estava em A., cada um por"
        },
        {
          "referencia": "2 Samuel 2.26",
          "texto": "sabes tu que por fim haverá Á.? E até quando"
        },
        {
          "referencia": "1 Reis 22.27",
          "texto": "de angústia e com a água de Á., até que eu"
        },
        {
          "referencia": "2 Reis 4.27",
          "texto": "a sua alma nela está triste de Á., eo"
        },
        {
          "referencia": "Jó 7.11",
          "texto": "meu espírito; queixar-me-ei na À. da minha alma."
        },
        {
          "referencia": "Jó 10.1",
          "texto": "à minha queixa, falarei na Á, da minha alma."
        },
        {
          "referencia": "Jó 21.25",
          "texto": "morre, ao contrário, na À. do seu coração,"
        },
        {
          "referencia": "Jó 23.2",
          "texto": "a minha queixa está em A.; a violência da"
        },
        {
          "referencia": "Provérbios 14.10",
          "texto": "conhece a sua própria Á., e o estranho não"
        },
        {
          "referencia": "Provérbios 17.25",
          "texto": "étristeza para seu pai e À. para quem o deu à luz."
        },
        {
          "referencia": "Isaías 38.15",
          "texto": "os meus anos, por causa da A. da minha alma."
        },
        {
          "referencia": "Isaías 38.17",
          "texto": "paz, eu estive em grande A. tu, porém, tão"
        },
        {
          "referencia": "Lamentações 14",
          "texto": "suas virgens estão tristes, e ela mesma tem A.."
        },
        {
          "referencia": "Ezequiel 7.27",
          "texto": "eo príncipe se vestirá de Á., e as mãos do"
        },
        {
          "referencia": "Ezequiel 21.6",
          "texto": "com quebrantamento dos teus lombos e com A.."
        },
        {
          "referencia": "Ezequiel 27.31",
          "texto": "e chorarão sobre ti com 4. de alma, com"
        },
        {
          "referencia": "Atos 8.23",
          "texto": "vejo que estás em fel de 4. e em laço de iniquidade."
        },
        {
          "referencia": "Romanos 3.14",
          "texto": "cuja boca está cheia de maldição e A.."
        },
        {
          "referencia": "Efésios 4.31",
          "texto": "Toda A., eira, e cólera, e gritaria, e"
        },
        {
          "referencia": "Hebreus 12.15",
          "texto": "e de que nenhuma raiz de A., brotando, vos"
        }
      ]
    },
    {
      "palavra": "amargurado",
      "veja tambem": [
        "amargurar"
      ],
      "ocorrencias": 1,
      "fonte": "Strong's H4843 (מָרַר/marar)",
      "concordancias": [
        {
          "referencia": "2 Samuel 17.8",
          "texto": "e que estão com o espírito A., como a ursa"
        }
      ]
    },
    {
      "palavra": "amargurados",
      "veja tambem": [
        "amargurado"
      ],
      "ocorrencias": 1,
      "fonte": "Strong's H4843 (מָרַר/marar)",
      "concordancias": [
        {
          "referencia": "Jó 3.20",
          "texto": "dá luz ao miserável, e vida aos A. de ânimo,"
        }
      ]
    },
    {
      "palavra": "amargurar",
      "veja tambem": [
        "amargura"
      ],
      "ocorrencias": 1,
      "fonte": "Strong's H4843 (מָרַר/marar)",
      "concordancias": [
        {
          "referencia": "Números 5.24",
          "texto": "e a água amaldiçoante entrará nela para Á.."
        }
      ]
    },
    {
      "palavra": "amarguras",
      "veja tambem": [
        "amargura"
      ],
      "ocorrencias": 5,
      "fonte": "Strong's H4843 (מָרַר/marar)",
      "concordancias": [
        {
          "referencia": "Jó 9.18",
          "texto": "Nem me permite respirar; antes, me farta de Å.."
        },
        {
          "referencia": "Jó 17.2",
          "texto": "E os meus olhos não contemplam as suas Á.?"
        },
        {
          "referencia": "Jeremias 6.26",
          "texto": "por um filho único, pranto de A.; porque"
        },
        {
          "referencia": "Lamentações 3.15",
          "texto": "Fartou-me de A., saciou-me de absinto."
        },
        {
          "referencia": "Amós 8.10",
          "texto": "luto de filho único e o seu fim como dia de A.."
        }
      ]
    },
    {
      "palavra": "amargurou",
      "veja tambem": [
        "amar"
      ],
      "ocorrencias": 1,
      "fonte": "Strong's H4843 (מָרַר/marar)",
      "concordancias": [
        {
          "referencia": "Jó 27.2",
          "texto": "causa, e o Todo-Poderoso, que A. a minha alma."
        }
      ]
    },
    {
      "palavra": "amaria",
      "veja tambem": [
        "amar"
      ],
      "ocorrencias": 1,
      "fonte": "Strong's H157 (אָהַב/ahab)",
      "concordancias": [
        {
          "referencia": "Jó 15.19",
          "texto": "fósseis do mundo, o mundo A, o que era seu,"
        }
      ]
    },
    {
      "palavra": "amarias",
      "veja tambem": [
        "nome",
        "sacerdote",
        "levita"
      ],
      "ocorrencias": 14,
      "fonte": "Strong's H583 (אֲמַרְיָה/Amaryah)",
      "concordancias": [
        {
          "referencia": "1 Crônicas 6.7",
          "texto": "e Meraiote gerou a À., e À. gerou a Aitube;"
        },
        {
          "referencia": "1 Crônicas 6.11",
          "texto": "E Azarias gerou a A., e À. gerou a Aitube;"
        },
        {
          "referencia": "1 Crônicas 6.52",
          "texto": "filho Meraiote, seu filho A., seu filho Aitube,"
        },
        {
          "referencia": "1 Crônicas 23.19",
          "texto": "foi Jerias o chefe, e A., o segundo, e"
        },
        {
          "referencia": "1 Crônicas 24.23",
          "texto": "Hebrom, Jerias, o primeiro, A., o segundo,"
        },
        {
          "referencia": "2 Crônicas 19.11",
          "texto": "E eis que Á., o sumo sacerdote, presidirá sobre"
        },
        {
          "referencia": "2 Crônicas 31.15",
          "texto": "e Jesua, e Semaías, e A., e Secanias,"
        },
        {
          "referencia": "Esdras 7.3",
          "texto": "filho de A., filho de Azarias, filho de Meraiote,"
        },
        {
          "referencia": "Esdras 10.42",
          "texto": "Salum, A. e José."
        },
        {
          "referencia": "Neemias 10.3",
          "texto": "Pasur, A., Malquias,"
        },
        {
          "referencia": "Neemias 11.4",
          "texto": "filho de Zacarias, filho de A., filho de"
        },
        {
          "referencia": "Neemias 12.2",
          "texto": "A., Maluque, Hatus,"
        },
        {
          "referencia": "Neemias 12.13",
          "texto": "de Esdras, Mesulão; de A., Joanã;"
        },
        {
          "referencia": "Sofonias 1.1",
          "texto": "filho de Gedalias, filho de A., filho de"
        }
      ]
    },
    {
      "palavra": "amaríeis",
      "veja tambem": [
        "amar"
      ],
      "ocorrencias": 1,
      "fonte": "Strong's H157 (אָהַב/ahab)",
      "concordancias": [
        {
          "referencia": "Jó 8.42",
          "texto": "o vosso Pai, certamente, me Á., pois que eu"
        }
      ]
    },
    {
      "palavra": "amarrá-lo",
      "veja tambem": [
        "amarrar"
      ],
      "ocorrencias": 1,
      "fonte": "Strong's H4843 (מָרַר/marar)",
      "concordancias": [
        {
          "referencia": "Juízes 16.5",
          "texto": "assenhorear-nos dele e A., para assim o"
        }
      ]
    },
    {
      "palavra": "amarrado",
      "veja tambem": [
        "amar-"
      ],
      "ocorrencias": 3,
      "fonte": "Strong's H4843 (מָרַר/marar)",
      "concordancias": [
        {
          "referencia": "Juízes 16.6",
          "texto": "força e com que poderias ser À. para te"
        },
        {
          "referencia": "Juízes 16.10",
          "texto": "ora, declara-me, agora, com que poderias ser A.."
        },
        {
          "referencia": "Juízes 16.13",
          "texto": "agora com que poderias ser A,? E ele lhe"
        }
      ]
    },
    {
      "palavra": "amarrados",
      "veja tambem": [
        "amarrar"
      ],
      "ocorrencias": 3,
      "fonte": "Strong's H4843 (מָרַר/marar)",
      "concordancias": [
        {
          "referencia": "Jó 36.8",
          "texto": "estão presos em grilhões e 4. com cordas de aflição,"
        },
        {
          "referencia": "Isaías 22.3",
          "texto": "que em ti se acharam foram 4. juntamente e"
        },
        {
          "referencia": "Ezequiel 27.24",
          "texto": "cofres de roupas preciosas, A. com cordas e"
        }
      ]
    },
    {
      "palavra": "amarraduras",
      "veja tambem": [],
      "ocorrencias": 1,
      "fonte": "Strong's H4843 (מָרַר/marar)",
      "concordancias": [
        {
          "referencia": "Juízes 15.14",
          "texto": "que estão queimados, e as suas À. se"
        }
      ]
    },
    {
      "palavra": "amarraio",
      "veja tambem": [
        "amar-"
      ],
      "ocorrencias": 1,
      "fonte": "Strong's H4843 (מָרַר/marar)",
      "concordancias": [
        {
          "referencia": "Mateus 22.13",
          "texto": "então, o rei aos servos: A. de pés e"
        }
      ]
    },
    {
      "palavra": "amarrando",
      "veja tambem": [
        "amar-"
      ],
      "ocorrencias": 1,
      "fonte": "Strong's H4843 (מָרַר/marar)",
      "concordancias": [
        {
          "referencia": "Marcos 15.1",
          "texto": "o Sinédrio tiveram conselho; e, A. Jesus, o"
        }
      ]
    },
    {
      "palavra": "amarrar",
      "veja tambem": [],
      "ocorrencias": 1,
      "fonte": "Strong's H4843 (מָרַר/marar)",
      "concordancias": [
        {
          "referencia": "Juízes 15.10",
          "texto": "E eles disseram: Subimos para A. Sansão, para"
        }
      ]
    },
    {
      "palavra": "amarrará",
      "veja tambem": [
        "amarrar"
      ],
      "ocorrencias": 1,
      "fonte": "Strong's H4843 (מָרַר/marar)",
      "concordancias": [
        {
          "referencia": "Gênesis 49.11",
          "texto": "Ele À. o seu jumentinho à vide e o filho da sua"
        }
      ]
    },
    {
      "palavra": "amarraram",
      "veja tambem": [
        "amarrar"
      ],
      "ocorrencias": 1,
      "fonte": "Strong's H4843 (מָרַר/marar)",
      "concordancias": [
        {
          "referencia": "2 Crônicas 33.11",
          "texto": "entre os espinhais, e o À. com cadeias, e"
        }
      ]
    },
    {
      "palavra": "amarraram-no",
      "veja tambem": [],
      "ocorrencias": 2,
      "fonte": "Strong's H4843 (מָרַר/marar)",
      "concordancias": [
        {
          "referencia": "Juízes 15.13",
          "texto": "maneira nenhuma, te mataremos. E À. com"
        },
        {
          "referencia": "Juízes 16.21",
          "texto": "e fizeram-no descer a Gaza, e À. com duas"
        }
      ]
    },
    {
      "palavra": "amarrarás",
      "veja tambem": [
        "amarrar"
      ],
      "ocorrencias": 1,
      "fonte": "Strong's H4843 (מָרַר/marar)",
      "concordancias": [
        {
          "referencia": "Jó 39.10",
          "texto": "Ou À. o unicórnio ao rego com uma corda, ou"
        }
      ]
    },
    {
      "palavra": "amarraremos",
      "veja tambem": [],
      "ocorrencias": 1,
      "fonte": "Strong's H4843 (מָרַר/marar)",
      "concordancias": [
        {
          "referencia": "Juízes 15.13",
          "texto": "Não, mas fortemente te A. ete"
        }
      ]
    },
    {
      "palavra": "amarras",
      "veja tambem": [
        "amarra"
      ],
      "ocorrencias": 1,
      "fonte": "Strong's H4843 (מָרַר/marar)",
      "concordancias": [
        {
          "referencia": "Atos 2740",
          "texto": "ao mar, largando também as Á. do leme; e,"
        }
      ]
    },
    {
      "palavra": "amarrassem",
      "veja tambem": [
        "amarrar"
      ],
      "ocorrencias": 2,
      "fonte": "Strong's H4843 (מָרַר/marar)",
      "concordancias": [
        {
          "referencia": "Juízes 16.7",
          "texto": "Disse-lhe Sansão: Se me A. com sete vergas de"
        },
        {
          "referencia": "Juízes 16.11",
          "texto": "E ele lhe disse: Se me Á. fortemente com"
        }
      ]
    },
    {
      "palavra": "amarrou",
      "veja tambem": [
        "amarrar"
      ],
      "ocorrencias": 5,
      "fonte": "Strong's H4843 (מָרַר/marar)",
      "concordancias": [
        {
          "referencia": "Gênesis 22.9",
          "texto": "e pôs em ordem a lenha, e A. a Isaque, seu"
        },
        {
          "referencia": "Juízes 16.12",
          "texto": "tomou cordas novas, e o Á. com elas, e"
        },
        {
          "referencia": "2 Reis 5.23",
          "texto": "talentos. E instou com ele e Á. dois talentos de"
        },
        {
          "referencia": "2 Crônicas 36.6",
          "texto": "rei da Babilônia e o Á. com cadeias,"
        },
        {
          "referencia": "Provérbios 30.4",
          "texto": "ventos nos seus punhos? Quem A. as águas na sua"
        }
      ]
    },
    {
      "palavra": "amarrqou-o",
      "veja tambem": [
        "amar-"
      ],
      "ocorrencias": 3,
      "fonte": "Strong's H4843 (מָרַר/marar)",
      "concordancias": [
        {
          "referencia": "Gênesis 42.24",
          "texto": "tomou a Simeão dentre eles e À. perante os"
        },
        {
          "referencia": "Juízes 16.8",
          "texto": "que ainda não estavam secos; e À. com elas."
        },
        {
          "referencia": "Apocalipse 20.2",
          "texto": "que é o diabo e Satanás, e À. por mil anos."
        }
      ]
    },
    {
      "palavra": "amas",
      "veja tambem": [
        "amo"
      ],
      "ocorrencias": 12,
      "fonte": "Strong's H157 (אָהַב/ahab)",
      "concordancias": [
        {
          "referencia": "Top 396",
          "texto": "posição;"
        },
        {
          "referencia": "Gênesis 22.2",
          "texto": "único filho, Isaque, a quem Á., e vai-te à terra"
        },
        {
          "referencia": "Deuteronômio 33.3",
          "texto": "Na verdade, À. os povos; todos os teus santos estão"
        },
        {
          "referencia": "Juízes 14.16",
          "texto": "me aborreces e não me A.; pois deste aos"
        },
        {
          "referencia": "S145.7",
          "texto": "Tu A. a justiça e aborreces a impiedade; por isso,"
        },
        {
          "referencia": "S151.6",
          "texto": "Eis que A. a verdade no íntimo, e no oculto me"
        },
        {
          "referencia": "S152.3",
          "texto": "TÁ. mais o mal do que o bem; e mais a mentira do"
        },
        {
          "referencia": "S152.4",
          "texto": "A. todas as palavras à PAR pa ó língua fraudulenta."
        },
        {
          "referencia": "Eclesiastes 9.9",
          "texto": "a vida com a mulher que A., todos os dias de"
        },
        {
          "referencia": "Isaías 49.23",
          "texto": "e as suas princesas, as tuas A.; diante de ti, se"
        },
        {
          "referencia": "Isaías 57.8",
          "texto": "cama, e fazes concerto com eles; Á. a sua cama,"
        },
        {
          "referencia": "Jó 11.3",
          "texto": "dizer: Senhor, eis que está enfermo aquele que tu Á.."
        }
      ]
    },
    {
      "palavra": "amas-me",
      "veja tambem": [
        "amar"
      ],
      "ocorrencias": 4,
      "fonte": "Strong's H157 (אָהַב/ahab)",
      "concordancias": [
        {
          "referencia": "Jó 21.15",
          "texto": "Pedro: Simão, filho de Jonas, A. mais do que"
        },
        {
          "referencia": "Jó 21.16",
          "texto": "vez: Simão, filho de Jonas, Á.? Disse-lhe:"
        },
        {
          "referencia": "Jó 21.17",
          "texto": "vez: Simão, filho de Jonas, A.? Simão"
        },
        {
          "referencia": "Jó 21.17",
          "texto": "por lhe ter dito terceira vez: A.? E disse-lhe:"
        }
      ]
    }
  ]
}