{
  "a": [
    {
      "palavra": "amasa",
      "veja tambem": [
        "nome",
        "filho",
        "jéter"
      ],
      "ocorrencias": 15,
      "fonte": "Strong's H6021 (עֲמָשָׂא/Amasa)",
      "concordancias": [
        {
          "referencia": "2 Samuel 17.25",
          "texto": "E Absalão constituiu a A. em lugar de Joabe sobre"
        },
        {
          "referencia": "2 Samuel 17.25",
          "texto": "sobre o arraial: e era À. filho de um homem"
        },
        {
          "referencia": "2 Samuel 19.13",
          "texto": "E a À, direis: Porventura, não és tu meu osso e"
        },
        {
          "referencia": "2 Samuel 20.4",
          "texto": "Disse mais o reia A.: Convoca-me os homens de"
        },
        {
          "referencia": "2 Samuel 20.5",
          "texto": "E foi A, para convocar a Judá; porém demorou-se"
        },
        {
          "referencia": "2 Samuel 20.8",
          "texto": "que está junto a Gibeão, A. veio perante"
        },
        {
          "referencia": "2 Samuel 20.9",
          "texto": "E disse Joabe a Á.: Vai contigo bem, meu irmão? E"
        },
        {
          "referencia": "2 Samuel 20.9",
          "texto": "a mão direita, pegou da barba de A., para o beijar."
        },
        {
          "referencia": "2 Samuel 20.10",
          "texto": "E A. não se resguardou da espada que estava na mão"
        },
        {
          "referencia": "2 Samuel 20.12",
          "texto": "E À. estava envolto no seu sangue no meio do"
        },
        {
          "referencia": "1 Reis 2.5",
          "texto": "a Abner, filho de Ner, ea A., filho de"
        },
        {
          "referencia": "1 Reis 2.32",
          "texto": "chefe do exército de Israel, ea Á., filho de"
        },
        {
          "referencia": "1 Crônicas 2.17",
          "texto": "E Abigail teve a A.; eo pai de À. foi Jéter, o ismaelita."
        },
        {
          "referencia": "1 Crônicas 2.17",
          "texto": "tevea Á.; eo pai de À. foi Jéter, o ismaelita."
        },
        {
          "referencia": "2 Crônicas 28.12",
          "texto": "e Jeizquias, filho de Salum, e A., filho de"
        }
      ]
    },
    {
      "palavra": "amasai",
      "veja tambem": [
        "nome",
        "levita",
        "sacerdote"
      ],
      "ocorrencias": 5,
      "fonte": "Strong's H6022 (עֲמָשַׂי/Amasay)",
      "concordancias": [
        {
          "referencia": "1 Crônicas 6.25",
          "texto": "E os filhos de Elcana: A. e Aimote."
        },
        {
          "referencia": "1 Crônicas 6.35",
          "texto": "Zufe, filho de Elcana, filho de Maate, filho de A.,"
        },
        {
          "referencia": "1 Crônicas 12.18",
          "texto": "Então, entrou o Espírito em A., chefe de trinta,"
        },
        {
          "referencia": "1 Crônicas 15.24",
          "texto": "e Josafá, e Netanel, e A., e Zacarias, e"
        },
        {
          "referencia": "Neemias 11.13",
          "texto": "duzentos e quarenta e dois; e A., filho de"
        }
      ]
    },
    {
      "palavra": "amassa",
      "veja tambem": [
        "amassar"
      ],
      "ocorrencias": 1,
      "fonte": "Strong's H3888 (לוּשׁ/lush)",
      "concordancias": [
        {
          "referencia": "Gênesis 18.6",
          "texto": "Sara à tenda e disse-lhe: A, depressa três"
        }
      ]
    },
    {
      "palavra": "amassada",
      "veja tambem": [
        "amassar"
      ],
      "ocorrencias": 19,
      "fonte": "Strong's H3888 (לוּשׁ/lush)",
      "concordancias": [
        {
          "referencia": "Levítico 2.5",
          "texto": "da flor de farinha sem fermento, A, com azeite."
        },
        {
          "referencia": "Levítico 7.10",
          "texto": "Também toda oferta Á, com azeite ou seca será"
        },
        {
          "referencia": "Levítico 9.4",
          "texto": "Senhor, e oferta de manjares, A. com azeite;"
        },
        {
          "referencia": "Levítico 14.10",
          "texto": "farinha para oferta de manjares, A. com azeite,"
        },
        {
          "referencia": "Levítico 1421",
          "texto": "ea dízima de flor de farinha, A. com azeite,"
        },
        {
          "referencia": "Levítico 23.13",
          "texto": "dízimas de flor de farinha, À. com azeite, para"
        },
        {
          "referencia": "Números 7.13",
          "texto": "ambos cheios de flor de farinha, A. com azeite,"
        },
        {
          "referencia": "Números 7.19",
          "texto": "ambos cheios de flor de farinha, A. com azeite,"
        },
        {
          "referencia": "Números 7.25",
          "texto": "ambos cheios de flor de farinha, A, com azeite,"
        },
        {
          "referencia": "Números 7.31",
          "texto": "ambos cheios de flor de farinha, A. com azeite,"
        },
        {
          "referencia": "Números 7.37",
          "texto": "ambos cheios de flor de farinha, A. com azeite,"
        },
        {
          "referencia": "Números 7.43",
          "texto": "ambos cheios de flor de farinha, A, com azeite,"
        },
        {
          "referencia": "Números 7.49",
          "texto": "ambos cheios de flor de farinha, A. com azeite,"
        },
        {
          "referencia": "Números 7.55",
          "texto": "ambos cheios de flor de farinha, A. com azeite,"
        },
        {
          "referencia": "Números 7.61",
          "texto": "ambos cheios de flor de farinha, A. com azeite,"
        },
        {
          "referencia": "Números 7.67",
          "texto": "ambos cheios de flor de farinha, A. com azeite,"
        },
        {
          "referencia": "Números 7.73",
          "texto": "ambos cheios de flor de farinha, A. com azeite,"
        },
        {
          "referencia": "Números 7.79",
          "texto": "ambos cheios de flor de farinha, A. com azeite,"
        },
        {
          "referencia": "Números 8.8",
          "texto": "manjares de flor de farinha A. com azeite; e"
        }
      ]
    },
    {
      "palavra": "amassadeira",
      "veja tambem": [
        "amassar"
      ],
      "ocorrencias": 2,
      "fonte": "Strong's H6462 (פַּס/pas)",
      "concordancias": [
        {
          "referencia": "Deuteronômio 28.5",
          "texto": "Bendito o teu cesto ea tua A.."
        },
        {
          "referencia": "Deuteronômio 28.17",
          "texto": "Maldito o teu cesto ea tua Å.."
        }
      ]
    },
    {
      "palavra": "amassadeiras",
      "veja tambem": [
        "amassadeira"
      ],
      "ocorrencias": 2,
      "fonte": "Strong's H6462 (פַּס/pas)",
      "concordancias": [
        {
          "referencia": "Êxodo 8.3",
          "texto": "o teu povo, e aos teus fornos, e às tuas A.."
        },
        {
          "referencia": "Êxodo 12.34",
          "texto": "que levedasse, e as suas À. atadas em"
        }
      ]
    },
    {
      "palavra": "amassados",
      "veja tambem": [
        "amassar"
      ],
      "ocorrencias": 5,
      "fonte": "Strong's H3888 (לוּשׁ/lush)",
      "concordancias": [
        {
          "referencia": "Êxodo 29.2",
          "texto": "e pão asmo, e bolos asmos A. com azeite, e"
        },
        {
          "referencia": "Levítico 2.4",
          "texto": "asmos de flor de farinha, A. com azeite,"
        },
        {
          "referencia": "Levítico 7.12",
          "texto": "oferecerá bolos asmos Á. com azeite e"
        },
        {
          "referencia": "Levítico 7.12",
          "texto": "com azeite; e os bolos À. com azeite"
        },
        {
          "referencia": "Números 6.15",
          "texto": "flor de farinha com azeite, A., e coscorões"
        }
      ]
    },
    {
      "palavra": "amassam",
      "veja tambem": [
        "amassar"
      ],
      "ocorrencias": 1,
      "fonte": "",
      "concordancias": [
        {
          "referencia": "Jeremias 7.18",
          "texto": "o fogo, e as mulheres A. a farinha, para"
        }
      ]
    },
    {
      "palavra": "amásseis",
      "veja tambem": [
        "amar"
      ],
      "ocorrencias": 1,
      "fonte": "",
      "concordancias": [
        {
          "referencia": "Jó 14.28",
          "texto": "vou e venho para vós. Se me Á., certamente,"
        }
      ]
    },
    {
      "palavra": "amassou",
      "veja tambem": [],
      "ocorrencias": 3,
      "fonte": "",
      "concordancias": [
        {
          "referencia": "1 Samuel 28.24",
          "texto": "degolou, e tomou farinha, ea A., ea cozeu em"
        },
        {
          "referencia": "2 Samuel 13.8",
          "texto": "deitado), e tomou massa, ea A., e fez bolos"
        },
        {
          "referencia": "Oséias 74",
          "texto": "de atear o fogo, desde que À. a massa até que"
        }
      ]
    },
    {
      "palavra": "amaste",
      "veja tambem": [
        "amar"
      ],
      "ocorrencias": 3,
      "fonte": "",
      "concordancias": [
        {
          "referencia": "Ezequiel 16.37",
          "texto": "como também todos os que Á., com todos os que"
        },
        {
          "referencia": "MI 1.2",
          "texto": "mas vós dizeis: Em que nos A.? Não foi Esaú"
        },
        {
          "referencia": "Hebreus 1.9",
          "texto": "A. a justiça e aborreceste a iniquidade; por"
        }
      ]
    },
    {
      "palavra": "amastes",
      "veja tambem": [
        "amar"
      ],
      "ocorrencias": 1,
      "fonte": "",
      "concordancias": [
        {
          "referencia": "Jó 16.27",
          "texto": "vos ama, visto como vós me A. e crestes que saí"
        }
      ]
    },
    {
      "palavra": "amava",
      "veja tambem": [],
      "ocorrencias": 26,
      "fonte": "",
      "concordancias": [
        {
          "referencia": "Gênesis 25.28",
          "texto": "E À. Isaque a Esaú, porque a caça era de seu"
        },
        {
          "referencia": "Gênesis 25.28",
          "texto": "a caça era de seu gosto; mas Rebeca À. a Jacó."
        },
        {
          "referencia": "Gênesis 29.18",
          "texto": "E Jacó Á. a Raquel e disse: Sete anos te servirei"
        },
        {
          "referencia": "Gênesis 29.20",
          "texto": "seus olhos como poucos dias, pelo muito que a A.."
        },
        {
          "referencia": "Gênesis 37.3",
          "texto": "E Israel À. a José mais do que a todos os seus"
        },
        {
          "referencia": "Gênesis 37.4",
          "texto": "seus irmãos que seu pai o À. mais do que a"
        },
        {
          "referencia": "Deuteronômio 4.37",
          "texto": "Porquanto A. teus pais, e escolhera a sua semente"
        },
        {
          "referencia": "Deuteronômio 7.8",
          "texto": "mas porque o Senhor vos A.; e, para guardar o"
        },
        {
          "referencia": "Deuteronômio 23.5",
          "texto": "a maldição, porquanto o Senhor, teu Deus, te A.."
        },
        {
          "referencia": "1 Samuel 1.5",
          "texto": "excelente, porquanto ele 4. Ana; porém o Senhor"
        },
        {
          "referencia": "iSm 18.3",
          "texto": "aliança; porque Jônatas o Á. como à sua própria"
        },
        {
          "referencia": "iSm 18.20",
          "texto": "a outra filha de Saul, A. a Davi; o que,"
        },
        {
          "referencia": "1 Samuel 18.28",
          "texto": "o Senhor era com Davi; e Mical, filha de Saul, o A.."
        },
        {
          "referencia": "1 Samuel 20.17",
          "texto": "a Davi de novo, porquanto o À.; porque o À. com"
        },
        {
          "referencia": "1 Samuel 20.17",
          "texto": "porquanto o À,; porque o À. com todo o amor da"
        },
        {
          "referencia": "1 Reis 3.3",
          "texto": "E Salomão A. ao Senhor, andando nos estatutos de"
        },
        {
          "referencia": "2 Crônicas 11.21",
          "texto": "E À, Roboão mais a Maaca, filha de Absalão, do que"
        },
        {
          "referencia": "Jó 19.19",
          "texto": "abominam, e até os que eu À, se tornaram contra"
        },
        {
          "referencia": "S178.68",
          "texto": "elegeu a tribo de Judá, o monte Sião, que ele A.."
        },
        {
          "referencia": "Jó 11.5",
          "texto": "Ora, Jesus Á. a Marta, e a sua irmã, e a Lázaro."
        },
        {
          "referencia": "Jó 11.36",
          "texto": "Disseram, pois, os judeus: Vede como o A.."
        },
        {
          "referencia": "Jó 13.23",
          "texto": "aquele a quem Jesus Á., estava reclinado"
        },
        {
          "referencia": "Jó 19.26",
          "texto": "e que o discado a quem ele A. estava presente,"
        },
        {
          "referencia": "Jó 20.2",
          "texto": "outro discípulo a quem Jesus A. e disse-lhes:"
        },
        {
          "referencia": "Jó 21.7",
          "texto": "discípulo a quem Jesus A. disse a Pedro: É o"
        },
        {
          "referencia": "Jó 21.20",
          "texto": "discípulo a quem Jesus A., e que na ceia se"
        }
      ]
    },
    {
      "palavra": "amavam",
      "veja tambem": [
        "amar"
      ],
      "ocorrencias": 2,
      "fonte": "",
      "concordancias": [
        {
          "referencia": "1 Samuel 18.16",
          "texto": "Porém todo o Israel e Judá A. Davi, porquanto"
        },
        {
          "referencia": "Jó 12.43",
          "texto": "Porque Á. mais a glória dos homens do que a"
        }
      ]
    },
    {
      "palavra": "amáveis",
      "veja tambem": [
        "amável"
      ],
      "ocorrencias": 1,
      "fonte": "",
      "concordancias": [
        {
          "referencia": "S184.1",
          "texto": "Quão Á. são os teus tabernáculos, Senhor dos Exércitos!"
        }
      ]
    },
    {
      "palavra": "amável",
      "veja tambem": [],
      "ocorrencias": 2,
      "fonte": "",
      "concordancias": [
        {
          "referencia": "Jeremias 31.3",
          "texto": "eterno te amei; também com 4. benignidade te atraí."
        },
        {
          "referencia": "Filipenses 48",
          "texto": "tudo o que é puro, tudo o que é A., tudo o que é"
        }
      ]
    }
  ]
}