{
  "a": [
    {
      "palavra": "amazias",
      "veja tambem": [
        "nome",
        "rei",
        "judá",
        "joás"
      ],
      "ocorrencias": 42,
      "fonte": "Strong's H558 (אֲמַצְיָה/Amatsyah)",
      "concordancias": [
        {
          "referencia": "2 Reis 12.21",
          "texto": "com seus pais na Cidade de Davi;e A., seu"
        },
        {
          "referencia": "2 Reis 13.12",
          "texto": "poder, com que pelejou contra Á., rei de Judá,"
        },
        {
          "referencia": "2 Reis 14.1",
          "texto": "de Israel, começou a reinar A., filho de Joás,"
        },
        {
          "referencia": "2 Reis 14.7",
          "texto": "A. feriu a dez mil edomitas no vale do Sal e"
        },
        {
          "referencia": "2 Reis 14.8",
          "texto": "Então, À, enviou mensageiros a Jeoás, filho de"
        },
        {
          "referencia": "2 Reis 14.9",
          "texto": "rei de Israel, enviou a A., rei de Judá,"
        },
        {
          "referencia": "2 Reis 14.11",
          "texto": "Mas À, não o ouviu; e sahin geod rei de"
        },
        {
          "referencia": "2 Reis 14.11",
          "texto": "subiu Jeoás, rei de Israel, e Á., rei de Judá, e"
        },
        {
          "referencia": "2 Reis 14.13",
          "texto": "rei de Israel, tomou a A., rei de Judá,"
        },
        {
          "referencia": "2 Reis 14.15",
          "texto": "poder, e como pelejou contra 4., rei de Judá,"
        },
        {
          "referencia": "2 Reis 14.17",
          "texto": "E viveu A., filho de Joás, rei de Judá, depois"
        },
        {
          "referencia": "2 Reis 14.18",
          "texto": "Ora, o mais dos atos de Á., porventura, não está"
        },
        {
          "referencia": "2 Reis 14.21",
          "texto": "anos, e o fizeram rei em lugar de A., seu pai."
        },
        {
          "referencia": "2 Reis 14.23",
          "texto": "No décimo quinto ano de A., filho de Joás, rei"
        },
        {
          "referencia": "2 Reis 15.1",
          "texto": "a reinar Azarias, filho de A., rei de Judá."
        },
        {
          "referencia": "2 Reis 15.3",
          "texto": "do Senhor, conforme tudo o que fizera A., seu pai."
        },
        {
          "referencia": "1 Crônicas 3.12",
          "texto": "e seu filho A.; e seu filho Jotão;"
        },
        {
          "referencia": "1 Crônicas 4.34",
          "texto": "Porém Mesobabe, e Janleque, e Josa, filho de A.,"
        },
        {
          "referencia": "1 Crônicas 6.45",
          "texto": "filho de Hasabias, filho de A., filho de Hilquias,"
        },
        {
          "referencia": "2 Crônicas 17.16",
          "texto": "e, após ele, A., filho de Zicri, que"
        },
        {
          "referencia": "2 Crônicas 24.27",
          "texto": "livro da história dos reis. E Á., seu filho,"
        },
        {
          "referencia": "2 Crônicas 25.1",
          "texto": "Era À, da idade de vinte e cinco anos quando"
        },
        {
          "referencia": "2 Crônicas 25.5",
          "texto": "E À, ajuntou a Judá e o pôs segundo as casas dos"
        },
        {
          "referencia": "2 Crônicas 25.9",
          "texto": "E disse Á. ao homem de Deus: Que se fará, pois,"
        },
        {
          "referencia": "2 Crônicas 25.10",
          "texto": "Então, separou Á. as tropas que lhe tinham vindo"
        },
        {
          "referencia": "2 Crônicas 25.11",
          "texto": "Esforçou-se, pois, Á., e conduziu o seu povo, e"
        },
        {
          "referencia": "2 Crônicas 25.13",
          "texto": "os homens das tropas que A. despedira para que"
        },
        {
          "referencia": "2 Crônicas 25.14",
          "texto": "E sucedeu que, depois que À. veio da matança dos"
        },
        {
          "referencia": "2 Crônicas 25.15",
          "texto": "do Senhor se acendeu contra Á., e mandou-lhe um"
        },
        {
          "referencia": "2 Crônicas 25.17",
          "texto": "E, tendo tomado conselho, A., rei de Judá,"
        },
        {
          "referencia": "2 Crônicas 25.18",
          "texto": "de Israel, mandou dizer a A., rei de Judá: O"
        },
        {
          "referencia": "2 Crônicas 25.20",
          "texto": "Porém Á, não lhe deu ouvidos, porque isto vinha"
        },
        {
          "referencia": "2 Crônicas 25.21",
          "texto": "rei de Israel, subiu; e ele e A., rei de Judá,"
        },
        {
          "referencia": "2 Crônicas 25.23",
          "texto": "rei de Israel, prendeu a Á., rei de Judá,"
        },
        {
          "referencia": "2 Crônicas 25.25",
          "texto": "E viveu Á., fho de Joás, rei de Judá, depois"
        },
        {
          "referencia": "2 Crônicas 25.26",
          "texto": "Quanto ao mais dos atos de A., tanto os"
        },
        {
          "referencia": "2 Crônicas 25.27",
          "texto": "E, desde o tempo que A. se desviou do Senhor,"
        },
        {
          "referencia": "2 Crônicas 26.1",
          "texto": "anos, e o fez rei em lugar de Á., seu pai."
        },
        {
          "referencia": "2 Crônicas 26.4",
          "texto": "do Senhor, conforme tudo o que fizera A., seu pai."
        },
        {
          "referencia": "Amós 7.10",
          "texto": "Então, Á., o sacerdote de Betel, mandou dizer a"
        },
        {
          "referencia": "Amós 7.12",
          "texto": "Depois, À. disse a Amós: Vai-te, ó vidente, foge"
        },
        {
          "referencia": "Amós 7.14",
          "texto": "E respondeu Amós e disse a A.: Eu não era"
        }
      ]
    },
    {
      "palavra": "abaixo",
      "veja tambem": [
        "abaixar"
      ],
      "ocorrencias": 20,
      "fonte": "Strong's H4295 (מַטָּה/mattah)",
      "concordancias": [
        {
          "referencia": "Êxodo 28.27",
          "texto": "nas duas ombreiras do éfode, A., na frente dele,"
        },
        {
          "referencia": "Deuteronômio 3.17",
          "texto": "da campina, o mar Salgado, A. de Asdote-Pisga"
        },
        {
          "referencia": "Deuteronômio 4.49",
          "texto": "oriente, até ao mar da campina, À. de Asdote-Pisga."
        },
        {
          "referencia": "Deuteronômio 33.13",
          "texto": "com o orvalho e com o que há no abismo, que jaz Á.,"
        },
        {
          "referencia": "Josué 6.5",
          "texto": "eo muro da cidade cairá Á., eo povo"
        },
        {
          "referencia": "Josué 6.20",
          "texto": "com grande grita; e o muro caiu Á., eo povo"
        },
        {
          "referencia": "Josué 12.3",
          "texto": "de Bete-Jesimote; e desde o sul A. de Asdote-Pisga."
        },
        {
          "referencia": "Juízes 7.8",
          "texto": "e estava o arraial dos midianitas Á. no vale."
        },
        {
          "referencia": "1 Samuel 7.11",
          "texto": "os filisteus, e os feriram até Á. de Bete-Car."
        },
        {
          "referencia": "IRs 4.12",
          "texto": "que está junto a Zaretã, Á. de Jezreel,"
        },
        {
          "referencia": "2 Reis 9.33",
          "texto": "disse ele: Lançai-a de alto Á.. E lançaram-na de"
        },
        {
          "referencia": "2 Reis 9.33",
          "texto": "A.. Elançaram-na de alto À.; e foram"
        },
        {
          "referencia": "2 Reis 18.4",
          "texto": "as estátuas, e deitou Á. os bosques, e fez"
        },
        {
          "referencia": "2 Crônicas 25.12",
          "texto": "alto da rocha os lançaram A., etodos arrebentaram."
        },
        {
          "referencia": "Mateus 4.6",
          "texto": "de Deus, lança-te daqui A.; porque está"
        },
        {
          "referencia": "Lucas 49",
          "texto": "Se tu és o Filho de Deus, lança-te daqui A.,"
        },
        {
          "referencia": "Atos 27.4",
          "texto": "dali, fomos navegando A. de Chipre, porque"
        },
        {
          "referencia": "Atos 27.7",
          "texto": "ir mais adiante, navegamos Á. de Creta, junto"
        },
        {
          "referencia": "Atos 27.16",
          "texto": "E, correndo Á. de uma pequena ilha chamada Cauda,"
        },
        {
          "referencia": "Tiago 2.3",
          "texto": "Tu, fica aí em pé ou assenta-te A. do meu estrado,"
        }
      ]
    },
    {
      "palavra": "abaixou",
      "veja tambem": [],
      "ocorrencias": 6,
      "fonte": "",
      "concordancias": [
        {
          "referencia": "Gênesis 24.18",
          "texto": "meu senhor. E apressou-se, e À. o seu cântaro"
        },
        {
          "referencia": "Gênesis 24.46",
          "texto": "E ela se apressou, e 4. o seu cântaro de sobre"
        },
        {
          "referencia": "Gênesis 49.15",
          "texto": "a terra era deliciosa, e Á. o seu ombro para"
        },
        {
          "referencia": "Juízes 7.6",
          "texto": "e todo o resto do povo se A. de joelhos a"
        },
        {
          "referencia": "2 Samuel 22.10",
          "texto": "E Á. os céus, e desceu, e uma escuridão havia"
        },
        {
          "referencia": "S118.9",
          "texto": "A, os céus e desceu, e a escuridão estava"
        }
      ]
    },
    {
      "palavra": "abaixou-se",
      "veja tambem": [
        "abaixar"
      ],
      "ocorrencias": 1,
      "fonte": "",
      "concordancias": [
        {
          "referencia": "Jó 20.11",
          "texto": "Estando ela, pois, chorando, A. para o sepulcro"
        }
      ]
    },
    {
      "palavra": "abala",
      "veja tambem": [
        "abalar"
      ],
      "ocorrencias": 1,
      "fonte": "",
      "concordancias": [
        {
          "referencia": "Salmos 125.1",
          "texto": "o monte Sião, que não se Á., mas permanece para"
        }
      ]
    },
    {
      "palavra": "abalada",
      "veja tambem": [
        "abalar"
      ],
      "ocorrencias": 3,
      "fonte": "",
      "concordancias": [
        {
          "referencia": "S146.5",
          "texto": "está no meio dela; não será A.; Deus a ajudará"
        },
        {
          "referencia": "Lucas 7.24",
          "texto": "saístes a ver no deserto? Uma cana À. pelo vento?"
        },
        {
          "referencia": "Apocalipse 6.13",
          "texto": "de si os seus figos verdes, A. por um vento forte."
        }
      ]
    },
    {
      "palavra": "abaladas",
      "veja tambem": [],
      "ocorrencias": 2,
      "fonte": "",
      "concordancias": [
        {
          "referencia": "Mateus 24.29",
          "texto": "cairão do céu, e as potências dos céus serão A.."
        },
        {
          "referencia": "Marcos 13.25",
          "texto": "do céu, e as forças que estão nos céus serão A.."
        }
      ]
    },
    {
      "palavra": "abalado",
      "veja tambem": [],
      "ocorrencias": 7,
      "fonte": "",
      "concordancias": [
        {
          "referencia": "Salmos 10.6",
          "texto": "em seu coração: Não serei Å., porque nunca me"
        },
        {
          "referencia": "S115.5",
          "texto": "contra o inocente; quem faz isto nunca será Á.."
        },
        {
          "referencia": "Salmos 62.2",
          "texto": "é a minha defesa; não serei grandemente A.."
        },
        {
          "referencia": "S162.6",
          "texto": "a minha salvação; é a minha defesa; não serei A.."
        },
        {
          "referencia": "S1112.6",
          "texto": "Na verdade, nunca será À.; o justo ficará em"
        },
        {
          "referencia": "Provérbios 10.30",
          "texto": "O justo nunca será Á., mas os ímpios não"
        },
        {
          "referencia": "Hebreus 12.28",
          "texto": "um Reino que não pode ser Á., retenhamos a"
        }
      ]
    },
    {
      "palavra": "abalados",
      "veja tambem": [],
      "ocorrencias": 2,
      "fonte": "",
      "concordancias": [
        {
          "referencia": "Isaías 16.7",
          "texto": "fundamentos de Quir-Haresete, pois já estão A.."
        },
        {
          "referencia": "Lucas 21.26",
          "texto": "ao mundo, porquanto os poderes do céu serão Á.."
        }
      ]
    },
    {
      "palavra": "abalar",
      "veja tambem": [],
      "ocorrencias": 2,
      "fonte": "",
      "concordancias": [
        {
          "referencia": "Habacuque 2.7",
          "texto": "os que te hão de A.? E não lhes"
        },
        {
          "referencia": "Lucas 6.48",
          "texto": "naquela casa e não a pôde Á., porque"
        }
      ]
    },
    {
      "palavra": "abalaram",
      "veja tambem": [],
      "ocorrencias": 3,
      "fonte": "",
      "concordancias": [
        {
          "referencia": "2 Samuel 22.8",
          "texto": "dos céus se moveram e Á., porque ele se irou."
        },
        {
          "referencia": "S118.7",
          "texto": "também se moveram ese Á., porquanto se indignou."
        },
        {
          "referencia": "S177.16",
          "texto": "te viram, e tremeram; os abismos também se A.."
        }
      ]
    },
    {
      "palavra": "abalaste",
      "veja tambem": [
        "abalar"
      ],
      "ocorrencias": 1,
      "fonte": "",
      "concordancias": [
        {
          "referencia": "S160.2",
          "texto": "A. a terra e a fendeste; sara as suas fendas,"
        }
      ]
    },
    {
      "palavra": "abalava-se",
      "veja tambem": [
        "abalar"
      ],
      "ocorrencias": 0,
      "fonte": "",
      "concordancias": []
    }
  ]
}