{
  "a": [
    {
      "palavra": "abner",
      "veja tambem": [
        "nome",
        "ner",
        "general",
        "exército"
      ],
      "ocorrencias": 61,
      "fonte": "Strong's H74 (אַבְנֵר/Abner)",
      "concordancias": [
        {
          "referencia": "1 Samuel 14.50",
          "texto": "o nome do general do exército, A., filho de Ner,"
        },
        {
          "referencia": "1 Samuel 14.51",
          "texto": "pai de Saul, e Ner, pai de A., eram filhos de Abiel."
        },
        {
          "referencia": "1 Samuel 17.55",
          "texto": "com o filisteu, disse a Á., o chefe do"
        },
        {
          "referencia": "1 Samuel 17.55",
          "texto": "filho este jovem, 4,? E disse A.: Vive a tua"
        },
        {
          "referencia": "ISm 17.57",
          "texto": "Davi de ferir o filisteu, Á. o tomou consigo e"
        },
        {
          "referencia": "1 Samuel 20.25",
          "texto": "se levantou, e assentou-se À, ao lado de"
        },
        {
          "referencia": "iSm 26.5",
          "texto": "se tinha deixado Saul e A., filho de Ner,"
        },
        {
          "referencia": "1 Samuel 26.7",
          "texto": "na terra à sua cabeceira; e Á. e o povo"
        },
        {
          "referencia": "1 Samuel 26.14",
          "texto": "E Davi bradou ao povo ea A., filho de Ner,"
        },
        {
          "referencia": "1 Samuel 26.14",
          "texto": "Não responderás, 4.? Então, À. respondeu e"
        },
        {
          "referencia": "ISm 26.15",
          "texto": "Então, disse Davi a A.: Porventura, não és varão?"
        },
        {
          "referencia": "2 Samuel 2.8",
          "texto": "Porém A., filho de Ner, capitão do exército de"
        },
        {
          "referencia": "2 Samuel 2.12",
          "texto": "Então, saiu A., filho de Ner, com os servos de"
        },
        {
          "referencia": "2 Samuel 2.14",
          "texto": "E disse À, a Joabe: Deixa levantar os jovens, e"
        },
        {
          "referencia": "2 Samuel 2.17",
          "texto": "dia, uma crua peleja; porém À. e os homens de"
        },
        {
          "referencia": "2 Samuel 2.19",
          "texto": "E Asael seguiu após Á. e não declinou de detrás de"
        },
        {
          "referencia": "2 Samuel 2.19",
          "texto": "não declinou de detrás de A., nem para a direita"
        },
        {
          "referencia": "2 Samuel 2.20",
          "texto": "E A., olhando para trás, disse: És tu Asael? E"
        },
        {
          "referencia": "2 Samuel 2.21",
          "texto": "Então, lhe disse A.: Desvia-te para a direita ou"
        },
        {
          "referencia": "2 Samuel 2.22",
          "texto": "Então, Á. tornou a dizer a Asael: Desvia-te de"
        },
        {
          "referencia": "2 Samuel 2.23",
          "texto": "não se querendo ele desviar, A. o feriu com o"
        },
        {
          "referencia": "2 Samuel 2.24",
          "texto": "e Abisai seguiram após A. e pôs-se o sol,"
        },
        {
          "referencia": "2 Samuel 2.25",
          "texto": "se ajuntaram detrás de Á., e fizeram um"
        },
        {
          "referencia": "2 Samuel 2.26",
          "texto": "Então, A. gritou a Joabe e disse: Consumirá a"
        },
        {
          "referencia": "2 Samuel 2.29",
          "texto": "E caminharam A. e os seus homens toda aquela noite"
        },
        {
          "referencia": "2 Samuel 2.30",
          "texto": "se tornou de seguir a À. e ajuntou todo o"
        },
        {
          "referencia": "2 Samuel 2.31",
          "texto": "e dentre os homens de A. a trezentos e"
        },
        {
          "referencia": "2 Samuel 3.6",
          "texto": "a casa de Davi, sucedeu que A. se esforçava na"
        },
        {
          "referencia": "2 Samuel 3.7",
          "texto": "de Aiá; e disse Isbosetea A.: Por que entraste"
        },
        {
          "referencia": "2 Samuel 3.8",
          "texto": "Então, se irou muito Á. pelas palavras de Isbosete"
        },
        {
          "referencia": "2 Samuel 3.9",
          "texto": "Assim faça Deus a Á. e outro tanto, que, como o"
        },
        {
          "referencia": "2 Samuel 3.11",
          "texto": "uma palavra podia responder a Á., porque o temia."
        },
        {
          "referencia": "2 Samuel 3.12",
          "texto": "Então, ordenou À. da sua parte mensageiros a Davi,"
        },
        {
          "referencia": "2 Samuel 3.16",
          "texto": "até Baurim. Então, lhe disse Á.: Vai-te, agora,"
        },
        {
          "referencia": "2 Samuel 3.17",
          "texto": "E praticava Á, com os anciãos de Israel, dizendo:"
        },
        {
          "referencia": "2 Samuel 3.19",
          "texto": "E falou também Á. o mesmo aos ouvidos de Benja-"
        },
        {
          "referencia": "2 Samuel 3.19",
          "texto": "de Benjamim; e foi também Á. dizer aos ouvidos"
        },
        {
          "referencia": "2 Samuel 3.20",
          "texto": "E veio Á. a Davi, a Hebrom, e vinte homens com"
        },
        {
          "referencia": "2 Samuel 3.20",
          "texto": "ele; e Davi fez um banquete a Á. e aos homens que"
        },
        {
          "referencia": "2 Samuel 3.21",
          "texto": "Então, disse Á. a Davi: Eu me levantarei, e irei,"
        },
        {
          "referencia": "2 Samuel 3.21",
          "texto": "atua alma. Assim, despediu Davi a Á., e foi-se"
        },
        {
          "referencia": "2 Samuel 3.22",
          "texto": "grande despojo; e já À. não estava com Davi"
        },
        {
          "referencia": "2 Samuel 3.23",
          "texto": "deram aviso a Joabe, dizendo: A., filho de Ner"
        },
        {
          "referencia": "2 Samuel 3.24",
          "texto": "e disse: Que fizeste? Eis que À. veio ter contigo;"
        },
        {
          "referencia": "2 Samuel 3.25",
          "texto": "Bem conheces a Á., filho de Ner, que te veio"
        },
        {
          "referencia": "2 Samuel 3.26",
          "texto": "enviou mensageiros atrás de Á., eo fizeram"
        },
        {
          "referencia": "2 Samuel 3.27",
          "texto": "Tornando, pois, A. a Hebrom, Joabe o tomou à"
        },
        {
          "referencia": "2 Samuel 3.28",
          "texto": "Senhor, para sempre, do sangue de A., filho de Ner."
        },
        {
          "referencia": "2 Samuel 3.30",
          "texto": "e Abisai, seu irmão, mataram a Á., por ter morto a"
        },
        {
          "referencia": "2 Samuel 3.31",
          "texto": "eide pranteando diante de Á.. Eo rei Davi ia"
        },
        {
          "referencia": "2 Samuel 3.32",
          "texto": "E, sepultando a Á. em Hebrom, o rei levantou a sua"
        },
        {
          "referencia": "2 Samuel 3.32",
          "texto": "chorou junto da sepultura de A.; e chorou todo o"
        },
        {
          "referencia": "2 Samuel 3.33",
          "texto": "E o rei, pranteando a A., disse: Não morreu Å."
        },
        {
          "referencia": "2 Samuel 3.33",
          "texto": "a Á., disse: Não morreu A. como morre o vilão?"
        },
        {
          "referencia": "2 Samuel 3.37",
          "texto": "procedera do rei que matassem a A., filho de Ner."
        },
        {
          "referencia": "2 Samuel 4.1",
          "texto": "pois, o filho de Saul que A. morrera em Hebrom,"
        },
        {
          "referencia": "2 Samuel 4.12",
          "texto": "e a sepultaram na sepultura de A., em Hebrom."
        },
        {
          "referencia": "1 Reis 2.5",
          "texto": "do exército de Israel, a A., filho de Ner, e"
        },
        {
          "referencia": "IRs 2.32",
          "texto": "meu pai, o soubesse, a saber: a A,, filho de Ner,"
        },
        {
          "referencia": "1 Crônicas 26.28",
          "texto": "e Saul, filho de Quis, e A., filho de Ner, e"
        },
        {
          "referencia": "1 Crônicas 27.21",
          "texto": "de Zacarias; sobre Benjamim, Jaasiel, filho de A.;"
        }
      ]
    },
    {
      "palavra": "ambas",
      "veja tambem": [],
      "ocorrencias": 36,
      "fonte": "",
      "concordancias": [
        {
          "referencia": "Gênesis 31.33",
          "texto": "tenda de Leia, e na tenda de À, as servas e não"
        },
        {
          "referencia": "Êxodo 12.7",
          "texto": "do sangue e pô-lo-ão em À. as ombreiras e na"
        },
        {
          "referencia": "Êxodo 12.22",
          "texto": "lançai na verga da porta, e em À. as ombreiras, do"
        },
        {
          "referencia": "Êxodo 12.23",
          "texto": "na verga da porta e em Á. as ombreiras, o"
        },
        {
          "referencia": "Êxodo 26.24",
          "texto": "se fará com as duas tábuas: Á. serão por tábuas"
        },
        {
          "referencia": "Êxodo 26.27",
          "texto": "lado do tabernáculo, de Á. as bandas, para o ocidente."
        },
        {
          "referencia": "Êxodo 30.4",
          "texto": "aos dois lados as farás, de A. as bandas; e serão"
        },
        {
          "referencia": "Êxodo 32.15",
          "texto": "sua mão, tábuas escritas de A. as bandas; de uma"
        },
        {
          "referencia": "Êxodo 36.29",
          "texto": "uma argola; assim fez com elas Á., nos dois cantos."
        },
        {
          "referencia": "Êxodo 36.32",
          "texto": "as tábuas do tabernáculo de À. as bandas do ocidente."
        },
        {
          "referencia": "Levítico 16.21",
          "texto": "E Arão porá Á. as mãos sobre a cabeça do bode vivo"
        },
        {
          "referencia": "Números 10.3",
          "texto": "E, quando as tocarem Á., então, toda a congregação"
        },
        {
          "referencia": "Deuteronômio 9.15",
          "texto": "tábuas do concerto estavam em Á. as minhas mãos."
        },
        {
          "referencia": "Deuteronômio 9.17",
          "texto": "duas tábuas, e as arrojei de Á, as minhas mãos, e"
        },
        {
          "referencia": "Juízes 5.30",
          "texto": "de várias cores bordados de A. as bandas, para"
        },
        {
          "referencia": "Juízes 16.3",
          "texto": "da entrada da cidade com Á. as umbreiras, e"
        },
        {
          "referencia": "Rute 1.19",
          "texto": "Assim, pois, foram-se A,, até que chegaram a~"
        },
        {
          "referencia": "1 Samuel 3.11",
          "texto": "a qual todo o que ouvir lhe tinirão A. as orelhas."
        },
        {
          "referencia": "1 Samuel 5.4",
          "texto": "Senhor; e a cabeça de Dagom e A. as palmas das"
        },
        {
          "referencia": "1 Samuel 25.43",
          "texto": "a Ainoã de Jezreel, e também Á. foram suas mu-"
        },
        {
          "referencia": "1 Samuel 27.3",
          "texto": "um com a sua casa; Davi, com Á. as suas"
        },
        {
          "referencia": "1 Reis 3.18",
          "texto": "estava conosco na casa, senão nós A. naquela casa."
        },
        {
          "referencia": "1 Reis 8.7",
          "texto": "os querubins estendiam A. as asas sobre o"
        },
        {
          "referencia": "1 Reis 10.19",
          "texto": "por detrás redonda, e de Á. as bandas tinha"
        },
        {
          "referencia": "1 Reis 10.20",
          "texto": "sobre os seis degraus de A. as bandas; nunca se"
        },
        {
          "referencia": "2 Reis 21.12",
          "texto": "que ouvir, lhe ficarão retinindo A. as orelhas."
        },
        {
          "referencia": "2 Crônicas 5.8",
          "texto": "os querubins estendiam 4. as asas sobre o"
        },
        {
          "referencia": "2 Crônicas 9.18",
          "texto": "ao trono, e encostos de 4. as bandas no"
        },
        {
          "referencia": "2 Crônicas 9.19",
          "texto": "doze leões estavam ali de À. as bandas, sobre os"
        },
        {
          "referencia": "Provérbios 27.3",
          "texto": "mas a ira do insensato é mais pesada do que elas A.."
        },
        {
          "referencia": "Eclesiastes 4.6",
          "texto": "cheia com descanso do que A. as mãos cheias com"
        },
        {
          "referencia": "Eclesiastes 11.6",
          "texto": "se esta, se aquela ou se 4. igualmente"
        },
        {
          "referencia": "Isaías 47.9",
          "texto": "Mas À, estas coisas virão sobre ti em um momento,"
        },
        {
          "referencia": "Ezequiel 15.4",
          "texto": "no fogo, para ser consumido; A. as suas"
        },
        {
          "referencia": "Ezequiel 23.13",
          "texto": "setinha contaminado; o caminho de À, era o mesmo."
        },
        {
          "referencia": "2 Pedro 3.1",
          "texto": "agora, esta segunda carta, em A. as quais"
        }
      ]
    },
    {
      "palavra": "ambicioneis",
      "veja tambem": [],
      "ocorrencias": 1,
      "fonte": "",
      "concordancias": [
        {
          "referencia": "Romanos 12.16",
          "texto": "unânimes entre vós; não À. coisas altas,"
        }
      ]
    }
  ]
}