{
  "a": [
    {
      "palavra": "ambos",
      "veja tambem": [
        "dois",
        "juntos",
        "par",
        "duplo"
      ],
      "ocorrencias": 100,
      "fonte": "Strong's H8147 (שְׁנַיִם/shenayim)",
      "concordancias": [
        {
          "referencia": "Gênesis 2.24",
          "texto": "e apegar-se-á à sua mulher, e serão A. uma carne."
        },
        {
          "referencia": "Gênesis 2.25",
          "texto": "E À. estavam nus, o homem e a sua mulher; e não se"
        },
        {
          "referencia": "Gênesis 3.7",
          "texto": "foram abertos os olhos de A., e conheceram que"
        },
        {
          "referencia": "Gênesis 9.22",
          "texto": "de seu pai e fê-lo saber a A. seus irmãos, fora."
        },
        {
          "referencia": "Gênesis 9.23",
          "texto": "uma capa, puseram-na sobre À. os seus ombros e,"
        },
        {
          "referencia": "Gênesis 21.27",
          "texto": "vacas e deu-as a Abimeleque; e fizeram A. concerto."
        },
        {
          "referencia": "Gênesis 21.31",
          "texto": "aquele lugar Berseba, porquanto A. juraram ali."
        },
        {
          "referencia": "Gênesis 22.6",
          "texto": "o fogo e o cutelo na sua mão. E foram À. juntos."
        },
        {
          "referencia": "Gênesis 22.8",
          "texto": "holocausto, meu filho. Assim, caminharam A. juntos."
        },
        {
          "referencia": "aa 27.45",
          "texto": "seria eu desfilhada também de vós Á. num mesmo"
        },
        {
          "referencia": "Gênesis 31.37",
          "texto": "irmãos e teus irmãos; e que julguem entre nós A.."
        },
        {
          "referencia": "Gênesis 40.5",
          "texto": "E À. sonharam um sonho, cada um seu sonho na mes-"
        },
        {
          "referencia": "Êxodo 22.9",
          "texto": "disser que é sua, a causa de À. virá perante"
        },
        {
          "referencia": "Êxodo 22.11",
          "texto": "juramento do Senhor entre Á., de que não meteu a"
        },
        {
          "referencia": "Êxodo 26.23",
          "texto": "para os cantos do tabernáculo, de 4. os lados;"
        },
        {
          "referencia": "Êxodo 27.7",
          "texto": "que os varais estejam de Á. os lados do altar"
        },
        {
          "referencia": "Êxodo 28.12",
          "texto": "levará os seus nomes sobre A. os seus ombros,"
        },
        {
          "referencia": "Êxodo 29.13",
          "texto": "redenho de sobre o fígado, e À. os rins, e a"
        },
        {
          "referencia": "Êxodo 29.22",
          "texto": "e o redenho do fígado, e A. os rins com a"
        },
        {
          "referencia": "Êxodo 37.27",
          "texto": "nos seus dois cantos, de À, os seus lados,"
        },
        {
          "referencia": "Êxodo 38.15",
          "texto": "banda da porta do pátio, de Á. os lados, eram"
        },
        {
          "referencia": "Levítico 3.4",
          "texto": "Então, À, os rins, e a gordura que está sobre eles"
        },
        {
          "referencia": "Levítico 3.10",
          "texto": "como também tirará À. os rins, e a gordura que"
        },
        {
          "referencia": "Levítico 3.15",
          "texto": "como também tirará Á, os rins, e a gordura que"
        },
        {
          "referencia": "Levítico 7.4",
          "texto": "também A, os rins e a gordura que neles há, que"
        },
        {
          "referencia": "Levítico 8.25",
          "texto": "e o redenho do fígado, e À. os rins, ea sua"
        },
        {
          "referencia": "Levítico 15.18",
          "texto": "com semente da cópula, À. se banharão com"
        },
        {
          "referencia": "Levítico 16.7",
          "texto": "Também tomará Á. os bodes e os porá perante o"
        },
        {
          "referencia": "Levítico 20.11",
          "texto": "a nudez de seu pai; A., certamente,"
        },
        {
          "referencia": "Levítico 20.12",
          "texto": "se deitar com a sua nora, Á., certamente,"
        },
        {
          "referencia": "Levítico 20.13",
          "texto": "homem como com mulher, 4. fizeram abominação;"
        },
        {
          "referencia": "Levítico 20.18",
          "texto": "a fonte de seu sangue, Á. serão extirpados"
        },
        {
          "referencia": "Levítico 27.10",
          "texto": "por animal, o tale o trocado serão A. santos."
        },
        {
          "referencia": "Números 7.13",
          "texto": "segundo o siclo do santuário; A. cheios de flor"
        },
        {
          "referencia": "Números 7.19",
          "texto": "segundo o siclo do santuário; A. cheios de flor"
        },
        {
          "referencia": "Números 7.25",
          "texto": "segundo o siclo do santuário; A. cheios de flor"
        },
        {
          "referencia": "Números 7.31",
          "texto": "segundo o siclo do santuário; A. cheios de flor"
        },
        {
          "referencia": "Números 7.37",
          "texto": "segundo o siclo do santuário; À, cheios de flor"
        },
        {
          "referencia": "Números 7.43",
          "texto": "segundo o siclo do santuário; A, cheios de flor"
        },
        {
          "referencia": "Números 7.49",
          "texto": "segundo o siclo do santuário; A. cheios de flor"
        },
        {
          "referencia": "m 7.55",
          "texto": "segundo o siclo do santuário; A. cheios de flor"
        },
        {
          "referencia": "m 7.61",
          "texto": "segundo o siclo do santuário; Á, cheios de flor"
        },
        {
          "referencia": "m 7.67",
          "texto": "segundo o siclo do santuário; A. cheios de flor"
        },
        {
          "referencia": "m 7.73",
          "texto": "segundo o siclo do santuário; A. cheios de flor"
        },
        {
          "referencia": "m 7.79",
          "texto": "segundo o siclo do santuário; A. cheios de flor"
        },
        {
          "referencia": "m 12.5",
          "texto": "depois, chamou a Arão e a Miriã, e eles saíram A.."
        },
        {
          "referencia": "m 25.8",
          "texto": "à tenda e os atravessou a Á., ao varão israelita"
        },
        {
          "referencia": "Deuteronômio 22.22",
          "texto": "casada com marido, então, Á. morrerão, o homem"
        },
        {
          "referencia": "Deuteronômio 22.24",
          "texto": "então, trareis A. à porta daquela cidade e os"
        },
        {
          "referencia": "Deuteronômio 23.18",
          "texto": "por qualquer voto; porque 4. estes são"
        },
        {
          "referencia": "Josué 2.4",
          "texto": "aquela mulher tomou a Á. aqueles homens, e os"
        },
        {
          "referencia": "Josué 24.12",
          "texto": "de diante de vós, como E os reis dos"
        },
        {
          "referencia": "Juízes 19.6",
          "texto": "pois, e comeram A. juntos, e beberam;"
        },
        {
          "referencia": "Juízes 19.8",
          "texto": "até já declinar o dia e À, juntos comeram."
        },
        {
          "referencia": "Rute 1.5",
          "texto": "E morreram também A., Malom e Quiliom, ficando"
        },
        {
          "referencia": "1 Samuel 2.34",
          "texto": "a Hofni e a Fineias: que Á. morrerão no"
        },
        {
          "referencia": "1 Samuel 9.26",
          "texto": "Saul, e saíram para a Á., ele e Samuel."
        },
        {
          "referencia": "1 Samuel 17.10",
          "texto": "dizendo: Dai-me um homem, para que A. peleje-"
        },
        {
          "referencia": "1 Samuel 20.11",
          "texto": "Davi: Vem, e saiamos ao campo. E saíram A. ao"
        },
        {
          "referencia": "1m 20.42",
          "texto": "paz, porque nós temos jurado Á. em nome do Se-"
        },
        {
          "referencia": "1 Samuel 23.18",
          "texto": "E 4. fizeram aliança perante o Senhor. Davi ficou"
        },
        {
          "referencia": "2 Samuel 4.4",
          "texto": "tinha um filho aleijado de A. os pés. Era da"
        },
        {
          "referencia": "2 Samuel 9.3",
          "texto": "Ainda há um filho de Jônatas, aleijado de A. os pés."
        },
        {
          "referencia": "2 Samuel 9.13",
          "texto": "comia à mesa do rei; e era coxo de 4. os pés."
        },
        {
          "referencia": "2 Samuel 17.18",
          "texto": "e avisou a Absalão; porém A. logo partiram"
        },
        {
          "referencia": "1 Reis 5.12",
          "texto": "paz entre Hirão e Salomão, e A. fizeram aliança."
        },
        {
          "referencia": "IRs 6.25",
          "texto": "côvados o outro querubim; A. os querubins eram"
        },
        {
          "referencia": "2 Reis 2.6",
          "texto": "alma, que te não deixarei, E assim A, foram juntos."
        },
        {
          "referencia": "2 Reis 2.7",
          "texto": "pararam defronte; e eles Á. pararam junto ao Jordão."
        },
        {
          "referencia": "2 Reis 2.8",
          "texto": "para as duas bandas; e passaram A. em seco."
        },
        {
          "referencia": "2 Reis 4.33",
          "texto": "e fechou a porta sobre eles A., e orou ao Senhor."
        },
        {
          "referencia": "2 Reis 21.5",
          "texto": "o exército dos céus em À. os átrios da Casa do Senhor."
        },
        {
          "referencia": "2 Crônicas 33.5",
          "texto": "o exército dos céus, em Á. os pátios da Casa"
        },
        {
          "referencia": "Neemias 12.40",
          "texto": "Então, 4. os coros pararam na Casa de Deus, como"
        },
        {
          "referencia": "Ester 2.23",
          "texto": "o negócio, e se descobriu; e À. foram enforcados"
        },
        {
          "referencia": "Jó 9.33",
          "texto": "há entre nós árbitro que ponha a mão sobre nós Á.."
        },
        {
          "referencia": "Provérbios 20.12",
          "texto": "que ouve e o olho que vê, o Senhor os fez a A.."
        },
        {
          "referencia": "Provérbios 29.13",
          "texto": "se encontram, e o Senhor alumia os olhos de A.."
        },
        {
          "referencia": "Isaías 1.31",
          "texto": "ea sua obra, em faísca; e 4. arderão"
        },
        {
          "referencia": "Isaías 9.21",
          "texto": "e Efraim a Manassés, e À. eles serão contra"
        },
        {
          "referencia": "Jeremias 46.12",
          "texto": "o valente tropeçou no valente, e À. caíram juntos."
        },
        {
          "referencia": "Ezequiel 21.19",
          "texto": "a espada do rei da Babilônia; A. procederão de"
        },
        {
          "referencia": "Ezequiel 41.23",
          "texto": "E o templo e o santuário, A. tinham duas portas."
        },
        {
          "referencia": "Ezequiel 46.19",
          "texto": "eis que ali havia um lugar em À. os lados, para a"
        },
        {
          "referencia": "Zacarias 6.13",
          "texto": "no seu trono, e conselho de paz haverá entre A.."
        },
        {
          "referencia": "Mateus 9.17",
          "texto": "vinho novo em odres novos, e assim À. se conservam."
        },
        {
          "referencia": "Mateus 13.30",
          "texto": "Deixai crescer A. juntos até à ceifa; e, por"
        },
        {
          "referencia": "Mateus 15.14",
          "texto": "ora, se um cego guiar outro cego, À. cairão na cova."
        },
        {
          "referencia": "Lucas 1.6",
          "texto": "E eram À. justos perante Deus, vivendo"
        },
        {
          "referencia": "Lucas 1.7",
          "texto": "porque Isabel era estéril, e A. eram avançados em idade."
        },
        {
          "referencia": "Lucas 5.7",
          "texto": "ajudar. E foram e encheram 4. os barcos, de"
        },
        {
          "referencia": "Lucas 5.38",
          "texto": "ser posto em odres novos, e 4. juntamente se conser-"
        },
        {
          "referencia": "Lucas 6.39",
          "texto": "um cego guiar outro cego? Não cairão À. na cova?"
        },
        {
          "referencia": "Lucas 7.42",
          "texto": "que pagar, perdoou-lhes a A.. Dize, pois: qual"
        },
        {
          "referencia": "Jó 4.36",
          "texto": "o que semeia como o que ceifa, A. se regozijem."
        },
        {
          "referencia": "Atos 8.38",
          "texto": "parar o carro, e desceram A. à água, tanto"
        },
        {
          "referencia": "Efésios 2.14",
          "texto": "é a nossa paz, o qual de À. os povos fez um; e,"
        },
        {
          "referencia": "Efésios 2.16",
          "texto": "e, pela cruz, reconciliar À, com Deus em um corpo,"
        },
        {
          "referencia": "Efésios 2.18",
          "texto": "porque, por ele, À. temos acesso ao Pai em um"
        },
        {
          "referencia": "Filipenses 1.23",
          "texto": "Mas de À, os lados estou em aperto, tendo desejo"
        }
      ]
    }
  ]
}