{
  "a": [
    {
      "palavra": "ambulantes",
      "veja tambem": [
        "andar",
        "móvel",
        "itinerante"
      ],
      "ocorrencias": 1,
      "fonte": "Strong's G4022 (περιέρχομαι/perierchomai)",
      "concordancias": [
        {
          "referencia": "Atos 19.13",
          "texto": "dos exorcistas judeus, Á., tentavam"
        }
      ]
    },
    {
      "palavra": "ame",
      "veja tambem": [
        "amar"
      ],
      "ocorrencias": 3,
      "fonte": "Strong's H157 (אָהַב/ahab)",
      "concordancias": [
        {
          "referencia": "Zacarias 8.17",
          "texto": "o seu companheiro, nem A. o juramento falso;"
        },
        {
          "referencia": "Efésios 5.33",
          "texto": "vós, cada um em particular A, a sua própria mulher"
        },
        {
          "referencia": "IJo 4.21",
          "texto": "mandamento: que quem ama a Deus, A. também seu"
        }
      ]
    },
    {
      "palavra": "ameaça",
      "veja tambem": [
        "ameaçar"
      ],
      "ocorrencias": 1,
      "fonte": "Strong's H1606 (גָּעַר/gaar)",
      "concordancias": [
        {
          "referencia": "Jó 26.11",
          "texto": "As colunas do céu tremem e se espantam da sua A.."
        }
      ]
    },
    {
      "palavra": "ameaçaram",
      "veja tambem": [
        "ameaçar"
      ],
      "ocorrencias": 1,
      "fonte": "Strong's G4324 (προσαπειλέω/prosapeileo)",
      "concordancias": [
        {
          "referencia": "Atos 4.21",
          "texto": "Mas eles ainda os A, mais e, não achando"
        }
      ]
    },
    {
      "palavra": "ameaças",
      "veja tambem": [
        "ameaça"
      ],
      "ocorrencias": 4,
      "fonte": "Strong's G547 (ἀπειλή/apeile)",
      "concordancias": [
        {
          "referencia": "Provérbios 13.8",
          "texto": "são as suas riquezas, mas o pobre não ouve as Á.."
        },
        {
          "referencia": "Atos 4.29",
          "texto": "ó Senhor, olha para as suas Á. e concede aos"
        },
        {
          "referencia": "Atos 9.1",
          "texto": "E Saulo, respirando ainda A. e mortes contra os"
        },
        {
          "referencia": "Efésios 6.9",
          "texto": "para com eles, deixando as A., sabendo também"
        }
      ]
    },
    {
      "palavra": "ameaçava",
      "veja tambem": [
        "ameaçar"
      ],
      "ocorrencias": 2,
      "fonte": "Strong's G1690 (ἐμβριμάομαι/embrimaomai)",
      "concordancias": [
        {
          "referencia": "Marcos 3.12",
          "texto": "E ele os À, muito, para que não o manifestassem."
        },
        {
          "referencia": "1 Pedro 2.23",
          "texto": "e, quando padecia, não A., mas"
        }
      ]
    },
    {
      "palavra": "ameacemo-los",
      "veja tambem": [
        "ameaçar"
      ],
      "ocorrencias": 1,
      "fonte": "Strong's G4324 (προσαπειλέω/prosapeileo)",
      "concordancias": [
        {
          "referencia": "Atos 4.17",
          "texto": "divulgue mais entre o povo, Å. para que"
        }
      ]
    },
    {
      "palavra": "ameaçou-os",
      "veja tambem": [
        "ameaçar"
      ],
      "ocorrencias": 1,
      "fonte": "Strong's G1690 (ἐμβριμάομαι/embrimaomai)",
      "concordancias": [
        {
          "referencia": "Mateus 9.30",
          "texto": "se lhes abriram. E Jesus A., dizendo:"
        }
      ]
    },
    {
      "palavra": "amedrontarem",
      "veja tambem": [
        "amedrontar"
      ],
      "ocorrencias": 1,
      "fonte": "Strong's H2729 (חָרַד/charad)",
      "concordancias": [
        {
          "referencia": "Zacarias 1.21",
          "texto": "cabeça; estes, pois, vieram para os Á.,"
        }
      ]
    },
    {
      "palavra": "amedronte",
      "veja tambem": [
        "amedrontarem"
      ],
      "ocorrencias": 1,
      "fonte": "Strong's H2729 (חָרַד/charad)",
      "concordancias": [
        {
          "referencia": "Jó 9.34",
          "texto": "vara de cima de mim, e não me 4, o seu terror."
        }
      ]
    },
    {
      "palavra": "amei",
      "veja tambem": [
        "amar"
      ],
      "ocorrencias": 8,
      "fonte": "Strong's H157 (אָהַב/ahab)",
      "concordancias": [
        {
          "referencia": "Isaías 43.4",
          "texto": "foste glorificado, e eu te Á., pelo que dei os"
        },
        {
          "referencia": "Jeremias 31.3",
          "texto": "dizendo: Com amor eterno te À.; também com amável"
        },
        {
          "referencia": "Oséias 12.1",
          "texto": "Israel era menino, eu o 4.; e do Egito chamei a"
        },
        {
          "referencia": "MI 1.2",
          "texto": "Eu vos A., diz o Senhor; mas vós dizeis: Em que nos"
        },
        {
          "referencia": "MI 1.2",
          "texto": "irmão de Jacó? — disse o Senhor; todavia Á, a Jacó"
        },
        {
          "referencia": "Jó 15.9",
          "texto": "Pai me amou, também eu vos Á. a vós; permanecei no"
        },
        {
          "referencia": "Jó 15.12",
          "texto": "Que vos ameis uns aos outros, assim como eu vos Á.."
        },
        {
          "referencia": "Romanos 9.13",
          "texto": "Como está escrito: A. Jacó e aborreci Esaú."
        }
      ]
    },
    {
      "palavra": "ameias",
      "veja tambem": [
        "muralha",
        "fortaleza"
      ],
      "ocorrencias": 1,
      "fonte": "Strong's H1447 (גָּדֵר/geder)",
      "concordancias": [
        {
          "referencia": "Jeremias 5.10",
          "texto": "final); tirai as suas Á., porque não são"
        }
      ]
    },
    {
      "palavra": "ameis",
      "veja tambem": [
        "amar"
      ],
      "ocorrencias": 8,
      "fonte": "Strong's H157 (אָהַב/ahab)",
      "concordancias": [
        {
          "referencia": "Josué 22.5",
          "texto": "do Senhor, vos mandou: que Á. ao Senhor, vosso"
        },
        {
          "referencia": "Jó 13.34",
          "texto": "mandamento vos dou: Que vos Á. uns aos outros;"
        },
        {
          "referencia": "Jó 13.34",
          "texto": "amei a vós, que também vós uns aos outros vos Á.."
        },
        {
          "referencia": "Jó 15.12",
          "texto": "mandamento é este: Que vos À. uns aos outros,"
        },
        {
          "referencia": "Jó 15.17",
          "texto": "Isto vos mando: que vos Á. uns aos outros."
        },
        {
          "referencia": "Romanos 13.8",
          "texto": "não ser o amor com que vos Å. uns aos outros;"
        },
        {
          "referencia": "1 Tessalonicenses 4.9",
          "texto": "instruídos por Deus que vos Á. uns aos outros;"
        },
        {
          "referencia": "1 João 2.15",
          "texto": "Não À, o mundo, nem o que no mundo há. Se alguém"
        }
      ]
    },
    {
      "palavra": "amem",
      "veja tambem": [
        "amar"
      ],
      "ocorrencias": 1,
      "fonte": "",
      "concordancias": [
        {
          "referencia": "Oséias 3.1",
          "texto": "eles olhem para outros deuses e À. os bolos de uvas."
        }
      ]
    },
    {
      "palavra": "amemo-nos",
      "veja tambem": [],
      "ocorrencias": 1,
      "fonte": "",
      "concordancias": [
        {
          "referencia": "1 João 4.7",
          "texto": "Amados, Á. uns aos outros, porque o amor é de"
        }
      ]
    },
    {
      "palavra": "amemos",
      "veja tambem": [],
      "ocorrencias": 4,
      "fonte": "",
      "concordancias": [
        {
          "referencia": "1 João 3.11",
          "texto": "desde o princípio: que nos A. uns aos outros."
        },
        {
          "referencia": "1 João 3.18",
          "texto": "Meus filhinhos, não A. de palavra, nem de língua,"
        },
        {
          "referencia": "1 João 3.23",
          "texto": "Filho Jesus Cristo e nos À, uns aos outros,"
        },
        {
          "referencia": "2 João 1.5",
          "texto": "o princípio tivemos: que nos A. uns aos outros."
        }
      ]
    },
    {
      "palavra": "amendoeira",
      "veja tambem": [],
      "ocorrencias": 2,
      "fonte": "",
      "concordancias": [
        {
          "referencia": "Eclesiastes 12.5",
          "texto": "no caminho, e florescera A., eo"
        },
        {
          "referencia": "Jeremias 1.11",
          "texto": "vês, Jeremias? E eu disse: Vejo uma vara de A.."
        }
      ]
    },
    {
      "palavra": "ames",
      "veja tambem": [],
      "ocorrencias": 4,
      "fonte": "",
      "concordancias": [
        {
          "referencia": "Deuteronômio 10.12",
          "texto": "em todos os seus caminhos, eo Á., esirvas ao"
        },
        {
          "referencia": "Deuteronômio 30.16",
          "texto": "te ordeno, hoje, que A, o Senhor, teu Deus,"
        },
        {
          "referencia": "Provérbios 20.13",
          "texto": "Não À. o sono, para que não empobreças; abre os"
        },
        {
          "referencia": "Mg 6.8",
          "texto": "que pratiques a justiça, e Á. a beneficência,"
        }
      ]
    },
    {
      "palavra": "ametista",
      "veja tambem": [],
      "ocorrencias": 3,
      "fonte": "",
      "concordancias": [
        {
          "referencia": "Êxodo 28.19",
          "texto": "será de um jacinto, de uma ágata e de uma A.;"
        },
        {
          "referencia": "Êxodo 39.12",
          "texto": "ordem, de um jacinto, uma ágata e uma A."
        },
        {
          "referencia": "Apocalipse 21.20",
          "texto": "crisópraso; o undécimo, jacinto; o duodécimo, A.."
        }
      ]
    },
    {
      "palavra": "ami",
      "veja tambem": [],
      "ocorrencias": 2,
      "fonte": "",
      "concordancias": [
        {
          "referencia": "Esdras 2.57",
          "texto": "os filhos de Poquerete-Hazebaim, os filhos de A.."
        },
        {
          "referencia": "Oséias 2.1",
          "texto": "Dizei a vossos irmãos: A.; ea vossas irmãs: Ruama."
        }
      ]
    },
    {
      "palavra": "amiel",
      "veja tambem": [],
      "ocorrencias": 6,
      "fonte": "",
      "concordancias": [
        {
          "referencia": "Números 13.12",
          "texto": "da tribo de Dă, A., filho de Gemali;"
        },
        {
          "referencia": "2 Samuel 9.4",
          "texto": "está em casa de Maquir, filho de A., em Lo-Debar."
        },
        {
          "referencia": "2 Samuel 9.5",
          "texto": "o tomou da casa de Maquir, filho de A., de Lo-Debar."
        },
        {
          "referencia": "2 Samuel 17.27",
          "texto": "de Amom, e Maquir filho de A., de Lo-Debar,"
        },
        {
          "referencia": "1 Crônicas 3.5",
          "texto": "estes quatro lhe nasceram de Bate-Sua, filha de A.."
        },
        {
          "referencia": "1 Crônicas 26.5",
          "texto": "Á., o sexto, Issacar, o sétimo, Peuletai, o"
        }
      ]
    },
    {
      "palavra": "amiga",
      "veja tambem": [
        "amigo"
      ],
      "ocorrencias": 9,
      "fonte": "",
      "concordancias": [
        {
          "referencia": "Cânticos 1.9",
          "texto": "Às éguas dos carros de Faraó te comparo, ó À. minha."
        },
        {
          "referencia": "Cânticos 1.15",
          "texto": "Eis que és formosa, ó A. minha, eis que és"
        },
        {
          "referencia": "Cânticos 2.2",
          "texto": "entre os espinhos, tal é a minha A. entre as filhas."
        },
        {
          "referencia": "Cânticos 2.10",
          "texto": "fala e me diz: Levanta-te, A. minha, formosa"
        },
        {
          "referencia": "Cânticos 2.13",
          "texto": "o seu aroma. Levanta-te, Á. minha, formosa"
        },
        {
          "referencia": "Cânticos 4.1",
          "texto": "Eis que és formosa, À. minha, eis que és formosa;"
        },
        {
          "referencia": "Cânticos 4.7",
          "texto": "Tu és toda formosa, A. minha, e em ti não há mancha."
        },
        {
          "referencia": "Cânticos 5.2",
          "texto": "batendo: Abre-me, irmã minha, Á. minha, pomba"
        },
        {
          "referencia": "Cânticos 6.4",
          "texto": "Formosa és, A. minha, como Tirza, aprazível como"
        }
      ]
    },
    {
      "palavra": "amigas",
      "veja tambem": [
        "amigo"
      ],
      "ocorrencias": 1,
      "fonte": "",
      "concordancias": [
        {
          "referencia": "Lucas 15.9",
          "texto": "E, achando-a, convoca as À. e vizinhas, dizendo:"
        }
      ]
    }
  ]
}