{
  "a": [
    {
      "palavra": "amigo",
      "veja tambem": [
        "amizade",
        "companheiro",
        "irmão",
        "próximo"
      ],
      "ocorrencias": 53,
      "fonte": "Strong's H7453 (רֵעַ/rea)",
      "concordancias": [
        {
          "referencia": "Gênesis 26.26",
          "texto": "de Gerar, com Ausate, seu A., e Ficol, príncipe"
        },
        {
          "referencia": "Gênesis 38.12",
          "texto": "ovelhas, em Timna, ele e Hira, seu A., o adulamita."
        },
        {
          "referencia": "Gênesis 38.20",
          "texto": "o cabrito por mão do seu Á., o adulamita, para"
        },
        {
          "referencia": "Êxodo 32.27",
          "texto": "um a seu irmão, e cada um a seu A., e cada um a"
        },
        {
          "referencia": "Êxodo 33.11",
          "texto": "qualquer fala com o seu A.; depois, tornava ao"
        },
        {
          "referencia": "Deuteronômio 13.6",
          "texto": "ou a mulher do teu amor, ou teu Á., que te é como"
        },
        {
          "referencia": "2 Samuel 13.3",
          "texto": "Tinha, porém, Amnom um AÁ., cujo nome era Jo-"
        },
        {
          "referencia": "2 Samuel 15.37",
          "texto": "Husai, pois, Á. de Davi, veio para a cidade; e"
        },
        {
          "referencia": "2 Samuel 16.16",
          "texto": "chegando Husai, o arquita, A. de Davi, a"
        },
        {
          "referencia": "2 Samuel 16.17",
          "texto": "beneficência para com o teu A.? Por que não foste"
        },
        {
          "referencia": "2 Samuel 16.17",
          "texto": "como teu 4.? Por que não foste com o teu A.?"
        },
        {
          "referencia": "1 Reis 4.5",
          "texto": "e Zabude, filho de Natã, oficial-mor, A. do rei;"
        },
        {
          "referencia": "1 Crônicas 27.33",
          "texto": "do conselho do rei; e Husai, o arquita, A. do rei;"
        },
        {
          "referencia": "2 Crônicas 20.7",
          "texto": "a deste à semente de Abraão, teu Á., para sempre?"
        },
        {
          "referencia": "2 Crônicas 26.10",
          "texto": "e nos campos férteis, porque era A. da agricultura."
        },
        {
          "referencia": "Jó 6.14",
          "texto": "Ao que está aflito devia o A, mostrar compaixão,"
        },
        {
          "referencia": "Jó 6.27",
          "texto": "sortes sobre o órfão e especulais com o vosso A.."
        },
        {
          "referencia": "Jó 16.21",
          "texto": "Deus pelo homem, como o filho do homem pelo seu"
        },
        {
          "referencia": "S135.14",
          "texto": "como se fora meu irmão ou À.; andava lamentando e"
        },
        {
          "referencia": "S141.9",
          "texto": "Até o meu próprio À. íntimo, em quem eu tanto"
        },
        {
          "referencia": "S155.13",
          "texto": "eras tu, homem meu igual, meu guia e meu íntimo A.."
        },
        {
          "referencia": "Provérbios 17.17",
          "texto": "Em todo o tempo ama o A.; e na angústia nasce o"
        },
        {
          "referencia": "Provérbios 18.24",
          "texto": "pode congratular-se, mas há A, mais chegado do que"
        },
        {
          "referencia": "Provérbios 19.4",
          "texto": "amigos, mas ao pobre o seu próprio Á. o deixa."
        },
        {
          "referencia": "Provérbios 19.6",
          "texto": "do príncipe, e cada um é 4. daquele que dá presentes."
        },
        {
          "referencia": "Provérbios 22.11",
          "texto": "e tem graça nos seus lábios terá por seu Á. o rei."
        },
        {
          "referencia": "Ma 27.9",
          "texto": "coração; assim a doença do Á., com o conselho cor-"
        },
        {
          "referencia": "Provérbios 27.10",
          "texto": "Não abandones o teu 4., nem o À. de teu pai,"
        },
        {
          "referencia": "Provérbios 27.10",
          "texto": "oteu Á., nem o Á. de teu pai, nem"
        },
        {
          "referencia": "Provérbios 27.14",
          "texto": "O que bendiz ao seu A. em alta voz, madrugando"
        },
        {
          "referencia": "Provérbios 27.17",
          "texto": "se aguça, assim o homem afia o rosto do seu A.."
        },
        {
          "referencia": "Provérbios 29.4",
          "texto": "juízo sustém a terra, mas o À. de subornos a trans-"
        },
        {
          "referencia": "a 5.16",
          "texto": "Tal é o meu amado, e tal o meu A., ó filhas de Jeru-"
        },
        {
          "referencia": "Isaías 41.8",
          "texto": "tu Jacó, a quem elegi, semente de Abraão, meu A.,"
        },
        {
          "referencia": "Jeremias 9.4",
          "texto": "Guardai-vos cada um do seu Á, e de irmão nenhum"
        },
        {
          "referencia": "Jeremias 9.4",
          "texto": "faz mais do que enganar, e todo A. anda caluniando."
        },
        {
          "referencia": "Oséias 3.1",
          "texto": "ama uma mulher, amada de seu A. e adúltera, como"
        },
        {
          "referencia": "Miquéias 7.5",
          "texto": "Não creiais no A., nem confieis no vosso guia;"
        },
        {
          "referencia": "Mateus 11.19",
          "texto": "um homem comilão e beberrão, À. de publicanos e"
        },
        {
          "referencia": "Mateus 20.13",
          "texto": "disse a um deles: Å., não te faço"
        },
        {
          "referencia": "Mateus 22.12",
          "texto": "E disse-lhe: Á., como entraste aqui, não tendo"
        },
        {
          "referencia": "Mateus 26.50",
          "texto": "Jesus, porém, lhe disse: A., a que vieste? Então,"
        },
        {
          "referencia": "Lucas 7.34",
          "texto": "comilão e bebedor de vinho, A. dos publicanos e"
        },
        {
          "referencia": "Lucas 11.5",
          "texto": "também: Qual de vós terá um A. e, se for"
        },
        {
          "referencia": "Lucas 11.5",
          "texto": "à meia-noite, lhe disser: A., empresta-me"
        },
        {
          "referencia": "Lucas 11.6",
          "texto": "pois que um À. meu chegou a minha casa, vindo de"
        },
        {
          "referencia": "Lucas 11.8",
          "texto": "a dar-lhos por ser seu A., levantar-se-á,"
        },
        {
          "referencia": "Lucas 14.10",
          "texto": "vier o que te convidou, te diga: Á., assenta-te"
        },
        {
          "referencia": "Jó 3.29",
          "texto": "a esposa é o esposo; mas o À. do esposo, que lhe"
        },
        {
          "referencia": "Jó 11.11",
          "texto": "disse-lhes: Lázaro, o nosso Á., dorme, mas vou"
        },
        {
          "referencia": "Jó 19.12",
          "texto": "dizendo: Se soltas este, não és A. do César!"
        },
        {
          "referencia": "Tito 1.8",
          "texto": "mas dado à hospitalidade, A. do bem, moderado,"
        },
        {
          "referencia": "Tiago 2.23",
          "texto": "imputado como justiça, e foi chamado o À. de Deus."
        }
      ]
    }
  ]
}