{
  "a": [
    {
      "palavra": "amigos",
      "veja tambem": [
        "amigo",
        "companheiros",
        "irmãos"
      ],
      "ocorrencias": 48,
      "fonte": "Strong's H7453 (רֵעַ/rea)",
      "concordancias": [
        {
          "referencia": "1 Samuel 30.26",
          "texto": "aos anciãos de Judá, seus Á., dizendo: Eis aí"
        },
        {
          "referencia": "2 Samuel 3.8",
          "texto": "teu pai, a seus irmãos e a seus À. e te não"
        },
        {
          "referencia": "1 Reis 16.11",
          "texto": "homem algum, nem a seus parentes, nem a seus A.."
        },
        {
          "referencia": "Ester 5.10",
          "texto": "e enviou e mandou vir os seus 4. e a Zeres, sua mulher."
        },
        {
          "referencia": "Ester 5.14",
          "texto": "sua mulher, e todos os seus A.: Faça-se uma"
        },
        {
          "referencia": "Ester 6.13",
          "texto": "mulher, e a todos os seus À. tudo quanto lhe"
        },
        {
          "referencia": "Jó 2.11",
          "texto": "Ouvindo, pois, três A. de Jó todo este mal que"
        },
        {
          "referencia": "Jó 12.4",
          "texto": "sou irrisão para os meus A.; eu, que invoco a"
        },
        {
          "referencia": "Jó 16.20",
          "texto": "Os meus À. são os que zombam de mim; os meus"
        },
        {
          "referencia": "Jó 17.5",
          "texto": "O que, lisonjeando, fala aos A., também os olhos"
        },
        {
          "referencia": "Jó 19.21",
          "texto": "Compadecei-vos de mim, A. meus, compadecei-vos"
        },
        {
          "referencia": "Jó 32.3",
          "texto": "contra os seus três A.; porque, não"
        },
        {
          "referencia": "Jó 35.4",
          "texto": "Eu te darei resposta, a ti e aos teus A. contigo."
        },
        {
          "referencia": "Jó 42.7",
          "texto": "contra ti, e contra os teus dois Á.; porque não"
        },
        {
          "referencia": "Jó 42.10",
          "texto": "Jó, quando orava pelos seus A.; e o Senhor"
        },
        {
          "referencia": "S138.11",
          "texto": "Os meus Á. e os meus propinquos afastam-se da"
        },
        {
          "referencia": "S188.18",
          "texto": "para longe de mim À. e companheiros; os"
        },
        {
          "referencia": "SI 122.8",
          "texto": "causa dos meus irmãos e Á., direi: haja paz em ti!"
        },
        {
          "referencia": "Provérbios 14.20",
          "texto": "até do companheiro, mas os Á. dos ricos são muitos."
        },
        {
          "referencia": "Provérbios 16.28",
          "texto": "a contenda, e o difamador separa os maiores Á.."
        },
        {
          "referencia": "Provérbios 17.9",
          "texto": "mas o que renova a questão separa os maiores Á.."
        },
        {
          "referencia": "Provérbios 18.24",
          "texto": "O homem que tem muitos Á. pode congratular-se,"
        },
        {
          "referencia": "Provérbios 19.4",
          "texto": "riquezas granjeiam muitos Á., mas ao pobre o seu"
        },
        {
          "referencia": "Provérbios 19.7",
          "texto": "se afastarão dele os seus 4.! Corre após eles"
        },
        {
          "referencia": "Cânticos 5.1",
          "texto": "meu vinho com o meu leite. Comei, A., bebei"
        },
        {
          "referencia": "Jeremias 13.21",
          "texto": "dirás, quando puser os teus Á. sobre ti como"
        },
        {
          "referencia": "Jeremias 20.4",
          "texto": "mesmo e para todos os teus A.; eles cairão à"
        },
        {
          "referencia": "Jeremias 20.6",
          "texto": "sepultado, tu e todos os teus Á., aos quais"
        },
        {
          "referencia": "Lamentações 1.2",
          "texto": "seus amadores; todos os seus Á. se houveram"
        },
        {
          "referencia": "Zacarias 13.6",
          "texto": "as feridas com que fui ferido em casa dos meus A.."
        },
        {
          "referencia": "Lucas 7.6",
          "texto": "enviou-lhe o centurião uns A., dizendo-lhe:"
        },
        {
          "referencia": "Lucas 12.4",
          "texto": "E digo-vos, À. meus: não temais os que matam o"
        },
        {
          "referencia": "Lucas 14.12",
          "texto": "uma ceia, não chames os teus A., nem os teus"
        },
        {
          "referencia": "Lucas 15.6",
          "texto": "à sua casa, convoca os À. e vizinhos,"
        },
        {
          "referencia": "Lucas 15.29",
          "texto": "me deste um cabrito para alegrar-me com os meu:"
        },
        {
          "referencia": "Lucas 16.9",
          "texto": "E eu vos digo: granjeai A. com as riquezas da"
        },
        {
          "referencia": "Lucas 21.16",
          "texto": "pais, e irmãos, e parentes, e Á. sereis"
        },
        {
          "referencia": "Lucas 23.12",
          "texto": "Herodes, entre si, se fizeram 4.; pois, dantes,"
        },
        {
          "referencia": "Jó 15.13",
          "texto": "que este: de dar alguém a sua vida pelos seus A.."
        },
        {
          "referencia": "Jó 15.14",
          "texto": "Vós sereis meus Á., se fizerdes o que eu vos mando."
        },
        {
          "referencia": "Jó 15.15",
          "texto": "mas tenho-vos chamado A., porque tudo"
        },
        {
          "referencia": "Atos 10.24",
          "texto": "já convidado os seus parentes e Á, mais íntimos."
        },
        {
          "referencia": "Atos 19.31",
          "texto": "da Ásia, que eram seus Á., lhe rogaram que"
        },
        {
          "referencia": "Atos 27.3",
          "texto": "lhe permitiu ir ver os Á., para que"
        },
        {
          "referencia": "2 Timóteo 3.4",
          "texto": "obstinados, orgulhosos, mais A. dos deleites do"
        },
        {
          "referencia": "2 Timóteo 3.4",
          "texto": "mais 4. dos deleites do que A. de Deus,"
        },
        {
          "referencia": "3 João 1.15",
          "texto": "Paz seja contigo. Os A. te saúdam. Saúda os"
        },
        {
          "referencia": "3 João 1.15",
          "texto": "Os À. te saúdam. Saúda os Á. pelos seus nomes."
        }
      ]
    },
    {
      "palavra": "aminadabe",
      "veja tambem": [
        "nome",
        "levita",
        "naassom"
      ],
      "ocorrencias": 12,
      "fonte": "Strong's H5992 (עַמִּינָדָב/Ammiynadab)",
      "concordancias": [
        {
          "referencia": "Êxodo 6.23",
          "texto": "mulher a Eliseba, filha de A., irmã de"
        },
        {
          "referencia": "Números 1.7",
          "texto": "de Judá, Naassom, filho de A.;"
        },
        {
          "referencia": "Números 2.3",
          "texto": "esquadrões; e Naassom, filho de Á., será"
        },
        {
          "referencia": "Números 7.12",
          "texto": "oferta foi Naassom, filho de 4., pela tribo"
        },
        {
          "referencia": "Números 7.17",
          "texto": "ano; esta foi a oferta de Naassom, filho de A.."
        },
        {
          "referencia": "Rute 4.19",
          "texto": "e Esrom gerou a Arão, e Arão gerou a Á.,"
        },
        {
          "referencia": "1 Crônicas 2.10",
          "texto": "E Rão gerou a Á., e 4, gerou a Naassom,"
        },
        {
          "referencia": "1 Crônicas 6.22",
          "texto": "Os filhos de Coate foram: A., seu filho, Corá,"
        },
        {
          "referencia": "1 Crônicas 15.10",
          "texto": "dos filhos de Uziel: A., o príncipe, e seus"
        },
        {
          "referencia": "1 Crônicas 15.11",
          "texto": "levitas Uriel, Asaías, Joel, Semaías, Eliel e A."
        },
        {
          "referencia": "Mateus 1.4",
          "texto": "Arão geroua A., e À, gerou a Naassom,"
        },
        {
          "referencia": "Lucas 3.33",
          "texto": "e Naassom, de A., e A., de Admim, e"
        }
      ]
    },
    {
      "palavra": "amisadai",
      "veja tambem": [],
      "ocorrencias": 5,
      "fonte": "",
      "concordancias": [
        {
          "referencia": "Números 1.12",
          "texto": "de Då, Aiezer, filho de 4.;"
        },
        {
          "referencia": "Números 2.25",
          "texto": "e Ajezer, filho de Á., será príncipe"
        },
        {
          "referencia": "Números 7.66",
          "texto": "o príncipe dos filhos de Dã, Aiezer, filho de A.."
        },
        {
          "referencia": "Números 7.71",
          "texto": "um ano; esta foi a oferta de Aiezer, filho de A.."
        },
        {
          "referencia": "Números 10.25",
          "texto": "sobre o seu exército estava Aiezer, filho de A.."
        }
      ]
    },
    {
      "palavra": "amitai",
      "veja tambem": [],
      "ocorrencias": 1,
      "fonte": "",
      "concordancias": [
        {
          "referencia": "Jonas 1.1",
          "texto": "a palavra do Senhor a Jonas, filho de A., dizendo:"
        }
      ]
    },
    {
      "palavra": "amiúde",
      "veja tambem": [],
      "ocorrencias": 10,
      "fonte": "",
      "concordancias": [
        {
          "referencia": "Números 1.10",
          "texto": "de Efraim, Elisama, filho de A., e de Manassés,"
        },
        {
          "referencia": "Números 2.18",
          "texto": "ocidente; e Elisama, filho de Á., será príncipe"
        },
        {
          "referencia": "Números 7.48",
          "texto": "dos filhos de Efraim, Elisama, filho de A.."
        },
        {
          "referencia": "Números 7.53",
          "texto": "um ano; esta foi a oferta de Elisama, filho de A.."
        },
        {
          "referencia": "Números 10.22",
          "texto": "e sobre o seu exército estava Elisama, filho de A.."
        },
        {
          "referencia": "Nim 34.20",
          "texto": "da tribo dos filhos de Simeão, Samuel, filho de A,;"
        },
        {
          "referencia": "Números 34.28",
          "texto": "filhos de Naftali, o príncipe Pedael, filho de A.."
        },
        {
          "referencia": "2 Samuel 13.37",
          "texto": "e se foi a Talmai, filho de A., rei de Gesur. E"
        },
        {
          "referencia": "1 Crônicas 7.26",
          "texto": "seu filho Ladā, seu filho A., seu filho Elisama,"
        },
        {
          "referencia": "1 Crônicas 9.4",
          "texto": "Utai, filho de A., filho de Onri, filho de Inri,"
        }
      ]
    },
    {
      "palavra": "amizabade",
      "veja tambem": [],
      "ocorrencias": 1,
      "fonte": "",
      "concordancias": [
        {
          "referencia": "1 Crônicas 27.6",
          "texto": "e sobre a sua turma estava A., seu filho."
        }
      ]
    },
    {
      "palavra": "amizade",
      "veja tambem": [],
      "ocorrencias": 3,
      "fonte": "",
      "concordancias": [
        {
          "referencia": "Provérbios 17.9",
          "texto": "a transgressão busca a Á., mas o que renova"
        },
        {
          "referencia": "Atos 12.20",
          "texto": "ter com ele e obtendo a À. de Blasto, que"
        },
        {
          "referencia": "Tiago 4.4",
          "texto": "não sabeis vós que a Á, do mundo é"
        }
      ]
    }
  ]
}