{
  "a": [
    {
      "palavra": "amnom",
      "veja tambem": [
        "nome",
        "filho",
        "davi"
      ],
      "ocorrencias": 26,
      "fonte": "Strong's H550 (אַמְנוֹן/Amnon)",
      "concordancias": [
        {
          "referencia": "2 Samuel 13.1",
          "texto": "formosa, cujo nome era Tamar, Á., filho de"
        },
        {
          "referencia": "2 Samuel 13.2",
          "texto": "E angustiou-se Á., até ip poi Tamar, sua"
        },
        {
          "referencia": "2 Samuel 13.2",
          "texto": "virgem; e parecia, aos olhos de A., dificultoso"
        },
        {
          "referencia": "2 Samuel 13.3",
          "texto": "Tinha, porém, À. um amigo, cujo nome era Jonadabe,"
        },
        {
          "referencia": "2 Samuel 13.4",
          "texto": "saber a mim? Então, lhe disse Á.: Amo a Tamar,"
        },
        {
          "referencia": "2 Samuel 13.6",
          "texto": "Deitou-se, pois, À. e fingiu-se doente; e, vindo o"
        },
        {
          "referencia": "2 Samuel 13.6",
          "texto": "e, vindo o rei visitá-lo, disse À, ao rei: Peço-te"
        },
        {
          "referencia": "2 Samuel 13.7",
          "texto": "a Tamar, dizendo: Vai a casa de Á., teu irmão, e"
        },
        {
          "referencia": "2 Samuel 13.8",
          "texto": "E foi Tamar a casa de A., seu irmão (ele, porém,"
        },
        {
          "referencia": "2 Samuel 13.9",
          "texto": "ele recusou comer. E disse A.: Fazei retirar a"
        },
        {
          "referencia": "2 Samuel 13.10",
          "texto": "Então, disse Á. a Tamar: Traze a comida à câmara e"
        },
        {
          "referencia": "2 Samuel 13.10",
          "texto": "que fizera e os trouxe a A., seu irmão, à câmara."
        },
        {
          "referencia": "2 Samuel 13.15",
          "texto": "Depois, Á. a aborreceu com grandíssimo"
        },
        {
          "referencia": "2 Samuel 13.15",
          "texto": "com que a amara. E disse-lhe A.: Levanta-te e vai-"
        },
        {
          "referencia": "2 Samuel 13.20",
          "texto": "seu irmão, lhe disse: Esteve Á., teu irmão,"
        },
        {
          "referencia": "2 Samuel 13.22",
          "texto": "Absalão não falou com Á., nem mal nem bem;"
        },
        {
          "referencia": "2 Samuel 13.22",
          "texto": "porque Absalão aborrecia a A., por ter forçado a"
        },
        {
          "referencia": "2 Samuel 13.26",
          "texto": "Quando não, deixa ir conosco Á., meu irmão. Po-"
        },
        {
          "referencia": "2 Samuel 13.27",
          "texto": "com ele, deixou ir com ele a À, ea todos os"
        },
        {
          "referencia": "2 Samuel 13.28",
          "texto": "sentido; quando o coração de A, estiver alegre do"
        },
        {
          "referencia": "2 Samuel 13.28",
          "texto": "vinho, e eu vos disser: Feria 4.! Então, o"
        },
        {
          "referencia": "2 Samuel 13.29",
          "texto": "moços de Absalão fizeram a Á. como Absalão lho"
        },
        {
          "referencia": "2 Samuel 13.32",
          "texto": "filhos do rei, porque só morreu A.; porque assim o"
        },
        {
          "referencia": "2 Samuel 13.33",
          "texto": "todos os filhos do rei; porque só morreu Å.."
        },
        {
          "referencia": "1 Crônicas 3.1",
          "texto": "em Hebrom: o primogênito, A., de Ainoã, a"
        },
        {
          "referencia": "1 Crônicas 4.20",
          "texto": "E os filhos de Simeão: A., e Rina, e Ben-Hanã, e"
        }
      ]
    },
    {
      "palavra": "amo",
      "veja tambem": [
        "amar"
      ],
      "ocorrencias": 26,
      "fonte": "Strong's H157 (אָהַב/ahab)",
      "concordancias": [
        {
          "referencia": "Êxodo 21.5",
          "texto": "expressamente disser: Eu Á. a meu senhor, e a"
        },
        {
          "referencia": "1 Samuel 25.14",
          "texto": "o deserto a saudar o nosso À.; porém ele se"
        },
        {
          "referencia": "1 Samuel 25.17",
          "texto": "está o mal contra o nosso Á, e contra toda a sua"
        },
        {
          "referencia": "2 Samuel 13.4",
          "texto": "a mim? Então, lhe disse Amnom: A. a Tamar, irmã de"
        },
        {
          "referencia": "S1119.47",
          "texto": "E alegrar-me-ei em teus mandamentos, que eu Á.."
        },
        {
          "referencia": "S1119.48",
          "texto": "os teus mandamentos, que A., e meditarei nos teus"
        },
        {
          "referencia": "Salmos 119.113",
          "texto": "Aborreço a duplicidade, mas À. a tua lei."
        },
        {
          "referencia": "S1119.119",
          "texto": "a todos os ímpios; pelo que A. os teus testemunhos."
        },
        {
          "referencia": "Salmos 119.127",
          "texto": "Pelo que A. os teus mandamentos mais do que o"
        },
        {
          "referencia": "Salmos 119.159",
          "texto": "Considera como Á. os teus preceitos; vivifica-me,"
        },
        {
          "referencia": "S1119.163",
          "texto": "Abomino e aborreço a falsidade, mas Á. a tua lei."
        },
        {
          "referencia": "Provérbios 8.17",
          "texto": "Eu Á. os que me amam, e os que de madrugada me"
        },
        {
          "referencia": "Isaías 374",
          "texto": "enviou o rei da Assíria, seu Á., para afrontar o"
        },
        {
          "referencia": "Isaías 37.6",
          "texto": "disse: Assim direis a vosso Á.: Assim diz o Senhor:"
        },
        {
          "referencia": "Isaías 61.8",
          "texto": "Porque eu, o Senhor, Á. o juízo, e aborreço a"
        },
        {
          "referencia": "Jeremias 2.25",
          "texto": "Não há esperança; não, porque 4. os estranhos e"
        },
        {
          "referencia": "Jó 14.31",
          "texto": "que o mundo saiba que eu Å. o Pai e que faço como"
        },
        {
          "referencia": "Jó 21.15",
          "texto": "Sim, Senhor; tu sabes que te A.. Disse-lhe:"
        },
        {
          "referencia": "Jó 21.16",
          "texto": "Sim, Senhor; tu sabes que te A.. Disse-lhe:"
        },
        {
          "referencia": "Jó 21.17",
          "texto": "tu sabes tudo; tu sabes que eu te A.. Jesus"
        },
        {
          "referencia": "2 Coríntios 11.11",
          "texto": "Por quê? Porque vos não 4.? Deus o sabe."
        },
        {
          "referencia": "1 João 4.20",
          "texto": "Se alguém diz: Eu A. a Deus e aborrece a seu irmão,"
        },
        {
          "referencia": "2 João 1.1",
          "texto": "e a seus filhos, aos quais Á, na verdade e não"
        },
        {
          "referencia": "3 João 1.1",
          "texto": "O presbítero ao amado Gaio, a quem, na verdade, eu A.."
        },
        {
          "referencia": "Apocalipse 3.9",
          "texto": "e adorem prostrados a teus pés, e saibam que eu te Å.."
        },
        {
          "referencia": "Apocalipse 3.19",
          "texto": "e castigo a todos quantos Á.; sê, pois, zeloso e arre-"
        }
      ]
    },
    {
      "palavra": "amo-os",
      "veja tambem": [
        "amar"
      ],
      "ocorrencias": 1,
      "fonte": "Strong's H157 (אָהַב/ahab)",
      "concordancias": [
        {
          "referencia": "Salmos 119.167",
          "texto": "tem observado os teus testemunhos; Á, extrema-"
        }
      ]
    },
    {
      "palavra": "amolar",
      "veja tambem": [
        "afiar",
        "aguçar"
      ],
      "ocorrencias": 1,
      "fonte": "Strong's H3913 (לָטַשׁ/latash)",
      "concordancias": [
        {
          "referencia": "ISm 13.20",
          "texto": "descer aos filisteus para A., cada um a sua"
        }
      ]
    },
    {
      "palavra": "amoleça",
      "veja tambem": [],
      "ocorrencias": 1,
      "fonte": "",
      "concordancias": [
        {
          "referencia": "Deuteronômio 20.3",
          "texto": "os vossos inimigos; que se não Á. o vosso"
        }
      ]
    },
    {
      "palavra": "amoleces",
      "veja tambem": [],
      "ocorrencias": 1,
      "fonte": "",
      "concordancias": [
        {
          "referencia": "S165.10",
          "texto": "regulando a sua altura; tu a Á. com a muita"
        }
      ]
    },
    {
      "palavra": "abóbada",
      "veja tambem": [],
      "ocorrencias": 4,
      "fonte": "",
      "concordancias": [
        {
          "referencia": "Ezequiel 16.24",
          "texto": "que edificaste uma A. e fizeste lugares altos"
        },
        {
          "referencia": "Ezequiel 16.31",
          "texto": "Edificando tu a tua 4. ao canto de cada caminho"
        },
        {
          "referencia": "Ezequiel 16.39",
          "texto": "mãos, e derribarão a tua Å., e transtornarão"
        },
        {
          "referencia": "Amós 9.6",
          "texto": "câmaras no céu, e a sua À. fundou na terra,"
        }
      ]
    },
    {
      "palavra": "aboboreira",
      "veja tambem": [],
      "ocorrencias": 5,
      "fonte": "",
      "concordancias": [
        {
          "referencia": "Jonas 4.6",
          "texto": "o Senhor Deus nascer uma Á., que subiu por"
        },
        {
          "referencia": "Jonas 4.6",
          "texto": "e Jonas se alegrou em extremo por causa da Á.."
        },
        {
          "referencia": "Jonas 4.7",
          "texto": "subir da alva, o qual feriu a Á., e esta se secou."
        },
        {
          "referencia": "Jonas 4.9",
          "texto": "te enfades por causa da A.? E ele disse:"
        },
        {
          "referencia": "Jonas 4.10",
          "texto": "Tiveste compaixão da Á., na qual não"
        }
      ]
    },
    {
      "palavra": "abolido",
      "veja tambem": [
        "abolir"
      ],
      "ocorrencias": 1,
      "fonte": "",
      "concordancias": [
        {
          "referencia": "2 Coríntios 3.14",
          "texto": "do Velho Testamento, o qual foi por Cristo A.."
        }
      ]
    },
    {
      "palavra": "abolir",
      "veja tambem": [],
      "ocorrencias": 1,
      "fonte": "",
      "concordancias": [
        {
          "referencia": "G13.17",
          "texto": "depois, não o invalida, de forma a Á, a promessa."
        }
      ]
    },
    {
      "palavra": "aboliu",
      "veja tambem": [],
      "ocorrencias": 1,
      "fonte": "",
      "concordancias": [
        {
          "referencia": "2 Timóteo 1.10",
          "texto": "Salvador Jesus Cristo, o qual A. a morte e trouxe"
        }
      ]
    },
    {
      "palavra": "abomina",
      "veja tambem": [],
      "ocorrencias": 2,
      "fonte": "",
      "concordancias": [
        {
          "referencia": "Jó 33.20",
          "texto": "de modo que a sua vida Á. até o pão; e a sua"
        },
        {
          "referencia": "Provérbios 6.16",
          "texto": "aborrece o Senhor, e a sétima a sua alma Á.:"
        }
      ]
    }
  ]
}