{
  "a": [
    {
      "palavra": "amom",
      "veja tambem": [
        "nome",
        "filho",
        "ló",
        "naás"
      ],
      "ocorrencias": 124,
      "fonte": "Strong's H5983 (עַמּוֹן/Ammon)",
      "concordancias": [
        {
          "referencia": "Gênesis 19.38",
          "texto": "este é o pai dos filhos de A., até o dia de hoje."
        },
        {
          "referencia": "Números 21.24",
          "texto": "Jaboque, até aos filhos de À.; porquanto o termo"
        },
        {
          "referencia": "Números 21.24",
          "texto": "A,; porquanto o termo dos filhos de 4. era firme."
        },
        {
          "referencia": "Deuteronômio 2.19",
          "texto": "até defronte dos filhos de 4.; não os molestes e"
        },
        {
          "referencia": "Deuteronômio 2.19",
          "texto": "da terra dos filhos de 4. te não darei"
        },
        {
          "referencia": "Deuteronômio 2.37",
          "texto": "à terra dos filhos de À. não chegaste; nem a"
        },
        {
          "referencia": "Deuteronômio 3.11",
          "texto": "em Rabá dos filhos de A.? De nove côvados"
        },
        {
          "referencia": "Deuteronômio 3.16",
          "texto": "até ao ribeiro de Jaboque, o termo dos filhos de A.,"
        },
        {
          "referencia": "Josué 12.2",
          "texto": "e até ao ribeiro de Jaboque, termo dos filhos de A.;"
        },
        {
          "referencia": "Josué 13.10",
          "texto": "qu reinou em Hesbom, até ao termo dos filhos de A.;"
        },
        {
          "referencia": "Josué 13.25",
          "texto": "da terra dos filhos de A., até Aroer, que"
        },
        {
          "referencia": "Juízes 3.13",
          "texto": "consigo os filhos de 4. e os amalequitas, e"
        },
        {
          "referencia": "Juízes 10.6",
          "texto": "e aos deuses dos filhos de A., e aos deuses"
        },
        {
          "referencia": "Juízes 10.7",
          "texto": "em mão dos filisteus e em mão dos filhos de 4.."
        },
        {
          "referencia": "Juízes 10.9",
          "texto": "Até os filhos de 4. passaram o Jordão, para pelejar"
        },
        {
          "referencia": "Juízes 10.11",
          "texto": "e dos amorreus, e dos filhos de A., e dos Elisteus,"
        },
        {
          "referencia": "Juízes 10.17",
          "texto": "E os filhos de À. se convocaram e se puseram em"
        },
        {
          "referencia": "Juízes 10.18",
          "texto": "a pelejar contra os filhos de A.? Ele será por"
        },
        {
          "referencia": "Juízes 11.4",
          "texto": "de alguns dias, os filhos de A. pelejaram contra Israel."
        },
        {
          "referencia": "Juízes 11.5",
          "texto": "pois, que, como os filhos de 4. Ena contra"
        },
        {
          "referencia": "Juízes 11.6",
          "texto": "cabeça, para que combatamos contra os filhos de A.."
        },
        {
          "referencia": "Juízes 11.8",
          "texto": "combatas contra os filhos de Á., e nos sejas por"
        },
        {
          "referencia": "Juízes 11.9",
          "texto": "combater contra os filhos de A., e o Senhor mos der"
        },
        {
          "referencia": "Juízes 11.12",
          "texto": "ao rei dos filhos de A., dizendo: Que há"
        },
        {
          "referencia": "Juízes 11.13",
          "texto": "disse o rei dos filhos de A. aos mensageiros de"
        },
        {
          "referencia": "Juízes 11.14",
          "texto": "ainda em enviar mensageiros ao rei dos filhos de A.,"
        },
        {
          "referencia": "Juízes 11.15",
          "texto": "a terra dos moabitas nem a terra dos filhos de A.;"
        },
        {
          "referencia": "Juízes 11.27",
          "texto": "entre os filhos de Israel e entre os filhos de A.."
        },
        {
          "referencia": "Juízes 11.28",
          "texto": "Porém o rei dos filhos de A. não deu ouvidos às"
        },
        {
          "referencia": "Juízes 11.29",
          "texto": "e de Mispa de Gileade passou até aos filhos de A.."
        },
        {
          "referencia": "Juízes 11.30",
          "texto": "Se totalmente deres os filhos de A. na minha mão,"
        },
        {
          "referencia": "Juízes 11.31",
          "texto": "voltando eu dos filhos de A. em paz, isso será"
        },
        {
          "referencia": "Juízes 11.32",
          "texto": "Jefté passou aos filhos de A., a combater contra"
        },
        {
          "referencia": "Juízes 11.33",
          "texto": "foram subjugados os filhos de 4, diante dos filhos"
        },
        {
          "referencia": "Juízes 11.36",
          "texto": "Senhor te vingou dos teus inimigos, os filhos de A.."
        },
        {
          "referencia": "Juízes 12.1",
          "texto": "a combater contra os filhos de À. e não nos"
        },
        {
          "referencia": "Juízes 12.2",
          "texto": "contenda com os filhos de 4.; e chamei-vos, e não"
        },
        {
          "referencia": "Juízes 12.3",
          "texto": "mão e passei aos filhos de A., e o Senhor mos"
        },
        {
          "referencia": "1 Samuel 11.11",
          "texto": "vigília da manhã e ferirama A., até que o dia"
        },
        {
          "referencia": "1 Samuel 12.12",
          "texto": "que Naás, rei dos filhos de Á., vinha contra vós,"
        },
        {
          "referencia": "1 Samuel 14.47",
          "texto": "Moabe, e contra os filhos de A., e contra Edom, e"
        },
        {
          "referencia": "2 Samuel 3.2",
          "texto": "foi o seu primogênito Á., de Ainoã, a jezreelita;"
        },
        {
          "referencia": "2 Samuel 8.12",
          "texto": "e de Moabe, e dos filhos de A., e dos filisteus, e"
        },
        {
          "referencia": "2 Samuel 10.1",
          "texto": "morreu o rei dos filhos de A., e seu filho Hanum"
        },
        {
          "referencia": "2 Samuel 10.2",
          "texto": "e vieram os servos de Davi à terra dos filhos de A.."
        },
        {
          "referencia": "2 Samuel 10.3",
          "texto": "os príncipes dos filhos de Á. a seu senhor, Hanum:"
        },
        {
          "referencia": "2 Samuel 10.6",
          "texto": "Vendo, pois, os filhos de A. que se tinham feito"
        },
        {
          "referencia": "2 Samuel 10.6",
          "texto": "Davi, enviaram os filhos de À. e alugaram dos"
        },
        {
          "referencia": "2 Samuel 10.8",
          "texto": "E saíram os filhos de À. e ordenaram a batalha à"
        },
        {
          "referencia": "2 Samuel 10.10",
          "texto": "o qual o formou em linha contra os filhos de A.."
        },
        {
          "referencia": "2 Samuel 10.11",
          "texto": "em socorro; e, se os filhos de A. forem mais fortes"
        },
        {
          "referencia": "2 Samuel 10.14",
          "texto": "E, vendo os filhos de A. que os siros fugiam,"
        },
        {
          "referencia": "2 Samuel 10.14",
          "texto": "e voltou Joabe dos filhos de A. e veio para Jerusalém."
        },
        {
          "referencia": "2 Samuel 10.19",
          "texto": "e temeram os siros de socorrer mais aos filhos de"
        },
        {
          "referencia": "2 Samuel 11.1",
          "texto": "que destruíssem os filhos de Á. e cercassem"
        },
        {
          "referencia": "2 Samuel 12.9",
          "texto": "e a ele mataste com a espada dos filhos de A.."
        },
        {
          "referencia": "zani 12.26",
          "texto": "contra Rabá, dos filhos de A., e tomou a cidade"
        },
        {
          "referencia": "2 Samuel 12.31",
          "texto": "a todas as cidades dos filhos de A.. E voltou Davi"
        },
        {
          "referencia": "2 Samuel 17.27",
          "texto": "de Naás, de Rabá, dos filhos de Á., e Maquir, filho"
        },
        {
          "referencia": "1 Reis 11.7",
          "texto": "ea Moloque, a abominação dos filhos de A.."
        },
        {
          "referencia": "1 Reis 11.33",
          "texto": "e a Milcom, deus dos filhos de A., e não andaram"
        },
        {
          "referencia": "IRs 22.26",
          "texto": "e tornai a trazê-lo a Á., o chefe da cidade,"
        },
        {
          "referencia": "2 Reis 21.18",
          "texto": "casa, no jardim de Uzá; e A., seu filho, reinou"
        },
        {
          "referencia": "2 Reis 21.19",
          "texto": "Tinha À, vinte e dois anos de idade quando começou"
        },
        {
          "referencia": "2 Reis 21.23",
          "texto": "E os servos de À. conspiraram contra ele e mataram"
        },
        {
          "referencia": "2 Reis 21.24",
          "texto": "conspiraram contra o rei À.; eo povo da terra"
        },
        {
          "referencia": "2 Reis 21.25",
          "texto": "Quanto ao mais dos atos de Á., e a tudo quanto fez"
        },
        {
          "referencia": "Pi 23.13",
          "texto": "moabitas, e a Milcom, a abominação dos filhos de"
        },
        {
          "referencia": "2 Reis 24.2",
          "texto": "e as tropas dos filhos de A.; eas enviou"
        },
        {
          "referencia": "1 Crônicas 3.14",
          "texto": "e seu filho A,; e seu filho Josias."
        },
        {
          "referencia": "1 Crônicas 18.11",
          "texto": "dos moabitas, e dos filhos de A., e dos filisteus,"
        },
        {
          "referencia": "1 Crônicas 19.1",
          "texto": "que Naás, rei dos filhos de A., morreu, e seu"
        },
        {
          "referencia": "1 Crônicas 19.2",
          "texto": "de Davi à terra dos filhos de A., a Hanum, para"
        },
        {
          "referencia": "1 Crônicas 19.3",
          "texto": "os príncipes dos filhos de A. a Hanum: Porventura,"
        },
        {
          "referencia": "1 Crônicas 19.6",
          "texto": "Vendo, pois, os filhos de A. que se tinham feito"
        },
        {
          "referencia": "1 Crônicas 19.6",
          "texto": "enviou Hanum e os filhos de 4. mil talentos de"
        },
        {
          "referencia": "1 Crônicas 19.7",
          "texto": "de Medeba; também os filhos de A. se ajuntaram da:"
        },
        {
          "referencia": "1 Crônicas 19.9",
          "texto": "E, saindo os filhos de A., ordenaram a batalha à"
        },
        {
          "referencia": "1 Crônicas 19.11",
          "texto": "em ordem de batalha contra os filhos de A.."
        },
        {
          "referencia": "1 Crônicas 19.12",
          "texto": "e, se os filhos de 4. forem mais fortes"
        },
        {
          "referencia": "1 Crônicas 19.15",
          "texto": "Vendo, pois, os filhos de A. que os siros fugiram,"
        },
        {
          "referencia": "1 Crônicas 19.19",
          "texto": "siros nunca mais quiseram socorrer os filhos de A.."
        },
        {
          "referencia": "1 Crônicas 20.1",
          "texto": "e destruiu a terra dos filhos de A., e veio, e"
        },
        {
          "referencia": "1 Crônicas 20.3",
          "texto": "as cidades dos filhos de A.; então, voltou Davi,"
        },
        {
          "referencia": "2 Crônicas 18.25",
          "texto": "Micaías e tornai a levá-lo a Á., o governador da"
        },
        {
          "referencia": "2 Crônicas 20.1",
          "texto": "de Moabe, e os filhos de Á., e, com eles,"
        },
        {
          "referencia": "2 Crônicas 20.10",
          "texto": "pois, eis que os filhos de A, e de Moabe e os das"
        },
        {
          "referencia": "2 Crônicas 20.22",
          "texto": "contra os filhos de 4. e de Moabe e os das"
        },
        {
          "referencia": "2 Crônicas 20.23",
          "texto": "Porque os filhos de A. e de Moabe se levantaram"
        },
        {
          "referencia": "2 Crônicas 27.5",
          "texto": "contra o rei dos filhos de A. e prevaleceu sobre"
        },
        {
          "referencia": "2 Crônicas 27.5",
          "texto": "isso lhe trouxeram os filhos de Å. também no"
        },
        {
          "referencia": "2 Crônicas 33.20",
          "texto": "e o sepultaram em sua casa; Á., seu filho, reinou"
        },
        {
          "referencia": "2 Crônicas 33.21",
          "texto": "Era À, da idade de vinte e dois anos quando começou"
        },
        {
          "referencia": "2 Crônicas 33.22",
          "texto": "Manassés, seu pai, porque À, Elenco atodas"
        },
        {
          "referencia": "2 Crônicas 33.23",
          "texto": "se humilhara; antes, multiplicou Á, os seus delitos."
        },
        {
          "referencia": "2 Crônicas 33.25",
          "texto": "conspiraram contra o rei A. e o povo da terra fez"
        },
        {
          "referencia": "Neemias 7.59",
          "texto": "os filhos de Poquerete-Hazebaim, os filhos de A.."
        },
        {
          "referencia": "Isaías 11.14",
          "texto": "lançarão as mãos, e os filhos de A. lhes obedecerão."
        },
        {
          "referencia": "Jeremias 1.2",
          "texto": "nos dias de Josias, filho de A., rei de Judá, no"
        },
        {
          "referencia": "Jeremias 9.26",
          "texto": "ea Edom, e aos filhos de A., ea Moabe, ea"
        },
        {
          "referencia": "Jeremias 25.3",
          "texto": "treze de Josias, filho de A., rei de Judá, até"
        },
        {
          "referencia": "Tr 25.21",
          "texto": "e a Edom, e a Moabe, e aos filhos de À.;"
        },
        {
          "referencia": "Jeremias 27.3",
          "texto": "e ao rei dos filhos de A., e ao rei de Tiro,"
        },
        {
          "referencia": "Jeremias 40.11",
          "texto": "Moabe, e entre os filhos de A., e em Edom, e os"
        },
        {
          "referencia": "Jeremias 40.14",
          "texto": "Baalis, rei dos filhos de A., enviou a Ismael,"
        },
        {
          "referencia": "Jeremias 41.10",
          "texto": "de Netanias; e foi-se, para passar aos filhos de A.."
        },
        {
          "referencia": "Jeremias 41.15",
          "texto": "de diante de Joanã e se foi para os filhos de A.."
        },
        {
          "referencia": "Jeremias 46.25",
          "texto": "Israel: Eis que eu visitare A, de Nô, e a Faraó, e"
        },
        {
          "referencia": "Jeremias 49.1",
          "texto": "Contra os filhos de A.. Assim diz o Senhor: Acaso,"
        },
        {
          "referencia": "Jeremias 49.2",
          "texto": "ouvir em Rabá dos filhos de A. o alarido de"
        },
        {
          "referencia": "Jeremias 49.6",
          "texto": "voltar os cativos dos filhos de A., diz o Senhor."
        },
        {
          "referencia": "Ezequiel 21.20",
          "texto": "contra Rabá dos filhos de 4. e contra Judá, em"
        },
        {
          "referencia": "Ezequiel 21.28",
          "texto": "Jeová acerca dos filhos de A, e acerca do seu"
        },
        {
          "referencia": "Ezequiel 25.2",
          "texto": "o rosto contra os filhos de A. e profetiza contra eles."
        },
        {
          "referencia": "Ezequiel 25.3",
          "texto": "E dize aos filhos de A.: Ouvi a palavra do Senhor"
        },
        {
          "referencia": "Ezequiel 25.5",
          "texto": "de camelos e dos filhos de A., um curral de"
        },
        {
          "referencia": "Ezequiel 25.10",
          "texto": "à terra dos filhos de A., a qual entregarei"
        },
        {
          "referencia": "Ezequiel 25.10",
          "texto": "não haja memória dos filhos de 4. entre as nações."
        },
        {
          "referencia": "Daniel 11.41",
          "texto": "Edom, e Moabe, e as primícias dos filhos de Å.."
        },
        {
          "referencia": "Amós 1.13",
          "texto": "transgressões dos filhos de A. e por quatro, não"
        },
        {
          "referencia": "Sofonias 1.1",
          "texto": "nos dias de Josias, filho de A., rei de Judá"
        },
        {
          "referencia": "Sofonias 2.8",
          "texto": "palavras dos filhos de Á., com que escarneceram"
        },
        {
          "referencia": "Sofonias 2.9",
          "texto": "como Sodoma, e os filhos de A., como Gomorra,"
        },
        {
          "referencia": "Mateus 1.10",
          "texto": "e Manassés gerou a A., e A. gerou a Josias,"
        }
      ]
    }
  ]
}