{
  "a": [
    {
      "palavra": "amonita",
      "veja tambem": [
        "amom",
        "naás",
        "naamá"
      ],
      "ocorrencias": 12,
      "fonte": "Strong's H5984 (עַמּוֹנִי/Ammoniy)",
      "concordancias": [
        {
          "referencia": "Deuteronômio 23.3",
          "texto": "Nenhum A. ou moabita entrará na congregação do"
        },
        {
          "referencia": "1 Samuel 11.1",
          "texto": "Então, subiu Naás, Á., e sitiou a Jabes-Gileade;"
        },
        {
          "referencia": "1 Samuel 11.2",
          "texto": "Porém Naás, Á., lhes disse: Com esta condição,"
        },
        {
          "referencia": "2 Samuel 23.37",
          "texto": "Zeleque, A.; Naarai, beerotita, o que trazia as"
        },
        {
          "referencia": "IRs 14.21",
          "texto": "ali o seu nome; e era o nome de sua mãe Naamá,"
        },
        {
          "referencia": "IRs 14.31",
          "texto": "era o nome de sua mãe Naamá, 4.; e Abias, seu"
        },
        {
          "referencia": "1 Crônicas 11.39",
          "texto": "Zeleque, o A.; Naarai, o berotita, escudeiro de"
        },
        {
          "referencia": "2 Crônicas 12.13",
          "texto": "ali o seu nome; e era o nome de sua mãe Naamá, Á.."
        },
        {
          "referencia": "2 Crônicas 24.26",
          "texto": "Zabade, filho de Simeate, a A., e Jozabade,"
        },
        {
          "referencia": "Neemias 2.10",
          "texto": "o horonita, e Tobias, o servo Á., lhes"
        },
        {
          "referencia": "Neemias 2.19",
          "texto": "o horonita, e Tobias, o servo Á., e Gesém, o"
        },
        {
          "referencia": "Neemias 4.3",
          "texto": "E estava com ele Tobias, o A., e disse: Ainda"
        }
      ]
    },
    {
      "palavra": "amonitas",
      "veja tambem": [
        "amonita"
      ],
      "ocorrencias": 9,
      "fonte": "Strong's H5984 (עַמּוֹנִי/Ammoniy)",
      "concordancias": [
        {
          "referencia": "Deuteronômio 2.20",
          "texto": "nela habitavam gigantes, e os A. lhes chamavam zan-"
        },
        {
          "referencia": "IRs 11.1",
          "texto": "da filha de Faraó, moabitas, Á., edomitas,"
        },
        {
          "referencia": "IRs 11.5",
          "texto": "e em seguimento de Milcom, a abominação dos A.."
        },
        {
          "referencia": "2 Crônicas 20.1",
          "texto": "e, com eles, alguns outros dos A. vieram à"
        },
        {
          "referencia": "2 Crônicas 26.8",
          "texto": "E os À. deram presentes a Uzias, e o seu renome"
        },
        {
          "referencia": "Esdras 9.1",
          "texto": "dos ferezeus, dos jebuseus, dos A., dos"
        },
        {
          "referencia": "Neemias 4.7",
          "texto": "e Tobias, e os PR rea eos Á., eos"
        },
        {
          "referencia": "Neemias 13.1",
          "texto": "achou-se escrito nele que os À. e os moabitas"
        },
        {
          "referencia": "Neemias 13.23",
          "texto": "casado com mulheres asdoditas, A. e moabitas."
        }
      ]
    },
    {
      "palavra": "amontoa",
      "veja tambem": [
        "amontoar"
      ],
      "ocorrencias": 2,
      "fonte": "Strong's H7760 (שָׂוּם/sum)",
      "concordancias": [
        {
          "referencia": "S141.6",
          "texto": "coisas vás; no seu coração A. a maldade; em"
        },
        {
          "referencia": "Ezequiel 24.10",
          "texto": "A. muita lenha, acende o fogo, consome a carne e"
        }
      ]
    },
    {
      "palavra": "amontoada",
      "veja tambem": [
        "amontoar"
      ],
      "ocorrencias": 1,
      "fonte": "Strong's H7760 (שָׂוּם/sum)",
      "concordancias": [
        {
          "referencia": "Jó 22.25",
          "texto": "o Todo-Poderoso te será por ouro e por prata Á.."
        }
      ]
    },
    {
      "palavra": "amontoados",
      "veja tambem": [
        "amontoar"
      ],
      "ocorrencias": 1,
      "fonte": "Strong's H7760 (שָׂוּם/sum)",
      "concordancias": [
        {
          "referencia": "Isaías 24.22",
          "texto": "E serão À. como presos em uma masmorra, e"
        }
      ]
    },
    {
      "palavra": "amontoam",
      "veja tambem": [
        "amontoar"
      ],
      "ocorrencias": 2,
      "fonte": "Strong's H7760 (שָׂוּם/sum)",
      "concordancias": [
        {
          "referencia": "Jó 36.13",
          "texto": "E os hipócritas de coração Á. para sia ira; e"
        },
        {
          "referencia": "S139.6",
          "texto": "verdade, em vão se inquietam; A. riquezas e"
        }
      ]
    },
    {
      "palavra": "amontoando",
      "veja tambem": [
        "amontoar"
      ],
      "ocorrencias": 1,
      "fonte": "Strong's H7760 (שָׂוּם/sum)",
      "concordancias": [
        {
          "referencia": "Habacuque 1.10",
          "texto": "todas as fortalezas, porque, A. terra, as tomarão."
        }
      ]
    },
    {
      "palavra": "amontoar",
      "veja tambem": [
        "acumular"
      ],
      "ocorrencias": 1,
      "fonte": "Strong's H7760 (שָׂוּם/sum)",
      "concordancias": [
        {
          "referencia": "Jó 27.16",
          "texto": "Se 4. prata como pó, e aparelhar vestes como lodo,"
        }
      ]
    },
    {
      "palavra": "amontoaram-se",
      "veja tambem": [
        "amontoar"
      ],
      "ocorrencias": 1,
      "fonte": "Strong's H7760 (שָׂוּם/sum)",
      "concordancias": [
        {
          "referencia": "Êxodo 15.8",
          "texto": "o sopro dos teus narizes, À. as águas;"
        }
      ]
    },
    {
      "palavra": "amontoarás",
      "veja tambem": [
        "amontoar"
      ],
      "ocorrencias": 3,
      "fonte": "Strong's H7760 (שָׂוּם/sum)",
      "concordancias": [
        {
          "referencia": "Jó 22.24",
          "texto": "Então, Á. ouro como pó e o ouro de Ofir, como"
        },
        {
          "referencia": "Provérbios 25.22",
          "texto": "porque, assim, brasas lhe Á. sobre a cabeça;"
        },
        {
          "referencia": "Romanos 12.20",
          "texto": "de beber; porque, fazendo isto, A. brasas"
        }
      ]
    },
    {
      "palavra": "amontoaria",
      "veja tambem": [
        "amontoar"
      ],
      "ocorrencias": 1,
      "fonte": "Strong's H7760 (שָׂוּם/sum)",
      "concordancias": [
        {
          "referencia": "Jó 16.4",
          "texto": "em lugar da minha alma? Ou Å. palavras"
        }
      ]
    },
    {
      "palavra": "amontoas",
      "veja tambem": [
        "amontoar"
      ],
      "ocorrencias": 1,
      "fonte": "Strong's H7760 (שָׂוּם/sum)",
      "concordancias": [
        {
          "referencia": "Jó 14.17",
          "texto": "está selada num saco, e Á. as minhas iniquidades."
        }
      ]
    },
    {
      "palavra": "amontoe",
      "veja tambem": [
        "amontoar"
      ],
      "ocorrencias": 1,
      "fonte": "Strong's H7760 (שָׂוּם/sum)",
      "concordancias": [
        {
          "referencia": "Eclesiastes 2.26",
          "texto": "trabalho, para que ele ajunte, e A., e o dêao"
        }
      ]
    },
    {
      "palavra": "amontoei",
      "veja tambem": [
        "amontoar"
      ],
      "ocorrencias": 1,
      "fonte": "Strong's H7760 (שָׂוּם/sum)",
      "concordancias": [
        {
          "referencia": "Eclesiastes 2.8",
          "texto": "A. também para mim prata, e ouro, e joias de"
        }
      ]
    },
    {
      "palavra": "amontoem",
      "veja tambem": [
        "amontoar"
      ],
      "ocorrencias": 1,
      "fonte": "Strong's H7760 (שָׂוּם/sum)",
      "concordancias": [
        {
          "referencia": "Gênesis 41.35",
          "texto": "destes bons anos, que vêm, e À. trigo debaixo"
        }
      ]
    },
    {
      "palavra": "amontoou",
      "veja tambem": [
        "amon-"
      ],
      "ocorrencias": 1,
      "fonte": "Strong's H7760 (שָׂוּם/sum)",
      "concordancias": [
        {
          "referencia": "Zacarias 9.3",
          "texto": "para si fortalezas e A. prata como o pó e"
        }
      ]
    },
    {
      "palavra": "amoque",
      "veja tambem": [],
      "ocorrencias": 2,
      "fonte": "Strong's H7760 (שָׂוּם/sum)",
      "concordancias": [
        {
          "referencia": "Neemias 12.7",
          "texto": "Salu, A., Hilquias"
        },
        {
          "referencia": "Neemias 12.20",
          "texto": "de Salai, Calai; de"
        }
      ]
    }
  ]
}