{
  "a": [
    {
      "palavra": "amor",
      "veja tambem": [
        "amar",
        "caridade",
        "afeto",
        "bondade"
      ],
      "ocorrencias": 258,
      "fonte": "Strong's H160 (אַהֲבָה/ahabah)",
      "concordancias": [
        {
          "referencia": "Top 172",
          "texto": "posição; Palavras Relacionadas: (amores-8); Total de re-"
        },
        {
          "referencia": "Gênesis 12.13",
          "texto": "por tua causa, e que viva a minha alma por À. de ti."
        },
        {
          "referencia": "Gênesis 12.16",
          "texto": "É fez bem a Abrão por À. dela; e ele teve ovelhas,"
        },
        {
          "referencia": "Gênesis 18.26",
          "texto": "dentro da cidade, pouparei todo o lugar por A. deles."
        },
        {
          "referencia": "Gênesis 18.29",
          "texto": "quarenta? E disse: Não o farei, BOCA dos quarenta."
        },
        {
          "referencia": "Gênesis 18.31",
          "texto": "vinte? E disse: Não a destruirei, por A. dos vinte."
        },
        {
          "referencia": "Gênesis 18.32",
          "texto": "ali dez? E disse: Não a destruirei, por À. dos dez."
        },
        {
          "referencia": "Gênesis 20.11",
          "texto": "lugar, e eles me matarão por 4. da minha mulher."
        },
        {
          "referencia": "Gênesis 26.7",
          "texto": "matem os varões daquele lugar por A. de Rebeca;"
        },
        {
          "referencia": "Gênesis 26.24",
          "texto": "multiplicarei a tua semente por Á. de Abraão, meu"
        },
        {
          "referencia": "çn 30.27",
          "texto": "experimentado que o Senhor me abençoou por 4,"
        },
        {
          "referencia": "Gênesis 39.5",
          "texto": "a casa do egípcio por A. de José; e a bênção"
        },
        {
          "referencia": "Êxodo 18.8",
          "texto": "a Faraó e aos egípcios por À. de Israel, e todo o"
        },
        {
          "referencia": "Levítico 26.45",
          "texto": "Antes, por À, deles, me lembrarei do concerto com"
        },
        {
          "referencia": "Deuteronômio 13.6",
          "texto": "tua filha, ou a mulher do teu A., ou teu amigo,"
        },
        {
          "referencia": "Deuteronômio 28.54",
          "texto": "e contra a mulher de seu A., e contra os demais"
        },
        {
          "referencia": "Deuteronômio 28.56",
          "texto": "olho contra o homem de seu A., e contra seu"
        },
        {
          "referencia": "Juízes 16.15",
          "texto": "disse: Como dirás: Tenho-te Á., não estando"
        },
        {
          "referencia": "Juízes 21.22",
          "texto": "nós lhes diremos: Por A. de nós, tende"
        },
        {
          "referencia": "1 Samuel 20.17",
          "texto": "o amava; porque o amava com todo o À. da sua"
        },
        {
          "referencia": "2 Samuel 1.26",
          "texto": "Mais maravilhoso me era o teu A. do que o À. das"
        },
        {
          "referencia": "2 Samuel 1.26",
          "texto": "me era o teu À, do que o A. das mulheres."
        },
        {
          "referencia": "2 Samuel 5.12",
          "texto": "Israel e que exaltara o seu reino por Á. do seu povo."
        },
        {
          "referencia": "2 Samuel 6.12",
          "texto": "e tudo quanto tem, por 4. da arca de Deus;"
        },
        {
          "referencia": "2 Samuel 9.1",
          "texto": "de Saul, para que lhe faça bem por A. de Jônatas?"
        },
        {
          "referencia": "2 Samuel 9.7",
          "texto": "contigo de beneficência por À. de Jônatas, teu"
        },
        {
          "referencia": "zom 12.25",
          "texto": "e este chamou o seu nome Jedidias, por Á. do Se-"
        },
        {
          "referencia": "2 Samuel 18.5",
          "texto": "Brandamente tratai por A. de mim ao jovem,"
        },
        {
          "referencia": "IRs 8.41",
          "texto": "porém vier de terras remotas, por À. do teu nome"
        },
        {
          "referencia": "1 Reis 11.2",
          "texto": "os seus deuses. A estas se uniu Salomão com A.."
        },
        {
          "referencia": "1 Reis 11.12",
          "texto": "teus dias não o farei, por A. de Davi, teu pai;"
        },
        {
          "referencia": "1 Reis 11.13",
          "texto": "tribo darei a teu filho, por A. de meu servo Davi e"
        },
        {
          "referencia": "1 Reis 11.13",
          "texto": "A. de meu servo Davi e por Å, de Jerusalém, que"
        },
        {
          "referencia": "IRs 11.32",
          "texto": "ele terá uma tribo, por A. de Davi, meu servo,"
        },
        {
          "referencia": "IRs 11.32",
          "texto": "de Davi, meu servo, e por A, de Jerusalém, a"
        },
        {
          "referencia": "1 Reis 11.34",
          "texto": "os dias da sua vida, por A. de Davi, meu servo,"
        },
        {
          "referencia": "1 Reis 15.4",
          "texto": "Mas, por À. de Davi, o Senhor lhe deu uma lâmpada"
        },
        {
          "referencia": "2 Reis 8.19",
          "texto": "quis destruir a Judá por À. de Davi, seu servo,"
        },
        {
          "referencia": "2 Reis 13.23",
          "texto": "e tornou para eles, por Á. do seu concerto"
        },
        {
          "referencia": "2 Reis 19.34",
          "texto": "cidade, para a livrar, por À. de mim e por À."
        },
        {
          "referencia": "2 Reis 19.34",
          "texto": "a livrar, por A. de mim e por Á. do meu servo Davi."
        },
        {
          "referencia": "2 Reis 20.6",
          "texto": "e ampararei esta cidade por À, de mim e por 4."
        },
        {
          "referencia": "2 Reis 20.6",
          "texto": "cidade por À. de mim e por A. de Davi, meu servo."
        },
        {
          "referencia": "1 Crônicas 14.2",
          "texto": "se tinha muito exaltado por À. do seu povo Israel."
        },
        {
          "referencia": "1 Crônicas 16.21",
          "texto": "que os oprimisse e, por A. deles, repreendeu"
        },
        {
          "referencia": "1 Crônicas 17.19",
          "texto": "Ó Senhor, por À. de teu servo e segundo o teu"
        },
        {
          "referencia": "2 Crônicas 6.32",
          "texto": "vier de terras remotas por À. do teu grande nome,"
        },
        {
          "referencia": "S123.3",
          "texto": "guia-me pelas veredas da justiça por Á. do seu nome."
        },
        {
          "referencia": "S125.11",
          "texto": "Por Á. do teu nome, Senhor, perdoa a minha"
        },
        {
          "referencia": "S179.9",
          "texto": "e perdoa os nossos pecados, por Á. do teu nome."
        },
        {
          "referencia": "S1109.5",
          "texto": "Deram-me mal pelo bem e ódio pelo meu A.."
        },
        {
          "referencia": "S1115.1",
          "texto": "mas ao teu nome dá glória, por Á. da tua"
        },
        {
          "referencia": "Salmos 132.10",
          "texto": "Por À, de Davi, teu servo, não faças virar o rosto"
        },
        {
          "referencia": "SI 143.11",
          "texto": "Vivifica-me, ó Senhor, por À. do teu nome; por A."
        },
        {
          "referencia": "Provérbios 5.19",
          "texto": "em todo o tempo; e pelo seu A, sé atraído perpetua-"
        },
        {
          "referencia": "Provérbios 10.12",
          "texto": "excita contendas, mas o Á. cobre todas as transgres-"
        },
        {
          "referencia": "Provérbios 15.17",
          "texto": "de hortaliça onde há À. do que o boi gordo e,"
        },
        {
          "referencia": "Provérbios 27.5",
          "texto": "Melhor é a repreensão aberta do que o A. encoberto."
        },
        {
          "referencia": "Eclesiastes 9.1",
          "texto": "que o homem não conhece nem o À. nem o ódio; tudo"
        },
        {
          "referencia": "Eclesiastes 9.6",
          "texto": "Até o seu Á., o seu ódio e a sua inveja já"
        },
        {
          "referencia": "Cânticos 1.2",
          "texto": "da sua boca; porque melhor é o seu 4. do que o vinho."
        },
        {
          "referencia": "Cânticos 14",
          "texto": "e nos alegraremos; do teu A. nos lembraremos,"
        },
        {
          "referencia": "Cânticos 2.4",
          "texto": "sala do banquete, e o seu estandarte em mim era o A.."
        },
        {
          "referencia": "Cânticos 2.5",
          "texto": "confortai-me com maçãs, porque desfaleço de A.."
        },
        {
          "referencia": "Cânticos 2.7",
          "texto": "não acordeis nem desperteis o meu A., até que queira."
        },
        {
          "referencia": "Cânticos 3.5",
          "texto": "não acordeis nem desperteis o meu Á., até que queira."
        },
        {
          "referencia": "Cânticos 3.10",
          "texto": "o interior revestido com A. pelas filhas de Jerusalém."
        },
        {
          "referencia": "Cânticos 5.4",
          "texto": "da porta, e o meu coração estremeceu por À. dele."
        },
        {
          "referencia": "Cânticos 5.8",
          "texto": "o meu amado, lhe digais que estou enferma de A.."
        },
        {
          "referencia": "Cânticos 7.6",
          "texto": "Quão formosa e quão aprazível és, ó Á, em delícias!"
        },
        {
          "referencia": "Cânticos 7.12",
          "texto": "já brotam as romeiras; ali te darei o meu grande A.."
        },
        {
          "referencia": "Cânticos 84",
          "texto": "não acordeis nem desperteis o meu A., até que queira."
        },
        {
          "referencia": "Cânticos 8.6",
          "texto": "sobre o teu braço, porque o À. é forte como a"
        },
        {
          "referencia": "Cânticos 8.7",
          "texto": "não poderiam apagar esse Á. nem os rios afogá-lo;"
        },
        {
          "referencia": "Cânticos 8.7",
          "texto": "de sua casa por este Á., certamente a desprezariam."
        },
        {
          "referencia": "Isaías 37.35",
          "texto": "cidade, para a livrar, por 4. de mim e por À."
        },
        {
          "referencia": "Isaías 37.35",
          "texto": "a livrar, por Á. de mim e por A. do meu servo Davi."
        },
        {
          "referencia": "Isaías 42.21",
          "texto": "se agradava dele por À. da sua justiça;"
        },
        {
          "referencia": "Isaías 43.14",
          "texto": "o Santo de Israel: Por 4. de vós, enviei"
        },
        {
          "referencia": "Isaías 43.25",
          "texto": "as tuas transgressões por À. de mim e dos teus"
        },
        {
          "referencia": "Isaías 45.4",
          "texto": "Por À. de meu servo Jacó e de Israel, meu eleito,"
        },
        {
          "referencia": "Isaías 48.9",
          "texto": "Por À. do meu nome, retardarei a minha ira e, por"
        },
        {
          "referencia": "Isaías 48.9",
          "texto": "a minha ira e, por 4. do meu louvor, me"
        },
        {
          "referencia": "Isaías 48.11",
          "texto": "Por 4. de mim, por 4. de mim, o farei, porque"
        },
        {
          "referencia": "Isaías 49.7",
          "texto": "diante de ti se inclinarão, por A. do Senhor,"
        },
        {
          "referencia": "Isaías 54.15",
          "texto": "mim; quem se ajuntar contra ti, cairá por À. de ti."
        },
        {
          "referencia": "Isaías 55.5",
          "texto": "correrá para ti, por Á. do Senhor, teu"
        },
        {
          "referencia": "Isaías 62.1",
          "texto": "Por A. de Sião, me não calarei e, por À. de"
        },
        {
          "referencia": "Isaías 62.1",
          "texto": "Sião, me não calarei e, por A. de Jerusalém, me"
        },
        {
          "referencia": "Isaías 63.9",
          "texto": "presença os salvou; pelo seu Á. e pela sua"
        },
        {
          "referencia": "Isaías 63.17",
          "texto": "te não temamos? Faz voltar, por Á. dos teus"
        },
        {
          "referencia": "Isaías 65.8",
          "texto": "há bênção nele, assim farei por A. de meus servos,"
        },
        {
          "referencia": "Isaías 66.5",
          "texto": "que para longe vos lançam por A. do meu nome,"
        },
        {
          "referencia": "Jeremias 2.2",
          "texto": "da tua mocidade e do Å. dos teus"
        },
        {
          "referencia": "Jeremias 2.33",
          "texto": "caminho, para buscares o A,! De sorte que até às"
        },
        {
          "referencia": "Jeremias 14.7",
          "texto": "nós, ó Senhor, opera tu por À. do teu nome; porque"
        },
        {
          "referencia": "Jeremias 14.21",
          "texto": "Não nos rejeites por À. do teu nome; não abatas o"
        },
        {
          "referencia": "Jeremias 15.15",
          "texto": "tua longanimidade; sabe que, por A. de ti, tenho"
        },
        {
          "referencia": "Jeremias 31.3",
          "texto": "me apareceu, dizendo: Com À. eterno te amei;"
        },
        {
          "referencia": "Ezequiel 20.9",
          "texto": "O que fiz, porém, foi por A. do meu nome, para que"
        },
        {
          "referencia": "Ezequiel 20.14",
          "texto": "O que fiz, porém, foi por À. do meu nome, para que"
        },
        {
          "referencia": "Ezequiel 20.22",
          "texto": "contive a mão e o fiz por 4. do meu nome, para que"
        },
        {
          "referencia": "Ezequiel 20.44",
          "texto": "proceder para convosco por À. do meu nome, não"
        },
        {
          "referencia": "Ezequiel 23.11",
          "texto": "Oolibá, corrompeu o seu Á. mais do que ela, e"
        },
        {
          "referencia": "Ezequiel 23.40",
          "texto": "e eis que vieram; por À. deles te"
        },
        {
          "referencia": "Ezequiel 36.21",
          "texto": "Mas eu os poupei por À. do meu santo nome, que a"
        },
        {
          "referencia": "Ezequiel 36.32",
          "texto": "Não é por À. de vós que eu faço isso, diz o Senhor"
        },
        {
          "referencia": "Daniel 9.17",
          "texto": "faze resplandecer o teu rosto, por À. do Senhor."
        },
        {
          "referencia": "Daniel 9.19",
          "texto": "e opera sem tardar; por 4. de ti mesmo, ó"
        },
        {
          "referencia": "Daniel 11.37",
          "texto": "pais, nem terá respeito ao 4. das mulheres, nem a"
        },
        {
          "referencia": "Oséias 11.4",
          "texto": "humanas, com cordas de A.; e fui para eles"
        },
        {
          "referencia": "Sofonias 3.17",
          "texto": "com alegria; calar-se-á por seu Á., regozijar-se-á"
        },
        {
          "referencia": "Mateus 10.39",
          "texto": "e quem perder a sua vida por À. de mim achá-la-á."
        },
        {
          "referencia": "Mateus 16.25",
          "texto": "e quem perder a sua vida por À. de mim achá-la-á."
        },
        {
          "referencia": "Mateus 19.29",
          "texto": "mulher, ou filhos, ou terras, por Á. do meu nome,"
        },
        {
          "referencia": "Mateus 24.12",
          "texto": "multiplicar a iniquidade, o A. de muitos se esfriará."
        },
        {
          "referencia": "Marcos 8.35",
          "texto": "que perder a sua vida por À. de mim e do"
        },
        {
          "referencia": "Marcos 10.29",
          "texto": "ou mulher, ou filhos, ou campos, por À. de mim e"
        },
        {
          "referencia": "Marcos 13.9",
          "texto": "ante governadores e reis, por À. de mim, para lhes"
        },
        {
          "referencia": "Marcos 13.13",
          "texto": "aborrecidos por todos por Á. do meu nome; mas"
        },
        {
          "referencia": "Lucas 9.24",
          "texto": "mas qualquer que, por A. de mim, perder a"
        },
        {
          "referencia": "Lucas 11.42",
          "texto": "e desprezais o Juízo e o À. de Deus!"
        },
        {
          "referencia": "Lucas 21.12",
          "texto": "presença de reis e governadores, por À. do meu nome"
        },
        {
          "referencia": "Jó 5.42",
          "texto": "bem vos conheço, que não tendes em vós o À. de Deus."
        },
        {
          "referencia": "Jó 11.15",
          "texto": "e folgo, por A. de vós, de que eu lá não estivesse,"
        },
        {
          "referencia": "Jó 12.30",
          "texto": "Não veio esta voz por À. de mim, mas por Å."
        },
        {
          "referencia": "Jó 12.30",
          "texto": "Não veio esta voz por A. de mim, mas por 4. de vós."
        },
        {
          "referencia": "Jó 15.9",
          "texto": "amou, também eu vos amei a vós; permanecei no meu"
        },
        {
          "referencia": "Jó 15.10",
          "texto": "permanecereis no meu 4., do mesmo modo que"
        },
        {
          "referencia": "Jó 15.10",
          "texto": "os mandamentos de meu Pai e permaneço no seu A."
        },
        {
          "referencia": "Jó 15.13",
          "texto": "Ninguém tem maior A. do ue este: de dar alguém a"
        },
        {
          "referencia": "Jó 17.26",
          "texto": "conhecer mais, para que o À. com que me tens"
        },
        {
          "referencia": "Romanos 5.5",
          "texto": "traz confusão, porquanto o À. de Deus está"
        },
        {
          "referencia": "Romanos 5.8",
          "texto": "Mas Deus prova o seu À, para conosco em que Cristo"
        },
        {
          "referencia": "Romanos 8.35",
          "texto": "Quem nos separará do A de Cristo? A tribulação, ou"
        },
        {
          "referencia": "Romanos 8.36",
          "texto": "Como está escrito: Por 4. de ti somos entregues à"
        },
        {
          "referencia": "Romanos 8.39",
          "texto": "nos poderá separar do Á. de Deus, que está"
        },
        {
          "referencia": "Romanos 9.3",
          "texto": "ser separado de Cristo, por A. de meus irmãos, que"
        },
        {
          "referencia": "Romanos 1290",
          "texto": "A. seja não fingido. Aborrecei o mal e apegai-vos"
        },
        {
          "referencia": "Romanos 12.10",
          "texto": "uns aos outros com Á, fraternal,"
        },
        {
          "referencia": "Romanos 13.8",
          "texto": "coisa alguma, a não ser o Á. com que vos ameis"
        },
        {
          "referencia": "Romanos 13.100",
          "texto": "4. não faz mal ao próximo; de sorte que o"
        },
        {
          "referencia": "Romanos 13.10",
          "texto": "ao próximo; de sorte que o cumprimento da lei é"
        },
        {
          "referencia": "Romanos 14.15",
          "texto": "já não andas conforme o Á.. Não destruas por"
        },
        {
          "referencia": "Romanos 15.30",
          "texto": "Senhor Jesus Cristo e pelo À. do Espírito, que"
        },
        {
          "referencia": "1 Coríntios 46",
          "texto": "a mim ea Apolo, por À. de vós, para"
        },
        {
          "referencia": "1 Coríntios 4.10",
          "texto": "Nós somos loucos por A. de Cristo, e vós, sábios em"
        },
        {
          "referencia": "o 4.21",
          "texto": "convosco com vara ou com À. e espírito de mansi:"
        },
        {
          "referencia": "1 Coríntios 8.1",
          "texto": "temos ciência. A ciência incha, mas o Å. edifica."
        },
        {
          "referencia": "1 Coríntios 13.1",
          "texto": "e dos anjos e não tivesse Á., seria como o metal"
        },
        {
          "referencia": "1 Coríntios 13.2",
          "texto": "os montes, e não tivesse Á., nada seria."
        },
        {
          "referencia": "1 Coríntios 13.3",
          "texto": "ser queimado, e não tivesse A., nada disso me apro-"
        },
        {
          "referencia": "1 Coríntios 13.4",
          "texto": "O À, é sofredor, é benigno; o À. não é invejoso;"
        },
        {
          "referencia": "1 Coríntios 13.4",
          "texto": "0 A. não é invejoso; o À. não trata com"
        },
        {
          "referencia": "1 Coríntios 13.80",
          "texto": "A. nunca falha; mas, havendo profecias, serão"
        },
        {
          "referencia": "lCo 13.13",
          "texto": "a fé, a esperança eo Á., estes três; mas o"
        },
        {
          "referencia": "1 Coríntios 13.13",
          "texto": "eo Á., estes três; mas o maior destes éo A.."
        },
        {
          "referencia": "1 Coríntios 14.1",
          "texto": "Segui o À. e procurai com zelo os dons espirituais,"
        },
        {
          "referencia": "1 Coríntios 16.14",
          "texto": "Todas as vossas coisas sejam feitas com A.."
        },
        {
          "referencia": "1 Coríntios 16.24",
          "texto": "O meu Á, seja com todos vós, em Cristo Jesus."
        },
        {
          "referencia": "2 Coríntios 2.4",
          "texto": "mas para que conhecêsseis o À. que"
        },
        {
          "referencia": "2 Coríntios 2.8",
          "texto": "que vos rogo que confirmeis para com ele o vosso A.."
        },
        {
          "referencia": "2 Coríntios 2.10",
          "texto": "se é que tenho perdoado, por A. de vós o fiz na"
        },
        {
          "referencia": "2 Coríntios 4.5",
          "texto": "e nós mesmos somos vossos servos, por À. de Jesus."
        },
        {
          "referencia": "2 Coríntios 4.11",
          "texto": "sempre entregues à morte por 4, de Jesus, para que"
        },
        {
          "referencia": "2 Coríntios 4.15",
          "texto": "Porque tudo isso é por À. de vós, para que a graça,"
        },
        {
          "referencia": "2 Coríntios 5.14",
          "texto": "Porque o À, de Cristo nos constrange, julgando nós"
        },
        {
          "referencia": "2 Coríntios 6.6",
          "texto": "na benignidade, no Espírito Santo, no A. não fingido,"
        },
        {
          "referencia": "2 Coríntios 8.7",
          "texto": "em toda diligência, e em vosso À. para conosco,"
        },
        {
          "referencia": "2 Coríntios 8.8",
          "texto": "diligência dos outros, a sinceridade do vosso A.;"
        },
        {
          "referencia": "2 Coríntios 8.9",
          "texto": "Cristo, que, sendo rico, por A. de vós se fez"
        },
        {
          "referencia": "2 Coríntios 8.24",
          "texto": "das igrejas, a prova do vosso Á. e da nossa glória"
        },
        {
          "referencia": "2 Coríntios 12.10",
          "texto": "nas angústias, por À. de Cristo."
        },
        {
          "referencia": "2 Coríntios 13.11",
          "texto": "vivei em paz; eo Deus de À, e de paz será convosco."
        },
        {
          "referencia": "2 Coríntios 13.13",
          "texto": "do Senhor Jesus Cristo, e o À. de Deus, e a"
        },
        {
          "referencia": "G15.6",
          "texto": "têm virtude alguma, mas, sim, a fé que opera por Á.."
        },
        {
          "referencia": "Gálatas 5.13",
          "texto": "à carne, mas servi-vos uns aos outros pelo À."
        },
        {
          "referencia": "Gálatas 5.22",
          "texto": "Mas o fruto do Espírito é: Á., gozo, paz,"
        },
        {
          "referencia": "Efésios 1.4",
          "texto": "fôssemos santos e irrepreensíveis diante dele em Á.,"
        },
        {
          "referencia": "Efésios 1.15",
          "texto": "no Senhor Jesus e o vosso À. para com todos os santos,"
        },
        {
          "referencia": "Efésios 2.4",
          "texto": "em misericórdia, pelo seu muito Á. com que nos amou,"
        },
        {
          "referencia": "Efésios 3.19",
          "texto": "e conhecer o A. de Cristo, que excede todo"
        },
        {
          "referencia": "Efésios 4.2",
          "texto": "longanimidade, suportando-vos uns aos outros em Á.,"
        },
        {
          "referencia": "Efésios 4.15",
          "texto": "seguindo a verdade em A., cresçamos em tudo"
        },
        {
          "referencia": "Efésios 4.16",
          "texto": "faz o aumento do corpo, para sua edificação em A.."
        },
        {
          "referencia": "Efésios 5.2",
          "texto": "e andai em A., como também Cristo vos amou e se"
        },
        {
          "referencia": "Efésios 6.23",
          "texto": "Paz seja com os irmãos e À. com fé, da parte de"
        },
        {
          "referencia": "Filipenses 1.9",
          "texto": "E peço isto: que o vosso À. aumente mais e mais em"
        },
        {
          "referencia": "Ëp 1.24",
          "texto": "julgo mais necessário, por Á. de vós, ficar na carne."
        },
        {
          "referencia": "Filipenses 2.1",
          "texto": "se alguma consolação de A., se alguma comunhão"
        },
        {
          "referencia": "Filipenses 2.2",
          "texto": "o mesmo, tendo o mesmo A., o mesmo ânimo,"
        },
        {
          "referencia": "d 1.4",
          "texto": "fé em Cristo Jesus e do A. que tendes para com"
        },
        {
          "referencia": "CI 1.8",
          "texto": "o qual nos declarou também o vosso À. no Espírito."
        },
        {
          "referencia": "Colossenses 1.13",
          "texto": "e nos transportou para o Reino do Filho do seu A."
        },
        {
          "referencia": "CI2.2",
          "texto": "e estejam unidos em A, e enriquecidos da"
        },
        {
          "referencia": "a 3.14",
          "texto": "tudo isto, revesti-vos de Á., que é o vínculo da per-"
        },
        {
          "referencia": "VE 1.3",
          "texto": "da vossa fé, do trabalho do À, e da paciência da"
        },
        {
          "referencia": "1 Tessalonicenses 1.5",
          "texto": "como bem sabeis quais fomos entre vós, por À. de vós."
        },
        {
          "referencia": "1 Tessalonicenses 3.6",
          "texto": "boas novas da vossa fé e A. e de como sempre"
        },
        {
          "referencia": "1 Tessalonicenses 3.12",
          "texto": "aumente e faça crescer em À. uns para com os"
        },
        {
          "referencia": "1 Tessalonicenses 4.9",
          "texto": "Quanto, porém, ao Á. fraternal, não necessitais de"
        },
        {
          "referencia": "1 Tessalonicenses 5.8",
          "texto": "da couraça da fé e do A. e tendo por"
        },
        {
          "referencia": "1 Tessalonicenses 5.13",
          "texto": "tenhais em grande estima e A., por causa da sua"
        },
        {
          "referencia": "2 Tessalonicenses 1.3",
          "texto": "vossa fé cresce muitíssimo, e o A. de cada um de"
        },
        {
          "referencia": "2 Tessalonicenses 2.10",
          "texto": "porque não receberam o A. da verdade para se sal-"
        },
        {
          "referencia": "2 Tessalonicenses 3.5",
          "texto": "o vosso coração no À. de Deus e na"
        },
        {
          "referencia": "1 Timóteo 1.5",
          "texto": "o fim do mandamento é o A. de um coração puro,"
        },
        {
          "referencia": "1 Timóteo 1.14",
          "texto": "superabundou com a fé e o À, que há em Jesus Cris-"
        },
        {
          "referencia": "1 Timóteo 2.15",
          "texto": "com modéstia na fé, no À. e na santificação."
        },
        {
          "referencia": "1 Timóteo 6.10",
          "texto": "Porque o À. do dinheiro é a raiz de toda espécie de"
        },
        {
          "referencia": "o 6.11",
          "texto": "a justiça, a piedade, a fé, o A., a paciência, a man-"
        },
        {
          "referencia": "2 Timóteo 1.7",
          "texto": "de temor, mas de fortaleza, e de A., e de moderação."
        },
        {
          "referencia": "2 Timóteo 1.13",
          "texto": "mim tens ouvido, na fé e no A. que há em Cristo"
        },
        {
          "referencia": "2 Timóteo 2.10",
          "texto": "Portanto, tudo sofro por A. dos escolhidos, para"
        },
        {
          "referencia": "2 Timóteo 2.22",
          "texto": "e segue a justiça, a fé, o Á. ea paz com os"
        },
        {
          "referencia": "2 Timóteo 3.3",
          "texto": "incontinentes, cruéis, sem Á. para com os bons,"
        },
        {
          "referencia": "2 Timóteo 3.10",
          "texto": "de viver, intenção, fé, longanimidade, Á., paciência,"
        },
        {
          "referencia": "Tito 2.2",
          "texto": "graves, prudentes, sãos na fé, no Á. e na paciência."
        },
        {
          "referencia": "Tito 3.4",
          "texto": "apareceu a benignidade e o À. de Deus, nosso"
        },
        {
          "referencia": "Em 1.5",
          "texto": "ouvindo o teu A. e a fé que tens para com o Senhor"
        },
        {
          "referencia": "Em 1.7",
          "texto": "gozo e consolação do teu A., porque por ti, ó"
        },
        {
          "referencia": "Em 1.9",
          "texto": "todavia, peço-te, antes, por Á., sendo eu tal como"
        },
        {
          "referencia": "Hebreus 6.10",
          "texto": "obra e do trabalho de À. que, para com o seu"
        },
        {
          "referencia": "Hebreus 10.24",
          "texto": "outros, para nos estimularmos ao Á, e às boas obras,"
        },
        {
          "referencia": "Hebreus 13.1",
          "texto": "Permaneça o Á. fraternal."
        },
        {
          "referencia": "1 Pedro 1.20",
          "texto": "manifestado, nestes últimos tempos, por À. de vós;"
        },
        {
          "referencia": "1 Pedro 1.22",
          "texto": "obediência à verdade, para À, fraternal, não"
        },
        {
          "referencia": "1 Pedro 2.13",
          "texto": "a toda ordenação humana por À. do Senhor; quer ao"
        },
        {
          "referencia": "1 Pedro 3.14",
          "texto": "também, se padecerdes por A, da justiça, sois"
        },
        {
          "referencia": "1 Pedro 4.8",
          "texto": "sobretudo, tende ardente À. uns para com os"
        },
        {
          "referencia": "1 Pedro 4.8",
          "texto": "para com os outros, porque o A. cobrirá a multidão"
        },
        {
          "referencia": "1 Pedro 5.14",
          "texto": "aos outros com ósculo de Á.. Paz seja com todos"
        },
        {
          "referencia": "2 Pedro 1.7",
          "texto": "e à piedade, a fraternidade, e à fraternidade, o A.."
        },
        {
          "referencia": "1 João 2.5",
          "texto": "que guarda a sua palavra, o À. de Deus está nele"
        },
        {
          "referencia": "1 João 3.1",
          "texto": "Vede quão grande A. nos tem concedido o Pai: que"
        },
        {
          "referencia": "1 João 3.16",
          "texto": "Conhecemos o A. nisto: que ele deu a sua vida por"
        },
        {
          "referencia": "1 João 3.17",
          "texto": "cerrar o seu coração, como estará nele o A. de Deus?"
        },
        {
          "referencia": "1 João 4.7",
          "texto": "uns aos outros, porque o Å. é de Deus; e"
        },
        {
          "referencia": "1 João 4.8",
          "texto": "que não ama não conhece a Deus, porque Deus é Á.."
        },
        {
          "referencia": "1 João 4.9",
          "texto": "Nisto se manifestou o Á. de Deus para conosco: que"
        },
        {
          "referencia": "1 João 4.10",
          "texto": "Nisto está o Á.: não em que nós tenhamos amado a"
        },
        {
          "referencia": "lJo 4.12",
          "texto": "Deus está em nós, e em nós é perfeito o seu A.."
        },
        {
          "referencia": "1 João 4.16",
          "texto": "nós conhecemos e cremos no À. que Deus nos tem."
        },
        {
          "referencia": "1 João 4.16",
          "texto": "Deus é 4, e quem está em A. está em Deus, e"
        },
        {
          "referencia": "1 João 4.17",
          "texto": "Nisto é perfeito o Á, para conosco, para que no Dia"
        },
        {
          "referencia": "1 João 4.18",
          "texto": "No A., não há temor; antes, o perfeito A. lança"
        },
        {
          "referencia": "1 João 4.18",
          "texto": "consigo a pena, e o que teme não é perfeito em A.."
        },
        {
          "referencia": "1 João 5.3",
          "texto": "Porque este é o À, de Deus: que guardemos os seus"
        },
        {
          "referencia": "2 João 1.2",
          "texto": "por À. da verdade que está em nós e para sempre"
        },
        {
          "referencia": "2 João 1.3",
          "texto": "o Filho do Pai, sejam convosco na verdade e A.."
        },
        {
          "referencia": "2 João 1.6",
          "texto": "E 0 A. é este: que andemos segundo os seus"
        },
        {
          "referencia": "3 João 1.6",
          "texto": "igreja testificaram do teu Á., aos quais, se"
        },
        {
          "referencia": "Judas 1.2",
          "texto": "a misericórdia, e a paz, e o À. vos sejam multiplicadas."
        },
        {
          "referencia": "Judas 1.21",
          "texto": "conservai a vós mesmos no Á. de Deus, esperando a"
        },
        {
          "referencia": "Apocalipse 24",
          "texto": "porém, contra ti que deixaste o teu primeiro Á.."
        },
        {
          "referencia": "Apocalipse 2.19",
          "texto": "as tuas obras, eo teu A., e o teu serviço, e"
        },
        {
          "referencia": "Apocalipse 6.9",
          "texto": "dos que foram mortos por Á. da palavra de Deus"
        },
        {
          "referencia": "Apocalipse 6.9",
          "texto": "da palavra de Deus e por Á. do testemunho que deram."
        }
      ]
    }
  ]
}