{
  "a": [
    {
      "palavra": "amoreira",
      "veja tambem": [
        "árvore",
        "sícomoro"
      ],
      "ocorrencias": 1,
      "fonte": "Strong's G4807 (συκομωραία/sukomoraia)",
      "concordancias": [
        {
          "referencia": "Lucas 17.6",
          "texto": "de mostarda, diríeis a esta A.: Desarraiga-te"
        }
      ]
    },
    {
      "palavra": "amoreiras",
      "veja tambem": [
        "amoreira"
      ],
      "ocorrencias": 3,
      "fonte": "Strong's H8256 (שִׁקְמָה/shiqmah)",
      "concordancias": [
        {
          "referencia": "2 Samuel 5.23",
          "texto": "detrás deles e virás a eles por defronte das A.."
        },
        {
          "referencia": "2 Samuel 5.24",
          "texto": "de marcha pelas copas das Á., então, te"
        },
        {
          "referencia": "1 Crônicas 14.14",
          "texto": "detrás deles e vem a eles por defronte das A.;"
        }
      ]
    },
    {
      "palavra": "amores",
      "veja tambem": [
        "amor"
      ],
      "ocorrencias": 8,
      "fonte": "Strong's H160 (אַהֲבָה/ahabah)",
      "concordancias": [
        {
          "referencia": "Provérbios 7.18",
          "texto": "Vem, saciemo-nos de A. até pela manhã;"
        },
        {
          "referencia": "Provérbios 7.18",
          "texto": "de À. até pela manhã; alegremo-nos com Á.."
        },
        {
          "referencia": "Cânticos 4.10",
          "texto": "Que belos são os teus A., irmã minha! Ô esposa"
        },
        {
          "referencia": "Cânticos 4.10",
          "texto": "Quanto melhores são os teus A. do que o vinho!"
        },
        {
          "referencia": "Ezequiel 16.8",
          "texto": "que o teu tempo era tempo de A.; e estendi sobre"
        },
        {
          "referencia": "Ezequiel 23.17",
          "texto": "Babilônia para o leito dos Á. e a contaminaram"
        },
        {
          "referencia": "Ezequiel 33.32",
          "texto": "eles como uma canção de A., canção de quem tem"
        },
        {
          "referencia": "Oséias 8.9",
          "texto": "um jumento montês, por si só; mercou Efraim Á.."
        }
      ]
    },
    {
      "palavra": "amorosa",
      "veja tambem": [
        "amor"
      ],
      "ocorrencias": 2,
      "fonte": "Strong's H160 (אַהֲבָה/ahabah)",
      "concordancias": [
        {
          "referencia": "Top 406",
          "texto": "posição; Palavras Relacionadas: (amorosamente-1); To-"
        },
        {
          "referencia": "Provérbios 5.19",
          "texto": "como cerva À. e gazela graciosa; saciem-te os"
        }
      ]
    },
    {
      "palavra": "amorosamente",
      "veja tambem": [
        "amorosa"
      ],
      "ocorrencias": 1,
      "fonte": "Strong's H160 (אַהֲבָה/ahabah)",
      "concordancias": [
        {
          "referencia": "Isaías 38.17",
          "texto": "grande amargura; tu, porém, tão 4."
        }
      ]
    },
    {
      "palavra": "amorreu",
      "veja tambem": [
        "amorreus"
      ],
      "ocorrencias": 10,
      "fonte": "Strong's H567 (אֱמֹרִי/Emori)",
      "concordancias": [
        {
          "referencia": "Gênesis 10.16",
          "texto": "e ao jebuseu, e ao A., e ao girgaseu,"
        },
        {
          "referencia": "Gênesis 14.13",
          "texto": "dos carvalhais de Manre, o A., irmão de"
        },
        {
          "referencia": "Êxodo 3.8",
          "texto": "do cananeu, e do heteu, e do À,, e do"
        },
        {
          "referencia": "Êxodo 3.17",
          "texto": "do cananeu, e do heteu, e do A., e do ferezeu,"
        },
        {
          "referencia": "Deuteronômio 2.24",
          "texto": "na tua mão tenho dado a Seom, A., rei de"
        },
        {
          "referencia": "Josué 24.18",
          "texto": "todas estas gentes, até ao Á., morador da"
        },
        {
          "referencia": "Ezequiel 16.3",
          "texto": "dos cananeus; teu pai era Á., ea tua mãe, heteia."
        },
        {
          "referencia": "Ezequiel 16.45",
          "texto": "filhos; vossa mãe foi heteia, e vosso pai, A.."
        },
        {
          "referencia": "Amós 2.9",
          "texto": "eu ter destruído o 4. diante deles, a"
        },
        {
          "referencia": "Amós 2.10",
          "texto": "no deserto, para que possuísseis a terra do Á.."
        }
      ]
    },
    {
      "palavra": "amorreus",
      "veja tambem": [
        "amorreu"
      ],
      "ocorrencias": 73,
      "fonte": "Strong's H567 (אֱמֹרִי/Emori)",
      "concordancias": [
        {
          "referencia": "Gênesis 14.7",
          "texto": "dos amalequitas e também os Á., que"
        },
        {
          "referencia": "Gênesis 15.16",
          "texto": "a medida da injustiça dos A. não está ainda cheia."
        },
        {
          "referencia": "Gênesis 48.22",
          "texto": "a minha espada e com o meu arco da mão dos Á.."
        },
        {
          "referencia": "Êxodo 13.5",
          "texto": "cananeus, e dos heteus, e dos Á., e dos heveus,"
        },
        {
          "referencia": "Êxodo 23.23",
          "texto": "de tie te levará aos A., e aos heteus, e"
        },
        {
          "referencia": "Êxodo 33.2",
          "texto": "fora os cananeus, e os A., eos heteus, e"
        },
        {
          "referencia": "Êxodo 34.11",
          "texto": "lançarei de diante de ti os Á., e os cananeus,"
        },
        {
          "referencia": "Números 13.29",
          "texto": "heteus, e os jebuseus, e os À. habitam na"
        },
        {
          "referencia": "Números 21.13",
          "texto": "deserto e sai dos termos dos A.; porque Arnom"
        },
        {
          "referencia": "Números 21.13",
          "texto": "Arnom é o termo de Moabe, entre Moabe e os A.."
        },
        {
          "referencia": "Números 21.21",
          "texto": "mandou mensageiros a Seom, rei dos A., dizendo:"
        },
        {
          "referencia": "Números 21.25",
          "texto": "em todas as cidades dos A., em Hesbom e em"
        },
        {
          "referencia": "Números 21.26",
          "texto": "era cidade de Seom, rei dos A., que tinha"
        },
        {
          "referencia": "Números 21.29",
          "texto": "e suas filhas, como cativas a Seom, rei dos A.."
        },
        {
          "referencia": "Números 21.31",
          "texto": "Assim, Israel habitou na terra dos A.."
        },
        {
          "referencia": "Números 21.32",
          "texto": "daquela possessão lançaram os Á. que estavam ali."
        },
        {
          "referencia": "Números 21.34",
          "texto": "como fizeste a Seom, rei dos AÅ., que"
        },
        {
          "referencia": "Números 22.2",
          "texto": "filho de Zipor, tudo o que Israel fizera aos A.."
        },
        {
          "referencia": "Números 32.33",
          "texto": "de José, o reino de Seom, rei dos Á., eo reino"
        },
        {
          "referencia": "yni 32.39",
          "texto": "daquela possessão lançaram os Á., que estavam"
        },
        {
          "referencia": "Deuteronômio 1.4",
          "texto": "que feriu a Seom, rei dos A., que habitava em"
        },
        {
          "referencia": "Deuteronômio 1.7",
          "texto": "e parti; ide à montanha dos A., e a todos os"
        },
        {
          "referencia": "Deuteronômio 1.19",
          "texto": "caminho das montanhas dos A., como o Senhor,"
        },
        {
          "referencia": "Deuteronômio 1.20",
          "texto": "sois às montanhas dos Å., ge o Senhor,"
        },
        {
          "referencia": "Deuteronômio 1.27",
          "texto": "nos entregar nas mãos dos A., para destruir-nos."
        },
        {
          "referencia": "Deuteronômio 3.2",
          "texto": "como fizeste a Seom, rei dos A., que"
        },
        {
          "referencia": "Deuteronômio 3.8",
          "texto": "mão daqueles dois reis dos A., que estavam"
        },
        {
          "referencia": "Deuteronômio 3.9",
          "texto": "chamam Siriom; porém os A. lhe chamam Senir),"
        },
        {
          "referencia": "Deuteronômio 4.46",
          "texto": "na terra de Seom, rei dos Á., que habitava"
        },
        {
          "referencia": "Deuteronômio 4.47",
          "texto": "rei de Basã, dois reis dos Á., que estavam"
        },
        {
          "referencia": "Deuteronômio 20.17",
          "texto": "totalmente: aos heteus, e aos Á., caos"
        },
        {
          "referencia": "Deuteronômio 31.4",
          "texto": "a Seom, e a Ogue, reis dos A., eà sua terra,"
        },
        {
          "referencia": "Josué 2.10",
          "texto": "fizestes aos dois reis dos A., aSeomea"
        },
        {
          "referencia": "Josué 3.10",
          "texto": "ferezeus, e os girgaseus, cos A., e os jebuseus."
        },
        {
          "referencia": "Josué 5.1",
          "texto": "ouvindo todos os reis dos A. que habitavam"
        },
        {
          "referencia": "Josué 7.7",
          "texto": "para nos dares nas mãos dos Á., para nos"
        },
        {
          "referencia": "Josué 9.1",
          "texto": "frente do Líbano, os heteus, eos Á., eos"
        },
        {
          "referencia": "Josué 9.10",
          "texto": "fez aos dois reis dos 4. que estavam dalém"
        },
        {
          "referencia": "Josué 10.5",
          "texto": "e subiram cinco reis dos A., o rei de"
        },
        {
          "referencia": "Josué 10.6",
          "texto": "porquanto todos os reis dos Á, que"
        },
        {
          "referencia": "Josué 10.12",
          "texto": "dia em que o Senhor deu os À. na mão dos"
        },
        {
          "referencia": "Josué 11.3",
          "texto": "oriente e do ocidente, aos Á., aos heteus, aos"
        },
        {
          "referencia": "Josué 12.2",
          "texto": "Seom, rei dos Á., que habitava em Hesbom e que"
        },
        {
          "referencia": "Josué 12.8",
          "texto": "e para o sul, entre os heteus, os Á., os"
        },
        {
          "referencia": "Josué 13.4",
          "texto": "que é dos sidônios, até Afeca, ao termo dos A.;"
        },
        {
          "referencia": "Josué 13.10",
          "texto": "as cidades de Seom, rei dos Á., que reinou em"
        },
        {
          "referencia": "Josué 13.21",
          "texto": "o reino de Seom, rei dos A., que reinou em"
        },
        {
          "referencia": "Josué 24.8",
          "texto": "eu vos trouxe à terra dos 4,, que habitavam"
        },
        {
          "referencia": "Josué 24.11",
          "texto": "pelejaram contra vós, os Á., eos"
        },
        {
          "referencia": "Josué 24.12",
          "texto": "como a ambos os reis dos A., e isso não com"
        },
        {
          "referencia": "Josué 24.15",
          "texto": "dalém do rio, ou os deuses dos Á., em cuja"
        },
        {
          "referencia": "Juízes 1.34",
          "texto": "E apertaram os Á. aos filhos de Då até às"
        },
        {
          "referencia": "Juízes 1.35",
          "texto": "Também os A. quiseram habitar nas montanhas de"
        },
        {
          "referencia": "Juízes 1.36",
          "texto": "E foi o termo dos A. desde a subida de Acrabim,"
        },
        {
          "referencia": "Juízes 3.5",
          "texto": "meio dos cananeus, e heteus, e A., e ferezeus,"
        },
        {
          "referencia": "Juízes 6.10",
          "texto": "não temais aos deuses dos A., em cuja terra"
        },
        {
          "referencia": "Juízes 10.8",
          "texto": "dalém do Jordão, na terra dos A., que está em Gileade."
        },
        {
          "referencia": "Juízes 10.11",
          "texto": "dos egípcios, e dos Á., e dos filhos"
        },
        {
          "referencia": "Juízes 11.19",
          "texto": "mensageiros a Seom, rei dos A., rei de Hesbom;"
        },
        {
          "referencia": "Juízes 11.21",
          "texto": "por herança toda a terra dos À. que habitavam"
        },
        {
          "referencia": "Juízes 11.22",
          "texto": "todos os limites dos A., desde Arnom até"
        },
        {
          "referencia": "Juízes 11.23",
          "texto": "Deus de Israel, desapossou os À. de diante do"
        },
        {
          "referencia": "1 Samuel 7.14",
          "texto": "dos filisteus; e houve paz entre Israel e os A.."
        },
        {
          "referencia": "2 Samuel 21.2",
          "texto": "de Israel, mas do resto dos Á., e os filhos"
        },
        {
          "referencia": "1 Reis 4.19",
          "texto": "a terra de Seom, rei dos Á., e de Ogue,"
        },
        {
          "referencia": "1 Reis 9.20",
          "texto": "todo o povo que restou dos A., heteus,"
        },
        {
          "referencia": "1 Reis 21.26",
          "texto": "tudo o que fizeram os Á., os quais o"
        },
        {
          "referencia": "2 Reis 21.11",
          "texto": "pior do que quanto fizeram os Á. que antes dele"
        },
        {
          "referencia": "1 Crônicas 1.14",
          "texto": "e os jebuseus, eos Á., e os girgaseus,"
        },
        {
          "referencia": "2 Crônicas 8.7",
          "texto": "tinha ficado dos heteus, e A., e ferezeus, e"
        },
        {
          "referencia": "Esdras 9.1",
          "texto": "amonitas, dos moabitas, dos egípcios e dos A."
        },
        {
          "referencia": "Neemias 9.8",
          "texto": "cananeus, e dos heteus, e dos A e dos"
        },
        {
          "referencia": "Salmos 136.19",
          "texto": "Seom, rei dos A.; porque a sua benignidade é"
        }
      ]
    }
  ]
}