{
  "a": [
    {
      "palavra": "amorteceu",
      "veja tambem": [
        "morto",
        "falecido"
      ],
      "ocorrencias": 3,
      "fonte": "Strong's H4191 (מוּת/muth)",
      "concordancias": [
        {
          "referencia": "1 Samuel 25.37",
          "texto": "entender aquelas palavras; e se À. nele o seu"
        },
        {
          "referencia": "Romanos 4.19",
          "texto": "para o seu próprio corpo já À. pois era já"
        },
        {
          "referencia": "Hebreus 11.12",
          "texto": "que também de um, e esse já Á., descenderam"
        }
      ]
    },
    {
      "palavra": "amortecimento",
      "veja tambem": [
        "amorteceu"
      ],
      "ocorrencias": 1,
      "fonte": "Strong's G3500 (νεκρόω/nekroo)",
      "concordancias": [
        {
          "referencia": "Romanos 4.19",
          "texto": "anos), nem tampouco para O A. do ventre"
        }
      ]
    },
    {
      "palavra": "amós",
      "veja tambem": [
        "nome",
        "profeta"
      ],
      "ocorrencias": 9,
      "fonte": "Strong's H5986 (עָמוֹס/Amos)",
      "concordancias": [
        {
          "referencia": "Amós 1.1",
          "texto": "As palavras de A., que estava entre os pastores de"
        },
        {
          "referencia": "Amós 7.8",
          "texto": "Senhor me disse: Que vês tu, Á.? E eu disse: Um"
        },
        {
          "referencia": "Amós 7.10",
          "texto": "a Jeroboão, rei de Israel: A. tem conspirado"
        },
        {
          "referencia": "Amós 7.11",
          "texto": "Porque assim diz Á.: Jeroboão morrerá à espada, e"
        },
        {
          "referencia": "Amós 7.12",
          "texto": "Depois, Amazias disse a A.: Vai-te, ó vidente, foge"
        },
        {
          "referencia": "Amós 7.14",
          "texto": "E respondeu Á, e disse a Amazias: Eu não era"
        },
        {
          "referencia": "Amós 8.2",
          "texto": "E disse: Que vês, À.? E eu disse: Um cesto de"
        },
        {
          "referencia": "Lucas 3.25",
          "texto": "de Matatias, e Matatias, de A., e A., de Naum,"
        },
        {
          "referencia": "1c 3.25",
          "texto": "e Matatias, de A., e A., de Naum, e Naum,"
        }
      ]
    },
    {
      "palavra": "amotinadores",
      "veja tambem": [
        "motim"
      ],
      "ocorrencias": 1,
      "fonte": "Strong's G4951 (συστρέφω/sustrepho)",
      "concordancias": [
        {
          "referencia": "Mic 15.7",
          "texto": "que, preso com outros Á., tinha num"
        }
      ]
    },
    {
      "palavra": "amotinam",
      "veja tambem": [
        "motim"
      ],
      "ocorrencias": 2,
      "fonte": "Strong's H7283 (רָגַשׁ/ragash)",
      "concordancias": [
        {
          "referencia": "Top 406",
          "texto": "posição; Palavras Relacionadas: (amotinando-1); Total"
        },
        {
          "referencia": "S12.1",
          "texto": "Por que se À, as nações, e os povos imaginam"
        }
      ]
    },
    {
      "palavra": "amotinando",
      "veja tambem": [
        "amotinam"
      ],
      "ocorrencias": 0,
      "fonte": "Strong's H7283 (רָגַשׁ/ragash)",
      "concordancias": []
    },
    {
      "palavra": "amou",
      "veja tambem": [
        "amar"
      ],
      "ocorrencias": 24,
      "fonte": "Strong's H157 (אָהַב/ahab)",
      "concordancias": [
        {
          "referencia": "Gênesis 29.30",
          "texto": "E entrou também a Raquel e A. também a Raquel"
        },
        {
          "referencia": "Gênesis 34.3",
          "texto": "com Diná, filha de Jacó, e Á. a moça, e falou"
        },
        {
          "referencia": "ISm 16.21",
          "texto": "e esteve perante ele, e o A. muito; e foi seu"
        },
        {
          "referencia": "Em 18.1",
          "texto": "a alma de Davi; e Jônatas o 4. como à sua própria"
        },
        {
          "referencia": "2 Samuel 12.24",
          "texto": "filho, e chamou o seu nome Salomão; e o Senhor"
        },
        {
          "referencia": "1 Reis 11.1",
          "texto": "E o rei Salomão A, muitas mulheres estranhas, e"
        },
        {
          "referencia": "Ester 2.17",
          "texto": "E o rei A. a Ester mais do que a todas as mulheres,"
        },
        {
          "referencia": "Salmos 47.4",
          "texto": "a nossa herança, a glória de Jacó, a quem A.. (Selá)"
        },
        {
          "referencia": "S191.14",
          "texto": "que tão encarecidamente me A., também eu o"
        },
        {
          "referencia": "Isaías 48.14",
          "texto": "estas coisas? O Senhor o À. e executará a"
        },
        {
          "referencia": "Marcos 10.21",
          "texto": "E Jesus, olhando para ele, o À. e lhe disse:"
        },
        {
          "referencia": "Lucas 7.47",
          "texto": "são perdoados, porque muito A.; mas aquele a quem"
        },
        {
          "referencia": "Jó 3.16",
          "texto": "Porque Deus A. o mundo de tal maneira que deu o seu"
        },
        {
          "referencia": "Jó 15.9",
          "texto": "Como o Pai me A., também eu vos amei a vós;"
        },
        {
          "referencia": "Romanos 8.37",
          "texto": "somos mais do que vencedores, por aquele que nos"
        },
        {
          "referencia": "G12.20",
          "texto": "fé do Filho de Deus, o qual me A. eseentregoua"
        },
        {
          "referencia": "Efésios 2.4",
          "texto": "em misericórdia, pelo seu muito amor com que nos Å.,"
        },
        {
          "referencia": "Efésios 5.2",
          "texto": "como também Cristo vos À. e se entregou a si"
        },
        {
          "referencia": "Efésios 5.25",
          "texto": "mulher, como também Cristo Á. a igreja e a si"
        },
        {
          "referencia": "2 Tessalonicenses 2.16",
          "texto": "e nosso Deus e Pai, que nos À. e em graça nos deu"
        },
        {
          "referencia": "2 Pedro 2.15",
          "texto": "de Balaão, filho de Beor, que 4. o prêmio da injustiça."
        },
        {
          "referencia": "1 João 4.10",
          "texto": "a Deus, mas em que ele nos À. e enviou seu Filho"
        },
        {
          "referencia": "1 João 4.11",
          "texto": "Amados, se Deus assim nos Á., também nós devemos"
        },
        {
          "referencia": "1 João 4.19",
          "texto": "Nós o amamos porque ele nos À. primeiro."
        }
      ]
    },
    {
      "palavra": "amou-a",
      "veja tambem": [
        "amar"
      ],
      "ocorrencias": 2,
      "fonte": "Strong's H157 (אָהַב/ahab)",
      "concordancias": [
        {
          "referencia": "Gênesis 24.67",
          "texto": "e foi-lhe por mulher, e A.. Assim, Isaque"
        },
        {
          "referencia": "2 Samuel 13.1",
          "texto": "cujo nome era Tamar, Amnom, filho de Davi, A."
        }
      ]
    },
    {
      "palavra": "amou-os",
      "veja tambem": [
        "amar"
      ],
      "ocorrencias": 1,
      "fonte": "Strong's H157 (אָהַב/ahab)",
      "concordancias": [
        {
          "referencia": "o 13.1",
          "texto": "amado os seus que estavam no mundo, Å. até ao fim."
        }
      ]
    },
    {
      "palavra": "amoz",
      "veja tambem": [],
      "ocorrencias": 10,
      "fonte": "",
      "concordancias": [
        {
          "referencia": "2 Reis 19.2",
          "texto": "de pano de saco, ao profeta Isaías, filho de A.;"
        },
        {
          "referencia": "2 Reis 19.20",
          "texto": "Então, Isaías, filho de A., mandou dizer a"
        },
        {
          "referencia": "2 Reis 20.1",
          "texto": "e o profeta Isaías, filho de A., veio a ele e lhe"
        },
        {
          "referencia": "2 Crônicas 32.20",
          "texto": "o profeta Isaías, filho de A., oraram por causa"
        },
        {
          "referencia": "2 Crônicas 32.32",
          "texto": "do profeta Isaías, filho de A., e no livro da"
        },
        {
          "referencia": "Isaías 2.1",
          "texto": "que teve Isaías, filho de A. a respeito de Judá"
        },
        {
          "referencia": "Isaías 13.1",
          "texto": "Peso da Babilônia que viu Isaías, filho de A.."
        },
        {
          "referencia": "Isaías 20.2",
          "texto": "de Isaías, filho de A., dizendo: Vai,"
        },
        {
          "referencia": "Isaías 37.2",
          "texto": "de pano grosseiro, a Isaías, filho de A., o profeta."
        },
        {
          "referencia": "Isaías 37.21",
          "texto": "Então, Isaías, filho de A., mandou dizer a"
        }
      ]
    },
    {
      "palavra": "ampara",
      "veja tambem": [
        "amparar"
      ],
      "ocorrencias": 0,
      "fonte": "",
      "concordancias": []
    },
    {
      "palavra": "ampará-la-á",
      "veja tambem": [
        "amparar"
      ],
      "ocorrencias": 1,
      "fonte": "",
      "concordancias": [
        {
          "referencia": "Jó 8.15",
          "texto": "e ela não se terá firme; A., e ela não"
        }
      ]
    },
    {
      "palavra": "amparará",
      "veja tambem": [],
      "ocorrencias": 4,
      "fonte": "",
      "concordancias": [
        {
          "referencia": "Isaías 31.5",
          "texto": "o Senhor dos Exércitos A. a Jerusalém; ele"
        },
        {
          "referencia": "Isaías 31.5",
          "texto": "4, a Jerusalém; ele a A., ealivrará,"
        },
        {
          "referencia": "Zacarias 9.15",
          "texto": "O Senhor dos Exércitos os A.; e comerão, depois"
        },
        {
          "referencia": "Zacarias 12.8",
          "texto": "Naquele dia, o Senhor A. os habitantes de"
        }
      ]
    },
    {
      "palavra": "ampararei",
      "veja tambem": [
        "amparar"
      ],
      "ocorrencias": 3,
      "fonte": "",
      "concordancias": [
        {
          "referencia": "2 Reis 19.34",
          "texto": "Porque eu À, a esta cidade, para a livrar, por"
        },
        {
          "referencia": "2 Reis 20.6",
          "texto": "a ti e a esta cidade; e Å. esta cidade"
        },
        {
          "referencia": "Isaías 37.35",
          "texto": "Porque eu À. esta cidade, para a livrar, por"
        }
      ]
    },
    {
      "palavra": "amparo",
      "veja tambem": [],
      "ocorrencias": 3,
      "fonte": "",
      "concordancias": [
        {
          "referencia": "Números 14.9",
          "texto": "pão; retirou-se deles o seu A., eo Senhor é"
        },
        {
          "referencia": "S118.18",
          "texto": "dia da minha calamidade; mas o Senhor foi o meu A.."
        },
        {
          "referencia": "Naum 2.5",
          "texto": "no muro, quando o À. for preparado."
        }
      ]
    },
    {
      "palavra": "ampla",
      "veja tambem": [],
      "ocorrencias": 2,
      "fonte": "",
      "concordancias": [
        {
          "referencia": "Provérbios 21.9",
          "texto": "do que com a mulher rixosa numa casa Á.."
        },
        {
          "referencia": "Provérbios 25.24",
          "texto": "do que com a mulher rixosa numa casa Á.."
        }
      ]
    },
    {
      "palavra": "amplamente",
      "veja tambem": [],
      "ocorrencias": 1,
      "fonte": "",
      "concordancias": [
        {
          "referencia": "2 Pedro 1.11",
          "texto": "Porque assim vos será À, concedida a entrada"
        }
      ]
    },
    {
      "palavra": "amplia",
      "veja tambem": [],
      "ocorrencias": 1,
      "fonte": "",
      "concordancias": [
        {
          "referencia": "Isaías 54.2",
          "texto": "A. o lugar da tua tenda, e as cortinas das tuas"
        }
      ]
    },
    {
      "palavra": "amplíato",
      "veja tambem": [],
      "ocorrencias": 1,
      "fonte": "",
      "concordancias": [
        {
          "referencia": "Romanos 16.8",
          "texto": "Saudai a A., meu amado no Senhor."
        }
      ]
    },
    {
      "palavra": "amplificares",
      "veja tambem": [],
      "ocorrencias": 1,
      "fonte": "",
      "concordancias": [
        {
          "referencia": "1 Crônicas 4.10",
          "texto": "muitíssimo e meus termos Å., ea tua"
        }
      ]
    },
    {
      "palavra": "amplíssimo",
      "veja tambem": [],
      "ocorrencias": 0,
      "fonte": "",
      "concordancias": []
    },
    {
      "palavra": "ana",
      "veja tambem": [],
      "ocorrencias": 14,
      "fonte": "",
      "concordancias": [
        {
          "referencia": "1 Samuel 1.2",
          "texto": "mulheres: o nome de uma era A., e o nome da outra,"
        },
        {
          "referencia": "1 Samuel 1.2",
          "texto": "Penina tinha filhos, porém À. não tinha filhos."
        },
        {
          "referencia": "1 Samuel 1.5",
          "texto": "Porém a À. dava uma parte excelente, porquanto ele"
        },
        {
          "referencia": "ISm 1.5",
          "texto": "porquanto ele amava A.; porém o Senhor lhe"
        },
        {
          "referencia": "1 Samuel 1.8",
          "texto": "Elc Å., seu marido, lhe disse: Á., por que choras? E"
        },
        {
          "referencia": "1 Samuel 1.9",
          "texto": "Então, A. se levantou, depois que comeram e beberam"
        },
        {
          "referencia": "1 Samuel 1.13",
          "texto": "porquanto Á., no seu coração, falava, e só semoviam"
        },
        {
          "referencia": "1 Samuel 1.15",
          "texto": "Porém A. respondeu e disse: Não, senhor meu, eu"
        },
        {
          "referencia": "1 Samuel 1.19",
          "texto": "casa, a Ramá. Elcana conheceu a A., sua mulher, e o"
        },
        {
          "referencia": "1 Samuel 1.20",
          "texto": "que, passado algum tempo, A. concebeu, e teve um"
        },
        {
          "referencia": "1 Samuel 1.22",
          "texto": "Porém À. não subiu, mas disse a seu marido: Quando"
        },
        {
          "referencia": "1 Samuel 2.1",
          "texto": "Então, orou À, e disse: O meu coração exulta no"
        },
        {
          "referencia": "1 Samuel 2.21",
          "texto": "Visitou, pois, o Senhor a Á., e concebeu e teve três"
        },
        {
          "referencia": "Lucas 2.36",
          "texto": "E estava ali a profetisa A., filha de Fanuel, da"
        }
      ]
    },
    {
      "palavra": "aná",
      "veja tambem": [],
      "ocorrencias": 13,
      "fonte": "",
      "concordancias": [
        {
          "referencia": "GR 36.2",
          "texto": "Elom, heteu; Oolibama, filha de A., filho de Zibeão,"
        },
        {
          "referencia": "Gênesis 36.14",
          "texto": "de Oolibama, filha de A., filho de Zibeão,"
        },
        {
          "referencia": "Gênesis 36.18",
          "texto": "príncipes de Oolibama, filha de A. e mulher de Esaú."
        },
        {
          "referencia": "Gênesis 36.20",
          "texto": "moradores daquela terra: Lotã, Sobal, Zibeão, Á.,"
        },
        {
          "referencia": "Gênesis 36.24",
          "texto": "os filhos de Zibeão: Aiá e A.; este é o À. que"
        },
        {
          "referencia": "Gênesis 36.24",
          "texto": "Zibeão: Aiáe A.; este é o A. que achou as caldas"
        },
        {
          "referencia": "Gênesis 36.25",
          "texto": "E estes são os filhos de A.: Disom e Oolibama, a"
        },
        {
          "referencia": "Gênesis 36.25",
          "texto": "são os filhos de A.: Disom e Oolibama, a filha de A.."
        },
        {
          "referencia": "Gênesis 36.29",
          "texto": "o príncipe Sobal, o príncipe Zibeão, o príncipe Á.,"
        },
        {
          "referencia": "1 Crônicas 1.38",
          "texto": "Lotá, e Sobal, e Zibeão, e A., e Disom, e Eser,"
        },
        {
          "referencia": "1 Crônicas 1.40",
          "texto": "Sefô, e Onã; e os filhos de Zibeão eram Aías e A.."
        },
        {
          "referencia": "1 Crônicas 1.41",
          "texto": "O filho de A. foi Disom; e os filhos de Disom foram"
        },
        {
          "referencia": "Neemias 10.26",
          "texto": "Aías, HA., A.,"
        }
      ]
    },
    {
      "palavra": "anabe",
      "veja tambem": [],
      "ocorrencias": 2,
      "fonte": "",
      "concordancias": [
        {
          "referencia": "Josué 11.21",
          "texto": "de Hebrom, de Debir, de A., de todas as"
        },
        {
          "referencia": "Josué 15.50",
          "texto": "e A., e Estemoa, e Anim,"
        }
      ]
    },
    {
      "palavra": "anacarate",
      "veja tambem": [],
      "ocorrencias": 1,
      "fonte": "",
      "concordancias": [
        {
          "referencia": "Josué 19.19",
          "texto": "e Hafaraim, e Siom, e A.,"
        }
      ]
    }
  ]
}