{
  "a": [
    {
      "palavra": "anaías",
      "veja tambem": [
        "nome",
        "levita"
      ],
      "ocorrencias": 2,
      "fonte": "Strong's H6043 (עֲנָיָה/Anayah)",
      "concordancias": [
        {
          "referencia": "Neemias 8.4",
          "texto": "mão direita, Matitias, e Sema, e A., e Urias, e"
        },
        {
          "referencia": "Neemias 10.22",
          "texto": "Pelatias, Hanã, A.,"
        }
      ]
    },
    {
      "palavra": "anameleque",
      "veja tambem": [
        "deus",
        "sefarvaim"
      ],
      "ocorrencias": 1,
      "fonte": "Strong's H6048 (עֲנַמֶּלֶךְ/Anammelek)",
      "concordancias": [
        {
          "referencia": "2 Reis 17.31",
          "texto": "no fogo a Adramelegue e a A., deuses de Sefarvaim."
        }
      ]
    },
    {
      "palavra": "anameus",
      "veja tambem": [
        "nome",
        "filho"
      ],
      "ocorrencias": 1,
      "fonte": "Strong's H6047 (עֲנָמִים/Anamiym)",
      "concordancias": [
        {
          "referencia": "1 Crônicas 1.11",
          "texto": "gerou os ludeus, e os Á., e os leabeus, e"
        }
      ]
    },
    {
      "palavra": "anamim",
      "veja tambem": [
        "nome",
        "filho"
      ],
      "ocorrencias": 1,
      "fonte": "Strong's H6047 (עֲנָמִים/Anamiym)",
      "concordancias": [
        {
          "referencia": "Gênesis 10.13",
          "texto": "Mizraim gerou a Ludim, ea Á., ea Leabim, e a"
        }
      ]
    },
    {
      "palavra": "anani",
      "veja tambem": [
        "nome",
        "filho"
      ],
      "ocorrencias": 1,
      "fonte": "Strong's H6054 (עֲנָנִי/Anani)",
      "concordancias": [
        {
          "referencia": "1 Crônicas 3.24",
          "texto": "e Acube, e Joanã, e Delaías, e A.; sete ao todo."
        }
      ]
    },
    {
      "palavra": "ananias",
      "veja tambem": [
        "nome",
        "sacerdote"
      ],
      "ocorrencias": 10,
      "fonte": "Strong's G367 (Ἁνανίας/Hananias)",
      "concordancias": [
        {
          "referencia": "Neemias 3.23",
          "texto": "filho de Maaseias, filho de A., junto à sua casa."
        },
        {
          "referencia": "Neemias 11.32",
          "texto": "e em Anatote, em Nobe, em 4"
        },
        {
          "referencia": "Atos 5.1",
          "texto": "Mas um certo varão chamado A., com Safira, sua"
        },
        {
          "referencia": "Atos 5.3",
          "texto": "Disse, então, Pedro: A., por que encheu Satanás"
        },
        {
          "referencia": "Atos 9.10",
          "texto": "um certo discípulo chamado A.. E disse-lhe o"
        },
        {
          "referencia": "Atos 9.10",
          "texto": "disse-lhe o Senhor em visão: À.! E ele"
        },
        {
          "referencia": "Atos 9.12",
          "texto": "entrava um homem chamado Á. e punha sobre ele"
        },
        {
          "referencia": "Atos 9.13",
          "texto": "E respondeu Á.: Senhor, de muitos ouvi acerca"
        },
        {
          "referencia": "Atos 22.12",
          "texto": "E um certo Á., varão piedoso conforme a lei, que"
        },
        {
          "referencia": "Atos 23.2",
          "texto": "Mas o sumo sacerdote, A., mandou aos que estavam"
        }
      ]
    },
    {
      "palavra": "anaque",
      "veja tambem": [
        "nome",
        "gigante"
      ],
      "ocorrencias": 8,
      "fonte": "Strong's H6061 (עֲנָק/Anaq)",
      "concordancias": [
        {
          "referencia": "Números 13.22",
          "texto": "Sesai, e Talmai, filhos de A. (Hebrom foi"
        },
        {
          "referencia": "Números 13.28",
          "texto": "e mui grandes; e também ali vimos os filhos de A.."
        },
        {
          "referencia": "Números 13.33",
          "texto": "ali gigantes, filhos de Á., descendentes dos"
        },
        {
          "referencia": "Josué 15.13",
          "texto": "saber, a cidade de Arba, pai de A.; este é Hebrom."
        },
        {
          "referencia": "Josué 15.14",
          "texto": "dali os três filhos de Á.: Sesai, e Aimã, e"
        },
        {
          "referencia": "Josué 15.14",
          "texto": "de A.: Sesai, e Aimã, e Talmai, gerados de Á.."
        },
        {
          "referencia": "Josué 21.11",
          "texto": "a cidade de Arba, do pai de A. (esta é Hebrom),"
        },
        {
          "referencia": "Juízes 1.20",
          "texto": "o dissera, e dali expeliu os três filhos de A.."
        }
      ]
    },
    {
      "palavra": "anaquins",
      "veja tambem": [
        "anaque"
      ],
      "ocorrencias": 5,
      "fonte": "Strong's H6062 (עֲנָקִי/Anaqiy)",
      "concordancias": [
        {
          "referencia": "Deuteronômio 2.11",
          "texto": "por gigantes, como os A.; e os moabitas"
        },
        {
          "referencia": "Josué 11.21",
          "texto": "veio Josué e extirpou os À. das montanhas de"
        },
        {
          "referencia": "Josué 11.22",
          "texto": "Nenhum dos A. ficou de resto na terra dos"
        },
        {
          "referencia": "Josué 14.12",
          "texto": "naquele dia, tu ouviste que os À. estão ali,"
        },
        {
          "referencia": "Josué 14.15",
          "texto": "foi um grande homem entre os A.. E aterra"
        }
      ]
    },
    {
      "palavra": "anás",
      "veja tambem": [
        "nome",
        "sacerdote"
      ],
      "ocorrencias": 3,
      "fonte": "Strong's G452 (Ἅννας/Hannas)",
      "concordancias": [
        {
          "referencia": "Lucas 3.2",
          "texto": "sendo À. e Caifás sumos sacerdotes, veio no deserto"
        },
        {
          "referencia": "Jó 18.13",
          "texto": "primeiramente a Á., por ser sogro de"
        },
        {
          "referencia": "Jó 18.24",
          "texto": "A. mandou-o, manietado, ao sumo sacerdote Caifás."
        }
      ]
    },
    {
      "palavra": "anate",
      "veja tambem": [
        "nome",
        "pai"
      ],
      "ocorrencias": 2,
      "fonte": "Strong's H6064 (עֲנָת/Anath)",
      "concordancias": [
        {
          "referencia": "Juízes 3.31",
          "texto": "dele, foi Sangar, filho de A., que feriu"
        },
        {
          "referencia": "Juízes 5.6",
          "texto": "dias de Sangar, filho de A., nos dias de Jael,"
        }
      ]
    },
    {
      "palavra": "anátema",
      "veja tambem": [
        "maldição",
        "destruição"
      ],
      "ocorrencias": 23,
      "fonte": "Strong's H2764 (חֵרֶם/cherem)",
      "concordancias": [
        {
          "referencia": "Deuteronômio 7.26",
          "texto": "tua casa, para que não sejas Á., assim como"
        },
        {
          "referencia": "Deuteronômio 7.26",
          "texto": "a detestarás e de todo a abominarás, porque A. é."
        },
        {
          "referencia": "Deuteronômio 13.17",
          "texto": "se pegará à tua mão do A., para que o Senhor"
        },
        {
          "referencia": "Josué 6.17",
          "texto": "Porém a cidade será Á. ao Senhor, ela e tudo"
        },
        {
          "referencia": "Josué 6.18",
          "texto": "Tão somente guardai-vos do A., para que não vos"
        },
        {
          "referencia": "Josué 6.18",
          "texto": "para que não vos metais em A. tomando dela, e"
        },
        {
          "referencia": "Josué 7.1",
          "texto": "os filhos de Israel no A.; porque Acã, filho"
        },
        {
          "referencia": "Josué 7.1",
          "texto": "Zerá, da tribo de Judá, tomou do Á., ea ira do"
        },
        {
          "referencia": "Josué 7.11",
          "texto": "ordenado, e até tomaram do Á., e também"
        },
        {
          "referencia": "Josué 7.12",
          "texto": "se não desarraigardes o A. do meio de vós."
        },
        {
          "referencia": "Josué 7.13",
          "texto": "diz o Senhor, o Deus de Israel: A. há no meio de"
        },
        {
          "referencia": "Josué 7.13",
          "texto": "suster-vos, até que tireis o À. do meio de vós."
        },
        {
          "referencia": "Josué 7.15",
          "texto": "que for tomado com o Á. será queimado a"
        },
        {
          "referencia": "Josué 22.20",
          "texto": "transgressão no tocante ao A.? E não veio ira"
        },
        {
          "referencia": "1 Crônicas 2.7",
          "texto": "Acar, o perturbador de Israel, que pecou no A.."
        },
        {
          "referencia": "Neemias 10.29",
          "texto": "entre eles, e convieram num Á. e num juramento,"
        },
        {
          "referencia": "Isaías 34.5",
          "texto": "e sobre o povo do meu Á., para exercer juízo."
        },
        {
          "referencia": "Isaías 43.28",
          "texto": "e farei de Jacó um A. e de Israel, um opróbrio."
        },
        {
          "referencia": "Zacarias 14.11",
          "texto": "nela, e não haverá mais 4., porque Jerusalém"
        },
        {
          "referencia": "1 Coríntios 12.3",
          "texto": "de Deus diz: Jesus é A.! E ninguém pode"
        },
        {
          "referencia": "1 Coríntios 16.22",
          "texto": "não ama o Senhor Jesus Cristo, seja A.; maranata!"
        },
        {
          "referencia": "Gálatas 1.8",
          "texto": "além do que já vos tenho anunciado, seja Á.."
        },
        {
          "referencia": "G11.9",
          "texto": "evangelho além do que já recebestes, seja Á.."
        }
      ]
    },
    {
      "palavra": "anatote",
      "veja tambem": [],
      "ocorrencias": 16,
      "fonte": "",
      "concordancias": [
        {
          "referencia": "Top 392",
          "texto": "posição;"
        },
        {
          "referencia": "Josué 21.18",
          "texto": "e Á. e os seus arrabaldes, e Almom e os seus"
        },
        {
          "referencia": "IRs 2.26",
          "texto": "sacerdote, disse o rei: Para À. vai, para os"
        },
        {
          "referencia": "1 Crônicas 6.60",
          "texto": "e os seus arrabaldes, e A., eos seus"
        },
        {
          "referencia": "1 Crônicas 7.8",
          "texto": "e Onri, e Jerimote, e Abias, e Á., e"
        },
        {
          "referencia": "Esdras 2.23",
          "texto": "Os homens de A., cento e vinte e oito."
        },
        {
          "referencia": "Neemias 7.27",
          "texto": "Os homens de A., cento e vinte e oito."
        },
        {
          "referencia": "Neemias 10.19",
          "texto": "Harife, Á., Nebai,"
        },
        {
          "referencia": "Neemias 11.32",
          "texto": "cem Á., em Nobe, em Ananias,"
        },
        {
          "referencia": "Isaías 10.30",
          "texto": "ó filha de Galim! Ouve, ó Laís! Ó tu, pobre À.!"
        },
        {
          "referencia": "Jeremias 1.1",
          "texto": "sacerdotes que estavam em A., na terra de Benjamim."
        },
        {
          "referencia": "Jeremias 11.21",
          "texto": "Senhor acerca dos homens de A., que procuram a"
        },
        {
          "referencia": "Jeremias 11.23",
          "texto": "o mal sobre os homens de A., no ano da sua visitação."
        },
        {
          "referencia": "Jeremias 32.7",
          "texto": "tia minha herdade que está em A., pois tens o"
        },
        {
          "referencia": "Jeremias 32.8",
          "texto": "agora, a minha herdade que está em Á., na terra"
        },
        {
          "referencia": "Ir 32.9",
          "texto": "de meu tio, a qual está em Á.; e pesei-lhe o"
        }
      ]
    },
    {
      "palavra": "anatotita",
      "veja tambem": [],
      "ocorrencias": 5,
      "fonte": "",
      "concordancias": [
        {
          "referencia": "2 Samuel 23.27",
          "texto": "Abiezer, Á.; Mebunai, husatita;"
        },
        {
          "referencia": "1 Crônicas 11.28",
          "texto": "Ira, filho de Iques, o tecoíta; Abiezer, o A.;"
        },
        {
          "referencia": "1 Crônicas 12.3",
          "texto": "filhos de Azmavete; e Beraca, e Jeú, o A"
        },
        {
          "referencia": "1 Crônicas 27.12",
          "texto": "para o nono mês, Abiezer, o A., dos"
        },
        {
          "referencia": "Jeremias 29.27",
          "texto": "repreendeste a Jeremias, o Á., que vos profetiza?"
        }
      ]
    }
  ]
}