{
  "a": [
    {
      "palavra": "ãos",
      "veja tambem": [
        "ancião"
      ],
      "ocorrencias": 182,
      "fonte": "Strong's H2205 (זָקֵן/zaqen)",
      "concordancias": [
        {
          "referencia": "Gênesis 50.7",
          "texto": "todos os servos de Faraó, os A. da sua casa e"
        },
        {
          "referencia": "Gênesis 50.7",
          "texto": "da sua casa e todos os A. da terra do Egito,"
        },
        {
          "referencia": "Êxodo 3.16",
          "texto": "Vai, e ajunta os A. de Israel, e dize-lhes: O"
        },
        {
          "referencia": "Êxodo 3.18",
          "texto": "a tua voz; e irás, tu e os À. de Israel, ao"
        },
        {
          "referencia": "Êxodo 4.29",
          "texto": "e Arão e ajuntaram todos os À. dos filhos de Israel."
        },
        {
          "referencia": "Êxodo 12.21",
          "texto": "pois, Moisés a todos os A. de Israel e"
        },
        {
          "referencia": "Êxodo 17.5",
          "texto": "e toma contigo alguns dos A. de Israel; e"
        },
        {
          "referencia": "Êxodo 17.6",
          "texto": "assim o fez, diante dos olhos dos A. de Israel."
        },
        {
          "referencia": "Êxodo 18.12",
          "texto": "Deus; e veio Arão, e todos os À. de Israel,"
        },
        {
          "referencia": "Êxodo 19.7",
          "texto": "E veio Moisés, e chamou os Á. do povo, e expôs"
        },
        {
          "referencia": "Êxodo 24.1",
          "texto": "Nadabe e Abiú, e setenta dos A. de Israel; e"
        },
        {
          "referencia": "Êxodo 24.9",
          "texto": "e Arão, Nadabe e Abiú, e setenta dos A. de Israel,"
        },
        {
          "referencia": "Êxodo 24.14",
          "texto": "E disse aos A.: Esperai-nos aqui, até que"
        },
        {
          "referencia": "Iv 4.15",
          "texto": "E os À. da congregação porão as suas mãos sobre"
        },
        {
          "referencia": "Levítico 9.1",
          "texto": "chamou a Arão, e a seus filhos, e aos À. de Israel"
        },
        {
          "referencia": "Números 11.16",
          "texto": "setenta homens dos 4. de Israel, de"
        },
        {
          "referencia": "Números 11.16",
          "texto": "de quem sabes que são A. do povo e seus"
        },
        {
          "referencia": "Números 11.24",
          "texto": "e ajuntou setenta homens dos À. do povo e os pôs"
        },
        {
          "referencia": "Números 11.25",
          "texto": "o pôs sobre aqueles setenta A.; e aconteceu"
        },
        {
          "referencia": "Números 11.30",
          "texto": "se recolheu ao arraial, ele e os À. de Israel."
        },
        {
          "referencia": "Números 16.25",
          "texto": "Datãe a Abirão; e após ele foram os À. de Israel."
        },
        {
          "referencia": "Números 22.4",
          "texto": "Pelo que Moabe disse aos À. dos midianitas:"
        },
        {
          "referencia": "Números 22.7",
          "texto": "Então, foram-se os Á. dos moabitas eos Å."
        },
        {
          "referencia": "Números 22.7",
          "texto": "A. dos moabitas e os À. dos midianitas"
        },
        {
          "referencia": "Deuteronômio 5.23",
          "texto": "todos os cabeças das vossas tribos e vossos Á.,"
        },
        {
          "referencia": "Deuteronômio 19.12",
          "texto": "então, os 4. da sua cidade mandarão, e dali o"
        },
        {
          "referencia": "Deuteronômio 21.2",
          "texto": "então, sairão os teus Á. e os teus juízes e"
        },
        {
          "referencia": "Deuteronômio 21.3",
          "texto": "mais chegada ao morto, os À. da mesma cidade"
        },
        {
          "referencia": "Deuteronômio 21.4",
          "texto": "E os À. daquela cidade trarão a bezerra a um"
        },
        {
          "referencia": "Deuteronômio 21.6",
          "texto": "E todos os À, da mesma cidade, mais chegados ao"
        },
        {
          "referencia": "Deuteronômio 21.19",
          "texto": "nele, e o levarão aos À, da sua cidade e"
        },
        {
          "referencia": "Deuteronômio 21.20",
          "texto": "e dirão aos À. da cidade: Este nosso filho é"
        },
        {
          "referencia": "Deuteronômio 22.15",
          "texto": "e levá-los-ão para fora aos À. da cidade, à porta."
        },
        {
          "referencia": "Deuteronômio 22.16",
          "texto": "E o pai da moça dirá aos A.: Eu dei minha filha"
        },
        {
          "referencia": "Deuteronômio 22.17",
          "texto": "E estenderão o lençol diante dos A. da cidade."
        },
        {
          "referencia": "Deuteronômio 22.18",
          "texto": "Então, os Á. da mesma cidade tomarão aquele"
        },
        {
          "referencia": "Deuteronômio 25.7",
          "texto": "então, sua cunhada à porta dos À. e dirá: Meu"
        },
        {
          "referencia": "Deuteronômio 25.8",
          "texto": "Então, os À, da sua cidade o chamarão e com ele"
        },
        {
          "referencia": "Deuteronômio 25.9",
          "texto": "chegará a ele aos olhos dos A., e lhe descalçará"
        },
        {
          "referencia": "Deuteronômio 27.1",
          "texto": "E deram ordem, Moisés e os Á., ao povo de"
        },
        {
          "referencia": "Deuteronômio 29.10",
          "texto": "de vossas tribos, vossos AÁ., os vossos"
        },
        {
          "referencia": "Deuteronômio 31.9",
          "texto": "do concerto do Senhor, e a todos os À. de Israel."
        },
        {
          "referencia": "Deuteronômio 31.28",
          "texto": "perante mim todos os 4. das vossas tribos"
        },
        {
          "referencia": "Deuteronômio 32.7",
          "texto": "e ele te informará, aos teus Á., e eles to dirão."
        },
        {
          "referencia": "Josué 7.6",
          "texto": "Senhor até à tarde, ele e os A. de Israel; e"
        },
        {
          "referencia": "Josué 8.10",
          "texto": "o povo; e subiram ele e os 4. de Israel diante"
        },
        {
          "referencia": "Josué 8.33",
          "texto": "todo o Israel, com os seus A., e os seus"
        },
        {
          "referencia": "Josué 9.11",
          "texto": "Pelo que nossos À. e todos os moradores da nossa"
        },
        {
          "referencia": "Josué 20.4",
          "texto": "perante os ouvidos dos A. da tal cidade;"
        },
        {
          "referencia": "Josué 23.2",
          "texto": "a todo o Israel, aos seus Á., e aos seus"
        },
        {
          "referencia": "Josué 24.1",
          "texto": "em Siquém e chamou os A. de Israel, e os"
        },
        {
          "referencia": "Josué 24.31",
          "texto": "de Josué e todos os dias dos A. que ainda"
        },
        {
          "referencia": "Juízes 2.7",
          "texto": "Josué e todos os dias dos A. que prolongaram os"
        },
        {
          "referencia": "Juízes 8.14",
          "texto": "de Sucote e os seus Á., setenta e sete homens."
        },
        {
          "referencia": "Juízes 8.16",
          "texto": "E tomou os Á. daquela cidade, e espinhos do"
        },
        {
          "referencia": "Juízes 11.5",
          "texto": "contra Israel, foram os À. de Gileade"
        },
        {
          "referencia": "Juízes 11.7",
          "texto": "Porém Jefté disse aos Á. de Gileade: Porventura,"
        },
        {
          "referencia": "Juízes 11.8",
          "texto": "E disseram os 4, de Gileade a Jefté: Por isso"
        },
        {
          "referencia": "Juízes 11.9",
          "texto": "Então, Jefté disse aos A. de Gileade: Se me"
        },
        {
          "referencia": "Juízes 11.10",
          "texto": "E disseram os Á. de Gileade a Jefté: O Senhor"
        },
        {
          "referencia": "Juízes 11.11",
          "texto": "Assim, Jefté foi com os À. de Gileade, e o povo"
        },
        {
          "referencia": "Juízes 21.16",
          "texto": "E disseram os À. do ajuntamento: Que faremos"
        },
        {
          "referencia": "Rute 4.2",
          "texto": "Então, tomou dez homens dos 4. da cidade e"
        },
        {
          "referencia": "Rute 4.9",
          "texto": "Então, Boaz disse aos À. e a todo o povo: Sois,"
        },
        {
          "referencia": "1 Samuel 4.3",
          "texto": "povo ao arraial, disseram os Á. de Israel: Por"
        },
        {
          "referencia": "1 Samuel 8.4",
          "texto": "Então, todos os A. de Israel se congregaram, e"
        },
        {
          "referencia": "1 Samuel 11.3",
          "texto": "Então, os À. de Jabes lhe disseram: Deixa-nos"
        },
        {
          "referencia": "1 Samuel 15.30",
          "texto": "porém, agora diante dos Á. do meu povo e"
        },
        {
          "referencia": "1 Samuel 16.4",
          "texto": "e veio a Belém. Então, os Á. da cidade"
        },
        {
          "referencia": "1 Samuel 30.26",
          "texto": "enviou do despojo aos À. de Judá, seus"
        },
        {
          "referencia": "2 Samuel 3.17",
          "texto": "E praticava Abner com os À. de Israel, dizendo:"
        },
        {
          "referencia": "2 Samuel 12.17",
          "texto": "Então os Á. da sua casa se levantaram e foram a"
        },
        {
          "referencia": "2 Samuel 17.4",
          "texto": "de Absalão, e aos olhos de todos os A. de Israel."
        },
        {
          "referencia": "2 Samuel 17.15",
          "texto": "Aitofela Absalão e aos Á. de Israel; porém"
        },
        {
          "referencia": "2 Samuel 19.11",
          "texto": "sacerdotes, dizendo: Falai aos A. de Judá,"
        },
        {
          "referencia": "1 Reis 8.1",
          "texto": "Então, congregou Salomão os A. de Israel e todos"
        },
        {
          "referencia": "1 Reis 8.3",
          "texto": "E vieram todos os À. de Israel, e os sacerdotes"
        },
        {
          "referencia": "1 Reis 12.6",
          "texto": "rei Roboão conselho com os À. que estavam na"
        },
        {
          "referencia": "1 Reis 12.8",
          "texto": "deixou o conselho que os A. lhe tinham"
        },
        {
          "referencia": "a 12.13",
          "texto": "deixara o conselho que os À. lhe haviam aconse-"
        },
        {
          "referencia": "1 Reis 20.7",
          "texto": "de Israel chamou todos os À. da terra e disse:"
        },
        {
          "referencia": "1 Reis 20.8",
          "texto": "E todos os À. e todo o povo lhe disseram: Não"
        },
        {
          "referencia": "IRs 21.8",
          "texto": "e mandou as cartas aos À, e aos nobres"
        },
        {
          "referencia": "1 Reis 21.11",
          "texto": "os homens da sua cidade, os Á. e os nobres que"
        },
        {
          "referencia": "2 Reis 6.32",
          "texto": "em sua casa, e também os À. estavam"
        },
        {
          "referencia": "2 Reis 6.32",
          "texto": "viesse a ele, disse ele aos A.: Vistes"
        },
        {
          "referencia": "2 Reis 10.1",
          "texto": "aos chefes de Jezreel, aos Á. e aos aios dos"
        },
        {
          "referencia": "2 Reis 10.5",
          "texto": "tinha cargo da cidade, eos Á., eos aios"
        },
        {
          "referencia": "2 Reis 19.2",
          "texto": "e a Sebna, o escrivão, e aos À. dos"
        },
        {
          "referencia": "2 Reis 23.1",
          "texto": "o rei ordenou, e todos os Á. de Judá e de"
        },
        {
          "referencia": "1 Crônicas 11.3",
          "texto": "Também vieram todos os A. de Israel ao rei, a"
        },
        {
          "referencia": "1 Crônicas 15.25",
          "texto": "Sucedeu, pois, que Davi, e os Á. de Israel, e os"
        },
        {
          "referencia": "1 Crônicas 21.16",
          "texto": "Jerusalém; então, Davi e os A., cobertos de"
        },
        {
          "referencia": "2 Crônicas 5.2",
          "texto": "convocou em Jerusalém os À. de Israel e todos"
        },
        {
          "referencia": "2 Crônicas 5.4",
          "texto": "E vieram todos os À, de Israel, e os levitas"
        },
        {
          "referencia": "2 Crônicas 10.6",
          "texto": "Roboão conselho com os À. que estiveram"
        },
        {
          "referencia": "2 Crônicas 10.8",
          "texto": "deixou o conselho que os A. lhe deram; e teve"
        },
        {
          "referencia": "2 Crônicas 10.13",
          "texto": "porque o rei Roboão deixou o conselho dos A.."
        },
        {
          "referencia": "2 Crônicas 34.29",
          "texto": "convocou e ajuntou todos os A. de Judá e Jerusalém."
        },
        {
          "referencia": "Esdras 5.5",
          "texto": "de Deus estavam sobre os Á. dos judeus, e não"
        },
        {
          "referencia": "Esdras 5.9",
          "texto": "Então, perguntamos aos Á, e assim lhes dissemos:"
        },
        {
          "referencia": "Esdras 6.8",
          "texto": "que haveis de fazer com os A. dos judeus, para"
        },
        {
          "referencia": "Esdras 6.14",
          "texto": "E os A. dos judeus iam edificando e prosperando"
        },
        {
          "referencia": "Esdras 10.8",
          "texto": "conselho dos príncipes e dos A., toda a sua"
        },
        {
          "referencia": "Esdras 10.14",
          "texto": "tempos apontados, e com eles os Á, de cada"
        },
        {
          "referencia": "Salmos 105.22",
          "texto": "sujeitar os seus príncipes e instruir os seus Á.."
        },
        {
          "referencia": "SI 107.32",
          "texto": "do povo e glorifiquem-no na assembleia dos A.!"
        },
        {
          "referencia": "Provérbios 31.23",
          "texto": "nas portas, quando se assenta com os Á, da terra."
        },
        {
          "referencia": "Isaías 3.14",
          "texto": "vem em juízo contra os Á. do seu povo e"
        },
        {
          "referencia": "Isaías 24.23",
          "texto": "e, então, perante os seus À. haverá glória."
        },
        {
          "referencia": "Isaías 37.2",
          "texto": "e a Sebna, o escrivão, e aos Á. dos"
        },
        {
          "referencia": "Jeremias 19.1",
          "texto": "de oleiro, e leva contigo os À. do povo e os"
        },
        {
          "referencia": "Jeremias 19.1",
          "texto": "contigo os À. do povo e os Á. dos sacerdotes."
        },
        {
          "referencia": "Jeremias 26.17",
          "texto": "alguns dentre os A. da terra e falaram"
        },
        {
          "referencia": "Jeremias 29.1",
          "texto": "de Jerusalém, ao resto dos À. do cativeiro,"
        },
        {
          "referencia": "Lamentações 1.19",
          "texto": "os meus sacerdotes e os meus À. expiraram na"
        },
        {
          "referencia": "Lamentações 2.10",
          "texto": "na terra, silenciosos, os A. da filha de"
        },
        {
          "referencia": "Ezequiel 7.26",
          "texto": "do sacerdote perecerá a lei, e dos A., o conselho."
        },
        {
          "referencia": "Ezequiel 8.1",
          "texto": "eu assentado na minha casa, e os A. de Judá,"
        },
        {
          "referencia": "Ezequiel 8.11",
          "texto": "E setenta homens dos 4. da casa de Israel, com"
        },
        {
          "referencia": "Ezequiel 8.12",
          "texto": "filho do homem, o que os 4. da casa de"
        },
        {
          "referencia": "Ezequiel 14.1",
          "texto": "a mim alguns homens dos A. de Israel e se"
        },
        {
          "referencia": "Ezequiel 20.1",
          "texto": "do mês, que vieram alguns dos A. de Israel para"
        },
        {
          "referencia": "Ezequiel 20.3",
          "texto": "Filho do homem, fala aos A. de Israel e"
        },
        {
          "referencia": "Ezequiel 27.9",
          "texto": "Os Á. de Gebal e seus sábios foram em ti os que"
        },
        {
          "referencia": "J12.16",
          "texto": "a congregação, ajuntai os Á., congregai os"
        },
        {
          "referencia": "Mateus 15.2",
          "texto": "disapu a tradição dos A.? Pois não lavam as"
        },
        {
          "referencia": "Mateus 16.21",
          "texto": "e padecer muito dos Á., e dos"
        },
        {
          "referencia": "Mateus 21.23",
          "texto": "príncipes dos sacerdotes e os À. do povo,"
        },
        {
          "referencia": "Mateus 26.3",
          "texto": "e os escribas, e os 4. do povo"
        },
        {
          "referencia": "Mateus 26.47",
          "texto": "dos príncipes dos sacerdotes e dos Á. do povo."
        },
        {
          "referencia": "Mateus 26.57",
          "texto": "Caifás, onde os escribas e os À. estavam reunidos."
        },
        {
          "referencia": "Mateus 26.59",
          "texto": "dos sacerdotes, e os Á., etodo o"
        },
        {
          "referencia": "Mateus 27.1",
          "texto": "dos sacerdotes e os À. do povo formavam"
        },
        {
          "referencia": "Mateus 27.3",
          "texto": "de prata aos príncipes dos sacerdotes e aos Á.,"
        },
        {
          "referencia": "Mateus 27.12",
          "texto": "dos sacerdotes e pelos AÁ., nada respondeu."
        },
        {
          "referencia": "Mateus 27.20",
          "texto": "dos sacerdotes e os A, persuadiram à"
        },
        {
          "referencia": "Mateus 2741",
          "texto": "com os escribas, e A., e fariseus,"
        },
        {
          "referencia": "Mateus 28.12",
          "texto": "E, congregados eles com os À. e tomando conselho"
        },
        {
          "referencia": "Marcos 8.31",
          "texto": "e que fosse rejeitado pelos A., e pelos"
        },
        {
          "referencia": "Marcos 11.27",
          "texto": "sacerdotes, e os escribas, e os À. se"
        },
        {
          "referencia": "Marcos 14.43",
          "texto": "e dos escribas, e dos A., e, com ele,"
        },
        {
          "referencia": "Marcos 14.53",
          "texto": "principais dos sacerdotes, e os Á., e os escribas."
        },
        {
          "referencia": "Marcos 15.1",
          "texto": "dos sacerdotes, e os Á., eos escribas,"
        },
        {
          "referencia": "Lucas 7.3",
          "texto": "de Jesus, enviou-lhe uns Á, dos judeus,"
        },
        {
          "referencia": "Lucas 9.22",
          "texto": "coisas, e seja rejeitado dos A. e dos escribas,"
        },
        {
          "referencia": "Lucas 20.1",
          "texto": "principais dos sacerdotes e os escribas com os 4."
        },
        {
          "referencia": "Lucas 22.52",
          "texto": "e capitães do templo, e À. que tinham ido"
        },
        {
          "referencia": "Lucas 22.66",
          "texto": "foi dia, ajuntaram-se os Á. do povo, e os"
        },
        {
          "referencia": "Atos 4.5",
          "texto": "Jerusalém os seus principais, os A., os escribas,"
        },
        {
          "referencia": "Atos 4.8",
          "texto": "disse: Principais do povo e vós, A. de Israel,"
        },
        {
          "referencia": "Atos 4.23",
          "texto": "disseram os principais dos sacerdotes e os Á.."
        },
        {
          "referencia": "Atos 5.21",
          "texto": "o conselho e a todos os 4, dos filhos"
        },
        {
          "referencia": "Atos 6.12",
          "texto": "E excitaram o povo, os 4, e os escribas; e,"
        },
        {
          "referencia": "Atos 11.30",
          "texto": "fizeram, enviando-o aos Á. por mão de"
        },
        {
          "referencia": "Atos 14.23",
          "texto": "comum consentimento eleito Á, em cada igreja,"
        },
        {
          "referencia": "Atos 15.2",
          "texto": "aos apóstolos e aos Á. sobre aquela questão."
        },
        {
          "referencia": "Atos 15.4",
          "texto": "igreja e pelos apóstolos e Á. e lhes anunciaram"
        },
        {
          "referencia": "Atos 15.6",
          "texto": "pois, os apóstolos e os Á. para considerar"
        },
        {
          "referencia": "Atos 15.22",
          "texto": "bem aos apóstolos e aos Á., com toda a"
        },
        {
          "referencia": "Atos 15.23",
          "texto": "seguinte: Os apóstolos, e os Á., e os irmãos,"
        },
        {
          "referencia": "Atos 164",
          "texto": "estabelecidos pelos apóstolos e Á. em Jerusalém,"
        },
        {
          "referencia": "Atos 20.17",
          "texto": "De Mileto, mandou a Éfeso chamar os A. da igreja."
        },
        {
          "referencia": "Atos 21.18",
          "texto": "em casa de Tiago, e todos os A. vieram ali."
        },
        {
          "referencia": "Atos 22.5",
          "texto": "e todo o conselho dos A.; e, recebendo"
        },
        {
          "referencia": "Atos 23.14",
          "texto": "dos sacerdotes e 4. e disseram:"
        },
        {
          "referencia": "Atos 241",
          "texto": "Ananias, desceu com os Á, e um certo"
        },
        {
          "referencia": "Atos 25.15",
          "texto": "dos sacerdotes e os À. dos judeus,"
        },
        {
          "referencia": "1 Timóteo 5.1",
          "texto": "repreendas asperamente os Á., mas admoesta-os"
        },
        {
          "referencia": "1 Pedro 5.5",
          "texto": "jovens, sede sujeitos aos À.; e sede todos"
        },
        {
          "referencia": "Apocalipse 44",
          "texto": "os tronos vinte e quatro À, vestidos de"
        },
        {
          "referencia": "Apocalipse 4.10",
          "texto": "os vinte e quatro À. prostravam-se diante do que"
        },
        {
          "referencia": "Apocalipse 5.5",
          "texto": "E disse-me um dos A.: Não chores; eis aqui o"
        },
        {
          "referencia": "Apocalipse 5.6",
          "texto": "animais viventes e entre os A. um Cordeiro, como"
        },
        {
          "referencia": "Apocalipse 5.8",
          "texto": "animais e os vinte e quatro Á. prostraram-se"
        },
        {
          "referencia": "Apocalipse 5.11",
          "texto": "trono, e dos animais, e dos Á.; eera o número"
        },
        {
          "referencia": "Apocalipse 5.14",
          "texto": "Amém! E os vinte e quatro A. prostraram-se e"
        },
        {
          "referencia": "Apocalipse 7.11",
          "texto": "ao redor do trono, e dos Á., e dos quatro"
        },
        {
          "referencia": "Apocalipse 7.13",
          "texto": "E um dos 4. me falou, dizendo: Estes que estão"
        },
        {
          "referencia": "Apocalipse 11.16",
          "texto": "E os vinte e quatro A., que estão assentados em"
        },
        {
          "referencia": "Apocalipse 14.3",
          "texto": "dos quatro animais e dos A.; e ninguém podia"
        },
        {
          "referencia": "Apocalipse 194",
          "texto": "E os vinte e quatro Á. e os quatro animais"
        }
      ]
    }
  ]
}