{
  "a": [
    {
      "palavra": "anda",
      "veja tambem": [
        "andar"
      ],
      "ocorrencias": 79,
      "fonte": "Strong's H1980 (הָלַךְ/halak)",
      "concordancias": [
        {
          "referencia": "Gênesis 17.1",
          "texto": "Eu sou o Deus Todo-Poderoso; A. em minha"
        },
        {
          "referencia": "Êxodo 16.4",
          "texto": "cada dia, para que eu veja se 4. em minha lei ou não."
        },
        {
          "referencia": "Levítico 11.21",
          "texto": "todo o réptil que voa, que À. sobre quatro pés: o"
        },
        {
          "referencia": "Levítico 11.27",
          "texto": "E tudo o que À. sobre as suas patas, isto é, todo"
        },
        {
          "referencia": "Levítico 11.27",
          "texto": "isto é, todo animal que A. a quatro pés, vos"
        },
        {
          "referencia": "Levítico 11.42",
          "texto": "Tudo o que A. sobre o ventre, e tudo o que Å."
        },
        {
          "referencia": "Levítico 11.42",
          "texto": "o ventre, e tudo o que À. sobre quatro pés, ou"
        },
        {
          "referencia": "Deuteronômio 4.18",
          "texto": "figura de algum animal que A. de rastos sobre a"
        },
        {
          "referencia": "Deuteronômio 23.14",
          "texto": "o Senhor, teu Deus, 4. no meio do teu"
        },
        {
          "referencia": "1 Samuel 10.2",
          "texto": "deixou o negócio das jumentas e À. aflito por"
        },
        {
          "referencia": "1 Samuel 20.21",
          "texto": "mandarei 6 moço, dizendo: Á., busca as flechas;"
        },
        {
          "referencia": "1 Samuel 20.40",
          "texto": "moço que trazia e disse-lhe: A. e leva-as à cidade."
        },
        {
          "referencia": "2 Samuel 14.19",
          "texto": "verdade que a mão de Joabe A, contigo em tudo"
        },
        {
          "referencia": "2 Samuel 19.1",
          "texto": "a Joabe: Eis que o rei A. chorando e"
        },
        {
          "referencia": "2 Reis 4.24",
          "texto": "e disse ao seu moço: Guia, e A., e não te detenhas"
        },
        {
          "referencia": "2 Reis 5.5",
          "texto": "disse o rei da Síria: Vai, A., e enviarei uma"
        },
        {
          "referencia": "2 Reis 9.20",
          "texto": "andar de Jeú, filho de Ninsi, porque A. furiosamente."
        },
        {
          "referencia": "1 Crônicas 14.14",
          "texto": "Não subirás atrás deles; mas Á. em roda por detrás"
        },
        {
          "referencia": "Jó 9.8",
          "texto": "sozinho estende os céus e À. sobre os altos do mar;"
        },
        {
          "referencia": "Jó 15.23",
          "texto": "A. vagueando por pão, dizendo: Onde está? Bem sabe"
        },
        {
          "referencia": "Jó 34.8",
          "texto": "que praticam a iniquidade, e A. com homens ímpios?"
        },
        {
          "referencia": "Jó 39.8",
          "texto": "nos montes é o seu pasto, e À. buscando tudo que"
        },
        {
          "referencia": "Salmos 1.1",
          "texto": "o varão que não A. segundo o conselho"
        },
        {
          "referencia": "SI 15.2",
          "texto": "Aquele que À. em sinceridade, e pratica a justiça,"
        },
        {
          "referencia": "S168.21",
          "texto": "e o crânio cabeludo do que A. em suas culpas."
        },
        {
          "referencia": "SI 101.6",
          "texto": "que estejam comigo; o que À, num caminho reto,"
        },
        {
          "referencia": "Salmos 104.3",
          "texto": "das nuvens o seu carro e À, sobre as asas do vento."
        },
        {
          "referencia": "S1128.1",
          "texto": "aquele que teme ao Senhor e À. nos seus caminhos!"
        },
        {
          "referencia": "py 6.12",
          "texto": "de Belial, o homem vicioso, A. em perversidade de"
        },
        {
          "referencia": "Py 6.14",
          "texto": "todo o tempo maquina mal; A, semeando contendas."
        },
        {
          "referencia": "Provérbios 6.26",
          "texto": "bocado de pão; e a adúltera A. à caça de preciosa vida."
        },
        {
          "referencia": "Provérbios 9.3",
          "texto": "ordens às suas criadas, já 4. convidando desde as"
        },
        {
          "referencia": "Provérbios 10.9",
          "texto": "Quem A. em sinceridade A. seguro, mas o que"
        },
        {
          "referencia": "Provérbios 10.32",
          "texto": "mas a boca dos ímpios A. cheia de perversidades."
        },
        {
          "referencia": "Provérbios 11.130",
          "texto": "que 4. praguejando descobre o segredo, mas o fiel"
        },
        {
          "referencia": "Provérbios 13.20",
          "texto": "À. com os sábios e serás sábio, mas o companheiro"
        },
        {
          "referencia": "Provérbios 142",
          "texto": "O que À. na sua sinceridade teme ao Senhor, mas o"
        },
        {
          "referencia": "Provérbios 15.21",
          "texto": "de entendimento, mas o homem sábio À. retamente."
        },
        {
          "referencia": "Provérbios 19.1",
          "texto": "Melhor é o pobre que A. na sua sinceridade do que o"
        },
        {
          "referencia": "Provérbios 20.7",
          "texto": "O justo À. na sua sinceridade; bem-aventurados"
        },
        {
          "referencia": "Provérbios 20.19",
          "texto": "O que Å. maldizendo descobre o segredo; pelo que,"
        },
        {
          "referencia": "Provérbios 21.160",
          "texto": "homem que A, desviado do caminho do entendi-"
        },
        {
          "referencia": "Provérbios 27.8",
          "texto": "ninho, tal é o homem que Á. vagueando longe do"
        },
        {
          "referencia": "Py 28.6",
          "texto": "Melhor é o pobre que À na sua sinceridade do que o"
        },
        {
          "referencia": "Provérbios 28.18",
          "texto": "O que Á. sinceramente salvar-se-á, mas o perverso"
        },
        {
          "referencia": "Provérbios 28.26",
          "texto": "é insensato, mas o que A, sabiamente escapará."
        },
        {
          "referencia": "Provérbios 30.22",
          "texto": "quando reina; e pelo tolo, quando A. farto de pão;"
        },
        {
          "referencia": "Eclesiastes 2.14",
          "texto": "na sua cabeça, mas o louco A. em trevas; também,"
        },
        {
          "referencia": "Eclesiastes 2.22",
          "texto": "do seu coração, em que ele 4. trabalhando debaixo"
        },
        {
          "referencia": "Eclesiastes 11.9",
          "texto": "nos dias da tua mocidade, e A. pelos caminhos do"
        },
        {
          "referencia": "Isaías 15.4",
          "texto": "Assim Hesbom, como Eleale, A. Ea até Jaza se"
        },
        {
          "referencia": "Isaías 21.2",
          "texto": "perfidamente, e o destruidor A. destruindo. Sobe, ó"
        },
        {
          "referencia": "Isaías 22.15",
          "texto": "Senhor Jeová dos Exércitos: Á., vai ter com este"
        },
        {
          "referencia": "Isaías 32.13",
          "texto": "casas de alegria, na cidade que A. pulando de prazer."
        },
        {
          "referencia": "Isaías 33.15",
          "texto": "O que 4. em justiça e que fala com retidão, que"
        },
        {
          "referencia": "Isaías 59.8",
          "texto": "si mesmos; todo aquele que A. por elas não tem"
        },
        {
          "referencia": "Isaías 59.14",
          "texto": "pôs longe, porque a verdade A. tropeçando pelas"
        },
        {
          "referencia": "Jeremias 5.26",
          "texto": "entre o meu povo; cada um A. espiando, como se"
        },
        {
          "referencia": "Jeremias 5.30",
          "texto": "Coisa espantosa e horrenda se Å. fazendo na terra:"
        },
        {
          "referencia": "Jeremias 9.4",
          "texto": "faz mais do que enganar, e todo amigo À. caluniando."
        },
        {
          "referencia": "Jeremias 13.10",
          "texto": "o propósito do seu coração e A. após deuses"
        },
        {
          "referencia": "Jeremias 14.2",
          "texto": "A, chorando Judá, e as suas portas estão"
        },
        {
          "referencia": "Jeremias 16.12",
          "texto": "eis que cada um de vós À. após o propósito do"
        },
        {
          "referencia": "Jeremias 23.17",
          "texto": "Paz tereis; e a qualquer que À. segundo o"
        },
        {
          "referencia": "Lamentações 1.11",
          "texto": "Todo o seu povo À. suspirando, buscando o pão;"
        },
        {
          "referencia": "Mg 2.7",
          "texto": "que fazem bem as minhas palavras ao que Á. retamen-"
        },
        {
          "referencia": "Mateus 9.5",
          "texto": "te são os teus pecados, ou: Levanta-te e A,?"
        },
        {
          "referencia": "Mateus 12.43",
          "texto": "imundo tem saído do homem, A. por lugares áridos,"
        },
        {
          "referencia": "Marcos 2.9",
          "texto": "ou dizer-lhe: Levanta-te, e toma o teu leito, e A.?"
        },
        {
          "referencia": "Lucas 5.23",
          "texto": "pecados te são perdoados, ou dizer: Levanta-te e A.?"
        },
        {
          "referencia": "Lucas 11.24",
          "texto": "imundo tem saído do homem, À. por lugares secos,"
        },
        {
          "referencia": "Jó 5.8",
          "texto": "Jesus disse-lhe: Levanta-te, toma tua cama e Å.."
        },
        {
          "referencia": "Jó 5.11",
          "texto": "me curou, ele próprio disse: Toma a tua cama e A.."
        },
        {
          "referencia": "Jó 5.12",
          "texto": "Quem é o homem que te disse: Toma a tua cama e À.?"
        },
        {
          "referencia": "Jó 12.35",
          "texto": "vos não apanhem, pois quem Á. nas trevas não"
        },
        {
          "referencia": "Atos 3.6",
          "texto": "Em nome de Jesus Cristo, o Nazareno, levanta-te e Å.."
        },
        {
          "referencia": "1 Pedro 5.8",
          "texto": "o diabo, vosso adversário, A. em derredor,"
        },
        {
          "referencia": "1 João 2.11",
          "texto": "seu irmão está em trevas, e À. em trevas, e não"
        },
        {
          "referencia": "Apocalipse 2.1",
          "texto": "destra as sete estrelas, que Á. no meio dos sete"
        }
      ]
    },
    {
      "palavra": "andado",
      "veja tambem": [
        "andar"
      ],
      "ocorrencias": 10,
      "fonte": "Strong's H1980 (הָלַךְ/halak)",
      "concordancias": [
        {
          "referencia": "Gênesis 24.40",
          "texto": "em cuja presença tenho Á., enviará o seu"
        },
        {
          "referencia": "Gênesis 35.3",
          "texto": "angústia e que foi comigo no caminho que tenho A.."
        },
        {
          "referencia": "Ly 26.40",
          "texto": "confessarão que, por terem A. contrariamente"
        },
        {
          "referencia": "1 Samuel 12.2",
          "texto": "estão convosco; e eu tenho A, diante de vós"
        },
        {
          "referencia": "S126.1",
          "texto": "Julga-me, Senhor, pois tenho À, em minha"
        },
        {
          "referencia": "Isaías 38.8",
          "texto": "recuou o sol dez graus pelos graus que já tinha A.."
        },
        {
          "referencia": "Isaías 57.2",
          "texto": "nas suas camas os que hoüverati A; na sua retidão."
        },
        {
          "referencia": "Atos 14.8",
          "texto": "coxo desde o seu nascimento, o qual nunca tinha A.."
        },
        {
          "referencia": "Atos 20.2",
          "texto": "E, havendo 4. por aquelas terras e exortando-os"
        },
        {
          "referencia": "Atos 23.1",
          "texto": "até ao dia de hoje tenho A. diante de Deus"
        }
      ]
    },
    {
      "palavra": "andadura",
      "veja tambem": [],
      "ocorrencias": 1,
      "fonte": "Strong's H1980 (הָלַךְ/halak)",
      "concordancias": [
        {
          "referencia": "1 Crônicas 14.15",
          "texto": "que, ouvindo tu um ruído de 4, pelas copas das"
        }
      ]
    }
  ]
}