{
  "a": [
    {
      "palavra": "andai",
      "veja tambem": [
        "andar"
      ],
      "ocorrencias": 19,
      "fonte": "Strong's H1980 (הָלַךְ/halak)",
      "concordancias": [
        {
          "referencia": "Êxodo 10.11",
          "texto": "Não será assim; Á. agora vós, varões, e servi ao"
        },
        {
          "referencia": "Josué 2.1",
          "texto": "espiar secretamente, dizendo: A. e observai a"
        },
        {
          "referencia": "Juízes 10.14",
          "texto": "A. e clamai aos deuses que escolhestes; que vos"
        },
        {
          "referencia": "2 Crônicas 19.9",
          "texto": "ordem, dizendo: Assim, Á. no temor do"
        },
        {
          "referencia": "Py 9.6",
          "texto": "os insensatos, e vivei, e A. pelo caminho do entendi-"
        },
        {
          "referencia": "Isaías 30.21",
          "texto": "dizendo: Este é o caminho; A. nele, sem vos"
        },
        {
          "referencia": "Isaías 50.11",
          "texto": "e vos cingis com faíscas, A. entre as labaredas"
        },
        {
          "referencia": "Jeremias 6.16",
          "texto": "qual é o bom caminho, e À. por ele; e"
        },
        {
          "referencia": "Jeremias 7.23",
          "texto": "e vós sereis o meu povo; eÁ. em todo o"
        },
        {
          "referencia": "Ezequiel 20.19",
          "texto": "Eu sou o Senhor, vosso Deus; À. nos meus"
        },
        {
          "referencia": "Miquéias 2.10",
          "texto": "Levantai-vos e Á., porque não será aqui o vosso"
        },
        {
          "referencia": "Zacarias 6.7",
          "texto": "pela terra. E ele disse: Ide, A. pela terra. E"
        },
        {
          "referencia": "Jó 12.35",
          "texto": "por um pouco de tempo; A. enquanto tendes"
        },
        {
          "referencia": "Gálatas 5.16",
          "texto": "Digo, porém: A. em Espírito e não cumprireis a"
        },
        {
          "referencia": "Efésios 5.2",
          "texto": "e Á. em amor, como também Cristo vos amou e se"
        },
        {
          "referencia": "Efésios 5.8",
          "texto": "mas, agora, sois luz no Senhor; À. como filhos da luz"
        },
        {
          "referencia": "C12.6",
          "texto": "o Senhor Jesus Cristo, assim também Á, nele,"
        },
        {
          "referencia": "1 Tessalonicenses 4.1",
          "texto": "andar e agradar a Deus, assim A., para que"
        },
        {
          "referencia": "1 Pedro 1.17",
          "texto": "segundo a obra de cada um, A. em temor,"
        }
      ]
    },
    {
      "palavra": "andais",
      "veja tambem": [
        "andar"
      ],
      "ocorrencias": 10,
      "fonte": "Strong's H1980 (הָלַךְ/halak)",
      "concordancias": [
        {
          "referencia": "Números 15.39",
          "texto": "após os vossos olhos, após os quais Á. adulterando."
        },
        {
          "referencia": "Juízes 5.10",
          "texto": "vos assentais em juízo e que 4. pelo caminho,"
        },
        {
          "referencia": "Jeremias 35.7",
          "texto": "sobre a face da terra em que vós À. peregrinando."
        },
        {
          "referencia": "Ezequiel 20.34",
          "texto": "das terras nas quais A. espalhados, com mão"
        },
        {
          "referencia": "Ezequiel 20.41",
          "texto": "congregar das terras em que À. espalhados; e"
        },
        {
          "referencia": "Ezequiel 36.3",
          "texto": "herança do resto das nações, e 4. em lábios"
        },
        {
          "referencia": "Miquéias 6.16",
          "texto": "da casa de Acabe, e vós Á. nos conselhos"
        },
        {
          "referencia": "Mateus 6.28",
          "texto": "quanto ao vestuário, porque Á. solícitos? Olhai"
        },
        {
          "referencia": "1 Coríntios 3.3",
          "texto": "sois, porventura, carnais e não À. segundo os homens?"
        },
        {
          "referencia": "Efésios 5.15",
          "texto": "vede prudentemente como Á., não como néscios,"
        }
      ]
    },
    {
      "palavra": "andam",
      "veja tambem": [
        "andar"
      ],
      "ocorrencias": 69,
      "fonte": "Strong's H1980 (הָלַךְ/halak)",
      "concordancias": [
        {
          "referencia": "1 Samuel 6.5",
          "texto": "imagens dos vossos ratos, que Å. destruindo a"
        },
        {
          "referencia": "1 Samuel 8.5",
          "texto": "velho, e teus filhos não A. pelos teus"
        },
        {
          "referencia": "1 Samuel 25.27",
          "texto": "dê-se aos jovens que À. após as pisadas de"
        },
        {
          "referencia": "1 Reis 8.23",
          "texto": "beneficência a teus servos que 4. de todo o seu"
        },
        {
          "referencia": "Jó 4.11",
          "texto": "não há presa, e os filhos da leoa A. dispersos."
        },
        {
          "referencia": "Jó 5.14",
          "texto": "as trevas; e, ao meio-dia, Á. como de noite,"
        },
        {
          "referencia": "Jó 12.25",
          "texto": "Nas trevas À. às a alpadelas, sem terem luz, e os"
        },
        {
          "referencia": "Jó 21.11",
          "texto": "como a um rebanho, e seus filhos A. saltando."
        },
        {
          "referencia": "Jó 38.41",
          "texto": "pintainhos gritam a Deus e A. vagueando, por não"
        },
        {
          "referencia": "S127.11",
          "texto": "vereda direita, por causa dos que me À. espiando."
        },
        {
          "referencia": "S154.5",
          "texto": "o mal daqueles que me A. espiando; destrói-os"
        },
        {
          "referencia": "Salmos 55.10",
          "texto": "De dia e de noite 4, ao redor dela, sobre os seus"
        },
        {
          "referencia": "SIL 56.2",
          "texto": "Os que me A. espiando procuram devorar-me todo o"
        },
        {
          "referencia": "S158.3",
          "texto": "os ímpios desde a madre; A. errados desde que"
        },
        {
          "referencia": "S182.5",
          "texto": "nada sabem, nem entendem; A. em trevas; todos"
        },
        {
          "referencia": "Salmos 107.27",
          "texto": "A. e cambaleiam como ébrios, e esvai-se-lhes toda"
        },
        {
          "referencia": "S1115.7",
          "texto": "não apalpam; têm pés, mas não A.; nem som algum"
        },
        {
          "referencia": "S1119.1",
          "texto": "os que trilham caminhos retos e A. na lei do Senhor."
        },
        {
          "referencia": "SI 119.3",
          "texto": "E não praticam iniquidade, mas A. em seus caminhos."
        },
        {
          "referencia": "Isaías 3.16",
          "texto": "filhas de Sião se exaltam, e 4. de pescoço"
        },
        {
          "referencia": "Isaías 3.16",
          "texto": "olhares impudentes, e, quando Á., como que vão"
        },
        {
          "referencia": "Isaías 7.18",
          "texto": "do Egito e às abelhas que A. na terra da Assíria;"
        },
        {
          "referencia": "Isaías 15.3",
          "texto": "e nas suas praças, todos À. uivando e choram abun-"
        },
        {
          "referencia": "Isaías 16.8",
          "texto": "vão chegando a Jazer; A, vagueando pelo"
        },
        {
          "referencia": "Isaías 25.7",
          "texto": "rosto com que todos os povos À. cobertos e o véu"
        },
        {
          "referencia": "Isaías 28.7",
          "texto": "poi causa da bebida forte, 4, errados na visão"
        },
        {
          "referencia": "Isaías 29.9",
          "texto": "bêbados estão, mas não de vinho; A. titubeando,"
        },
        {
          "referencia": "Isaías 42.5",
          "texto": "ao povo que nela está e o espírito, aos que A. nela."
        },
        {
          "referencia": "Isaías 56.10",
          "texto": "cães mudos, não podem ladrar; A. adormecidos,"
        },
        {
          "referencia": "Isaías 594",
          "texto": "confiam na vaidade e A. falando mentiras;"
        },
        {
          "referencia": "Jeremias 6.28",
          "texto": "são os mais rebeldes e A. murmurando; são"
        },
        {
          "referencia": "Jeremias 6.28",
          "texto": "como bronze e ferro, todos eles À. corruptamente."
        },
        {
          "referencia": "Jeremias 7.17",
          "texto": "Não vês tu o que À. fazendo nas cidades de Judá e"
        },
        {
          "referencia": "Jeremias 12.9",
          "texto": "mim ave de várias cores; A. as aves de rapina"
        },
        {
          "referencia": "Jeremias 14.2",
          "texto": "portas estão enfraquecidas; A. de luto até ao"
        },
        {
          "referencia": "Tr 23.14",
          "texto": "cometem adultérios, e A. com falsidade, e"
        },
        {
          "referencia": "Jeremias 50.38",
          "texto": "e eles, pelos seus ídolos, A. enfurecidos."
        },
        {
          "referencia": "Lamentações 4.14",
          "texto": "Erram como cegos nas ruas, Á. contaminados de"
        },
        {
          "referencia": "Lamentações 5.18",
          "texto": "monte de Sião, que está assolado, Á. as raposas."
        },
        {
          "referencia": "Ezequiel 13.10",
          "texto": "Visto que, sim, visto que À. enganando o meu povo,"
        },
        {
          "referencia": "Ezequiel 16.34",
          "texto": "pois após ti não Á. para prostituição;"
        },
        {
          "referencia": "Ezequiel 22.29",
          "texto": "terra oprimem gravemente, e A. roubando, e fazem"
        },
        {
          "referencia": "Ezequiel 23.12",
          "texto": "com primor, cavaleiros que Á. montados em"
        },
        {
          "referencia": "Ezequiel 34.6",
          "texto": "As minhas ovelhas A. desgarradas por todos os"
        },
        {
          "referencia": "Ezequiel 34.6",
          "texto": "sim, as minhas ovelhas Á. espalhadas or"
        },
        {
          "referencia": "Ezequiel 34.12",
          "texto": "de todos os lugares por onde Á, espalhadas no dia"
        },
        {
          "referencia": "Daniel 3.25",
          "texto": "vejo quatro homens soltos, que 4. passeando dentro"
        },
        {
          "referencia": "Daniel 4.37",
          "texto": "juízo, e pode humilhar aos que A. na soberba."
        },
        {
          "referencia": "Ageu 2.22",
          "texto": "eos cavalos e os que A. montados neles"
        },
        {
          "referencia": "Zacarias 10.5",
          "texto": "e eles envergonharão os que Á. montados em cavalos."
        },
        {
          "referencia": "Mateus 11.5",
          "texto": "Os cegos veem, e os coxos À.; os leprosos são"
        },
        {
          "referencia": "Marcos 7.5",
          "texto": "e os escribas: Por que não Á. os teus discípulos"
        },
        {
          "referencia": "Marcos 8.24",
          "texto": "Vejo os homens, pois os vejo como árvores que Á.."
        },
        {
          "referencia": "Lucas 7.22",
          "texto": "ouvido: os cegos veem, os coxos A. os leprosos"
        },
        {
          "referencia": "Lucas 7.25",
          "texto": "delicadas? Eis que os que Á. com vestes"
        },
        {
          "referencia": "Atos 23.21",
          "texto": "homens dentre eles lhe A, armando ciladas, os"
        },
        {
          "referencia": "Romanos 4.12",
          "texto": "circuncisão, mas que também A. nas pisadas"
        },
        {
          "referencia": "Romanos 8.1",
          "texto": "em Cristo Jesus, que não A. segundo a carne,"
        },
        {
          "referencia": "1 Coríntios 4.18",
          "texto": "Mas alguns Á. inchados, como se eu não houvesse de"
        },
        {
          "referencia": "1 Coríntios 4.19",
          "texto": "não as palavras dos que Á. inchados, mas a virtude."
        },
        {
          "referencia": "G15.12",
          "texto": "que fossem cortados aqueles que vos Å. inquietando."
        },
        {
          "referencia": "Efésios 4.17",
          "texto": "que não andeis mais como Á. também os.outros"
        },
        {
          "referencia": "Filipenses 3.17",
          "texto": "o exemplo que tendes em nós, pelos que assim A.."
        },
        {
          "referencia": "2 Tessalonicenses 3.11",
          "texto": "que alguns entre vós A. desordenadamente,"
        },
        {
          "referencia": "Tiago 1.1",
          "texto": "Cristo, às doze tribos que A. dispersas: saúde."
        },
        {
          "referencia": "2 Pedro 2.10",
          "texto": "que segundo a carne A. em concupiscências"
        },
        {
          "referencia": "2 Pedro 2.18",
          "texto": "aqueles que se estavam afastando dos que À. em erro,"
        },
        {
          "referencia": "2 João 1.4",
          "texto": "que alguns de teus filhos A. na verdade, assim"
        },
        {
          "referencia": "3 João 1.4",
          "texto": "este: o de ouvir que os meus filhos À. na verdade."
        }
      ]
    },
    {
      "palavra": "andam-nos",
      "veja tambem": [
        "andar"
      ],
      "ocorrencias": 1,
      "fonte": "",
      "concordancias": [
        {
          "referencia": "S117.11",
          "texto": "Á. agora espiando os nossos passos; e fixam os"
        }
      ]
    },
    {
      "palavra": "andam-se",
      "veja tambem": [
        "andar"
      ],
      "ocorrencias": 1,
      "fonte": "",
      "concordancias": [
        {
          "referencia": "Jeremias 9.5",
          "texto": "sua língua a falar a mentira; A. cansando em"
        }
      ]
    }
  ]
}