{
  "a": [
    {
      "palavra": "andamos",
      "veja tambem": [
        "andar"
      ],
      "ocorrencias": 10,
      "fonte": "Strong's H1980 (הָלַךְ/halak)",
      "concordancias": [
        {
          "referencia": "Josué 24.17",
          "texto": "guardou por todo o caminho que A. e entre"
        },
        {
          "referencia": "1 Samuel 25.16",
          "texto": "de noite, todos os dias que À. com eles"
        },
        {
          "referencia": "Salmos 106.6",
          "texto": "pais; cometemos iniquidade, A. perversamente."
        },
        {
          "referencia": "Isaías 53.6",
          "texto": "Todos nós A. desgarrados como ovelhas; cada um"
        },
        {
          "referencia": "Isaías 59.9",
          "texto": "há trevas; pelo resplendor, mas Á, em escuridão."
        },
        {
          "referencia": "Isaías 59.10",
          "texto": "como os que não têm olhos, A. apalpando;"
        },
        {
          "referencia": "Zacarias 1.11",
          "texto": "as murtas, e disseram: Nós já Á. pela terra, e"
        },
        {
          "referencia": "Romanos 8.4",
          "texto": "cumprisse em nós, que não À. segundo a carne,"
        },
        {
          "referencia": "2 Coríntios 5.7",
          "texto": "(Porque A. por fé e não por sa"
        },
        {
          "referencia": "2 Coríntios 12.18",
          "texto": "se aproveitou de vós? Não Á., porventura, no"
        }
      ]
    },
    {
      "palavra": "andando",
      "veja tambem": [
        "andar"
      ],
      "ocorrencias": 51,
      "fonte": "Strong's H1980 (הָלַךְ/halak)",
      "concordancias": [
        {
          "referencia": "Gênesis 21.14",
          "texto": "menino e despediu-a; e ela foi-se, A, errante no"
        },
        {
          "referencia": "Deuteronômio 6.7",
          "texto": "assentado em tua casa, e Á. pelo caminho, e"
        },
        {
          "referencia": "Deuteronômio 11.19",
          "texto": "assentado em tua casa, e A pelo caminho, e"
        },
        {
          "referencia": "Deuteronômio 11.22",
          "texto": "amando o Senhor, vosso Deus, Á. em todos os"
        },
        {
          "referencia": "Deuteronômio 19.9",
          "texto": "amando ao Senhor, teu Deus, e A. nos seus"
        },
        {
          "referencia": "Josué 3.6",
          "texto": "a arca do concerto e foram À. adiante do povo."
        },
        {
          "referencia": "Josué 6.9",
          "texto": "seguia após a arca, Á, e tocando as buzinas."
        },
        {
          "referencia": "Josué 6.13",
          "texto": "da arca do Senhor iam A, e tocavam as"
        },
        {
          "referencia": "Josué 6.13",
          "texto": "do Senhor; os sacerdotes iam A. e tocando as buzinas."
        },
        {
          "referencia": "Josué 14.10",
          "texto": "falou esta palavra a Moisés, A. Israel ainda"
        },
        {
          "referencia": "Juízes 2.19",
          "texto": "mais do que seus pais, Á. após outros"
        },
        {
          "referencia": "Juízes 14.9",
          "texto": "nas suas mãos e foi-se A, e comendo dele; e"
        },
        {
          "referencia": "1 Samuel 6.12",
          "texto": "e seguiam um mesmo caminho, A. e berrando, sem"
        },
        {
          "referencia": "1 Samuel 25.20",
          "texto": "E sucedeu que, Á. ela montada num jumento,"
        },
        {
          "referencia": "2 Samuel 13.19",
          "texto": "as mãos sobre a cabeça, e foi-se À. e clamando."
        },
        {
          "referencia": "2 Samuel 18.25",
          "texto": "só, há novas em sua boca. E vinha A. e chegando."
        },
        {
          "referencia": "2 Samuel 18.33",
          "texto": "por cima da porta, e chorou; e, Á., dizia assim:"
        },
        {
          "referencia": "1 Reis 3.3",
          "texto": "E Salomão amava ao Senhor, A. nos estatutos de"
        },
        {
          "referencia": "1 Reis 6.12",
          "texto": "todos os meus mandamentos, À, neles,"
        },
        {
          "referencia": "1 Reis 16.19",
          "texto": "era mal aos olhos do Senhor, 4, no caminho de"
        },
        {
          "referencia": "1 Reis 20.30",
          "texto": "porém, fugiu e veio à cidade, A. de câmara em cå"
        },
        {
          "referencia": "2 Reis 2.11",
          "texto": "E sucedeu que, indo eles Á, e falando, eis que"
        },
        {
          "referencia": "2 Crônicas 6.16",
          "texto": "que teus filhos guardem seu caminho, A. na"
        },
        {
          "referencia": "S1138.7",
          "texto": "A. eu no meio da angústia, tu me revivificarás;"
        },
        {
          "referencia": "Py 4.12",
          "texto": "Por elas Á., não se embaraçarão os teus passos;"
        },
        {
          "referencia": "Jeremias 17.25",
          "texto": "sobre o trono de Davi, A. em carros e"
        },
        {
          "referencia": "Jeremias 50.4",
          "texto": "os filhos de Judá juntamente; A, e chorando,"
        },
        {
          "referencia": "Ezequiel 1.17",
          "texto": "A. elas, andavam pelos quatro lados deles; não"
        },
        {
          "referencia": "Ezequiel 1.21",
          "texto": "À. eles, andavam elas, e, parando eles, paravam"
        },
        {
          "referencia": "Ezequiel 1.24",
          "texto": "E, À. eles, ouvi o ruído das suas asas, como o"
        },
        {
          "referencia": "Ezequiel 10.11",
          "texto": "A. eles, andavam elas pelos seus quatro lados;"
        },
        {
          "referencia": "Ezequiel 10.16",
          "texto": "E, À. os querubins, andavam as rodas juntamente"
        },
        {
          "referencia": "Ezequiel 18.9",
          "texto": "A. nos meus estatutos e guardando os meus"
        },
        {
          "referencia": "Ezequiel 19.6",
          "texto": "E este, A. continuamente no meio dos leões, veio"
        },
        {
          "referencia": "Ezequiel 20.13",
          "texto": "contra mim no deserto, não A. nos meus"
        },
        {
          "referencia": "Ezequiel 33.15",
          "texto": "o penhor, pagando o furtado, À. nos estatutos da"
        },
        {
          "referencia": "Daniel 4.29",
          "texto": "Ao cabo de doze meses, 4. a passear sobre o"
        },
        {
          "referencia": "Mateus 4.18",
          "texto": "E Jesus, Á. junto ao mar da Galileia, viu dois"
        },
        {
          "referencia": "Marcos 1.16",
          "texto": "E, À. junto ao mar da Galileia, viu Simão e"
        },
        {
          "referencia": "Marcos 6.48",
          "texto": "da noite, aproximou-se deles, A. sobre o mar,"
        },
        {
          "referencia": "Marcos 11.27",
          "texto": "E tornaram a Jerusalém; e, Á. ele pelo templo,"
        },
        {
          "referencia": "Jó 6.19",
          "texto": "trinta estádios, viram Jesus A. sobre o mar e"
        },
        {
          "referencia": "Atos 3.8",
          "texto": "e entrou com eles no templo, A., e saltando,"
        },
        {
          "referencia": "Atos 9.31",
          "texto": "edificadas; e se multiplicavam, A. no temor do"
        },
        {
          "referencia": "Atos 13.11",
          "texto": "eas trevas caíram sobre ele, e, 4. à roda,"
        },
        {
          "referencia": "Atos 27.18",
          "texto": "À. nós agitados por uma veemente tempestade, no"
        },
        {
          "referencia": "2 Coríntios 42",
          "texto": "por vergonha, se ocultam, não Á. com astúcia"
        },
        {
          "referencia": "2 Coríntios 10.3",
          "texto": "Porque, A. na carne, não militamos segundo a carne."
        },
        {
          "referencia": "1 Pedro 4.3",
          "texto": "a vontade dos gentios, A. em dissoluções,"
        },
        {
          "referencia": "2 Pedro 3.3",
          "texto": "dias virão escarnecedores, A. segundo as suas"
        },
        {
          "referencia": "Judas 1.16",
          "texto": "queixosos da sua sorte, Á, segundo as suas"
        }
      ]
    },
    {
      "palavra": "andantes",
      "veja tambem": [],
      "ocorrencias": 1,
      "fonte": "",
      "concordancias": [
        {
          "referencia": "2 Crônicas 3.10",
          "texto": "dois querubins na forma de A. e cobriu-os de ouro."
        }
      ]
    }
  ]
}