{
  "a": [
    {
      "palavra": "andar",
      "veja tambem": [
        "caminhar",
        "mover",
        "peregrinar"
      ],
      "ocorrencias": 66,
      "fonte": "Strong's H1980 (הָלַךְ/halak)",
      "concordancias": [
        {
          "referencia": "Êxodo 14.25",
          "texto": "dos seus carros, e fê-los A. dificultosamente."
        },
        {
          "referencia": "a 18.20",
          "texto": "o caminho em que devem Å. e a obra que devem"
        },
        {
          "referencia": "Êxodo 21.19",
          "texto": "ele tornar a levantar-se e Á. fora sobre o seu"
        },
        {
          "referencia": "Levítico 26.13",
          "texto": "os timões do vosso jugo e vos fiz À, direitos."
        },
        {
          "referencia": "Números 32.13",
          "texto": "contra Israel, e fê-los A. errantes até que"
        },
        {
          "referencia": "Deuteronômio 1.33",
          "texto": "o caminho por onde havíeis de A., e de dia na nuvem."
        },
        {
          "referencia": "Deuteronômio 29.5",
          "texto": "E quarenta anos vos fiz A. pelo deserto; não se"
        },
        {
          "referencia": "Josué 24.3",
          "texto": "pai, dalém do rio e o fiz A. por toda a terra"
        },
        {
          "referencia": "Sm 17.39",
          "texto": "as suas vestes e começou a Á.; porém nunca o"
        },
        {
          "referencia": "1 Samuel 17.39",
          "texto": "disse Davi a Saul: Não posso À. com isto, pois"
        },
        {
          "referencia": "IRs 8.58",
          "texto": "a si o nosso coração, para 4, em todos os seus"
        },
        {
          "referencia": "1 Reis 16.31",
          "texto": "(como se fora coisa leve A. nos pecados de"
        },
        {
          "referencia": "2 Reis 9.20",
          "texto": "a eles, porém não volta; e o A, parece como o"
        },
        {
          "referencia": "2 Reis 9.20",
          "texto": "volta; e o À. parece como o À. de Jeú, filho de"
        },
        {
          "referencia": "2 Reis 10.31",
          "texto": "Jeú não teve cuidado de Á. com todo o seu"
        },
        {
          "referencia": "2 Crônicas 34.31",
          "texto": "perante o Senhor, para À. após o Senhor e"
        },
        {
          "referencia": "Esdras 14",
          "texto": "em alguns lugares em que A. peregrinando, os"
        },
        {
          "referencia": "Neemias 5.9",
          "texto": "Porventura, não devíeis A. no temor do nosso"
        },
        {
          "referencia": "Ester 6.8",
          "texto": "cavalo em que o rei costuma A. montado, e"
        },
        {
          "referencia": "S178.10",
          "texto": "o concerto de Deus e recusaram À. na sua lei."
        },
        {
          "referencia": "S185.13",
          "texto": "dele, e ele nos fará A. no caminho aberto"
        },
        {
          "referencia": "Salmos 119.35",
          "texto": "Faze-me A. na verdade dos teus mandamentos, por-"
        },
        {
          "referencia": "SI 139.3",
          "texto": "Cercas o meu Å. e o meu deitar; e conheces todos"
        },
        {
          "referencia": "Provérbios 4.11",
          "texto": "te ensinei e, pelas carreiras direitas, te fiz A.."
        },
        {
          "referencia": "Provérbios 8.20",
          "texto": "Faço A. pelo caminho da justiça, no meio das"
        },
        {
          "referencia": "Provérbios 22.6",
          "texto": "no caminho em que deve A., e, até quando"
        },
        {
          "referencia": "Provérbios 30.29",
          "texto": "Há três que têm um bom A., e o quarto passeia"
        },
        {
          "referencia": "Eclesiastes 6.8",
          "texto": "E que mais tem o pobre que sabe A. perante os vivos?"
        },
        {
          "referencia": "Isaías 26.7",
          "texto": "é todo plano; tu retamente pesas o Á. do justo."
        },
        {
          "referencia": "Isaías 42.24",
          "texto": "caminhos do qual não queriam A., não dando"
        },
        {
          "referencia": "Isaías 48.17",
          "texto": "o que é útil e te guia pelo caminho em que deves Á.."
        },
        {
          "referencia": "Isaías 50.10",
          "texto": "a voz do seu servo? Quando A. em trevas e não"
        },
        {
          "referencia": "Isaías 63.12",
          "texto": "braço glorioso ele fez A. à mão direita de"
        },
        {
          "referencia": "Jeremias 10.5",
          "texto": "os leve, porquanto não podem À.; não tenhais"
        },
        {
          "referencia": "Jeremias 42.3",
          "texto": "caminho por onde havemos de Á. e aquilo que"
        },
        {
          "referencia": "Lamentações 3.2",
          "texto": "Ele me levou e me fez A, em trevas e não na luz."
        },
        {
          "referencia": "Lamentações 4.18",
          "texto": "de maneira que não podíamos 4. pelas nossas ruas;"
        },
        {
          "referencia": "Ezequiel 11.21",
          "texto": "quanto àqueles cujo ya A. conforme o coração"
        },
        {
          "referencia": "Ezequiel 18.17",
          "texto": "e fizer os meus juízos, e Á. nos meus"
        },
        {
          "referencia": "Ezequiel 36.12",
          "texto": "E farei A. sobre vós os homens, o meu povo de"
        },
        {
          "referencia": "Ezequiel 37.2",
          "texto": "e me fez À. ao redor deles; e eis que eram mui"
        },
        {
          "referencia": "Oséias 5.11",
          "texto": "quebrantado no juízo, porque quis Á. após a vaidade."
        },
        {
          "referencia": "Oséias 11.3",
          "texto": "Todavia, eu ensinei a A. a Efraim; tomei-os pelos"
        },
        {
          "referencia": "Habacuque 3.6",
          "texto": "outeiros eternos se encurvaram; o Á, eterno é seu."
        },
        {
          "referencia": "Habacuque 3.19",
          "texto": "como os das cervas, e me fará 4. sobre as minhas"
        },
        {
          "referencia": "Sofonias 1.6",
          "texto": "e os que deixam de A. em seguimento do Senhor, e"
        },
        {
          "referencia": "MI 3.14",
          "texto": "os seus preceitos e em Á. de luto diante do"
        },
        {
          "referencia": "Mateus 9.15",
          "texto": "Jesus: Podem, porventura, A. tristes os filhos"
        },
        {
          "referencia": "Mateus 15.31",
          "texto": "aleijados sãos, os coxos a Á., e os cegos a ver;"
        },
        {
          "referencia": "Marcos 6.49",
          "texto": "mas, quando eles o viram Á, sobre o mar, pensaram"
        },
        {
          "referencia": "Marcos 12.38",
          "texto": "dos escribas, que gostam de 4. com vestes"
        },
        {
          "referencia": "Lucas 20.46",
          "texto": "dos escribas, que querem A. com vestes"
        },
        {
          "referencia": "Jó 7.1",
          "texto": "Galileia e já não queria A. pela Judeia, pois"
        },
        {
          "referencia": "Jó 11.9",
          "texto": "doze horas no dia? Se alguém Á. de dia, não"
        },
        {
          "referencia": "Jó 11.10",
          "texto": "Mas, se À. de noite, tropeça, porque nele não há luz."
        },
        {
          "referencia": "Atos 3.9",
          "texto": "E todo o povo o viu Á. e louvar a Deus;"
        },
        {
          "referencia": "Atos 3.12",
          "texto": "virtude ou santidade fizéssemos A. este homem?"
        },
        {
          "referencia": "Atos 14.16",
          "texto": "nos tempos passados, deixou A. todos os povos em"
        },
        {
          "referencia": "Atos 20.9",
          "texto": "numa janela, caiu do terceiro Á., tomado de um"
        },
        {
          "referencia": "Atos 21.21",
          "texto": "circuncidar os filhos, nem A. segundo o costume"
        },
        {
          "referencia": "1 Tessalonicenses 4.1",
          "texto": "de nós, de que maneira convém Á. e agradar a"
        },
        {
          "referencia": "2 Tessalonicenses 3.6",
          "texto": "vos aparteis de todo irmão que A. desordenadamente"
        },
        {
          "referencia": "1 Timóteo 3.15",
          "texto": "para que saibas como convém A. na casa de Deus,"
        },
        {
          "referencia": "1 Timóteo 5.13",
          "texto": "disto, aprendem também a A. ociosas de casa em"
        },
        {
          "referencia": "1 João 2.6",
          "texto": "que diz que está nele também deve Á. como ele andou."
        },
        {
          "referencia": "Apocalipse 9.20",
          "texto": "e de madeira, que nem podem ver, nem ouvir, nem Á.."
        }
      ]
    },
    {
      "palavra": "andara",
      "veja tambem": [],
      "ocorrencias": 2,
      "fonte": "",
      "concordancias": [
        {
          "referencia": "1 Samuel 30.31",
          "texto": "e a todos os lugares em que A. Davi ele e os"
        },
        {
          "referencia": "2 Reis 21.21",
          "texto": "em todo o caminho em que 4. seu pai; e serviu"
        }
      ]
    },
    {
      "palavra": "andará",
      "veja tambem": [
        "andar"
      ],
      "ocorrencias": 8,
      "fonte": "",
      "concordancias": [
        {
          "referencia": "1 Samuel 2.35",
          "texto": "edificarei uma casa firme, e À. sempre diante do"
        },
        {
          "referencia": "Jó 18.8",
          "texto": "pés é lançado na rede e A. nos fios enredados."
        },
        {
          "referencia": "S189.15",
          "texto": "que conhece o som festivo; A., ó Senhor, na luz"
        },
        {
          "referencia": "Provérbios 5.23",
          "texto": "andou, e, pelo excesso da sua loucura, Á. errado."
        },
        {
          "referencia": "Provérbios 6.28",
          "texto": "Ou A. alguem sobre as brasas, sem que se queimem"
        },
        {
          "referencia": "Jeremias 3.18",
          "texto": "Naqueles dias, A. a casa de Judá com a casa de"
        },
        {
          "referencia": "Miquéias 1.3",
          "texto": "do seu lugar, e descerá, e A. sobre as alturas"
        },
        {
          "referencia": "Jó 8.12",
          "texto": "luz do mundo; quem me segue não A. em trevas, mas"
        }
      ]
    }
  ]
}