{
  "a": [
    {
      "palavra": "andaram",
      "veja tambem": [
        "andar"
      ],
      "ocorrencias": 38,
      "fonte": "Strong's H1980 (הָלַךְ/halak)",
      "concordancias": [
        {
          "referencia": "Gênesis 48.15",
          "texto": "O Deus, em cuja presença Á. os meus pais"
        },
        {
          "referencia": "Êxodo 15.22",
          "texto": "e saíram ao deserto de Sur; e À, três dias no"
        },
        {
          "referencia": "Números 33.8",
          "texto": "meio do mar ao deserto, e A, caminho de três"
        },
        {
          "referencia": "Josué 5.6",
          "texto": "Porque quarenta anos A. os filhos de Israel pelo"
        },
        {
          "referencia": "Juízes 2.17",
          "texto": "desviaram do caminho por onde A. seus pais"
        },
        {
          "referencia": "1 Samuel 8.3",
          "texto": "Porém seus filhos não A. pelos caminhos dele;"
        },
        {
          "referencia": "2 Samuel 4.7",
          "texto": "cabeça; e, tomando a sua cabeça, Á. toda a"
        },
        {
          "referencia": "1 Reis 11.33",
          "texto": "deus dos filhos de Amom, e não À, pelos meus"
        },
        {
          "referencia": "2 Reis 3.9",
          "texto": "de Judá, e o rei de Edom; e A. rodeando com"
        },
        {
          "referencia": "2 Reis 13.6",
          "texto": "que fez pecar a Israel; porém À. neles; e também"
        },
        {
          "referencia": "2 Reis 17.8",
          "texto": "E À. nos estatutos das nações que o Senhor"
        },
        {
          "referencia": "2 Reis 17.15",
          "texto": "protestara contra eles; e À. após a vaidade e"
        },
        {
          "referencia": "2 Reis 17.19",
          "texto": "do Senhor, seu Deus; antes, À. nos estatutos"
        },
        {
          "referencia": "2 Reis 17.22",
          "texto": "Assim, À. os filhos de Israel em todos os"
        },
        {
          "referencia": "2 Crônicas 11.17",
          "texto": "três anos, porque três anos A. no caminho de"
        },
        {
          "referencia": "SI81.12",
          "texto": "desejos do seu coração, e À. segundo os seus"
        },
        {
          "referencia": "SI 107.4",
          "texto": "A. desgarrados pelo deserto, por caminhos"
        },
        {
          "referencia": "Isaías 37.27",
          "texto": "com as mãos caídas, A. atemorizados e"
        },
        {
          "referencia": "Jeremias 2.8",
          "texto": "profetizaram por Baal e À. após o que é"
        },
        {
          "referencia": "Jeremias 7.24",
          "texto": "inclinaram os ouvidos, mas A. nos seus"
        },
        {
          "referencia": "Jeremias 7.24",
          "texto": "do seu coração malvado; e À. para trás e"
        },
        {
          "referencia": "Jeremias 9.10",
          "texto": "aves dos céus até aos animais, A. vagueando e fugiram."
        },
        {
          "referencia": "Jeremias 9.13",
          "texto": "e não deram ouvidos à minha voz, nem A. nela."
        },
        {
          "referencia": "Jeremias 9.14",
          "texto": "Antes, Á. após o propósito do seu coração e após"
        },
        {
          "referencia": "Jeremias 11.8",
          "texto": "inclinaram os ouvidos; antes, Á. cada um"
        },
        {
          "referencia": "Jeremias 11.10",
          "texto": "as minhas palavras; e eles A. após deuses"
        },
        {
          "referencia": "Jeremias 32.23",
          "texto": "obedeceram à tua voz, nem Å. na tua lei; tudo"
        },
        {
          "referencia": "Jeremias 44.10",
          "texto": "de hoje, nem temeram, nem Á. na minha lei,"
        },
        {
          "referencia": "Jeremias 50.6",
          "texto": "desviar; de monte em outeiro A., esqueceram-se"
        },
        {
          "referencia": "Ezequiel 5.6",
          "texto": "os meus juízos e não Á. nos meus preceitos."
        },
        {
          "referencia": "Ezequiel 6.9",
          "texto": "causa dos seus olhos, que se A, corrompendo"
        },
        {
          "referencia": "Ezequiel 20.16",
          "texto": "os meus juízos, e não À, nos meus"
        },
        {
          "referencia": "Ezequiel 20.21",
          "texto": "rebelaram contra mim e não A. nos meus"
        },
        {
          "referencia": "Ezequiel 48.11",
          "texto": "a minha ordenança, que não A. errados, quando"
        },
        {
          "referencia": "Amós 2.4",
          "texto": "próprias mentiras, após as quais A. seus pais."
        },
        {
          "referencia": "Habacuque 3.11",
          "texto": "pararam nas suas moradas; Å. à luz das tuas"
        },
        {
          "referencia": "Lucas 2.44",
          "texto": "de companhia pelo caminho, À. caminho de um"
        },
        {
          "referencia": "Hebreus 11.37",
          "texto": "mortos a fio de espada; À. vestidos de"
        }
      ]
    },
    {
      "palavra": "andarás",
      "veja tambem": [
        "andar"
      ],
      "ocorrencias": 6,
      "fonte": "Strong's H1980 (הָלַךְ/halak)",
      "concordancias": [
        {
          "referencia": "Gênesis 3.14",
          "texto": "do campo; sobre o teu ventre A. e pó comerás"
        },
        {
          "referencia": "Levítico 19.16",
          "texto": "Não A. como mexeriqueiro entre O teu povo; não"
        },
        {
          "referencia": "Deuteronômio 26.17",
          "texto": "que te será por Deus, e que À, nos seus"
        },
        {
          "referencia": "Provérbios 3.23",
          "texto": "Então, Á. com confiança no teu caminho, e não"
        },
        {
          "referencia": "Jeremias 4.1",
          "texto": "de diante de mim, não A. mais vagueando,"
        },
        {
          "referencia": "Jeremias 31.22",
          "texto": "Até quando A. errante, ó filha rebelde? Porque o"
        }
      ]
    },
    {
      "palavra": "andardes",
      "veja tambem": [
        "andar"
      ],
      "ocorrencias": 8,
      "fonte": "Strong's H1980 (הָלַךְ/halak)",
      "concordancias": [
        {
          "referencia": "Levítico 18.4",
          "texto": "estatutos guardareis, para À, neles. Eu sou o"
        },
        {
          "referencia": "Levítico 26.3",
          "texto": "Se À. nos meus estatutos, e guardardes os meus"
        },
        {
          "referencia": "Levítico 26.21",
          "texto": "E, se À. contrariamente para comigo e não me"
        },
        {
          "referencia": "Levítico 26.23",
          "texto": "por mim, mas ainda À. contrariamente comigo,"
        },
        {
          "referencia": "Levítico 26.27",
          "texto": "me não ouvirdes, mas ainda Á. contrariamente co-"
        },
        {
          "referencia": "1 Reis 8.61",
          "texto": "o Senhor, nosso Deus, para A. nos seus"
        },
        {
          "referencia": "Jeremias 7.6",
          "texto": "inocente neste lugar, nem Å. após outros"
        },
        {
          "referencia": "Jeremias 26.4",
          "texto": "Se não me derdes ouvidos para A. na minha lei"
        }
      ]
    },
    {
      "palavra": "andarei",
      "veja tambem": [
        "andar"
      ],
      "ocorrencias": 10,
      "fonte": "Strong's H1980 (הָלַךְ/halak)",
      "concordancias": [
        {
          "referencia": "Levítico 26.12",
          "texto": "E À. no meio de vós e eu vos serei por Deus, e"
        },
        {
          "referencia": "Levítico 26.24",
          "texto": "eu também convosco A. contrariamente e eu, mesmo"
        },
        {
          "referencia": "Levítico 26.28",
          "texto": "também eu convosco À. contrariamente em furor; e"
        },
        {
          "referencia": "S126.6",
          "texto": "mãos na inocência; e assim Á., Senhor, ao redor"
        },
        {
          "referencia": "S186.11",
          "texto": "Senhor, o teu caminho, e Å. na tua verdade;"
        },
        {
          "referencia": "S1116.9",
          "texto": "A. perante a face do Senhor, na terra dos viventes."
        },
        {
          "referencia": "Salmos 119.45",
          "texto": "E À. em liberdade, pois busquei os teus preceitos."
        },
        {
          "referencia": "Jeremias 2.25",
          "texto": "não, porque amo os estranhos e após eles A.."
        },
        {
          "referencia": "Mg 1.8",
          "texto": "lamentarei, e uivarei, e Á. despojado e nu;"
        },
        {
          "referencia": "2 Coríntios 6.16",
          "texto": "Neles habitarei e entre eles A.; e eu serei o"
        }
      ]
    },
    {
      "palavra": "andareis",
      "veja tambem": [],
      "ocorrencias": 5,
      "fonte": "",
      "concordancias": [
        {
          "referencia": "Levítico 18.3",
          "texto": "para a qual eu vos levo, nem À, nos seus estatutos."
        },
        {
          "referencia": "Deuteronômio 5.33",
          "texto": "A. em todo o caminho que vos manda o Senhor,"
        },
        {
          "referencia": "Deuteronômio 13.4",
          "texto": "Após o Senhor, vosso Deus, A., ea ele"
        },
        {
          "referencia": "Jeremias 7.9",
          "texto": "e queimareis incenso a Baal, e À. após outros"
        },
        {
          "referencia": "Miquéias 2.3",
          "texto": "os vossos pescoços; e não Á, tão ativos,"
        }
      ]
    },
    {
      "palavra": "abominais",
      "veja tambem": [
        "abo-"
      ],
      "ocorrencias": 1,
      "fonte": "",
      "concordancias": [
        {
          "referencia": "Mg 3.9",
          "texto": "maiorais da casa de Israel, que Á. o juízo e"
        }
      ]
    },
    {
      "palavra": "abominam",
      "veja tambem": [
        "abominar"
      ],
      "ocorrencias": 4,
      "fonte": "",
      "concordancias": [
        {
          "referencia": "Jó 19.19",
          "texto": "do meu secreto conselho me Á., eatéos que eu"
        },
        {
          "referencia": "Provérbios 8.7",
          "texto": "a verdade; os meus lábios A. a impiedade."
        },
        {
          "referencia": "Isaías 49.7",
          "texto": "desprezada, ao que as nações Á., ao servo dos"
        },
        {
          "referencia": "Amós 5.10",
          "texto": "ao que os repreende e À. o que fala sinceramente."
        }
      ]
    },
    {
      "palavra": "abominam-me",
      "veja tambem": [
        "abo-"
      ],
      "ocorrencias": 1,
      "fonte": "",
      "concordancias": [
        {
          "referencia": "Jó 30.10",
          "texto": "A., e fogem para longe de mim, e no meu"
        }
      ]
    },
    {
      "palavra": "abominarás",
      "veja tambem": [],
      "ocorrencias": 3,
      "fonte": "",
      "concordancias": [
        {
          "referencia": "Deuteronômio 7.26",
          "texto": "todo a detestarás e de todo a A., porque"
        },
        {
          "referencia": "Deuteronômio 23.7",
          "texto": "Não A. o edomita, pois é teu irmão; nem"
        },
        {
          "referencia": "Deuteronômio 23.7",
          "texto": "pois é teu irmão; nem Á, o egípcio,"
        }
      ]
    },
    {
      "palavra": "abominareis",
      "veja tambem": [],
      "ocorrencias": 2,
      "fonte": "",
      "concordancias": [
        {
          "referencia": "Levítico 11.11",
          "texto": "da sua carne não comereis e À. o seu cadáver."
        },
        {
          "referencia": "Levítico 11.13",
          "texto": "E, das aves, estas A.; não se comerão, serão"
        }
      ]
    },
    {
      "palavra": "abominas",
      "veja tambem": [
        "abominar"
      ],
      "ocorrencias": 1,
      "fonte": "",
      "concordancias": [
        {
          "referencia": "Romanos 2.22",
          "texto": "adulterar, adulteras? Tu, que À, os ídolos,"
        }
      ]
    },
    {
      "palavra": "abominaste",
      "veja tambem": [
        "abominar"
      ],
      "ocorrencias": 0,
      "fonte": "",
      "concordancias": []
    },
    {
      "palavra": "abomináveis",
      "veja tambem": [
        "abominável"
      ],
      "ocorrencias": 17,
      "fonte": "",
      "concordancias": [
        {
          "referencia": "Levítico 18.30",
          "texto": "fazendo nenhum dos estatutos Á. que se"
        },
        {
          "referencia": "2 Samuel 10.6",
          "texto": "de Amom que se tinham feito A. para Davi,"
        },
        {
          "referencia": "S114.1",
          "texto": "Têm-se corrompido, fazem-se Á. em suas"
        },
        {
          "referencia": "Provérbios 12.22",
          "texto": "Os lábios mentirosos são À, ao Senhor, mas"
        },
        {
          "referencia": "Provérbios 15.26",
          "texto": "A. são para o Senhor os pensamentos do mau,"
        },
        {
          "referencia": "Provérbios 17.15",
          "texto": "e o que condena o justo A: são para o"
        },
        {
          "referencia": "Provérbios 20.23",
          "texto": "Duas espécies de peso são À. ao Senhor, e"
        },
        {
          "referencia": "Isaías 65.4",
          "texto": "de porco e caldo de coisas A. nos seus pratos."
        },
        {
          "referencia": "Ezequiel 8.10",
          "texto": "de répteis, e de animais A., e de todos"
        },
        {
          "referencia": "Ezequiel 16.52",
          "texto": "teus pecados, que fizeste mais À, do que"
        },
        {
          "referencia": "Oséias 9.10",
          "texto": "vergonhosa, e se tornaram A. como"
        },
        {
          "referencia": "Naum 3.6",
          "texto": "E lançarei sobre ti coisas A., ete"
        },
        {
          "referencia": "Tito 1.16",
          "texto": "negam-no com as obras, sendo Á., e"
        },
        {
          "referencia": "1 Pedro 4.3",
          "texto": "glutonarias, bebedices e Á. idolatrias;"
        },
        {
          "referencia": "2 Pedro 2.7",
          "texto": "Ló, enfadado da vida dissoluta dos homens A."
        },
        {
          "referencia": "2 Pedro 3.17",
          "texto": "de que, pelo engano dos homens Á., sejais"
        },
        {
          "referencia": "Apocalipse 21.8",
          "texto": "e aos incrédulos, e aos Å., eaos"
        }
      ]
    }
  ]
}