{
  "a": [
    {
      "palavra": "abominaável",
      "veja tambem": [
        "abominável",
        "detestável",
        "repugnante"
      ],
      "ocorrencias": 20,
      "fonte": "Strong's H6292 (פִּגּוּל/pigguwl)",
      "concordancias": [
        {
          "referencia": "Levítico 7.18",
          "texto": "nem lhe será imputado; coisa À. será, e a"
        },
        {
          "referencia": "Levítico 11.43",
          "texto": "Não façais a vossa alma A. por nenhum réptil"
        },
        {
          "referencia": "Levítico 19.7",
          "texto": "ao terceiro dia, coisa Á. é: não será aceita."
        },
        {
          "referencia": "Levítico 20.25",
          "texto": "e a vossa alma não fareis Á. por causa"
        },
        {
          "referencia": "Deuteronômio 12.31",
          "texto": "Deus, porque tudo o que é A. ao Senhor e"
        },
        {
          "referencia": "1 Samuel 13.4",
          "texto": "e também Israel se fez 4. aos"
        },
        {
          "referencia": "1 Crônicas 216",
          "texto": "eles, porque a palavra do rei foi A, a Joabe."
        },
        {
          "referencia": "Jó 7.5",
          "texto": "de pó; a minha pele está gretada e se fez Á.."
        },
        {
          "referencia": "Jó 15.16",
          "texto": "Quanto mais Á. e corrupto é o homem, que bebe"
        },
        {
          "referencia": "S153.1",
          "texto": "corrompido e têm cometido A. iniquidade;"
        },
        {
          "referencia": "SI 88.8",
          "texto": "e fizeste-me em extremo 4. para eles;"
        },
        {
          "referencia": "Provérbios 13.5",
          "texto": "de mentira, mas o ímpio EA e se confunde."
        },
        {
          "referencia": "Provérbios 15.8",
          "texto": "O sacrifício dos ímpios é 4. ao Senhor, mas a"
        },
        {
          "referencia": "Provérbios 15.9",
          "texto": "O caminho do ímpio é Á. ao Senhor, mas ele"
        },
        {
          "referencia": "Provérbios 24.9",
          "texto": "do tolo é pecado, e é A. aos homens o escarnecedor."
        },
        {
          "referencia": "Provérbios 28.9",
          "texto": "de ouvir a lei, até a sua oração será Á.."
        },
        {
          "referencia": "Isaías 14.19",
          "texto": "sepultura, como um renovo Á., como uma"
        },
        {
          "referencia": "Jeremias 44.4",
          "texto": "Ora, não façais esta coisa À. que aborreço."
        },
        {
          "referencia": "Ezequiel 4.14",
          "texto": "mocidade até agora, nem carne À. entrou"
        },
        {
          "referencia": "Ezequiel 16.25",
          "texto": "o teu lugar alto, e fizeste A. a tua"
        }
      ]
    },
    {
      "palavra": "andarem",
      "veja tambem": [
        "andar"
      ],
      "ocorrencias": 12,
      "fonte": "Strong's H1980 (הָלַךְ/halak)",
      "concordancias": [
        {
          "referencia": "1 Reis 2.4",
          "texto": "guardarem o seu caminho, para Á. perante a minha"
        },
        {
          "referencia": "1 Reis 8.25",
          "texto": "filhos guardem o seu caminho, para A, diante"
        },
        {
          "referencia": "2 Reis 23.3",
          "texto": "perante o Senhor, para 4. com o Senhor, e"
        },
        {
          "referencia": "2 Crônicas 6.31",
          "texto": "a fim de que te temam, para A. nos teus"
        },
        {
          "referencia": "S189.30",
          "texto": "deixarem a minha lei e não A. nos meus juízos,"
        },
        {
          "referencia": "Provérbios 2.13",
          "texto": "as veredas da retidão, para A. pelos caminhos"
        },
        {
          "referencia": "Eclesiastes 4.15",
          "texto": "Vi todos os viventes À, debaixo do sol com o"
        },
        {
          "referencia": "Isaías 23.7",
          "texto": "os seus próprios pés para longe À, a peregrinar."
        },
        {
          "referencia": "Jeremias 29.18",
          "texto": "e com a peste; dá-los-ei para A. de um lado para"
        },
        {
          "referencia": "Zacarias 1.10",
          "texto": "os que o Senhor tem enviado para À. pela terra."
        },
        {
          "referencia": "Zacarias 6.7",
          "texto": "ir por diante, para 4, pela terra. E ele"
        },
        {
          "referencia": "Gi 6.16",
          "texto": "E, a todos quantos A. conforme esta regra, paz e"
        }
      ]
    },
    {
      "palavra": "andaremos",
      "veja tambem": [
        "andar"
      ],
      "ocorrencias": 3,
      "fonte": "Strong's H1980 (הָלַךְ/halak)",
      "concordancias": [
        {
          "referencia": "Jeremias 6.16",
          "texto": "para a vossa alma; mas eles dizem: Não A.."
        },
        {
          "referencia": "Jeremias 18.12",
          "texto": "após as nossas imaginações A.; e fará cada"
        },
        {
          "referencia": "Mg 4.5",
          "texto": "em nome do seu deus; mas nós A. no nome do"
        }
      ]
    },
    {
      "palavra": "andares",
      "veja tambem": [
        "andar"
      ],
      "ocorrencias": 17,
      "fonte": "Strong's H1980 (הָלַךְ/halak)",
      "concordancias": [
        {
          "referencia": "Gênesis 6.16",
          "texto": "ao seu lado; far-lhe-ás À, baixos, segundos"
        },
        {
          "referencia": "Êxodo 33.16",
          "texto": "e o teu povo? Acaso, não é por À. tu conosco, e"
        },
        {
          "referencia": "Deuteronômio 8.6",
          "texto": "teu Deus, para o temeres e 4. nos seus caminhos."
        },
        {
          "referencia": "Deuteronômio 28.9",
          "texto": "do Senhor, teu Deus, e A. nos seus caminhos."
        },
        {
          "referencia": "Deuteronômio 28.14",
          "texto": "nem para a esquerda, para À. após outros"
        },
        {
          "referencia": "Josué 1.7",
          "texto": "prudentemente te conduzas por onde quer que A.."
        },
        {
          "referencia": "Josué 1.9",
          "texto": "Senhor, teu Deus, é contigo, por onde quer que A.."
        },
        {
          "referencia": "IRs 2.3",
          "texto": "do Senhor, teu Deus, para 4. nos seus"
        },
        {
          "referencia": "IRs 3.14",
          "texto": "E, se À, nos meus caminhos guardando os meus"
        },
        {
          "referencia": "IRs 6.12",
          "texto": "casa que tu edificas, se À, nos meus"
        },
        {
          "referencia": "IRs 9.4",
          "texto": "E, se tu A. perante mim como andou Davi, teu"
        },
        {
          "referencia": "1 Reis 11.38",
          "texto": "tudo o que éu te mandar, e Å. pelos meus"
        },
        {
          "referencia": "2 Crônicas 7.17",
          "texto": "Quanto a ti, se A. diante de mim, como andou"
        },
        {
          "referencia": "2 Crônicas 18.24",
          "texto": "o verás naquele dia, quando A. de câmara em"
        },
        {
          "referencia": "Ezequiel 42.3",
          "texto": "exterior, havia galeria contra galeria em três A.."
        },
        {
          "referencia": "Ezequiel 42.6",
          "texto": "Porque elas eram de três 4, e não tinham colunas"
        },
        {
          "referencia": "Zacarias 3.7",
          "texto": "o Senhor dos Exércitos: Se Á. nos meus caminhos"
        }
      ]
    },
    {
      "palavra": "andariam",
      "veja tambem": [
        "andar"
      ],
      "ocorrencias": 3,
      "fonte": "",
      "concordancias": [
        {
          "referencia": "1 Samuel 2.30",
          "texto": "a tua casa e a casa de teu pai 4. diante de mim"
        },
        {
          "referencia": "Neemias 10.29",
          "texto": "e num juramento, de que 4. na Lei de"
        },
        {
          "referencia": "Judas 1.18",
          "texto": "haveria escarnecedores que À. segundo as suas"
        }
      ]
    },
    {
      "palavra": "andarias",
      "veja tambem": [
        "andar"
      ],
      "ocorrencias": 1,
      "fonte": "",
      "concordancias": [
        {
          "referencia": "Provérbios 5.20",
          "texto": "E por que, filho meu, A. atraído pela estranha"
        }
      ]
    },
    {
      "palavra": "andarmos",
      "veja tambem": [
        "andar"
      ],
      "ocorrencias": 3,
      "fonte": "",
      "concordancias": [
        {
          "referencia": "Daniel 9.10",
          "texto": "do Senhor, nosso Deus, para 4, nas suas leis,"
        },
        {
          "referencia": "1 João 1.6",
          "texto": "temos comunhão com ele e A. em trevas,"
        },
        {
          "referencia": "1 João 1.7",
          "texto": "Mas, se À, na luz, como ele na luz está, temos"
        }
      ]
    },
    {
      "palavra": "andas",
      "veja tambem": [
        "andar"
      ],
      "ocorrencias": 8,
      "fonte": "",
      "concordancias": [
        {
          "referencia": "Deuteronômio 2.7",
          "texto": "das tuas mãos; ele sabe que A. por este grande"
        },
        {
          "referencia": "1 Samuel 24.11",
          "texto": "e não pequei contra ti; porém tu Á. à caça da"
        },
        {
          "referencia": "Cânticos 2.14",
          "texto": "Pomba minha, que A. pelas fendas das penhas, no"
        },
        {
          "referencia": "Jeremias 2.20",
          "texto": "de toda árvore verde te 4. encurvando e corrompendo."
        },
        {
          "referencia": "Jeremias 11.15",
          "texto": "ti? Quando tu fazes mal, então, 4. saltando de prazer."
        },
        {
          "referencia": "Atos 21.24",
          "texto": "de ti, mas que também tu mesmo Á. guardando a lei."
        },
        {
          "referencia": "Romanos 14.15",
          "texto": "contrista teu irmão, já não À. conforme o amor."
        },
        {
          "referencia": "3 João 1.3",
          "texto": "testificaram da tua verdade, como tu À. na verdade."
        }
      ]
    },
    {
      "palavra": "andasse",
      "veja tambem": [
        "andar"
      ],
      "ocorrencias": 5,
      "fonte": "",
      "concordancias": [
        {
          "referencia": "Josué 20.9",
          "texto": "e para o estrangeiro que A. entre eles; para"
        },
        {
          "referencia": "1 Reis 11.10",
          "texto": "tinha dado ordem que não A, em seguimento de"
        },
        {
          "referencia": "S123.4",
          "texto": "Ainda que eu À. pelo vale da sombra da morte,"
        },
        {
          "referencia": "S181.13",
          "texto": "me tivesse ouvido! Se Israel A, nos meus caminhos!"
        },
        {
          "referencia": "Isaías 8.11",
          "texto": "mão e me ensinou que não Á. pelo caminho deste"
        }
      ]
    },
    {
      "palavra": "andassem",
      "veja tambem": [
        "andar"
      ],
      "ocorrencias": 1,
      "fonte": "",
      "concordancias": [
        {
          "referencia": "Jeremias 18.15",
          "texto": "nas veredas antigas, para que Á. por veredas"
        }
      ]
    },
    {
      "palavra": "andássemos",
      "veja tambem": [],
      "ocorrencias": 2,
      "fonte": "",
      "concordancias": [
        {
          "referencia": "2 Coríntios 10.2",
          "texto": "alguns que nos julgam como se A. segundo a carne,"
        },
        {
          "referencia": "Efésios 2.10",
          "texto": "as quais Deus preparou para que À. nelas."
        }
      ]
    },
    {
      "palavra": "andasses",
      "veja tambem": [
        "andar"
      ],
      "ocorrencias": 1,
      "fonte": "",
      "concordancias": [
        {
          "referencia": "Habacuque 3.8",
          "texto": "mar foi o teu furor, para que A. montado sobre"
        }
      ]
    },
    {
      "palavra": "andaste",
      "veja tambem": [
        "andar"
      ],
      "ocorrencias": 9,
      "fonte": "",
      "concordancias": [
        {
          "referencia": "Gênesis 31.28",
          "texto": "filhas. Loucamente, pois, agora Å., fazendo assim."
        },
        {
          "referencia": "1 Reis 8.25",
          "texto": "para andarem diante de mim como tu Å. diante"
        },
        {
          "referencia": "1 Reis 16.2",
          "texto": "o meu povo Israel, e tu Á, no caminho de"
        },
        {
          "referencia": "2 Crônicas 6.16",
          "texto": "caminho, andando na minha lei, como tu Á. diante"
        },
        {
          "referencia": "2 Crônicas 21.12",
          "texto": "de Davi, teu pai: Visto que não À, nos"
        },
        {
          "referencia": "2 Crônicas 21.13",
          "texto": "mas Á. nos caminhos dos reis de Israel, e"
        },
        {
          "referencia": "Jeremias 31.21",
          "texto": "à vereda, ao caminho em que 4.; regressa, ó"
        },
        {
          "referencia": "Ezequiel 16.47",
          "texto": "Todavia, não Á. nos seus caminhos, nem fizeste"
        },
        {
          "referencia": "Ezequiel 23.31",
          "texto": "No caminho de tua irmã, A.; por isso, entregarei"
        }
      ]
    },
    {
      "palavra": "andastes",
      "veja tambem": [
        "andar"
      ],
      "ocorrencias": 6,
      "fonte": "",
      "concordancias": [
        {
          "referencia": "Deuteronômio 1.31",
          "texto": "filho, por todo o caminho que A., até"
        },
        {
          "referencia": "Jeremias 44.23",
          "texto": "e nos seus testemunhos não Á., vos sucedeu"
        },
        {
          "referencia": "Ezequiel 5.7",
          "texto": "vós, nos meus estatutos não Á., nem fizestes"
        },
        {
          "referencia": "Ezequiel 11.12",
          "texto": "nos meus estatutos não A., nem executastes"
        },
        {
          "referencia": "Efésios 2.2",
          "texto": "em que, noutro tempo, A., segundo o curso deste"
        },
        {
          "referencia": "C13.7",
          "texto": "também, em outro tempo, A., quando vivíeis nelas."
        }
      ]
    }
  ]
}