{
  "a": [
    {
      "palavra": "andava",
      "veja tambem": [
        "andar"
      ],
      "ocorrencias": 32,
      "fonte": "Strong's H1980 (הָלַךְ/halak)",
      "concordancias": [
        {
          "referencia": "Gênesis 3.24",
          "texto": "e uma espada inflamada que Á. ao redor, para"
        },
        {
          "referencia": "Gênesis 6.9",
          "texto": "justo e reto em suas gerações; Noé À. com Deus."
        },
        {
          "referencia": "Gênesis 7.18",
          "texto": "sobre a terra; e a arca À. sobre as águas."
        },
        {
          "referencia": "Gênesis 37.15",
          "texto": "um varão, porque ele A. errado pelo campo,"
        },
        {
          "referencia": "Números 22.3",
          "texto": "porque era muito; e Moabe À. angustiado por"
        },
        {
          "referencia": "Juízes 16.21",
          "texto": "com duas cadeias de bronze, e Á., ele moendo no cár-"
        },
        {
          "referencia": "2 Samuel 11.2",
          "texto": "se levantou do seu leito, e A. passeando no"
        },
        {
          "referencia": "2 Samuel 19.9",
          "texto": "todas as tribos de Israel, 4. altercando entre"
        },
        {
          "referencia": "1 Reis 19.19",
          "texto": "a Eliseu, filho de Safate, que A. lavrando com"
        },
        {
          "referencia": "1 Reis 21.27",
          "texto": "jejuou; e dormia em cima de sacos e À. mansamente."
        },
        {
          "referencia": "S135.14",
          "texto": "se fora meu irmão ou amigo; À. lamentando e muito"
        },
        {
          "referencia": "Isaías 9.2",
          "texto": "O povo que A. em trevas viu uma grande luz, e"
        },
        {
          "referencia": "Isaías 23.7",
          "texto": "É esta a vossa cidade, que A. aa de alegria?"
        },
        {
          "referencia": "Ezequiel 1.9",
          "texto": "quando andavam; cada qual A. diante do seu rosto."
        },
        {
          "referencia": "Ezequiel 1.12",
          "texto": "E cada qual A. diante do seu rosto; para onde o"
        },
        {
          "referencia": "Ezequiel 10.22",
          "texto": "eram os próprios; cada um Á. ao direito do"
        },
        {
          "referencia": "Ezequiel 20.16",
          "texto": "sábados; porque o seu coração À. após os seus ídolos."
        },
        {
          "referencia": "Ezequiel 44.10",
          "texto": "longe de mim, quando Israel Á. errado, que"
        },
        {
          "referencia": "Mateus 8.30",
          "texto": "E Á. pastando distante deles uma manada de muitos"
        },
        {
          "referencia": "Marcos 1.6",
          "texto": "E João À. vestido de pelos de camelo e com um"
        },
        {
          "referencia": "Marcos 5.5",
          "texto": "E À. sempre, de dia e de noite, clamando pelos"
        },
        {
          "referencia": "Marcos 5.11",
          "texto": "E A. ali pastando no monte uma grande manada de"
        },
        {
          "referencia": "Me 5.42",
          "texto": "a menina se levantou e Á., pois já tinha doze"
        },
        {
          "referencia": "Lucas 8.1",
          "texto": "aconteceu, depois disso, que A. de cidade em"
        },
        {
          "referencia": "Lucas 8.27",
          "texto": "possesso de demônios e não 4. vestido nem"
        },
        {
          "referencia": "Lucas 8.32",
          "texto": "È 4. pastando ali no monte uma manada de muitos"
        },
        {
          "referencia": "Lucas 10.40",
          "texto": "Marta, porém, À. distraída em muitos serviços e,"
        },
        {
          "referencia": "Lucas 13.11",
          "texto": "havia já dezoito anos; e A. curvada e não"
        },
        {
          "referencia": "Jó 7.1",
          "texto": "E, depois disso, Jesus A. pela Galileia e já não"
        },
        {
          "referencia": "Jó 11.54",
          "texto": "Jesus, pois, já não Á. manifestamente entre os"
        },
        {
          "referencia": "Jó 11.54",
          "texto": "cidade chamada Efraim; e ali Á, com os seus discí-"
        },
        {
          "referencia": "Atos 9.28",
          "texto": "E Á. com eles em Jerusalém, entrando e saindo."
        }
      ]
    },
    {
      "palavra": "andavam",
      "veja tambem": [
        "andar"
      ],
      "ocorrencias": 25,
      "fonte": "Strong's H1980 (הָלַךְ/halak)",
      "concordancias": [
        {
          "referencia": "Josué 8.35",
          "texto": "meninos, e dos estrangeiros que A. no meio deles."
        },
        {
          "referencia": "Juízes 5.6",
          "texto": "de se percorrerem; e os que 4. por veredas"
        },
        {
          "referencia": "1 Samuel 6.13",
          "texto": "E À, os de Bete-Semes fazendo a sega do trigo no"
        },
        {
          "referencia": "1 Crônicas 16.20",
          "texto": "A. de nação em nação e de um reino para outro"
        },
        {
          "referencia": "Eclesiastes 10.7",
          "texto": "a cavalo e príncipes que A. a pé como servos"
        },
        {
          "referencia": "Isaías 27.13",
          "texto": "uma grande trombeta, e os que A. perdidos pela"
        },
        {
          "referencia": "Ezequiel 1.9",
          "texto": "não se viravam quando A.; cada qual andava"
        },
        {
          "referencia": "Ezequiel 1.12",
          "texto": "havia de ir, iam; não se viravam quando Á.."
        },
        {
          "referencia": "Ezequiel 1.17",
          "texto": "Andando elas, A. pelos quatro lados deles; não"
        },
        {
          "referencia": "Ezequiel 1.17",
          "texto": "quatro lados deles; não se viravam quando A.."
        },
        {
          "referencia": "Ezequiel 1.19",
          "texto": "E, andando os animais, A. as rodas ao pé deles;"
        },
        {
          "referencia": "Ezequiel 1.21",
          "texto": "Andando eles, 4, elas, e, parando eles, paravam"
        },
        {
          "referencia": "Ezequiel 10.11",
          "texto": "Andando eles, A. elas pelos seus quatro lados;"
        },
        {
          "referencia": "Ezequiel 10.11",
          "texto": "olhava a cabeça, para esse A,; não se"
        },
        {
          "referencia": "Ezequiel 10.11",
          "texto": "para esse A.; não se viravam quando Á.."
        },
        {
          "referencia": "Ezequiel 10.16",
          "texto": "E, andando os querubins, A. as rodas juntamente"
        },
        {
          "referencia": "Ezequiel 44.10",
          "texto": "Israel andava errado, que A. transviados,"
        },
        {
          "referencia": "Zacarias 6.7",
          "texto": "ele disse: Ide, andai pela terra. E À. pela terra."
        },
        {
          "referencia": "Mateus 9.36",
          "texto": "compaixão deles, porque A. desgarrados e"
        },
        {
          "referencia": "Lucas 22.2",
          "texto": "sacerdotes e os escribas À. procurando como o"
        },
        {
          "referencia": "Lucas 23.12",
          "texto": "se fizeram amigos; pois, dantes, Å. em"
        },
        {
          "referencia": "Jó 6.66",
          "texto": "discípulos tornaram para trás e já não Á. com ele."
        },
        {
          "referencia": "Jó 11.52",
          "texto": "em um corpo os filhos de Deus que Å. dispersos."
        },
        {
          "referencia": "Atos 8.4",
          "texto": "Mas os que A dispersos iam por toda parte"
        },
        {
          "referencia": "Gálatas 2.14",
          "texto": "Mas, quando vi que não À, bem e direitamente"
        }
      ]
    },
    {
      "palavra": "andávamos",
      "veja tambem": [
        "andar"
      ],
      "ocorrencias": 2,
      "fonte": "",
      "concordancias": [
        {
          "referencia": "Jeremias 44.17",
          "texto": "e tivemos, então, fartura de pão, e 4."
        },
        {
          "referencia": "Efésios 2.3",
          "texto": "todos nós também, antes, Á. nos desejos da"
        }
      ]
    },
    {
      "palavra": "andavas",
      "veja tambem": [
        "andar"
      ],
      "ocorrencias": 3,
      "fonte": "",
      "concordancias": [
        {
          "referencia": "Jeremias 2.2",
          "texto": "dos teus desposórios, quando Á, após mim no"
        },
        {
          "referencia": "Ezequiel 28.14",
          "texto": "de Deus estavas, no meio das pedras afogueadas Á.."
        },
        {
          "referencia": "Jó 21.18",
          "texto": "moço, te cingias a ti mesmo e 4. por onde"
        }
      ]
    },
    {
      "palavra": "ande",
      "veja tambem": [
        "andar"
      ],
      "ocorrencias": 6,
      "fonte": "",
      "concordancias": [
        {
          "referencia": "Top 401",
          "texto": "posição;"
        },
        {
          "referencia": "Deuteronômio 29.19",
          "texto": "dizendo: Terei paz, ainda que A. conforme o bom"
        },
        {
          "referencia": "S156.13",
          "texto": "de tropeçarem, para que eu À, diante de Deus na"
        },
        {
          "referencia": "Jeremias 2.25",
          "texto": "Evita que o teu pé À, descalço e que a tua garganta"
        },
        {
          "referencia": "1 Coríntios 7.17",
          "texto": "E, assim, cada um Á. como Deus lhe repartiu, cada"
        },
        {
          "referencia": "Apocalipse 16.15",
          "texto": "as suas vestes, para que não A. nu, e não se vejam"
        }
      ]
    },
    {
      "palavra": "andei",
      "veja tambem": [
        "andar"
      ],
      "ocorrencias": 9,
      "fonte": "",
      "concordancias": [
        {
          "referencia": "Levítico 26.41",
          "texto": "eu também A, com eles contrariamente e os fiz"
        },
        {
          "referencia": "2 Samuel 7.6",
          "texto": "até ao dia de hoje; mas Á. em tenda e em tabernáculo."
        },
        {
          "referencia": "2 Samuel 7.7",
          "texto": "E, em todo lugar em que À, com todos os filhos de"
        },
        {
          "referencia": "2 Reis 20.3",
          "texto": "servido de te lembrar de que 4. diante de tiem"
        },
        {
          "referencia": "1 Crônicas 17.6",
          "texto": "todas as partes por onde 4. com todo o Israel,"
        },
        {
          "referencia": "Jó 31.5",
          "texto": "Se A. com vaidade, e se o meu pé se apressou para"
        },
        {
          "referencia": "Jó 31.9",
          "texto": "por uma mulher, ou se eu À. rondando à porta do"
        },
        {
          "referencia": "Isaías 38.3",
          "texto": "lembra-te, peço-te, de que A. diante de ti em"
        },
        {
          "referencia": "Jeremias 2.23",
          "texto": "Não estou contaminado nem 4. após os baalins? Vê"
        }
      ]
    },
    {
      "palavra": "andeis",
      "veja tambem": [
        "an-"
      ],
      "ocorrencias": 14,
      "fonte": "",
      "concordancias": [
        {
          "referencia": "Levítico 20.23",
          "texto": "E não A. nos estatutos da gente que eu lanço fora"
        },
        {
          "referencia": "Josué 22.5",
          "texto": "ameis ao Senhor, vosso Deus, e Á. em todos os"
        },
        {
          "referencia": "Jeremias 6.25",
          "texto": "Não saiais ao campo, nem Á. pelo caminho; porque"
        },
        {
          "referencia": "Jeremias 25.6",
          "texto": "e não À. após deuses alheios para os servirdes e"
        },
        {
          "referencia": "Ezequiel 20.18",
          "texto": "seus filhos no deserto: Não À. nos estatutos de"
        },
        {
          "referencia": "Ezequiel 36.27",
          "texto": "o meu espírito e farei que Á. nos meus estatutos,"
        },
        {
          "referencia": "Mateus 6.25",
          "texto": "Por isso, vos digo: não À. cuidadosos quanto à"
        },
        {
          "referencia": "Mateus 6.31",
          "texto": "Não Á., pois, inquietos, dizendo: Que comeremos"
        },
        {
          "referencia": "Lucas 10.7",
          "texto": "é o obreiro de seu salário. Não A. de casa em casa."
        },
        {
          "referencia": "Lucas 12.29",
          "texto": "comer ou que haveis de beber, e não À, inquietos."
        },
        {
          "referencia": "Efésios 4.1",
          "texto": "eu, o preso do Senhor, que A. como é digno da"
        },
        {
          "referencia": "Efésios 4.17",
          "texto": "no Senhor, para que não A. mais como andam"
        },
        {
          "referencia": "1 Tessalonicenses 4.12",
          "texto": "para que À. honestamente para com os que estão de"
        },
        {
          "referencia": "2 João 1.6",
          "texto": "como já desde o princípio ouvistes: que A. nele."
        }
      ]
    },
    {
      "palavra": "andem",
      "veja tambem": [
        "andar"
      ],
      "ocorrencias": 4,
      "fonte": "",
      "concordancias": [
        {
          "referencia": "1 Reis 8.36",
          "texto": "o bom caminho em que A., e dá chuva na"
        },
        {
          "referencia": "2 Crônicas 6.27",
          "texto": "o bom caminho, em que A., e dá chuva"
        },
        {
          "referencia": "Jeremias 51.39",
          "texto": "e os embriagarei, para que A. saltando; mas"
        },
        {
          "referencia": "Ezequiel 11.20",
          "texto": "para que A. nos meus estatutos, e guardem os meus"
        }
      ]
    }
  ]
}