{
  "a": [
    {
      "palavra": "andemos",
      "veja tambem": [
        "andar"
      ],
      "ocorrencias": 8,
      "fonte": "Strong's H1980 (הָלַךְ/halak)",
      "concordancias": [
        {
          "referencia": "Gênesis 33.12",
          "texto": "E disse: Caminhemos, e A.; e eu partirei adiante"
        },
        {
          "referencia": "Isaías 2.3",
          "texto": "concerne aos seus caminhos, e A. nas suas"
        },
        {
          "referencia": "Isaías 2.5",
          "texto": "Vinde, ó casa de Jacó, e 4. na luz do Senhor."
        },
        {
          "referencia": "Miquéias 4.2",
          "texto": "ensine os seus caminhos, e nós A, pelas suas"
        },
        {
          "referencia": "Romanos 64",
          "texto": "pela glória do Pai, assim A. nós também em"
        },
        {
          "referencia": "Romanos 13.13",
          "texto": "4, honestamente, como de dia, não em"
        },
        {
          "referencia": "Filipenses 3.16",
          "texto": "naquilo a que já chegamos, A. segundo a mesma"
        },
        {
          "referencia": "2 João 1.6",
          "texto": "E o amor é este: que A. segundo os seus"
        }
      ]
    },
    {
      "palavra": "andes",
      "veja tambem": [
        "andar"
      ],
      "ocorrencias": 7,
      "fonte": "Strong's H1980 (הָלַךְ/halak)",
      "concordancias": [
        {
          "referencia": "Deuteronômio 10.12",
          "texto": "temas o Senhor, teu Deus, e que À. em todos os"
        },
        {
          "referencia": "Deuteronômio 30.16",
          "texto": "ames o Senhor, teu Deus, que A. nos seus"
        },
        {
          "referencia": "Provérbios 2.20",
          "texto": "Para que À. pelo caminho dos bons e guardes as"
        },
        {
          "referencia": "Provérbios 4.14",
          "texto": "na vereda dos ímpios, nem A. pelo caminho dos maus."
        },
        {
          "referencia": "Provérbios 7.25",
          "texto": "o teu coração, e não A. perdido nas suas veredas;"
        },
        {
          "referencia": "e 22.24",
          "texto": "acompanhes o iracundo, nem Á. com o homem co-"
        },
        {
          "referencia": "Mg 6.8",
          "texto": "eames a beneficência, e A. humildemente"
        }
      ]
    },
    {
      "palavra": "ando",
      "veja tambem": [
        "andar"
      ],
      "ocorrencias": 7,
      "fonte": "Strong's H1980 (הָלַךְ/halak)",
      "concordancias": [
        {
          "referencia": "Gênesis 15.2",
          "texto": "Jeová, que me hás de dar? Pois A. sem filhos, e o"
        },
        {
          "referencia": "Jó 30.28",
          "texto": "Denegrido Á., mas não do sol; levantando-me na"
        },
        {
          "referencia": "S126.11",
          "texto": "Mas eu À. na minha sinceridade; livra-me e tem"
        },
        {
          "referencia": "S138.6",
          "texto": "estou muito abatido, A. lamentando todo o dia."
        },
        {
          "referencia": "S142.9",
          "texto": "te esqueceste de mim? Por que A. angustiado por"
        },
        {
          "referencia": "Isaías 38.14",
          "texto": "os olhos ao alto; ó Senhor, A. oprimido! Fica"
        },
        {
          "referencia": "Jeremias 8.21",
          "texto": "da filha do meu povo; 4. de luto; o espanto"
        }
      ]
    },
    {
      "palavra": "andorinha",
      "veja tambem": [
        "ave",
        "pássaro"
      ],
      "ocorrencias": 3,
      "fonte": "Strong's H5693 (עָגוּר/aguwr)",
      "concordancias": [
        {
          "referencia": "Provérbios 26.2",
          "texto": "no seu vaguear, e como a Á. no seu voo,"
        },
        {
          "referencia": "Isaías 38.14",
          "texto": "Como o grou ou a Á., assim eu chilreava e"
        },
        {
          "referencia": "Jeremias 8.7",
          "texto": "ea rola, e o grou, ea À. observam o"
        }
      ]
    },
    {
      "palavra": "andou",
      "veja tambem": [
        "andar"
      ],
      "ocorrencias": 39,
      "fonte": "Strong's H1980 (הָלַךְ/halak)",
      "concordancias": [
        {
          "referencia": "Gênesis 5.24",
          "texto": "E A. Enoque com Deus; e não se viu mais, porquanto"
        },
        {
          "referencia": "Juízes 11.16",
          "texto": "subindo Israel do Egito, 4. pelo deserto at"
        },
        {
          "referencia": "Juízes 11.18",
          "texto": "Depois, A. pelo deserto, e rodeou a terra dos"
        },
        {
          "referencia": "1 Reis 3.6",
          "texto": "meu pai, como também ele A. contigo em"
        },
        {
          "referencia": "1 Reis 3.14",
          "texto": "e os meus mandamentos, como A. Davi, teu pai,"
        },
        {
          "referencia": "IRs 9.4",
          "texto": "tu andares perante mim como À, Davi, teu pai, com"
        },
        {
          "referencia": "1 Reis 11.5",
          "texto": "porque Salomão A. em seguimento de Astarote, deusa"
        },
        {
          "referencia": "1 Reis 14.8",
          "texto": "os meus mandamentos e que A. após mim com todo"
        },
        {
          "referencia": "1 Reis 15.26",
          "texto": "mau aos olhos do Senhor e À. nos caminhos de seu"
        },
        {
          "referencia": "1 Reis 15.34",
          "texto": "mau aos olhos do Senhor e À. no caminho de"
        },
        {
          "referencia": "1 Reis 16.26",
          "texto": "E A. em todos os caminhos de Jeroboão, filho de"
        },
        {
          "referencia": "1 Reis 22.43",
          "texto": "E A, em todos os caminhos de Asa, seu pai, não se"
        },
        {
          "referencia": "1 Reis 22.53",
          "texto": "aos olhos do Senhor; porque A. nos caminhos de"
        },
        {
          "referencia": "2 Reis 8.18",
          "texto": "E À, no caminho dos reis de Israel, como também"
        },
        {
          "referencia": "2 Reis 8.27",
          "texto": "E À, no caminho da casa de Acabe e fez mal aos"
        },
        {
          "referencia": "2 Reis 13.11",
          "texto": "de Nebate, que fez pecar a Israel, porém A. neles."
        },
        {
          "referencia": "2 Reis 16.3",
          "texto": "Porque A. no caminho dos reis de Israel e até a"
        },
        {
          "referencia": "2 Reis 21.21",
          "texto": "Porque Á. em todo o caminho em que andara seu"
        },
        {
          "referencia": "ERs 21.22",
          "texto": "Deus de seus pais, e não Á. no caminho do Senhor."
        },
        {
          "referencia": "2 Reis 22.2",
          "texto": "reto aos olhos do Senhor; e A. em todo o caminho"
        },
        {
          "referencia": "2 Crônicas 7.17",
          "texto": "andares diante de mim, como A. Davi, teu pai, e"
        },
        {
          "referencia": "2 Crônicas 17.3",
          "texto": "foi com Josafá, porque A. nos primeiros"
        },
        {
          "referencia": "2 Crônicas 17.4",
          "texto": "buscou ao Deus de seu pai e À. nos seus"
        },
        {
          "referencia": "2 Crônicas 20.32",
          "texto": "E À. nos caminhos de Asa, seu pai, e não se"
        },
        {
          "referencia": "2 Crônicas 21.6",
          "texto": "E Á. nos caminhos dos reis de Israel, como fazia a"
        },
        {
          "referencia": "2 Crônicas 22.3",
          "texto": "Também este À. nos caminhos da casa de Acabe,"
        },
        {
          "referencia": "2 Crônicas 22.5",
          "texto": "Também Á. no seu conselho e foi-se com Jorão,"
        },
        {
          "referencia": "2 Crônicas 28.2",
          "texto": "Antes, À, nos caminhos dos reis de Israel e,"
        },
        {
          "referencia": "2 Crônicas 34.2",
          "texto": "reto aos olhos do Senhor e 4. nos caminhos de"
        },
        {
          "referencia": "Provérbios 5.23",
          "texto": "porque sem correção A., e, pelo excesso da"
        },
        {
          "referencia": "Isaías 20.3",
          "texto": "como o meu servo Isaías A. três anos nu e"
        },
        {
          "referencia": "Jeremias 3.6",
          "texto": "de toda árvore verde e ali A, prostituindo-se."
        },
        {
          "referencia": "Oséias 2.13",
          "texto": "e das suas gargantilhas, e A. atrás de seus"
        },
        {
          "referencia": "MI 2.6",
          "texto": "se achou nos seus lábios; A. comigo em paz e em"
        },
        {
          "referencia": "Mateus 14.29",
          "texto": "E Pedro, descendo do barco, A. sobre as águas"
        },
        {
          "referencia": "Atos 3.8",
          "texto": "saltando ele, pôs-se em pé, e 4., e entrou com"
        },
        {
          "referencia": "Atos 10.38",
          "texto": "Santo e com virtude; o qual 4. fazendo o bem e"
        },
        {
          "referencia": "Atos 14.10",
          "texto": "direito sobre teus pés. E ele saltou e A.."
        },
        {
          "referencia": "1 João 2.6",
          "texto": "que diz que está nele também deve andar como ele A.."
        }
      ]
    },
    {
      "palavra": "andré",
      "veja tambem": [],
      "ocorrencias": 13,
      "fonte": "",
      "concordancias": [
        {
          "referencia": "Mateus 4.18",
          "texto": "irmãos, Simão, chamado Pedro, e A., os quais"
        },
        {
          "referencia": "Mateus 10.2",
          "texto": "Simão, chamado Pedro, e A., seu irmão;"
        },
        {
          "referencia": "Marcos 1.16",
          "texto": "mar da Galileia, viu Simão e A., seu irmão, que"
        },
        {
          "referencia": "Marcos 1.29",
          "texto": "foram à casa de Simão e de A., com Tiago e João."
        },
        {
          "referencia": "Marcos 3.18",
          "texto": "A., e Filipe, e Bartolomeu, e Mateus, e Tomé, e"
        },
        {
          "referencia": "Marcos 13.3",
          "texto": "Pedro, e Tiago, e João, e A. lhe"
        },
        {
          "referencia": "Lucas 6.14",
          "texto": "qual também chamou Pedro, e A., seu irmão; Tiago"
        },
        {
          "referencia": "Jó 1.40",
          "texto": "Era A., irmão de Simão Pedro, um dos dois que"
        },
        {
          "referencia": "Jó 1.44",
          "texto": "E Filipe era de Betsaida, cidade de A, e de Pedro."
        },
        {
          "referencia": "Jó 6.8",
          "texto": "E um dos seus discípulos, Á., irmão de Simão"
        },
        {
          "referencia": "Jó 12.22",
          "texto": "Filipe foi dizê-lo a A., e, então, A. e Filipe"
        },
        {
          "referencia": "Jó 12.22",
          "texto": "dizê-lo a A., e então, À, e Filipe o"
        },
        {
          "referencia": "Atos 1.13",
          "texto": "Pedro e Tiago, João e Á., Filipe e Tomé,"
        }
      ]
    },
    {
      "palavra": "anéis",
      "veja tambem": [
        "anel"
      ],
      "ocorrencias": 10,
      "fonte": "",
      "concordancias": [
        {
          "referencia": "Êxodo 28.23",
          "texto": "farás para o peitoral dois À. de ouro e porás os"
        },
        {
          "referencia": "Êxodo 28.24",
          "texto": "de fieira de ouro nos dois A., nas extremidades"
        },
        {
          "referencia": "Êxodo 28.26",
          "texto": "Farás também dois Á, de ouro e os porás nas duas"
        },
        {
          "referencia": "Êxodo 28.27",
          "texto": "Farás também dois A. de ouro, que porás nas duas"
        },
        {
          "referencia": "Êxodo 28.28",
          "texto": "o peitoral com os seus À, aos À. do éfode"
        },
        {
          "referencia": "Êxodo 28.28",
          "texto": "com os seus À, aos À. do éfode por cima"
        },
        {
          "referencia": "Êxodo 35.22",
          "texto": "fivelas, e pendentes, e A., e braceletes,"
        },
        {
          "referencia": "Números 31.50",
          "texto": "de ouro, cadeias, manilhas, A., arrecadas e"
        },
        {
          "referencia": "Cânticos 5.14",
          "texto": "As suas mãos são como À. de ouro que têm"
        },
        {
          "referencia": "Isaías 3.21",
          "texto": "os Á. e as joias pendentes do nariz;"
        }
      ]
    },
    {
      "palavra": "anel",
      "veja tambem": [],
      "ocorrencias": 13,
      "fonte": "",
      "concordancias": [
        {
          "referencia": "Gênesis 41.42",
          "texto": "E tirou Faraó o A. da sua mão, e o pôs na mão de"
        },
        {
          "referencia": "Ester 3.10",
          "texto": "Então, tirou o rei o Á. da sua mão e o deu a Hamã,"
        },
        {
          "referencia": "Ester 3.12",
          "texto": "rei Assuero se escreveu, e com o À. do rei se selou."
        },
        {
          "referencia": "Ester 8.2",
          "texto": "E tirou o rei o seu Á., que tinha tomado a Hamã, e"
        },
        {
          "referencia": "Ester 8.8",
          "texto": "nome do rei, e selai-o com o À. do rei; porque a"
        },
        {
          "referencia": "Ester 8.8",
          "texto": "em nome do rei e se sela com o À, do rei não é"
        },
        {
          "referencia": "Ester 8.10",
          "texto": "Assuero, e se selou com o À, do rei; e se"
        },
        {
          "referencia": "Jeremias 22.24",
          "texto": "rei de Judá, fosse o selo do A. da minha mão"
        },
        {
          "referencia": "Daniel 6.17",
          "texto": "eo rei a selou com o seu 4, e com o À. dos"
        },
        {
          "referencia": "Daniel 6.17",
          "texto": "com o seu Å. e com o Å. dos seus grandes,"
        },
        {
          "referencia": "Ageu 2.23",
          "texto": "diz o Senhor, e te farei como um À, de selar;"
        },
        {
          "referencia": "Lucas 15.22",
          "texto": "e vesti-lho, e ponde-lhe um Á. na mão e sandálias"
        },
        {
          "referencia": "Tiago 2.2",
          "texto": "entrar algum homem com À. de ouro no dedo, com"
        }
      ]
    }
  ]
}