{
  "a": [
    {
      "palavra": "anelais",
      "veja tambem": [
        "anelante"
      ],
      "ocorrencias": 1,
      "fonte": "Strong's H5889 (עָיֵף/ayeph)",
      "concordancias": [
        {
          "referencia": "Amós 8.4",
          "texto": "Ouvi isto, vós que Á. o abatimento do"
        }
      ]
    },
    {
      "palavra": "anelante",
      "veja tambem": [
        "ansioso",
        "sedento"
      ],
      "ocorrencias": 2,
      "fonte": "Strong's H5889 (עָיֵף/ayeph)",
      "concordancias": [
        {
          "referencia": "SI 84.2",
          "texto": "A minha alma está Á. e desfalece pelos átrios"
        },
        {
          "referencia": "Isaías 21.4",
          "texto": "O meu coração está A., e o horror apavora-me; o"
        }
      ]
    },
    {
      "palavra": "aném",
      "veja tambem": [
        "nome",
        "cidade"
      ],
      "ocorrencias": 1,
      "fonte": "Strong's H6066 (עָנָם/Anam)",
      "concordancias": [
        {
          "referencia": "1 Crônicas 6.73",
          "texto": "e os seus arrabaldes, e Á., e os seus arrabaldes;"
        }
      ]
    },
    {
      "palavra": "aner",
      "veja tambem": [
        "nome",
        "aliado"
      ],
      "ocorrencias": 3,
      "fonte": "Strong's H6063 (עָנֵר/Aner)",
      "concordancias": [
        {
          "referencia": "Gênesis 14.13",
          "texto": "irmão de Escole irmão de A.; eles eram"
        },
        {
          "referencia": "Gênesis 14.24",
          "texto": "varões que comigo foram, Á., Escole Manre;"
        },
        {
          "referencia": "1 Crônicas 6.70",
          "texto": "da meia tribo de Manassés, Á., e os seus"
        }
      ]
    },
    {
      "palavra": "anfípolis",
      "veja tambem": [
        "cidade",
        "macedônia"
      ],
      "ocorrencias": 1,
      "fonte": "Strong's G295 (Ἀμφίπολις/Amphipolis)",
      "concordancias": [
        {
          "referencia": "Atos 17.1",
          "texto": "E, passando por À. e Apolônia, chegaram a"
        }
      ]
    },
    {
      "palavra": "angustia",
      "veja tambem": [
        "angustiar"
      ],
      "ocorrencias": 1,
      "fonte": "Strong's H6887 (צָרַר/tsarar)",
      "concordancias": [
        {
          "referencia": "SI 143.4",
          "texto": "Pelo que o meu espírito se A. em mim; e o meu"
        }
      ]
    },
    {
      "palavra": "angustiada",
      "veja tambem": [
        "angustiar"
      ],
      "ocorrencias": 2,
      "fonte": "Strong's H6887 (צָרַר/tsarar)",
      "concordancias": [
        {
          "referencia": "Isaías 9.1",
          "texto": "Mas a terra que foi À. não será"
        },
        {
          "referencia": "Lamentações 1.20",
          "texto": "Olha, Senhor, quanto estou A.; turbada está a"
        }
      ]
    },
    {
      "palavra": "angustiado",
      "veja tambem": [
        "angustiar"
      ],
      "ocorrencias": 13,
      "fonte": "Strong's H6887 (צָרַר/tsarar)",
      "concordancias": [
        {
          "referencia": "Números 22.3",
          "texto": "era muito; e Moabe andava 4. por causa dos"
        },
        {
          "referencia": "Juízes 10.9",
          "texto": "de Efraim; de maneira que Israel ficou mui A.."
        },
        {
          "referencia": "1 Samuel 28.15",
          "texto": "subir? Então, disse Saul: Mui À, estou,"
        },
        {
          "referencia": "2 Samuel 1.26",
          "texto": "À, estou por ti, meu irmão Jônatas; quão"
        },
        {
          "referencia": "2 Crônicas 33.12",
          "texto": "E ele, A., orou deveras ao Senhor, seu Deus,"
        },
        {
          "referencia": "Esdras 10.6",
          "texto": "e água não bebeu, porque estava À. pela"
        },
        {
          "referencia": "Ester 6.12",
          "texto": "retirou correndo a sua casa, A. e coberta a cabeça."
        },
        {
          "referencia": "Jó 20.22",
          "texto": "a sua abastança, estará A.; toda a mão"
        },
        {
          "referencia": "S142.9",
          "texto": "de mim? Por que ando À. por causa da"
        },
        {
          "referencia": "S169.17",
          "texto": "do teu servo, porque estou 4.; ouve-me depressa."
        },
        {
          "referencia": "Isaías 61.3",
          "texto": "veste de louvor por espírito A., a fim de que"
        },
        {
          "referencia": "Isaías 63.9",
          "texto": "a angústia deles foi ele A., eo Anjo da"
        },
        {
          "referencia": "Filipenses 2.26",
          "texto": "vós todos e estava muito À, de que"
        }
      ]
    },
    {
      "palavra": "angustiador",
      "veja tambem": [
        "angustiar"
      ],
      "ocorrencias": 1,
      "fonte": "Strong's H6887 (צָרַר/tsarar)",
      "concordancias": [
        {
          "referencia": "Isaías 51.13",
          "texto": "e temes todo o dia o furor do Á., quando se"
        }
      ]
    },
    {
      "palavra": "angustiados",
      "veja tambem": [
        "angustiar"
      ],
      "ocorrencias": 3,
      "fonte": "Strong's H6887 (צָרַר/tsarar)",
      "concordancias": [
        {
          "referencia": "S190.7",
          "texto": "pela tua ira e pelo teu furor somos A.."
        },
        {
          "referencia": "Oséias 5.15",
          "texto": "a minha face; estando eles A., de"
        },
        {
          "referencia": "2 Coríntios 4.8",
          "texto": "somos atribulados, mas não A.; perplexos,"
        }
      ]
    },
    {
      "palavra": "angustiam",
      "veja tambem": [
        "angustiar"
      ],
      "ocorrencias": 1,
      "fonte": "Strong's H6887 (צָרַר/tsarar)",
      "concordancias": [
        {
          "referencia": "Salmos 143.12",
          "texto": "e destrói a todos os que À. a minha alma,"
        }
      ]
    },
    {
      "palavra": "angustiar-se",
      "veja tambem": [
        "angustiar"
      ],
      "ocorrencias": 2,
      "fonte": "Strong's H6887 (צָרַר/tsarar)",
      "concordancias": [
        {
          "referencia": "Mateus 26.37",
          "texto": "começou a entristecer-se e a À. muito."
        },
        {
          "referencia": "Marcos 14.33",
          "texto": "Tiago, e a João e começou a ter pavor ea A.."
        }
      ]
    },
    {
      "palavra": "angustiará",
      "veja tambem": [
        "angustiar"
      ],
      "ocorrencias": 3,
      "fonte": "Strong's H6887 (צָרַר/tsarar)",
      "concordancias": [
        {
          "referencia": "Deuteronômio 28.52",
          "texto": "E te A. em todas as tuas portas, até que"
        },
        {
          "referencia": "Deuteronômio 28.52",
          "texto": "em toda a tua terra; e te À, até em todas"
        },
        {
          "referencia": "Ezequiel 21.7",
          "texto": "enfraquecerão, e todo espírito se Å., e"
        }
      ]
    },
    {
      "palavra": "angustiaram",
      "veja tambem": [],
      "ocorrencias": 3,
      "fonte": "",
      "concordancias": [
        {
          "referencia": "Neemias 9.27",
          "texto": "seus angustiadores, que os A.:; mas no tempo"
        },
        {
          "referencia": "Salmos 129.1",
          "texto": "Muitas vezes me Á. desde a minha mocidade,"
        },
        {
          "referencia": "Salmos 129.2",
          "texto": "Muitas vezes me Á. desde a minha mocidade:"
        }
      ]
    },
    {
      "palavra": "angustiarei",
      "veja tambem": [],
      "ocorrencias": 2,
      "fonte": "",
      "concordancias": [
        {
          "referencia": "Jeremias 10.18",
          "texto": "os moradores da terra e os Á., para que"
        },
        {
          "referencia": "Sofonias 1.17",
          "texto": "E A, os homens, e eles andarão como cegos,"
        }
      ]
    },
    {
      "palavra": "angustiaria",
      "veja tambem": [
        "angustiar"
      ],
      "ocorrencias": 1,
      "fonte": "",
      "concordancias": [
        {
          "referencia": "Jó 21.4",
          "texto": "assim fosse, por que se não À. o meu espírito?"
        }
      ]
    },
    {
      "palavra": "angustias",
      "veja tambem": [
        "angústia"
      ],
      "ocorrencias": 18,
      "fonte": "",
      "concordancias": [
        {
          "referencia": "Deuteronômio 31.17",
          "texto": "seja devorado; e tantos males e 4. o"
        },
        {
          "referencia": "Deuteronômio 31.21",
          "texto": "alcançarem muitos males e Á., então, este"
        },
        {
          "referencia": "2 Samuel 1.9",
          "texto": "sobre mim e mata-me, porque Á, me têm"
        },
        {
          "referencia": "Jó 5.19",
          "texto": "Em seis A., te livrará; e, na sétima, o mal te"
        },
        {
          "referencia": "S131.7",
          "texto": "a minha aflição; conheceste a minha alma nas A.."
        },
        {
          "referencia": "S134.6",
          "texto": "Senhor o ouviu; e o salvou de todas as suas Á.."
        },
        {
          "referencia": "S171.20",
          "texto": "feito ver muitos males e Á., me darás ainda"
        },
        {
          "referencia": "S188.3",
          "texto": "a minha alma está cheia de Á., e a minha vida"
        },
        {
          "referencia": "SI 107.26",
          "texto": "aos abismos, e a sua alma se derrete em A.."
        },
        {
          "referencia": "Salmos 107.28",
          "texto": "na sua tribulação, e ele os livra das suas A.."
        },
        {
          "referencia": "Provérbios 21.23",
          "texto": "a boca e a língua guarda das A. a sua alma."
        },
        {
          "referencia": "Isaías 21.3",
          "texto": "de grande enfermidade; À. se apoderaram"
        },
        {
          "referencia": "Isaías 21.3",
          "texto": "apoderaram de mim como as Á. da que dá à"
        },
        {
          "referencia": "Isaías 65.16",
          "texto": "já estão esquecidas as Á. passadas e"
        },
        {
          "referencia": "Lamentações 1.3",
          "texto": "seus perseguidores a surpreenderam nas suas A.."
        },
        {
          "referencia": "Ezequiel 30.16",
          "texto": "e Nô será fendida, e Nofe terá A, cotidianas."
        },
        {
          "referencia": "2 Coríntios 6.4",
          "texto": "nas aflições, nas necessidades, nas Á.,"
        },
        {
          "referencia": "2 Coríntios 12.10",
          "texto": "nas perseguições, nas Á., por amor de"
        }
      ]
    },
    {
      "palavra": "angustie",
      "veja tambem": [
        "angustiar"
      ],
      "ocorrencias": 1,
      "fonte": "",
      "concordancias": [
        {
          "referencia": "2 Samuel 13.20",
          "texto": "minha, cala-te; é teu irmão. Não se 4, o teu"
        }
      ]
    },
    {
      "palavra": "angustio",
      "veja tambem": [
        "angustiar"
      ],
      "ocorrencias": 1,
      "fonte": "",
      "concordancias": [
        {
          "referencia": "Lucas 12.50",
          "texto": "um certo batismo, e como me Á. até que venha"
        }
      ]
    },
    {
      "palavra": "angustiosos",
      "veja tambem": [],
      "ocorrencias": 1,
      "fonte": "",
      "concordancias": [
        {
          "referencia": "Daniel 9.25",
          "texto": "tranqueiras se reedificarão, mas em tempos Á.."
        }
      ]
    },
    {
      "palavra": "angustiou",
      "veja tambem": [
        "angustiar"
      ],
      "ocorrencias": 5,
      "fonte": "",
      "concordancias": [
        {
          "referencia": "Juízes 10.16",
          "texto": "ao Senhor; então, se À. a sua alma por"
        },
        {
          "referencia": "Juízes 16.16",
          "texto": "e molestando-o, a sua alma se À, até à morte."
        },
        {
          "referencia": "1 Samuel 30.6",
          "texto": "E Davi muito se Á., porque o povo falava de"
        },
        {
          "referencia": "Jó 30.25",
          "texto": "que estava aflito, ou não se A. a minha alma"
        },
        {
          "referencia": "Zacarias 11.8",
          "texto": "pastores num mês, porque se À. deles a minha"
        }
      ]
    },
    {
      "palavra": "angustiou-se",
      "veja tambem": [
        "angustiar"
      ],
      "ocorrencias": 3,
      "fonte": "",
      "concordancias": [
        {
          "referencia": "Gênesis 32.7",
          "texto": "Então, Jacó temeu muito e A,; e repartiu em"
        },
        {
          "referencia": "Números 21.4",
          "texto": "de Edom; porém a alma do povo À, neste caminho."
        },
        {
          "referencia": "2 Samuel 13.2",
          "texto": "E A, Amnom, até adoecer, por Tamar, sua"
        }
      ]
    },
    {
      "palavra": "anim",
      "veja tambem": [],
      "ocorrencias": 1,
      "fonte": "",
      "concordancias": [
        {
          "referencia": "Josué 15.50",
          "texto": "e Anabe, e Estemoa, e A.,"
        }
      ]
    },
    {
      "palavra": "anima-te",
      "veja tambem": [],
      "ocorrencias": 4,
      "fonte": "",
      "concordancias": [
        {
          "referencia": "Deuteronômio 31.7",
          "texto": "todo o Israel: Esforça-te e Á., porque com este"
        },
        {
          "referencia": "Deuteronômio 31.23",
          "texto": "de Num, e disse: Esforça-te e A., porque tu"
        },
        {
          "referencia": "Daniel 10.19",
          "texto": "desejado! Paz seja contigo! A., sim,"
        },
        {
          "referencia": "Daniel 10.19",
          "texto": "Paz seja contigo! A., sim, A.! E, falando"
        }
      ]
    },
    {
      "palavra": "animai-vos",
      "veja tambem": [
        "animar"
      ],
      "ocorrencias": 2,
      "fonte": "",
      "concordancias": [
        {
          "referencia": "Deuteronômio 31.6",
          "texto": "Esforçai-vos, e Á,; não temais, nem vos"
        },
        {
          "referencia": "Josué 10.25",
          "texto": "vos espanteis; esforçai-vos e Á., porque"
        }
      ]
    },
    {
      "palavra": "abominavelmente",
      "veja tambem": [
        "abominável"
      ],
      "ocorrencias": 1,
      "fonte": "",
      "concordancias": [
        {
          "referencia": "Ezequiel 22.11",
          "texto": "próximo, outro contaminou À. a sua"
        }
      ]
    },
    {
      "palavra": "abomino",
      "veja tambem": [
        "abo-"
      ],
      "ocorrencias": 3,
      "fonte": "",
      "concordancias": [
        {
          "referencia": "Jó 7.16",
          "texto": "A minha vida Á., pois não viverei para sempre;"
        },
        {
          "referencia": "Jó 42.6",
          "texto": "Por isso, me À. e me arrependo no pó e na cinza."
        },
        {
          "referencia": "Salmos 119.163",
          "texto": "Á. e aborreço a falsidade, mas amo a tua lei."
        }
      ]
    },
    {
      "palavra": "abominou",
      "veja tambem": [
        "abo-"
      ],
      "ocorrencias": 1,
      "fonte": "",
      "concordancias": [
        {
          "referencia": "SI 106.40",
          "texto": "contra o seu povo, de modo que A. a sua herança"
        }
      ]
    },
    {
      "palavra": "aborreça",
      "veja tambem": [
        "abor-"
      ],
      "ocorrencias": 2,
      "fonte": "",
      "concordancias": [
        {
          "referencia": "Provérbios 9.8",
          "texto": "para que te não A.; repreende o"
        },
        {
          "referencia": "Provérbios 25.17",
          "texto": "próximo, para que se não enfade de ti e te Á.."
        }
      ]
    },
    {
      "palavra": "aborreçam",
      "veja tambem": [
        "abor-"
      ],
      "ocorrencias": 1,
      "fonte": "",
      "concordancias": [
        {
          "referencia": "Êxodo 18.21",
          "texto": "a Deus, homens de verdade, que A. a avareza;"
        }
      ]
    }
  ]
}