{
  "a": [
    {
      "palavra": "aborrece",
      "veja tambem": [
        "aborrecer",
        "odiar",
        "detestar"
      ],
      "ocorrencias": 35,
      "fonte": "Strong's H8130 (שָׂנֵא/sane)",
      "concordancias": [
        {
          "referencia": "Êxodo 23.5",
          "texto": "o jumento daquele que te 4. deitado debaixo"
        },
        {
          "referencia": "Deuteronômio 1.27",
          "texto": "Porquanto o Senhor nos À. e nos tirou da"
        },
        {
          "referencia": "Deuteronômio 7.10",
          "texto": "não será remisso para quem o A.; em sua face"
        },
        {
          "referencia": "Deuteronômio 12.31",
          "texto": "ao Senhor e que ele 4. fizeram eles a"
        },
        {
          "referencia": "Deuteronômio 16.22",
          "texto": "estátua, a qual o Senhor, teu Deus, A.."
        },
        {
          "referencia": "Deuteronômio 19.11",
          "texto": "Mas, havendo alguém que À. a seu próximo, e lhe"
        },
        {
          "referencia": "Deuteronômio 21.15",
          "texto": "a quem ama e outra a quem A., caamadaea"
        },
        {
          "referencia": "2 Samuel 5.8",
          "texto": "aos cegos, que a alma de Davi Á., será cabeça"
        },
        {
          "referencia": "S111.5",
          "texto": "o justo, mas a sua alma Á. o ímpio e o que"
        },
        {
          "referencia": "Provérbios 6.16",
          "texto": "Estas seis coisas 4. o Senhor, e a sétima a sua"
        },
        {
          "referencia": "Provérbios 11.15",
          "texto": "do estranho, mas o que À. a fiança estará seguro."
        },
        {
          "referencia": "Provérbios 12.1",
          "texto": "o conhecimento, mas o que A.a repreensão é"
        },
        {
          "referencia": "Provérbios 13.5",
          "texto": "O justo A. a palavra de mentira, mas o ímpio é"
        },
        {
          "referencia": "Provérbios 13.24",
          "texto": "O que retém a sua vara Á. a seu filho, mas o"
        },
        {
          "referencia": "Provérbios 15.10",
          "texto": "que deixa a vereda, e o que A. a repreensão morrerá."
        },
        {
          "referencia": "Provérbios 15.27",
          "texto": "a sua casa, mas o que À. as dádivas viverá."
        },
        {
          "referencia": "Provérbios 25.21",
          "texto": "Se o que te À. tiver fome, dá-lhe pão para"
        },
        {
          "referencia": "Provérbios 26.24",
          "texto": "Aquele que À. dissimula com os seus lábios, mas"
        },
        {
          "referencia": "Provérbios 26.28",
          "texto": "A língua falsa Á. aquele a quem ela tem"
        },
        {
          "referencia": "Provérbios 27.6",
          "texto": "que ama, mas os beijos do que A. são enganosos."
        },
        {
          "referencia": "Provérbios 28.16",
          "texto": "as opressões, mas o que À. a avareza"
        },
        {
          "referencia": "Provérbios 29.24",
          "texto": "que tem parte com o ladrão A. a sua própria"
        },
        {
          "referencia": "Isaías 1.14",
          "texto": "e as vossas solenidades, as A. a minha alma;"
        },
        {
          "referencia": "Jeremias 14.19",
          "texto": "rejeitaste tu a Judá? Ou A. a tua alma a"
        },
        {
          "referencia": "Mi 2.16",
          "texto": "Deus de Israel, diz que À. o repúdio e"
        },
        {
          "referencia": "Jó 3.20",
          "texto": "todo aquele que faz o mal 4. a luz e não vem"
        },
        {
          "referencia": "Jó 12.25",
          "texto": "e quem, neste mundo, À, a sua vida,"
        },
        {
          "referencia": "Jó 15.18",
          "texto": "Se o mundo vos Á., sabei que, primeiro do que a"
        },
        {
          "referencia": "Jó 15.19",
          "texto": "escolhi do mundo, por isso é que o mundo vos A.."
        },
        {
          "referencia": "Jó 15.23",
          "texto": "Aquele que me Á. aborrece também a meu Pai."
        },
        {
          "referencia": "1 João 2.9",
          "texto": "que diz que está na luz e Á. a seu irmão até"
        },
        {
          "referencia": "1 João 2.11",
          "texto": "Mas aquele que Á. a seu irmão está em trevas, e"
        },
        {
          "referencia": "1 João 3.13",
          "texto": "irmãos, não vos maravilheis, se o mundo vos A.."
        },
        {
          "referencia": "1 João 3.15",
          "texto": "Qualquer que A. a seu irmão é homicida. E vós"
        },
        {
          "referencia": "1 João 4.20",
          "texto": "alguém diz: Eu amo a Deus e A, a seu irmão, é"
        }
      ]
    }
  ]
}