{
  "a": [
    {
      "palavra": "agraciada",
      "veja tambem": [
        "graça"
      ],
      "ocorrencias": 1,
      "fonte": "Strong's G5487 (χαριτόω/charitoó)",
      "concordancias": [
        {
          "referencia": "Lucas 1:28",
          "texto": "E, entrando o anjo aonde ela estava, disse: Salve, agraciada; o Senhor é contigo; bendita és tu entre as mulheres."
        }
      ]
    },
    {
      "palavra": "agrada",
      "veja tambem": [
        "prazer",
        "vontade"
      ],
      "ocorrencias": 1,
      "fonte": "Strong's G2100 (εὐαρεστέω/euaresteó)",
      "concordancias": [
        {
          "referencia": "Hebreus 11:6",
          "texto": "Ora, sem fé é impossível agradar-lhe; porque é necessário que aquele que se aproxima de Deus creia que ele existe, e que é galardoador dos que o buscam."
        }
      ]
    },
    {
      "palavra": "agrade",
      "veja tambem": [],
      "ocorrencias": 0,
      "fonte": "",
      "concordancias": []
    },
    {
      "palavra": "agradece",
      "veja tambem": [],
      "ocorrencias": 0,
      "fonte": "",
      "concordancias": []
    },
    {
      "palavra": "agradecei",
      "veja tambem": [
        "graças",
        "louvor"
      ],
      "ocorrencias": 1,
      "fonte": "Strong's G2168 (εὐχαριστέω/eucharisteó)",
      "concordancias": [
        {
          "referencia": "1 Tessalonicenses 5:18",
          "texto": "Em tudo dai graças, porque esta é a vontade de Deus em Cristo Jesus para convosco."
        }
      ]
    },
    {
      "palavra": "agradecem",
      "veja tambem": [],
      "ocorrencias": 0,
      "fonte": "",
      "concordancias": []
    },
    {
      "palavra": "agradecemos",
      "veja tambem": [],
      "ocorrencias": 0,
      "fonte": "",
      "concordancias": []
    },
    {
      "palavra": "agradecendo",
      "veja tambem": [],
      "ocorrencias": 0,
      "fonte": "",
      "concordancias": []
    },
    {
      "palavra": "agradecer",
      "veja tambem": [],
      "ocorrencias": 0,
      "fonte": "",
      "concordancias": []
    },
    {
      "palavra": "agradeceu",
      "veja tambem": [],
      "ocorrencias": 1,
      "fonte": "Strong's G2168 (εὐχαριστέω/eucharisteó)",
      "concordancias": [
        {
          "referencia": "Lucas 22:17",
          "texto": "E, tomando o cálice, e havendo dado graças, disse: Tomai-o, e reparti-o entre vós;"
        }
      ]
    },
    {
      "palavra": "agradecia",
      "veja tambem": [],
      "ocorrencias": 0,
      "fonte": "",
      "concordancias": []
    },
    {
      "palavra": "agradecido",
      "veja tambem": [],
      "ocorrencias": 0,
      "fonte": "",
      "concordancias": []
    },
    {
      "palavra": "agradecimento",
      "veja tambem": [
        "graças",
        "louvor"
      ],
      "ocorrencias": 1,
      "fonte": "Strong's G2169 (εὐχαριστία/eucharistia)",
      "concordancias": [
        {
          "referencia": "Filipenses 4:6",
          "texto": "Não andeis ansiosos por coisa alguma; antes as vossas petições sejam em tudo conhecidas diante de Deus pela oração e súplica, com ação de graças."
        }
      ]
    },
    {
      "palavra": "agradecimentos",
      "veja tambem": [],
      "ocorrencias": 0,
      "fonte": "",
      "concordancias": []
    },
    {
      "palavra": "agradeço",
      "veja tambem": [],
      "ocorrencias": 1,
      "fonte": "Strong's G2168 (εὐχαριστέω/eucharisteó)",
      "concordancias": [
        {
          "referencia": "1 Coríntios 1:4",
          "texto": "Sempre dou graças ao meu Deus por vós pela graça de Deus que vos foi dada em Jesus Cristo."
        }
      ]
    }
  ]
}