{
  "a": [
    {
      "palavra": "animal",
      "veja tambem": [
        "besta",
        "criatura",
        "gado"
      ],
      "ocorrencias": 78,
      "fonte": "Strong's H929 (בְּהֵמָה/behemah)",
      "concordancias": [
        {
          "referencia": "Gênesis 1.28",
          "texto": "as aves dos céus, e sobre todo o 4. que se move"
        },
        {
          "referencia": "Gênesis 1.30",
          "texto": "E a todo Á. da terra, e a toda ave dos céus, ea"
        },
        {
          "referencia": "Gênesis 2.19",
          "texto": "Deus formado da terra todo A. do campo e toda"
        },
        {
          "referencia": "Gênesis 2.20",
          "texto": "e às aves dos céus, e a todo Á. do campo; mas"
        },
        {
          "referencia": "Gênesis 6.7",
          "texto": "criei, desde o homem até ao A., até ao réptil"
        },
        {
          "referencia": "Gênesis 7.2",
          "texto": "De todo A. limpo tomarás para ti sete e sete: o"
        },
        {
          "referencia": "Gênesis 7.14",
          "texto": "eles, e todo Á. conforme a sua espécie, e todo"
        },
        {
          "referencia": "Gênesis 7.23",
          "texto": "terra, desde o homem até ao A., até ao réptil e"
        },
        {
          "referencia": "Gênesis 8.1",
          "texto": "Deus de Noé, e de todo Á., e de toda rês que"
        },
        {
          "referencia": "Gênesis 8.17",
          "texto": "Todo À. que está contigo, de toda carne, de ave,"
        },
        {
          "referencia": "Gênesis 8.19",
          "texto": "todo A., todo réptil, toda ave, tudo o que se"
        },
        {
          "referencia": "Gênesis 8.20",
          "texto": "ao Senhor; e tomou de todo À. limpo e de toda"
        },
        {
          "referencia": "Gênesis 9.2",
          "texto": "e o vosso pavor sobre todo A. da terra e sobre"
        },
        {
          "referencia": "Gênesis 9.5",
          "texto": "vossa vida; da mão de todo À, o requererei,"
        },
        {
          "referencia": "Gênesis 9.10",
          "texto": "de aves, de reses, e de todo A. da terra"
        },
        {
          "referencia": "Gênesis 9.10",
          "texto": "todos que saíram da arca, até todo A. da terra."
        },
        {
          "referencia": "Êxodo 9.19",
          "texto": "tens no campo; todo homem e À, que for achado"
        },
        {
          "referencia": "Êxodo 19.13",
          "texto": "ou asseteado; quer seja Á., quer seja homem,"
        },
        {
          "referencia": "Êxodo 20.10",
          "texto": "servo, nem a tua serva, nem o teu A., nem o teu"
        },
        {
          "referencia": "Êxodo 22.5",
          "texto": "alguém fizer pastar o seu Á. num campo ou numa"
        },
        {
          "referencia": "Êxodo 22.10",
          "texto": "ou boi, ou ovelha, ou algum Á., e morrer, ou"
        },
        {
          "referencia": "Êxodo 22.19",
          "texto": "aquele que se deitar com A. certamente morrerá."
        },
        {
          "referencia": "Levítico 5.2",
          "texto": "imunda, seja corpo morto de A. imundo, seja"
        },
        {
          "referencia": "Levítico 7.25",
          "texto": "que comer a gordura do Á., do qual se"
        },
        {
          "referencia": "Levítico 11.26",
          "texto": "Todo Á. que tem unhas fendidas, mas a fenda não"
        },
        {
          "referencia": "Levítico 11.27",
          "texto": "as suas patas, isto é, todo À. que anda a quatro"
        },
        {
          "referencia": "Levítico 17.13",
          "texto": "eles que caçar caça de À. ou de ave que se"
        },
        {
          "referencia": "Levítico 18.23",
          "texto": "nem te deitarás com um Á., para te contaminares"
        },
        {
          "referencia": "Levítico 18.23",
          "texto": "a mulher se porá perante um Á., para ajuntar-se"
        },
        {
          "referencia": "Levítico 20.15",
          "texto": "um homem se deitar com um A., certamente"
        },
        {
          "referencia": "Levítico 20.15",
          "texto": "com um Å., certamente morrerá; e matareiso Á.."
        },
        {
          "referencia": "Levítico 20.16",
          "texto": "que se chegar a algum Á., para ter"
        },
        {
          "referencia": "Levítico 20.16",
          "texto": "aquela mulher matarás com o A,; certamente"
        },
        {
          "referencia": "Levítico 24.18",
          "texto": "Mas quem matar um A. o restituirá: vida por vida."
        },
        {
          "referencia": "Levítico 24.21",
          "texto": "Quem, pois, matar um 4, restituí-lo-á; mas quem"
        },
        {
          "referencia": "Levítico 27.9",
          "texto": "E, se for À. de que se oferece oferta ao Senhor,"
        },
        {
          "referencia": "Levítico 27.10",
          "texto": "em alguma maneira trocar À. por Á., o"
        },
        {
          "referencia": "Levítico 27.10",
          "texto": "maneira trocar À. por Á., otaleo"
        },
        {
          "referencia": "Levítico 27.11",
          "texto": "E, se for algum A. imundo, dos que se não"
        },
        {
          "referencia": "Levítico 27.11",
          "texto": "Senhor, então, apresentará o Å, diante do sacerdote."
        },
        {
          "referencia": "Ly 27.26",
          "texto": "Mas o primogênito de um A., por já ser do Senhor,"
        },
        {
          "referencia": "Levítico 27.27",
          "texto": "Mas, se for de um A. imundo, o resgatará, segundo"
        },
        {
          "referencia": "Levítico 27.28",
          "texto": "o que tem, de homem, ou de A., ou do campo da"
        },
        {
          "referencia": "Números 3.13",
          "texto": "Israel, desde o homem até ao Á.; meus serão; eu"
        },
        {
          "referencia": "Deuteronômio 4.17",
          "texto": "figura de algum À. que haja na terra, figura de"
        },
        {
          "referencia": "Deuteronômio 4.18",
          "texto": "figura de algum A. que anda de rastos sobre a"
        },
        {
          "referencia": "Deuteronômio 5.14",
          "texto": "o teu boi, nem o teu jumento, nem A. algum"
        },
        {
          "referencia": "Deuteronômio 14.6",
          "texto": "Todo À, que tem unhas fendidas, que tem a unha"
        },
        {
          "referencia": "Deuteronômio 14.21",
          "texto": "Não comereis nenhum A. morto; ao estrangeiro, que"
        },
        {
          "referencia": "Deuteronômio 27.21",
          "texto": "que se deitar com algum A.! E todo o povo"
        },
        {
          "referencia": "Neemias 2.12",
          "texto": "Jerusalém; e não havia comigo A. algum, senão"
        },
        {
          "referencia": "SI 50.10",
          "texto": "Porque meu é todo À. da selva e as alimárias"
        },
        {
          "referencia": "S173.22",
          "texto": "me embruteci e nada sabia; era como Á, perante ti."
        },
        {
          "referencia": "Isaías 35.9",
          "texto": "Ali, não haverá leão, nem 4. feroz subirá a ele,"
        },
        {
          "referencia": "Isaías 63.14",
          "texto": "Como ao Á. que desce aos vales, o Espírito do"
        },
        {
          "referencia": "Jeremias 51.62",
          "texto": "algum, desde o homem até ao Å., mas que se"
        },
        {
          "referencia": "Ezequiel 29.8",
          "texto": "sobre ti a espada e separarei de ti homem e A.."
        },
        {
          "referencia": "Ezequiel 29.11",
          "texto": "ela pé de homem, nem pé de A. passará por ela,"
        },
        {
          "referencia": "Daniel 4.16",
          "texto": "e seja-lhe dado coração de A.; e passem sobre"
        },
        {
          "referencia": "Daniel 7.5",
          "texto": "e eis aqui o segundo A., semelhante a um"
        },
        {
          "referencia": "Daniel 7.6",
          "texto": "suas costas; tinha também esse À, quatro"
        },
        {
          "referencia": "Daniel 7.7",
          "texto": "noite, e eis aqui o quarto Á., terrível e"
        },
        {
          "referencia": "Daniel 7.11",
          "texto": "estive olhando até que o Á. foi morto, e o"
        },
        {
          "referencia": "Daniel 7.19",
          "texto": "a respeito do quarto Á., que era diferente"
        },
        {
          "referencia": "Daniel 7.23",
          "texto": "Disse assim: O quarto À, será o quarto reino na"
        },
        {
          "referencia": "MI 1.8",
          "texto": "Porque, quando trazeis A. cego para o"
        },
        {
          "referencia": "MI 1.14",
          "texto": "seja o enganador, que, tendo À. no seu rebanho,"
        },
        {
          "referencia": "Mateus 21.5",
          "texto": "e sobre um jumentinho, filho de A. de carga."
        },
        {
          "referencia": "1 Coríntios 15.44",
          "texto": "Semeia-se corpo Á., ressuscitará corpo"
        },
        {
          "referencia": "1 Coríntios 15.44",
          "texto": "espiritual. Se há corpo A., há também corpo es-"
        },
        {
          "referencia": "Hebreus 12.20",
          "texto": "se lhes mandava: Se até um À. tocar o monte,"
        },
        {
          "referencia": "Tiago 3.15",
          "texto": "que vem do alto, mas é terrena. A. e diabólica."
        },
        {
          "referencia": "Apocalipse 4.7",
          "texto": "E o primeiro A. era semelhante a um leão; e o"
        },
        {
          "referencia": "Apocalipse 4.7",
          "texto": "bezerro; e tinha o terceiro À. o rosto como de"
        },
        {
          "referencia": "Apocalipse 4.7",
          "texto": "como de homem; e o quarto A. era semelhante"
        },
        {
          "referencia": "Apocalipse 6.3",
          "texto": "segundo selo, ouvi o segundo A., dizendo: Vem e vê!"
        },
        {
          "referencia": "Apocalipse 6.5",
          "texto": "selo, ouvi o terceiro A., dizendo: Vem e"
        },
        {
          "referencia": "Apocalipse 6.7",
          "texto": "selo, ouvi a voz do quarto Á., que dizia: Vem e vê!"
        }
      ]
    },
    {
      "palavra": "animar",
      "veja tambem": [],
      "ocorrencias": 1,
      "fonte": "",
      "concordancias": [
        {
          "referencia": "Daniel 11.1",
          "texto": "de Dario, medo, levantei-me para o Á. e fortalecer."
        }
      ]
    },
    {
      "palavra": "animaram",
      "veja tambem": [
        "animar"
      ],
      "ocorrencias": 1,
      "fonte": "",
      "concordancias": [
        {
          "referencia": "Atos 18.27",
          "texto": "ele passar à Acaia, o A. os irmãos e"
        }
      ]
    }
  ]
}