{
  "a": [
    {
      "palavra": "anjo",
      "veja tambem": [
        "mensageiro",
        "serafim",
        "querubim"
      ],
      "ocorrencias": 206,
      "fonte": "Strong's H4397 (מַלְאָךְ/malak)",
      "concordancias": [
        {
          "referencia": "Top 214",
          "texto": "posição; Palavras Relacionadas: (anjos-90); Total de refe-"
        },
        {
          "referencia": "Gênesis 16.7",
          "texto": "E o À. do Senhor a achou junto a uma fonte de água"
        },
        {
          "referencia": "Gênesis 16.9",
          "texto": "Então, lhe disse o Á. do Senhor: Lorna-te para tua"
        },
        {
          "referencia": "Gênesis 16.10",
          "texto": "Disse-lhe mais o 4. do Senhor: Multiplicarei"
        },
        {
          "referencia": "Gênesis 16.11",
          "texto": "Disse-lhe também o Á, do Senhor: Eis que"
        },
        {
          "referencia": "Gênesis 21.17",
          "texto": "a voz do menino, e bradou o À. de Deus a Agar desde"
        },
        {
          "referencia": "Gênesis 22.11",
          "texto": "Mas o À. do Senhor lhe bradou desde os céus e"
        },
        {
          "referencia": "Gênesis 22.15",
          "texto": "Então, o À. do Senhor bradou a Abraão pela segunda"
        },
        {
          "referencia": "Gênesis 24.7",
          "texto": "esta terra, ele enviará o seu À. adiante da tua"
        },
        {
          "referencia": "Gênesis 24.40",
          "texto": "tenho andado, enviará o seu À. contigo e"
        },
        {
          "referencia": "Gênesis 31.11",
          "texto": "E disse-me o Á. de Deus, em sonhos: Jacó! E eu"
        },
        {
          "referencia": "Gênesis 48.16",
          "texto": "o À. que me livrou de todo o mal, abençoe estes"
        },
        {
          "referencia": "Êxodo 3.2",
          "texto": "E apareceu-lhe o À. do Senhor em uma chama de fogo,"
        },
        {
          "referencia": "Êxodo 14.19",
          "texto": "E o A, de Deus, que ia adiante do exército de"
        },
        {
          "referencia": "Êxodo 23.20",
          "texto": "Eis que eu envio um Á. diante de ti, para que te"
        },
        {
          "referencia": "Êxodo 23.23",
          "texto": "Porque o meu Á. irá diante de ti e te levará aos"
        },
        {
          "referencia": "Êxodo 32.34",
          "texto": "te tenho dito; eis que o meu A. irá adiante de"
        },
        {
          "referencia": "Êxodo 33.2",
          "texto": "E enviarei um A. adiante de ti (e lançarei fora os"
        },
        {
          "referencia": "Números 20.16",
          "texto": "a nossa voz, e mandou um Á., e nos tirou do"
        },
        {
          "referencia": "Números 22.22",
          "texto": "porque ele se ia; e o 4. do Senhor"
        },
        {
          "referencia": "Números 22.23",
          "texto": "Viu, pois, a jumenta o A. do Senhor que estava no"
        },
        {
          "referencia": "Números 22.24",
          "texto": "Mas o À. do Senhor pôs-se numa vereda de vinhas,"
        },
        {
          "referencia": "Números 22.25",
          "texto": "Vendo, pois, a jumenta o A. do Senhor, apertou-se"
        },
        {
          "referencia": "Números 22.26",
          "texto": "Então, o 4. do Senhor passou mais adiante e pôs-se"
        },
        {
          "referencia": "Números 22.27",
          "texto": "E, vendo a jumenta o A. do Senhor, deitou-se"
        },
        {
          "referencia": "Números 22.31",
          "texto": "olhos a Balaão, e ele viu o À. do Senhor, que"
        },
        {
          "referencia": "Números 22.32",
          "texto": "Então, o À. do Senhor lhe disse: Por que já três"
        },
        {
          "referencia": "Números 22.34",
          "texto": "Então, Balaão disse ao A. do Senhor: Pequei, que"
        },
        {
          "referencia": "Números 22.35",
          "texto": "E disse o À. do Senhor a Balaão: Vai-te com estes"
        },
        {
          "referencia": "Juízes 2.1",
          "texto": "E subiu o À. do Senhor de Gilgal a Boquim e disse:"
        },
        {
          "referencia": "Juízes 2.4",
          "texto": "E sucedeu que, falando o A. do Senhor estas"
        },
        {
          "referencia": "Juízes 5.23",
          "texto": "Amaldiçoai a Meroz, diz o Á. do Senhor; acremente"
        },
        {
          "referencia": "Juízes 6.11",
          "texto": "Então, o À. do Senhor veio e assentou-se debaixo do"
        },
        {
          "referencia": "Juízes 6.12",
          "texto": "Então, o À. do Senhor lhe apareceu e lhe disse: O"
        },
        {
          "referencia": "Juízes 6.20",
          "texto": "Porém o À. de Deus lhe disse: Toma a carne e os"
        },
        {
          "referencia": "Juízes 6.21",
          "texto": "E o Á. do Senhor estendeu a ponta do cajado que"
        },
        {
          "referencia": "Juízes 6.21",
          "texto": "a carne e os bolos asmos; e o À. do Senhor"
        },
        {
          "referencia": "Juízes 6.22",
          "texto": "Então, viu Gideão que era o À. do Senhor; e disse"
        },
        {
          "referencia": "Juízes 13.3",
          "texto": "E o 4. do Senhor apareceu a esta mulher e"
        },
        {
          "referencia": "Juízes 13.6",
          "texto": "era semelhante à vista de um A. de Deus,"
        },
        {
          "referencia": "Juízes 13.9",
          "texto": "ouviu a voz de Manoá; e o À. de Deus veio outra"
        },
        {
          "referencia": "Juízes 13.13",
          "texto": "E disse o Á. do Senhor a Manoá: De tudo quanto eu"
        },
        {
          "referencia": "Juízes 13.15",
          "texto": "Então, Manoá disse ao 4. do Senhor: Ora, deixa que"
        },
        {
          "referencia": "Juízes 13.16",
          "texto": "Porém o 4. do Senhor disse a Manoá: Ainda que me"
        },
        {
          "referencia": "Juízes 13.16",
          "texto": "Porque não sabia Manoá que fosse o A. do Senhor."
        },
        {
          "referencia": "Juízes 13.17",
          "texto": "E disse Manoá ao Á., do Senhor: Qual é o teu nome?"
        },
        {
          "referencia": "Juízes 13.18",
          "texto": "E o 4. do Senhor lhe disse: Por que perguntas assim"
        },
        {
          "referencia": "Juízes 13.19",
          "texto": "penha ao Senhor; e agiu o A. maravilhosamente,"
        },
        {
          "referencia": "Juízes 13.20",
          "texto": "chama do altar para o céu, o À. do Senhor subiu na"
        },
        {
          "referencia": "Juízes 13.21",
          "texto": "E nunca mais apareceu o A. do Senhor a Manoá, nem à"
        },
        {
          "referencia": "J 13.21",
          "texto": "mulher; então, conheceu Manoá que era o A, do Se-"
        },
        {
          "referencia": "1 Samuel 29.9",
          "texto": "aos meus olhos és bom como um Å, de Deus; porém"
        },
        {
          "referencia": "2 Samuel 14.17",
          "texto": "para descanso; porque, como um Á, de Deus, assim"
        },
        {
          "referencia": "2 Samuel 14.20",
          "texto": "conforme a sabedoria de um A. de Deus, para"
        },
        {
          "referencia": "2 Samuel 19.27",
          "texto": "o rei, meu senhor, é como um Á, de Deus; faze,"
        },
        {
          "referencia": "2 Samuel 24.16",
          "texto": "Estendendo, pois, o A. a sua mão sobre Jerusalém,"
        },
        {
          "referencia": "2 Samuel 24.16",
          "texto": "Basta, agora retira a tua mão. E o 4. do Senhor"
        },
        {
          "referencia": "2 Samuel 24.17",
          "texto": "E, vendo Davi ao À. que feria o povo, falou ao"
        },
        {
          "referencia": "1 Reis 13.18",
          "texto": "eu sou profeta como tu, e um Á, me falou pela"
        },
        {
          "referencia": "1 Reis 19.5",
          "texto": "zimbro; e eis que, então, um Á. o tocou e lhe"
        },
        {
          "referencia": "1 Reis 19.7",
          "texto": "E o 4. do Senhor tornou segunda vez, e o tocou, e"
        },
        {
          "referencia": "2 Reis 1.3",
          "texto": "Mas o Á. do Senhor disse a Elias, o tisbita:"
        },
        {
          "referencia": "2 Reis 1.15",
          "texto": "Então, o Á. do Senhor disse a Elias: Desce com"
        },
        {
          "referencia": "1 Crônicas 21.12",
          "texto": "isto é, a peste na terra e o À, do Senhor"
        },
        {
          "referencia": "1 Crônicas 21.15",
          "texto": "E o Senhor mandou um 4. a Jerusalém para a"
        },
        {
          "referencia": "1 Crônicas 21.15",
          "texto": "Basta! Agora, retira a tua mão. E o À, do Senhor"
        },
        {
          "referencia": "1 Crônicas 21.16",
          "texto": "Davi os seus olhos, viu o À. do Senhor, que"
        },
        {
          "referencia": "1 Crônicas 21.18",
          "texto": "Então, o À. do Senhor disse a Gade que dissesse a"
        },
        {
          "referencia": "1 Crônicas 21.20",
          "texto": "E, virando-se Ornã, viuo Á., e se esconderam com"
        },
        {
          "referencia": "1 Crônicas 21.27",
          "texto": "E o Senhor deu ordem ao Á., e ele meteu a sua"
        },
        {
          "referencia": "1 Crônicas 21.30",
          "texto": "aterrorizado por causa da espada do 4. do Senhor."
        },
        {
          "referencia": "2 Crônicas 32.21",
          "texto": "Então, o Senhor enviou um À. que destruiu todos os"
        },
        {
          "referencia": "S134.7",
          "texto": "O À, do Senhor acampa-se ao redor dos que o temem,"
        },
        {
          "referencia": "S135.5",
          "texto": "pragana perante o vento; o À. do Senhor os faça fugir."
        },
        {
          "referencia": "Eclesiastes 5.6",
          "texto": "carne, nem digas diante do À. que foi erro; por"
        },
        {
          "referencia": "Isaías 37.36",
          "texto": "Então, saiu o À. do Senhor e feriu, no arraial dos"
        },
        {
          "referencia": "Isaías 63.9",
          "texto": "foi ele angustiado, e o A. da sua presença os"
        },
        {
          "referencia": "Daniel 3.28",
          "texto": "Abede-Nego, que enviou o seu 4. e livrou os seus"
        },
        {
          "referencia": "Daniel 6.22",
          "texto": "O meu Deus enviou o seu A. e fechou a boca dos"
        },
        {
          "referencia": "Oséias 12.4",
          "texto": "Como príncipe, lutou com o Á. e prevaleceu; chorou"
        },
        {
          "referencia": "Zacarias 1.9",
          "texto": "quem são estes? E disse-me o A. que falava comigo:"
        },
        {
          "referencia": "Zacarias 1.11",
          "texto": "E eles responderam ao Á. do Senhor, que estava"
        },
        {
          "referencia": "Zacarias 1.12",
          "texto": "Então, o Á. do Senhor respondeu e disse: Ô Senhor"
        },
        {
          "referencia": "Zacarias 1.13",
          "texto": "Respondeu o Senhor, ao À. que falava comigo,"
        },
        {
          "referencia": "Zacarias 1.14",
          "texto": "E o À. que falava comigo me disse: Clama, dizendo:"
        },
        {
          "referencia": "Zacarias 1.19",
          "texto": "E eu disse ao À. que falava comigo: Que é isto? E"
        },
        {
          "referencia": "Zacarias 2.3",
          "texto": "E eis que saiu o Á. que falava comigo, e outro À."
        },
        {
          "referencia": "Zacarias 2.3",
          "texto": "que falava comigo, e outro A. lhe saiu ao encontro"
        },
        {
          "referencia": "Zacarias 3.1",
          "texto": "o qual estava diante do A. do Senhor, e Satanás"
        },
        {
          "referencia": "Zacarias 3.3",
          "texto": "Josué, vestido de vestes sujas, estava diante do Á.."
        },
        {
          "referencia": "Zacarias 3.5",
          "texto": "eo vestiram de vestes; e o À. do Senhor estava ali."
        },
        {
          "referencia": "Zacarias 3.6",
          "texto": "E o À. do Senhor protestou a Josué, dizendo:"
        },
        {
          "referencia": "Zacarias 4.1",
          "texto": "E tornou o Á. que falava comigo, e me despertou,"
        },
        {
          "referencia": "Zacarias 44",
          "texto": "E falei e disse ao A. que falava comigo, dizendo:"
        },
        {
          "referencia": "Zacarias 4.5",
          "texto": "Então, respondeu o A. que falava comigo e me disse:"
        },
        {
          "referencia": "Zacarias 5.5",
          "texto": "E saiu o À. que falava comigo e me disse: Levanta,"
        },
        {
          "referencia": "Zacarias 5.10",
          "texto": "Então, eu disse ao A. que falava comigo: Para onde"
        },
        {
          "referencia": "Zacarias 6.4",
          "texto": "E respondi e disse ao Á., que falava comigo: Que é"
        },
        {
          "referencia": "Zacarias 6.5",
          "texto": "E o À, respondeu e me disse: Estes são os quatro"
        },
        {
          "referencia": "Zacarias 12.8",
          "texto": "de Davi será como Deus, como o À. do Senhor"
        },
        {
          "referencia": "Malaquias 2.7",
          "texto": "a lei, porque ele é o À, do Senhor dos Exércitos."
        },
        {
          "referencia": "MI 3.1",
          "texto": "Eis que eu envio o meu Á., que preparará o caminho"
        },
        {
          "referencia": "MI 3.1",
          "texto": "o Senhor, a quem vós buscais, o A. do concerto, a"
        },
        {
          "referencia": "Mateus 1.20",
          "texto": "que, em sonho, lhe apareceu um Á. do Senhor,"
        },
        {
          "referencia": "Mateus 1.24",
          "texto": "do sonho, fez como o Á. do Senhor lhe"
        },
        {
          "referencia": "Mateus 2.13",
          "texto": "eles retirado, eis que o À, do Senhor apareceu"
        },
        {
          "referencia": "Mateus 2.19",
          "texto": "porém, Herodes, eis que o À. do Senhor"
        },
        {
          "referencia": "Mateus 11.10",
          "texto": "da tua face envio o meu Á., que preparará"
        },
        {
          "referencia": "Mateus 28.2",
          "texto": "grande terremoto, porque DA, do Senhor, descendo"
        },
        {
          "referencia": "Mateus 28.5",
          "texto": "Mas o Á., respondendo, disse às mulheres: Não"
        },
        {
          "referencia": "Marcos 1.2",
          "texto": "Eis que eu envio o meu Á. ante a tua face, o"
        },
        {
          "referencia": "Lucas 1.11",
          "texto": "Então, um À. do Senhor lhe apareceu, posto em pé, à"
        },
        {
          "referencia": "Lucas 1.13",
          "texto": "Mas o À. lhe disse: Zacarias, não temas, porque a"
        },
        {
          "referencia": "Lucas 1.18",
          "texto": "Disse, então, Zacarias ao Á.: Como saberei isso?"
        },
        {
          "referencia": "Lucas 1.19",
          "texto": "E, respondendo o A., disse-lhe: Eu sou Gabriel, que"
        },
        {
          "referencia": "Lucas 1.26",
          "texto": "E, no sexto mês, foi o A, Gabriel enviado por Deus"
        },
        {
          "referencia": "Lucas 1.28",
          "texto": "E, entrando o À. onde ela estava, disse: Salve,"
        },
        {
          "referencia": "Lucas 1.30",
          "texto": "Disse-lhe, então, o A.: Maria, não temas, porque"
        },
        {
          "referencia": "Lucas 1.34",
          "texto": "E disse Maria ao Á.: Como se fará isso, visto que"
        },
        {
          "referencia": "Lucas 1.35",
          "texto": "E, respondendo o Á., disse-lhe: Descerá sobre ti o"
        },
        {
          "referencia": "Lucas 1.38",
          "texto": "mim segundo a tua palavra. E o 4. ausentou-se dela."
        },
        {
          "referencia": "Lucas 2.9",
          "texto": "E eis que um À. do Senhor veio sobre eles, e a"
        },
        {
          "referencia": "Lucas 2.10",
          "texto": "E o À. lhes disse: Não temais, porque eis aqui vos"
        },
        {
          "referencia": "Lucas 2.13",
          "texto": "instante, apareceu com o 4. uma multidão dos"
        },
        {
          "referencia": "Lucas 2.21",
          "texto": "o nome de Jesus, que pelo A. lhe fora posto"
        },
        {
          "referencia": "Lucas 7.27",
          "texto": "Eis que envio o meu A diante da tua face,"
        },
        {
          "referencia": "Lucas 22.43",
          "texto": "E apareceu-lhe um Á. do céu, que o confortava."
        },
        {
          "referencia": "Jó 5.4",
          "texto": "Porquanto um A. descia em certo tempo ao tanque e"
        },
        {
          "referencia": "Jó 12.29",
          "texto": "havia sido um trovão. Outros diziam: Um Å, lhe falou."
        },
        {
          "referencia": "Atos 5.19",
          "texto": "Mas, de noite, um Á. do Senhor abriu as portas da"
        },
        {
          "referencia": "Atos 6.15",
          "texto": "olhos nele, viram o seu rosto como o rosto de um AÁ.."
        },
        {
          "referencia": "Atos 7.30",
          "texto": "anos, apareceu-lhe o Á. do Senhor, no"
        },
        {
          "referencia": "Atos 7.35",
          "texto": "e libertador, pela mão do A. que lhe"
        },
        {
          "referencia": "Atos 7.38",
          "texto": "no deserto, com o À, que lhe falava no"
        },
        {
          "referencia": "Atos 8.26",
          "texto": "E o À. do Senhor falou a Filipe, dizendo:"
        },
        {
          "referencia": "Atos 10.3",
          "texto": "viu claramente numa visão um Á. de Deus, que se"
        },
        {
          "referencia": "Atos 10.4",
          "texto": "disse: Que é, Senhor? E o À, lhe disse: As"
        },
        {
          "referencia": "Atos 10.7",
          "texto": "E, retirando-se o A. que lhe falava, chamou dois"
        },
        {
          "referencia": "Atos 10.22",
          "texto": "foi avisado por um santo A. para que te"
        },
        {
          "referencia": "Atos 11.13",
          "texto": "como vira em pé um À. em sua casa, e lhe"
        },
        {
          "referencia": "Atos 12.7",
          "texto": "E eis que sobreveio o À. do Senhor, e resplandeceu"
        },
        {
          "referencia": "Atos 12.8",
          "texto": "E disse-lhe o A.: Cinge-te e ata as tuas sandálias."
        },
        {
          "referencia": "Atos 12.9",
          "texto": "o que estava sendo feito pelo Á., mas cuidava que"
        },
        {
          "referencia": "Atos 12.10",
          "texto": "percorreram uma rua, e logo o À. se apartou dele."
        },
        {
          "referencia": "Atos 12.11",
          "texto": "que o Senhor enviou o seu À, e me livrou da"
        },
        {
          "referencia": "Atos 12.15",
          "texto": "Mas ela afirmava que assim era. E diziam: É o seu A.."
        },
        {
          "referencia": "Atos 12.23",
          "texto": "mesmo instante, feriu-o o A. do Senhor, porque"
        },
        {
          "referencia": "Atos 23.8",
          "texto": "não há ressurreição, nem Á., nem espírito; mas"
        },
        {
          "referencia": "Atos 23.9",
          "texto": "homem, e se algum espírito ou A. lhe falou, não"
        },
        {
          "referencia": "Atos 27.23",
          "texto": "Porque, esta mesma noite, o A. de Deus, de quem eu"
        },
        {
          "referencia": "REM 11.14",
          "texto": "porque o próprio Satanás se transfigura em A. de"
        },
        {
          "referencia": "GI 1.8",
          "texto": "ainda que nós mesmos ou um Á., do céu vos anuncie"
        },
        {
          "referencia": "Gálatas 4.14",
          "texto": "antes, me recebestes como um Á. de Deus, como"
        },
        {
          "referencia": "Apocalipse 1.1",
          "texto": "devem acontecer; e pelo seu Á. as enviou e as"
        },
        {
          "referencia": "Apocalipse 2.1",
          "texto": "Escreve ao À. da igreja que está em Éfeso: Isto diz"
        },
        {
          "referencia": "Apocalipse 2.8",
          "texto": "E ao À. da igreja que está em Esmirna escreve: Isto"
        },
        {
          "referencia": "Apocalipse 2.12",
          "texto": "E ao À. da igreja que está em Pérgamo escreve: Isto"
        },
        {
          "referencia": "Apocalipse 2.18",
          "texto": "E ao À. da igreja de Tiatira escreve: Isto diz o"
        },
        {
          "referencia": "Apocalipse 3.1",
          "texto": "E ao À. da igreja que está em Sardes escreve: Isto"
        },
        {
          "referencia": "Apocalipse 3.7",
          "texto": "E ao À. da igreja que está em Filadélfia escreve:"
        },
        {
          "referencia": "Apocalipse 3.14",
          "texto": "E ao À, da igreja que está em Laodiceia escreve:"
        },
        {
          "referencia": "Apocalipse 5.2",
          "texto": "E vi um Á, forte, bradando com grande voz: Quem é"
        },
        {
          "referencia": "Apocalipse 7.2",
          "texto": "E vi outro À. subir da banda do sol nascente, e que"
        },
        {
          "referencia": "Apocalipse 8.3",
          "texto": "E veio outro À. e pôs-se junto ao altar, tendo um"
        },
        {
          "referencia": "Apocalipse 84",
          "texto": "dos santos desde a mão do 4. até diante de Deus."
        },
        {
          "referencia": "Apocalipse 8.5",
          "texto": "E o À. tomou o incensário, e o encheu do fogo do"
        },
        {
          "referencia": "Apocalipse 8.7",
          "texto": "E o primeiro Á. tocou a trombeta, e houve saraiva e"
        },
        {
          "referencia": "Apocalipse 8.8",
          "texto": "E o segundo 4. tocou a trombeta; e foi lançada no"
        },
        {
          "referencia": "Apocalipse 8.10",
          "texto": "E o terceiro À. tocou a trombeta, e caiu do céu uma"
        },
        {
          "referencia": "Apocalipse 8.12",
          "texto": "E o quarto À, tocou a trombeta, e foi ferida a"
        },
        {
          "referencia": "Apocalipse 8.13",
          "texto": "E olhei e ouvi um À, voar pelo meio do céu, dizendo"
        },
        {
          "referencia": "Apocalipse 9.1",
          "texto": "E o quinto À. tocou a trombeta, e vi uma estrela"
        },
        {
          "referencia": "Apocalipse 9.11",
          "texto": "E tinham sobre si rei, o À, do abismo; em hebreu"
        },
        {
          "referencia": "Apocalipse 9.13",
          "texto": "E tocou o sexto À. a trombeta, e ouvi uma voz que"
        },
        {
          "referencia": "Apocalipse 9.14",
          "texto": "a qual dizia ao sexto Á., que tinha a trombeta:"
        },
        {
          "referencia": "Apocalipse 10.1",
          "texto": "E vi outro À. forte, que descia do céu, vestido de"
        },
        {
          "referencia": "Apocalipse 10.5",
          "texto": "E o À. que vi estar sobre o mar e sobre a terra"
        },
        {
          "referencia": "Apocalipse 10.7",
          "texto": "nos dias da voz do sétimo Á., quando tocar a sua"
        },
        {
          "referencia": "Apocalipse 10.8",
          "texto": "o livrinho aberto da mão do À. que está em pé sobre"
        },
        {
          "referencia": "Apocalipse 10.9",
          "texto": "E fuiao Á., dizendo-lhe: Dá-me o livrinho. É ele"
        },
        {
          "referencia": "Apocalipse 10.10",
          "texto": "tomei o livrinho da mão do Á. e comi-o; e na minha"
        },
        {
          "referencia": "Apocalipse 11.1",
          "texto": "a uma vara; e chegou o À. e disse: Levanta-te"
        },
        {
          "referencia": "Apocalipse 11.15",
          "texto": "E tocou o sétimo Á, a trombeta, e houve no céu"
        },
        {
          "referencia": "Apocalipse 146",
          "texto": "E vi outro A. voar pelo meio do céu, e tinha o"
        },
        {
          "referencia": "Apocalipse 14.8",
          "texto": "E outro A. seguiu, dizendo: Caiu! Caiu Babilônia,"
        },
        {
          "referencia": "Apocalipse 14.9",
          "texto": "E os seguiu o terceiro A., dizendo com grande voz:"
        },
        {
          "referencia": "Apocalipse 14.15",
          "texto": "E outro À. saiu do templo, clamando com grande voz"
        },
        {
          "referencia": "Apocalipse 14.17",
          "texto": "que está no céu, outro Á., o qual também"
        },
        {
          "referencia": "Apocalipse 14.18",
          "texto": "E saiu do altar outro Á., que tinha poder sobre o"
        },
        {
          "referencia": "Apocalipse 14.19",
          "texto": "E o Á. meteu a sua foice à terra, e vindimou as"
        },
        {
          "referencia": "Apocalipse 16.3",
          "texto": "E o segundo A. derramou a sua taça no mar, que se"
        },
        {
          "referencia": "Apocalipse 16.4",
          "texto": "E o terceiro A. derramou a sua taça nos rios e nas"
        },
        {
          "referencia": "Apocalipse 16.5",
          "texto": "E ouvi o À, das águas que dizia: Justo és tu, ó"
        },
        {
          "referencia": "Apocalipse 16.8",
          "texto": "E o quarto A, derramou a sua taça sobre o sol, e"
        },
        {
          "referencia": "Apocalipse 16.10",
          "texto": "E o quinto A. derramou a sua taça sobre o trono da"
        },
        {
          "referencia": "Apocalipse 16.12",
          "texto": "E o sexto A. derramou a sua taça sobre o grande rio"
        },
        {
          "referencia": "Apocalipse 16.17",
          "texto": "E o sétimo À. derramou a sua taça no ar, e saiu"
        },
        {
          "referencia": "Apocalipse 17.7",
          "texto": "E o À. me disse: Por que te admiras? Eu te direi o"
        },
        {
          "referencia": "Apocalipse 18.1",
          "texto": "vi descer do céu outro A., que tinha grande"
        },
        {
          "referencia": "Apocalipse 18.21",
          "texto": "E um forte A. levantou uma pedra como uma grande"
        },
        {
          "referencia": "Apocalipse 19.17",
          "texto": "E vi um Á. que estava no sol, e clamou com grande"
        },
        {
          "referencia": "Apocalipse 20.1",
          "texto": "E vi descer do céu um À. que tinha a chave do"
        },
        {
          "referencia": "Apocalipse 21.17",
          "texto": "conforme a medida de homem, que é a de um A.."
        },
        {
          "referencia": "Apocalipse 22.6",
          "texto": "santos profetas, enviou o seu Á., para mostrar aos"
        },
        {
          "referencia": "Apocalipse 22.8",
          "texto": "e visto, prostrei-me aos pés do A. que mas mostrava"
        },
        {
          "referencia": "Apocalipse 22.16",
          "texto": "Eu, Jesus, enviei o meu A. para vos testificar"
        }
      ]
    }
  ]
}