{
  "a": [
    {
      "palavra": "anjos",
      "veja tambem": [
        "anjo",
        "mensageiros",
        "serafins"
      ],
      "ocorrencias": 87,
      "fonte": "Strong's H4397 (מַלְאָךְ/malak)",
      "concordancias": [
        {
          "referencia": "Gênesis 19.15",
          "texto": "E, ao amanhecer, os À. apertaram com Ló, dizendo:"
        },
        {
          "referencia": "Gênesis 28.12",
          "texto": "nos céus; e eis que os À. de Deus subiam e"
        },
        {
          "referencia": "Gênesis 32.1",
          "texto": "Jacó o seu caminho, e encontraram-no os A. de Deus."
        },
        {
          "referencia": "Jó 4.18",
          "texto": "servos não confia e nos seus Á. encontra loucura;"
        },
        {
          "referencia": "S18.5",
          "texto": "menor o fizeste do que os À. e de glória e de"
        },
        {
          "referencia": "S191.11",
          "texto": "Porque aos seus A dará ordem a teu respeito, para"
        },
        {
          "referencia": "Si 103.20",
          "texto": "Bendizei ao Senhor, Á. seus, magníficos em poder,"
        },
        {
          "referencia": "SI 148.2",
          "texto": "Louvai-o, todos os seus Á.; louvai-o, todos os"
        },
        {
          "referencia": "Mateus 4.6",
          "texto": "porque está escrito: Aos seus Á. dará ordens a"
        },
        {
          "referencia": "Mateus 4.11",
          "texto": "o deixou; e, eis que chegaram os Á. e o serviram."
        },
        {
          "referencia": "Mateus 13.39",
          "texto": "a ceifa é o fim do mundo; e os ceifeiros são os Á.."
        },
        {
          "referencia": "Mateus 13.41",
          "texto": "o Filho do Homem os seus A., e eles colherão do"
        },
        {
          "referencia": "Mateus 13.49",
          "texto": "dos séculos: virão os A. e separarão os maus"
        },
        {
          "referencia": "Mateus 16.27",
          "texto": "de seu Pai, com os seus A.; e, então, dará a"
        },
        {
          "referencia": "Mateus 18.10",
          "texto": "eu vos digo que os seus Á. nos céus sempre"
        },
        {
          "referencia": "Mateus 22.30",
          "texto": "são dados em casamento; mas serão como os À. no"
        },
        {
          "referencia": "Mateus 24.31",
          "texto": "E ele enviará os seus A. com rijo clamor de"
        },
        {
          "referencia": "Mateus 24.36",
          "texto": "e hora ninguém sabe, nem os A. dos céus, nem o"
        },
        {
          "referencia": "Mateus 25.31",
          "texto": "glória, e todos os santos Á., com ele, então,"
        },
        {
          "referencia": "Mateus 25.41",
          "texto": "o fogo eterno, preparado para o diabo e seus A.;"
        },
        {
          "referencia": "Mateus 26.53",
          "texto": "e que ele não me daria mais de doze legiões de A.?"
        },
        {
          "referencia": "Marcos 1.13",
          "texto": "Satanás. E vivia entre as feras, e os À. o serviam."
        },
        {
          "referencia": "Marcos 8.38",
          "texto": "quando vier na glória de seu Pai, com os santos A.."
        },
        {
          "referencia": "Mic 12.25",
          "texto": "darão em casamento, mas serão como os Á. nos"
        },
        {
          "referencia": "Marcos 13.27",
          "texto": "E ele enviará os seus Á. e ajuntará os seus"
        },
        {
          "referencia": "Lucas 2.15",
          "texto": "que, ausentando-se deles os À. para o céu,"
        },
        {
          "referencia": "Lucas 4.10",
          "texto": "escrito: Mandará aos seus Á., acerca de ti, que"
        },
        {
          "referencia": "Lucas 9.26",
          "texto": "vier na sua glória e na do Pai e dos santos A.."
        },
        {
          "referencia": "Lucas 12.8",
          "texto": "o Filho do Homem o confessará diante dos A. de Deus."
        },
        {
          "referencia": "Lucas 12.9",
          "texto": "diante dos homens será negado diante dos A. de Deus."
        },
        {
          "referencia": "Lucas 15.10",
          "texto": "que há alegria diante dos À. de Deus por um"
        },
        {
          "referencia": "Lucas 16.22",
          "texto": "morreu e foi levado pelos 4. para o seio de"
        },
        {
          "referencia": "Lucas 20.36",
          "texto": "morrer, pois são iguais aos À. e são filhos de"
        },
        {
          "referencia": "Lucas 24.23",
          "texto": "tinham visto uma visão de A., que dizem que"
        },
        {
          "referencia": "Jó 1.51",
          "texto": "vereis o céu aberto e os À. de Deus subirem"
        },
        {
          "referencia": "Jó 20.12",
          "texto": "e viu dois À. vestidos de branco, assentados onde"
        },
        {
          "referencia": "Atos 7.53",
          "texto": "a lei por ordenação dos Á. e não a guardastes."
        },
        {
          "referencia": "Romanos 8.38",
          "texto": "a morte, nem a vida, nem os Á., nem os"
        },
        {
          "referencia": "1 Coríntios 49",
          "texto": "feitos espetáculo ao mundo, aos Á. e aos homens."
        },
        {
          "referencia": "1 Coríntios 6.3",
          "texto": "que havemos de julgar os À.? Quanto mais as"
        },
        {
          "referencia": "1 Coríntios 11.10",
          "texto": "sobre a cabeça sinal de poderio, por causa dos A.."
        },
        {
          "referencia": "1 Coríntios 13.1",
          "texto": "línguas dos homens e dos A. e não tivesse amor,"
        },
        {
          "referencia": "Gálatas 3.19",
          "texto": "sido feita, e foi posta pelos A. na mão de um media-"
        },
        {
          "referencia": "Colossenses 2.18",
          "texto": "de humildade e culto dos A., metendo-se em"
        },
        {
          "referencia": "2 Tessalonicenses 1.7",
          "texto": "o Senhor Jesus desde o céu, com os Á. do seu poder,"
        },
        {
          "referencia": "1 Timóteo 3.16",
          "texto": "em espírito, visto dos Á., pregado aos"
        },
        {
          "referencia": "1 Timóteo 5.21",
          "texto": "do Senhor Jesus Cristo, e dos A. eleitos, que, sem"
        },
        {
          "referencia": "Hebreus 1.4",
          "texto": "mais excelente do que os Á., quanto herdou mais"
        },
        {
          "referencia": "Hebreus 1.5",
          "texto": "Porque a qual dos À. disse jamais: Tu és meu"
        },
        {
          "referencia": "Hebreus 1.6",
          "texto": "o Primogênito, diz: E todos os Á. de Deus o adorem."
        },
        {
          "referencia": "Hebreus 1.7",
          "texto": "E, quanto aos Á., diz: O que de seus A. faz"
        },
        {
          "referencia": "Hebreus 1.7",
          "texto": "aos Á., diz: O que de seus A, faz ventos e de"
        },
        {
          "referencia": "Hebreus 1.13",
          "texto": "E a qual dos Á. disse jamais: Assenta-te à minha"
        },
        {
          "referencia": "Hebreus 2.2",
          "texto": "se a palavra falada pelos A. permaneceu firme, e"
        },
        {
          "referencia": "Hebreus 2.5",
          "texto": "Porque não foi aos À. que sujeitou o mundo futuro,"
        },
        {
          "referencia": "Hebreus 2.7",
          "texto": "um pouco menor do que os A., de glória e de"
        },
        {
          "referencia": "Hebreus 2.9",
          "texto": "um pouco menor do que os A., por causa da"
        },
        {
          "referencia": "Hebreus 2.16",
          "texto": "na verdade, ele não tomou os A., mas tomou a"
        },
        {
          "referencia": "Hebreus 12.22",
          "texto": "à Jerusalém celestial, e aos muitos milhares de A.,"
        },
        {
          "referencia": "Hebreus 13.2",
          "texto": "por ela, alguns, não o sabendo, hospedaram A.."
        },
        {
          "referencia": "1 Pedro 1.12",
          "texto": "evangelho, para as quais coisas os Á. desejam bem"
        },
        {
          "referencia": "1 Pedro 3.22",
          "texto": "havendo-se-lhe sujeitado os A., e as autoridades,"
        },
        {
          "referencia": "2 Pedro 2.4",
          "texto": "se Deus não perdoou aos À. que pecaram, mas,"
        },
        {
          "referencia": "2 Pedro 2.11",
          "texto": "enquanto os Å., sendo maiores em força e poder,"
        },
        {
          "referencia": "Judas 1.6",
          "texto": "e aos À. que não guardaram o seu principado, mas"
        },
        {
          "referencia": "Apocalipse 1.20",
          "texto": "ouro. As sete estrelas são os A, das sete igrejas,"
        },
        {
          "referencia": "Apocalipse 3.5",
          "texto": "o seu nome diante de meu Pai e diante dos seus Á.."
        },
        {
          "referencia": "Apocalipse 5.11",
          "texto": "e ouvia voz de muitos À. ao redor do trono, e"
        },
        {
          "referencia": "Apocalipse 7.1",
          "texto": "destas coisas, vi quatro À. que estavam sobre"
        },
        {
          "referencia": "Apocalipse 7.2",
          "texto": "com grande voz aos quatro Á., a quem fora dado"
        },
        {
          "referencia": "Apocalipse 7.11",
          "texto": "E todos os À. estavam ao redor do trono, e dos"
        },
        {
          "referencia": "Apocalipse 8.2",
          "texto": "E vi os sete À. que estavam diante de Deus, e"
        },
        {
          "referencia": "Apocalipse 8.13",
          "texto": "vozes das trombetas dos três A. que hão de"
        },
        {
          "referencia": "Apocalipse 9.14",
          "texto": "atrombeta: Solta os quatro À. que estão presos"
        },
        {
          "referencia": "Apocalipse 9.15",
          "texto": "E foram soltos os quatro A. que estavam preparados"
        },
        {
          "referencia": "Apocalipse 12.7",
          "texto": "no céu: Miguel e os seus Á. batalhavam contra o"
        },
        {
          "referencia": "Apocalipse 12.7",
          "texto": "contra o dragão; e batalhavam o dragão e os seus A."
        },
        {
          "referencia": "Apocalipse 12.9",
          "texto": "precipitado na terra, e os seus Á. foram lançados"
        },
        {
          "referencia": "Apocalipse 14.10",
          "texto": "e enxofre diante dos santos A. e diante do Cordeiro."
        },
        {
          "referencia": "Apocalipse 15.1",
          "texto": "sinal no céu: sete À. que tinham as sete"
        },
        {
          "referencia": "Apocalipse 15.6",
          "texto": "E os sete A. que tinham as sete pragas saíram do"
        },
        {
          "referencia": "Apocalipse 15.7",
          "texto": "animais deu aos sete A. sete salvas de ouro,"
        },
        {
          "referencia": "Apocalipse 15.8",
          "texto": "até que se consumassem as sete pragas dos sete Á.."
        },
        {
          "referencia": "Apocalipse 16.1",
          "texto": "voz, que dizia aos sete A.: Ide e derramai"
        },
        {
          "referencia": "Apocalipse 17.1",
          "texto": "E veio um dos sete A. que tinham as sete taças e"
        },
        {
          "referencia": "Apocalipse 21.9",
          "texto": "E veio um dos sete A. que tinham as sete taças"
        },
        {
          "referencia": "Apocalipse 21.12",
          "texto": "portas, e, nas portas, doze Á., e nomes escritos"
        }
      ]
    }
  ]
}