{
  "a": [
    {
      "palavra": "ano",
      "veja tambem": [
        "tempo",
        "período",
        "jubileu"
      ],
      "ocorrencias": 363,
      "fonte": "Strong's H8141 (שָׁנָה/shanah)",
      "concordancias": [
        {
          "referencia": "Gênesis 7.11",
          "texto": "No À. seiscentos da vida de Noé, no mês segundo, aos"
        },
        {
          "referencia": "Gênesis 8.13",
          "texto": "E aconteceu que, no Á. seiscentos e um, no mês"
        },
        {
          "referencia": "Gênesis 14.4",
          "texto": "mas, ao décimo terceiro Á., rebelaram-se."
        },
        {
          "referencia": "Gênesis 14.5",
          "texto": "E, ao décimo quarto Á., veio Quedorlaomer e os reis"
        },
        {
          "referencia": "Gênesis 17.21",
          "texto": "Sara te dará neste tempo determinado, no Á. seguin-"
        },
        {
          "referencia": "Gênesis 26.12",
          "texto": "e colheu, naquele mesmo A., cem medidas, porque"
        },
        {
          "referencia": "Gênesis 41.50",
          "texto": "filhos (antes que viesse o À. de fome), que lhe deu"
        },
        {
          "referencia": "Gênesis 47.17",
          "texto": "e os sustentou de pão aquele A. por todo o seu gado."
        },
        {
          "referencia": "Gênesis 47.18",
          "texto": "E, acabado aquele Á., vieram a ele no segundo A.e"
        },
        {
          "referencia": "Gênesis 47.18",
          "texto": "A., vieram a ele no segundo Á. e disseram-lhe: Não"
        },
        {
          "referencia": "Êxodo 12.2",
          "texto": "dos meses; este vos será o primeiro dos meses do A.."
        },
        {
          "referencia": "Êxodo 12.5",
          "texto": "sem mácula, um macho de um A., o qual tomareis"
        },
        {
          "referencia": "Êxodo 13.10",
          "texto": "tu guardarás este estatuto a seu tempo, de A. em A.."
        },
        {
          "referencia": "Êxodo 23.14",
          "texto": "Três vezes no À. me celebrareis festa."
        },
        {
          "referencia": "Êxodo 23.16",
          "texto": "Festa da Colheita à saída do Á., quando tiveres"
        },
        {
          "referencia": "Êxodo 23.17",
          "texto": "Três vezes no À. todos os teus varões aparecerão"
        },
        {
          "referencia": "Êxodo 23.29",
          "texto": "Num só 4. os não lançarei fora diante de ti, para"
        },
        {
          "referencia": "Êxodo 29.38",
          "texto": "o altar: dois cordeiros de um A. cada dia continua-"
        },
        {
          "referencia": "Êxodo 30.10",
          "texto": "E uma vez no À. Arão fará expiação sobre as pontas"
        },
        {
          "referencia": "Êxodo 30.10",
          "texto": "das expiações; uma vez no Á. fará expiação sobre"
        },
        {
          "referencia": "Êxodo 34.22",
          "texto": "da sega do trigo, e a Festa da Colheita no fim do A.."
        },
        {
          "referencia": "Êxodo 34.23",
          "texto": "Três vezes no Á., todo macho entre ti aparecerá"
        },
        {
          "referencia": "Êxodo 34.24",
          "texto": "para aparecer três vezes no A. diante do Senhor,"
        },
        {
          "referencia": "Êxodo 40.17",
          "texto": "no mês primeiro, no A. segundo, ao primeiro"
        },
        {
          "referencia": "Levítico 9.3",
          "texto": "um bezerro e um cordeiro de um A., sem mancha, para"
        },
        {
          "referencia": "Levítico 12.6",
          "texto": "trará um cordeiro de um Á, por holocausto e um"
        },
        {
          "referencia": "Y 14.10",
          "texto": "uma cordeira sem mancha, de um Á., e três dízimas"
        },
        {
          "referencia": "Levítico 16.34",
          "texto": "os seus pecados, uma vez no Á.. E fez Arão como o"
        },
        {
          "referencia": "Levítico 19.24",
          "texto": "Porém, no quarto Á., todo o seu fruto será santo,"
        },
        {
          "referencia": "Levítico 19.25",
          "texto": "E, no quinto A., comereis o seu fruto, para que vos"
        },
        {
          "referencia": "Levítico 23.12",
          "texto": "um cordeiro sem mancha, de um A., em holocausto"
        },
        {
          "referencia": "a 23.18",
          "texto": "cordeiros sem mancha, de um A., e um novilho, e"
        },
        {
          "referencia": "Levítico 23.19",
          "texto": "e dois cordeiros de um À. por sacrifício pacífico."
        },
        {
          "referencia": "Levítico 23.41",
          "texto": "Senhor, por sete dias cada A.; estatuto perpétuo é"
        },
        {
          "referencia": "Levítico 25.4",
          "texto": "Porém, ao sétimo Á., haverá sábado de ANR para"
        },
        {
          "referencia": "Levítico 25.5",
          "texto": "não tratada não vindimarás; A. de descanso será para"
        },
        {
          "referencia": "Levítico 25.10",
          "texto": "E santificareis o A. quinquagésimo e apregoareis"
        },
        {
          "referencia": "Levítico 25.10",
          "texto": "a todos os seus moradores; À. de Jubileu vos será,"
        },
        {
          "referencia": "Levítico 25.11",
          "texto": "O A. quinquagésimo vos será jubileu; não semeareis,"
        },
        {
          "referencia": "Levítico 25.13",
          "texto": "Neste A. de Jubileu, tornareis cada um à sua posses-"
        },
        {
          "referencia": "Levítico 25.20",
          "texto": "disserdes: Que comeremos no Á. sétimo, visto que"
        },
        {
          "referencia": "Levítico 25.21",
          "texto": "bênção sobre vós no sexto Á., para que dê fruto"
        },
        {
          "referencia": "Levítico 25.22",
          "texto": "E, no oitavo Á., semeareis e comereis da colheita"
        },
        {
          "referencia": "Levítico 25.22",
          "texto": "da colheita velha até ao A. nono; até que venha"
        },
        {
          "referencia": "Levítico 25.28",
          "texto": "na mão do comprador até ao À. do Jubileu; porém,"
        },
        {
          "referencia": "Levítico 25.28",
          "texto": "ao À. do Jubileu; porém, no A., do Jubileu,"
        },
        {
          "referencia": "Levítico 25.29",
          "texto": "resgatar até que se cumpra o Á. da sua venda;"
        },
        {
          "referencia": "Levítico 25.29",
          "texto": "0 À, da sua venda; durante um A. inteiro, será"
        },
        {
          "referencia": "Levítico 25.30",
          "texto": "Mas, se, passando-se-lhe um Á. inteiro, ainda não"
        },
        {
          "referencia": "Levítico 25.40",
          "texto": "estará contigo; até ao 4. do Jubileu te servirá."
        },
        {
          "referencia": "Levítico 25.50",
          "texto": "que o comprou, desde o 4. que se vendeu a ele"
        },
        {
          "referencia": "Levítico 25.50",
          "texto": "que se vendeu a ele até ao Á. do Jubileu; e o"
        },
        {
          "referencia": "Levítico 25.52",
          "texto": "restarem poucos anos até ao Á. do Jubileu, então,"
        },
        {
          "referencia": "Levítico 25.53",
          "texto": "Como jornaleiro, de A. em A., estará com ele; não"
        },
        {
          "referencia": "Levítico 25.54",
          "texto": "se não resgatar, sairá no Á, do Jubileu, ele e"
        },
        {
          "referencia": "Levítico 27.17",
          "texto": "o seu campo desde o A. do Jubileu, conforme a"
        },
        {
          "referencia": "Levítico 27.18",
          "texto": "o seu campo depois do 4. do Jubileu, então, o"
        },
        {
          "referencia": "Levítico 27.18",
          "texto": "os anos restantes até ao À. do jubileu, e isto"
        },
        {
          "referencia": "Levítico 27.21",
          "texto": "havendo o campo saído no A. do Jubileu, será"
        },
        {
          "referencia": "Levítico 27.23",
          "texto": "da tua avaliação até ao Á. do Jubileu; e, no"
        },
        {
          "referencia": "Levítico 27.24",
          "texto": "No À. do Jubileu, o campo tornará àquele de quem o"
        },
        {
          "referencia": "Números 1.1",
          "texto": "dia do segundo mês, no segundo A. da sua saída da"
        },
        {
          "referencia": "Números 6.12",
          "texto": "trará um cordeiro de um À.; e os dias"
        },
        {
          "referencia": "Números 6.14",
          "texto": "cordeiro sem mancha, de um A., em holocausto, e"
        },
        {
          "referencia": "Np 6.14",
          "texto": "uma cordeira sem mancha, de um A., para expiação"
        },
        {
          "referencia": "Números 7.15",
          "texto": "um carneiro, um cordeiro de um A., para holocaus-"
        },
        {
          "referencia": "Números 7.17",
          "texto": "bodes, cinco cordeiros de um Á.; esta foi a"
        },
        {
          "referencia": "Números 7.21",
          "texto": "um carneiro, um cordeiro de um A., para holocaus-"
        },
        {
          "referencia": "Números 7.23",
          "texto": "bodes, cinco cordeiros de um A.; esta foi a"
        },
        {
          "referencia": "Números 7.27",
          "texto": "um carneiro, um cordeiro de um A., para holocaus-"
        },
        {
          "referencia": "Números 7.29",
          "texto": "bodes, cinco cordeiros de um À.; esta foi a"
        },
        {
          "referencia": "Números 7.33",
          "texto": "um carneiro, um cordeiro de um A., para holocaus-"
        },
        {
          "referencia": "Números 7.35",
          "texto": "bodes, cinco cordeiros de um A.; esta foia"
        },
        {
          "referencia": "Números 7.39",
          "texto": "um carneiro, um cordeiro de um A., para holocaus-"
        },
        {
          "referencia": "Números 7.41",
          "texto": "bodes, cinco cordeiros de um A.; esta foia"
        },
        {
          "referencia": "Números 7.45",
          "texto": "um carneiro, um cordeiro de um Á., para holocaus-"
        },
        {
          "referencia": "Números 7.47",
          "texto": "bodes, cinco cordeiros de um Á.; esta foi a"
        },
        {
          "referencia": "Números 7.51",
          "texto": "um carneiro, um cordeiro de um A., para holocaus-"
        },
        {
          "referencia": "Números 7.53",
          "texto": "bodes, cinco cordeiros de um 4.; esta foi a"
        },
        {
          "referencia": "Números 7.57",
          "texto": "um carneiro, um cordeiro de um A., para holocaus-"
        },
        {
          "referencia": "Números 7.59",
          "texto": "bodes, cinco cordeiros de um Á.; esta foi a"
        },
        {
          "referencia": "Números 7.63",
          "texto": "um carneiro, um cordeiro de um Á., para holocaus-"
        },
        {
          "referencia": "Números 7.65",
          "texto": "bodes, cinco cordeiros de um A.; esta foi a"
        },
        {
          "referencia": "Números 7.69",
          "texto": "um carneiro, um cordeiro de um Á., para holocaus-"
        },
        {
          "referencia": "Números 7.71",
          "texto": "bodes, cinco cordeiros de um A.; esta foi a"
        },
        {
          "referencia": "Números 7.75",
          "texto": "um carneiro, um cordeiro de um A., para holocaus-"
        },
        {
          "referencia": "Números 7.77",
          "texto": "bodes, cinco cordeiros de um 4,; esta foi a"
        },
        {
          "referencia": "Números 7.81",
          "texto": "um carneiro, um cordeiro de um AÁ., para holocaus-"
        },
        {
          "referencia": "Números 7.83",
          "texto": "bodes, cinco cordeiros de um A.; esta foi a"
        },
        {
          "referencia": "Números 7.87",
          "texto": "doze; doze cordeiros de um Á., com a sua oferta"
        },
        {
          "referencia": "Números 7.88",
          "texto": "sessenta; os cordeiros de um A., sessenta; esta é"
        },
        {
          "referencia": "Números 9.1",
          "texto": "do Sinai, no segundo A. da sua saída da terra"
        },
        {
          "referencia": "Números 9.22",
          "texto": "dois dias, ou um mês, ou um Á., ficando sobre ele,"
        },
        {
          "referencia": "Números 10.11",
          "texto": "E aconteceu, no segundo A., no segundo mês, aos"
        },
        {
          "referencia": "Números 14.34",
          "texto": "cada dia representando um AÁ., levareis sobre vós"
        },
        {
          "referencia": "Números 15.27",
          "texto": "para expiação do pecado oferecerá uma cabra de um"
        },
        {
          "referencia": "Números 28.3",
          "texto": "Senhor: dois cordeiros de um A., sem mancha, cada"
        },
        {
          "referencia": "Números 28.9",
          "texto": "sábado, dois cordeiros de um Á., sem mancha, e"
        },
        {
          "referencia": "Números 28.11",
          "texto": "e um carneiro, sete cordeiros de um A., sem man-"
        },
        {
          "referencia": "Números 28.14",
          "texto": "da lua nova de cada mês, segundo os meses do A.."
        },
        {
          "referencia": "Números 28.19",
          "texto": "e sete cordeiros deum Á.; ser-vos-ão eles sem man-"
        },
        {
          "referencia": "Números 28.27",
          "texto": "dois bezerros, um carneiro e sete cordeiros de um"
        },
        {
          "referencia": "Números 29.2",
          "texto": "um carneiro e sete cordeiros de um Á., sem mancha."
        },
        {
          "referencia": "Números 29.8",
          "texto": "e sete cordeiros de um A,; ser-vos-ão eles"
        },
        {
          "referencia": "Números 29.13",
          "texto": "e catorze cordeiros de um Á.; ser-vos-ão eles"
        },
        {
          "referencia": "Números 29.17",
          "texto": "carneiros, catorze cordeiros de um Á., sem man-"
        },
        {
          "referencia": "Números 29.20",
          "texto": "carneiros, catorze cordeiros de um Á., sem man-"
        },
        {
          "referencia": "Números 29.23",
          "texto": "carneiros, catorze cordeiros de um Á., sem man-"
        },
        {
          "referencia": "Números 29.26",
          "texto": "carneiros e catorze cordeiros de um Á., sem man-"
        },
        {
          "referencia": "Números 29.29",
          "texto": "carneiros, catorze cordeiros de um Á., sem man-"
        },
        {
          "referencia": "Números 29.32",
          "texto": "carneiros, catorze cordeiros de um Á., sem man-"
        },
        {
          "referencia": "Números 29.36",
          "texto": "um carneiro, sete cordeiros de um Á., sem mancha;"
        },
        {
          "referencia": "Números 33.38",
          "texto": "e morreu ali, no quinto mês do À. quadragésimo da"
        },
        {
          "referencia": "Números 36.4",
          "texto": "Vindo também o A. do Jubileu dos filhos de Israel, a"
        },
        {
          "referencia": "Deuteronômio 1.3",
          "texto": "E sucedeu que, no À. quadragésimo, no mês undécimo,"
        },
        {
          "referencia": "Deuteronômio 11.12",
          "texto": "ela continuamente, desde o princípio até ao fim do"
        },
        {
          "referencia": "Deuteronômio 14.22",
          "texto": "da tua semente, que cada À, se recolher do campo."
        },
        {
          "referencia": "Deuteronômio 14.28",
          "texto": "da tua novidade no mesmo Á, e os recolherás nas"
        },
        {
          "referencia": "Deuteronômio 15.9",
          "texto": "Vai-se aproximando o sétimo A., o À. da remissão,"
        },
        {
          "referencia": "Deuteronômio 15.9",
          "texto": "aproximando o sétimo Á., o 4. da remissão, e que"
        },
        {
          "referencia": "Deuteronômio 15.12",
          "texto": "te servirá, mas, no sétimo Á., o despedirás forro"
        },
        {
          "referencia": "Deuteronômio 15.20",
          "texto": "teu Deus, os comerás de Á. em A., no lugar que"
        },
        {
          "referencia": "Deuteronômio 15.20",
          "texto": "Deus, os comerás de A. em Á., no lugar que o"
        },
        {
          "referencia": "Deuteronômio 16.16",
          "texto": "Três vezes no Á., todo varão entre ti aparecerá"
        },
        {
          "referencia": "Deuteronômio 24.5",
          "texto": "imporá carga alguma; por um Á. inteiro ficará"
        },
        {
          "referencia": "Deuteronômio 26.12",
          "texto": "dízimos da tua novidade, no À. terceiro, que éo 4."
        },
        {
          "referencia": "Deuteronômio 26.12",
          "texto": "no À. terceiro, que é o À. dos dízimos, então,"
        },
        {
          "referencia": "Deuteronômio 31.10",
          "texto": "anos, no tempo determinado do A. da remissão, na"
        },
        {
          "referencia": "Josué 5.11",
          "texto": "do trigo da terra, do À. antecedente, ao outro"
        },
        {
          "referencia": "Josué 5.12",
          "texto": "do trigo da terra, do A. antecedente, e os"
        },
        {
          "referencia": "Josué 5.12",
          "texto": "mais maná; porém, no mesmo Á., comeram das"
        },
        {
          "referencia": "Juízes 10.8",
          "texto": "E, naquele mesmo A., oprimiram e vexaram aos filhos"
        },
        {
          "referencia": "Juízes 11.40",
          "texto": "as filhas de Israel iam de A, em A. a lamentar a"
        },
        {
          "referencia": "Juízes 1140",
          "texto": "a filha de Jefté, o gileadita, por quatro dias no Á.."
        },
        {
          "referencia": "Juízes 17.10",
          "texto": "por pai e sacerdote; e cada A. te darei dez moedas"
        },
        {
          "referencia": "Juízes 21.19",
          "texto": "Então, disseram: Eis que, de À. em A., há"
        },
        {
          "referencia": "Juízes 21.19",
          "texto": "disseram: Eis que, de Á. em A., há solenidade do"
        },
        {
          "referencia": "1 Samuel 1.3",
          "texto": "este homem da sua cidade de A. em 4. a adorar e a"
        },
        {
          "referencia": "1 Samuel 1.3",
          "texto": "da sua cidade de A, em 4. a adorar e a"
        },
        {
          "referencia": "1 Samuel 1.7",
          "texto": "E assim o fazia ele de Å, em A.; quando ela subia à"
        },
        {
          "referencia": "1 Samuel 1.7",
          "texto": "o fazia ele de A, em A.; quando ela subia à"
        },
        {
          "referencia": "1 Samuel 2.19",
          "texto": "uma túnica pequena e, de À. em A., lha trazia"
        },
        {
          "referencia": "1 Samuel 2.19",
          "texto": "túnica pequena e, de Á. em A., lha trazia quando"
        },
        {
          "referencia": "1 Samuel 7.16",
          "texto": "E ia de À. em À. e rodeava a Betel, e a Gilgal, e a"
        },
        {
          "referencia": "1 Samuel 13.1",
          "texto": "Um A. tinha estado Saul em seu reinado e o segundo"
        },
        {
          "referencia": "1 Samuel 13.1",
          "texto": "em seu reinado e o segundo A. reinou sobre Israel."
        },
        {
          "referencia": "1 Samuel 27.7",
          "texto": "habitou na terra dos filisteus um A. e quatro meses."
        },
        {
          "referencia": "2 Samuel 11.1",
          "texto": "que, tendo decorrido um Á., no tempo em que os"
        },
        {
          "referencia": "2 Samuel 14.26",
          "texto": "sucedia que no fim de cada À. a tosquiava,"
        },
        {
          "referencia": "2 Samuel 21.1",
          "texto": "uma fome de três anos, de A. em A.; e Davi"
        },
        {
          "referencia": "2 Samuel 21.1",
          "texto": "fome de três anos, de À. em A.; e Davi consultou"
        },
        {
          "referencia": "1 Reis 4.7",
          "texto": "e à sua casa; e cada um tinha a prover um mês no A.."
        },
        {
          "referencia": "1 Reis 5.11",
          "texto": "azeite batido; isso dava Salomão a Hirão de A. em A.."
        },
        {
          "referencia": "1 Reis 6.1",
          "texto": "E sucedeu que, no A. quatrocentos e oitenta, depois"
        },
        {
          "referencia": "IRs 6.1",
          "texto": "filhos de Israel do Egito, no A. quarto do reinado"
        },
        {
          "referencia": "E 6.37",
          "texto": "No À. quarto, se pôs o fundamento da Casa do Se-"
        },
        {
          "referencia": "1 Reis 6.38",
          "texto": "E, no Á, undécimo, no mês de bul, que é o mês"
        },
        {
          "referencia": "1 Reis 9.25",
          "texto": "Salomão três vezes cada A. holocaustos e"
        },
        {
          "referencia": "IRs 10.14",
          "texto": "se trazia a Salomão cada Á. seiscentos e sessenta"
        },
        {
          "referencia": "1 Reis 10.25",
          "texto": "e cavalos, e mulas; cada coisa de A. em A.."
        },
        {
          "referencia": "1 Reis 14.25",
          "texto": "Sucedeu, pois, que, no quinto À. do rei Roboão,"
        },
        {
          "referencia": "1 Reis 15.1",
          "texto": "E, no décimo oitavo Á. do rei Jeroboão, filho de"
        },
        {
          "referencia": "1 Reis 15.9",
          "texto": "E, no vigésimo Á., de Jeroboão, rei de Israel,"
        },
        {
          "referencia": "1 Reis 15.25",
          "texto": "a reinar sobre Israel no A. segundo de Asa, rei"
        },
        {
          "referencia": "1 Reis 15.28",
          "texto": "E matou-o Baasa no Á, terceiro de Asa, rei de Judá,"
        },
        {
          "referencia": "1 Reis 15.33",
          "texto": "No Á. terceiro de Asa, rei de Judá, Baasa, filho de"
        },
        {
          "referencia": "1 Reis 16.8",
          "texto": "No À, vinte e seis de Asa, rei de Judá, Elá, filho"
        },
        {
          "referencia": "1 Reis 16.10",
          "texto": "Zinri, e o feriu, e o matou, no À. vigésimo sétimo"
        },
        {
          "referencia": "1 Reis 16.15",
          "texto": "No À. vigésimo sétimo de Asa, rei de Judá, reinou"
        },
        {
          "referencia": "1 Reis 16.23",
          "texto": "No À. trinta e um de Asa, rei de Judá, Onri começou"
        },
        {
          "referencia": "1 Reis 16.29",
          "texto": "a reinar sobre Israel no À. trigésimo oitavo de"
        },
        {
          "referencia": "1 Reis 18.1",
          "texto": "veio a Elias no terceiro A., dizendo: Vai e"
        },
        {
          "referencia": "1 Reis 20.22",
          "texto": "fazer; porque, no decurso de um A., o rei da Síria"
        },
        {
          "referencia": "1 Reis 20.26",
          "texto": "E sucedeu que, passado um A., Ben-Hadade fez re-"
        },
        {
          "referencia": "1 Reis 22.2",
          "texto": "Porém, no terceiro Á., sucedeu que Josafá, rei de"
        },
        {
          "referencia": "ad 2241",
          "texto": "reinar sobre Judá no quarto A. de Acabe, rei de Is-"
        },
        {
          "referencia": "1 Reis 22.52",
          "texto": "a reinar em Samaria, no Á, dezessete de"
        },
        {
          "referencia": "2 Reis 1.17",
          "texto": "a reinar no seu lugar, no Á, segundo de"
        },
        {
          "referencia": "2 Reis 3.1",
          "texto": "em Samaria, no décimo oitavo Á, de Josafá, rei de"
        },
        {
          "referencia": "2 Reis 8.16",
          "texto": "E, no A. quinto de Jorão, filho de Acabe, rei de"
        },
        {
          "referencia": "2 Reis 8.25",
          "texto": "No À. doze de Jorão filho de Acabe, rei de Israel,"
        },
        {
          "referencia": "2 Reis 8.26",
          "texto": "a reinar e reinou um Á. em Jerusalém; e era o"
        },
        {
          "referencia": "2 Reis 9.29",
          "texto": "E, no À. undécimo de Jorão, filho de Acabe, começou"
        },
        {
          "referencia": "2 Reis 11.4",
          "texto": "E, no sétimo Á., mandou Joiada chamar os centu-"
        },
        {
          "referencia": "2 Reis 12.1",
          "texto": "No 4. sétimo de Jeú, começou a reinar Joás e"
        },
        {
          "referencia": "2 Reis 12.6",
          "texto": "Sucedeu, porém, que, no A. vinte e três do rei Joás,"
        },
        {
          "referencia": "2 Reis 13.1",
          "texto": "No À. vinte e três de Joás, filho de Acazias, rei de"
        },
        {
          "referencia": "2 Reis 13.10",
          "texto": "No À. trinta e sete de Joás, rei de Judá, começou a"
        },
        {
          "referencia": "a 13.20",
          "texto": "tropas dos moabitas invadiam a terra, à entrada do"
        },
        {
          "referencia": "2 Reis 14.1",
          "texto": "No segundo A. de Jeoás, filho de Jeoacaz, rei de"
        },
        {
          "referencia": "2 Reis 14.23",
          "texto": "No décimo quinto A. de Amazias, filho de Joás, rei"
        },
        {
          "referencia": "2 Reis 15.1",
          "texto": "No À. vinte e sete de Jeroboão, rei de Israel,"
        },
        {
          "referencia": "2 Reis 15.8",
          "texto": "No À, trinta e oito de Azarias, rei de Judá, reinou"
        },
        {
          "referencia": "2 Reis 15.13",
          "texto": "Jabes, começou a reinar nọ À. trinta e nove de"
        },
        {
          "referencia": "2 Reis 15.17",
          "texto": "Desde o Á. trinta e nove de Azarias, rei de Judá,"
        },
        {
          "referencia": "2 Reis 15.23",
          "texto": "No À. cinquenta de Azarias, rei de Judá, começou a"
        },
        {
          "referencia": "2 Reis 15.27",
          "texto": "No À. cinquenta e dois de Azarias, rei de Judá,"
        },
        {
          "referencia": "2 Reis 15.30",
          "texto": "reinou em seu lugar, no vigésimo Á. de Jotão, filho"
        },
        {
          "referencia": "2 Reis 15.32",
          "texto": "No À. segundo de Peca, filho de Remalias, rei de"
        },
        {
          "referencia": "2 Reis 16.1",
          "texto": "No À. dezessete de Peca, filho de Remalias, começou"
        },
        {
          "referencia": "2 Reis 17.1",
          "texto": "No À. duodécimo de Acaz, rei de Judá, começou a"
        },
        {
          "referencia": "2 Reis 17.4",
          "texto": "ao rei da Assíria cada A., como dantes;"
        },
        {
          "referencia": "2 Reis 17.6",
          "texto": "No À. nono de Oseias, o rei da Assíria tomou a"
        },
        {
          "referencia": "2 Reis 18.1",
          "texto": "E sucedeu que, no terceiro A. de Oseias, filho de"
        },
        {
          "referencia": "2 Reis 18.9",
          "texto": "E sucedeu, no quarto Á. do rei Ezequias (que era o"
        },
        {
          "referencia": "2 Reis 18.9",
          "texto": "Ezequias (que era o sétimo Á. de Oseias, filho de"
        },
        {
          "referencia": "2 Reis 18.10",
          "texto": "ao fim de três anos; sim, no A. sexto de Ezequias,"
        },
        {
          "referencia": "2 Reis 18.10",
          "texto": "sexto de Ezequias, que era o Á. nono de Oseias, rei"
        },
        {
          "referencia": "2 Reis 18.13",
          "texto": "Porém, no Á. décimo q arto do rei Ezequias subiu"
        },
        {
          "referencia": "2 Reis 19.29",
          "texto": "te será por sinal: Este À, se comerá o que"
        },
        {
          "referencia": "2 Reis 19.29",
          "texto": "proceder; porém, no terceiro AÁ., semeai, e segai,"
        },
        {
          "referencia": "2 Reis 22.3",
          "texto": "Sucedeu, pois, que, no Á. décimo oitavo do rei"
        },
        {
          "referencia": "2 Reis 23.23",
          "texto": "Porém, no Á. décimo oitavo do rei Josias, esta"
        },
        {
          "referencia": "2 Reis 24.12",
          "texto": "o rei de Babilônia o levou preso, no À. oitavo de"
        },
        {
          "referencia": "2 Reis 25.1",
          "texto": "E sucedeu que, no nono Å, do reinado de Zedequias,"
        },
        {
          "referencia": "2 Reis 25.2",
          "texto": "foi sitiada até ao undécimo Á. do rei Zedequias."
        },
        {
          "referencia": "2 Reis 25.8",
          "texto": "sétimo dia do mês (este era o Á. décimo nono de"
        },
        {
          "referencia": "2 Reis 25.27",
          "texto": "disso, sucedeu que, no À, trinta e sete do"
        },
        {
          "referencia": "2 Reis 25.27",
          "texto": "rei de Babilônia, libertou, no Á. em que"
        },
        {
          "referencia": "1 Crônicas 20.1",
          "texto": "pois, que, no decurso de um Á., no tempo em que os"
        },
        {
          "referencia": "1 Crônicas 26.31",
          "texto": "gerações entre os pais; no Á, quarenta do reino"
        },
        {
          "referencia": "o 27.1",
          "texto": "mês em mês, em todos os meses do A., cada turma"
        },
        {
          "referencia": "2 Crônicas 3.2",
          "texto": "mês, no dia segundo, no A, quarto do seu reinado."
        },
        {
          "referencia": "2 Crônicas 8.13",
          "texto": "nas solenidades, três vezes no Á.: na Festa dos"
        },
        {
          "referencia": "2 Crônicas 9.13",
          "texto": "do ouro, que vinha em um 4. a Salomão, de"
        },
        {
          "referencia": "2 Crônicas 9.24",
          "texto": "e cavalos, e mulos; cada coisa de Á. em A.."
        },
        {
          "referencia": "2 Crônicas 12.2",
          "texto": "Pelo que sucedeu, no À. quinto do rei Roboão, que"
        },
        {
          "referencia": "2 Crônicas 13.1",
          "texto": "No À. décimo oitavo do rei Jeroboão, reinou Abias"
        },
        {
          "referencia": "2 Crônicas 15.10",
          "texto": "no terceiro mês, no À. décimo do reinado de Asa."
        },
        {
          "referencia": "2 Crônicas 15.19",
          "texto": "E não houve guerra até ao A. trigésimo quinto do"
        },
        {
          "referencia": "2 Crônicas 16.1",
          "texto": "No À. trigésimo sexto do reinado de Asa, Baasa, rei"
        },
        {
          "referencia": "2 Crônicas 16.12",
          "texto": "Asa doente de seus pés no A. trigésimo nono do seu"
        },
        {
          "referencia": "2 Crônicas 16.13",
          "texto": "com seus pais e morreu no Á. quarenta e um do"
        },
        {
          "referencia": "2 Crônicas 17.7",
          "texto": "E, no terceiro À. do seu reinado, enviou ele os seus"
        },
        {
          "referencia": "2 Crônicas 22.2",
          "texto": "a reinar e reinou um Á, em Jerusalém. E era o"
        },
        {
          "referencia": "2 Crônicas 23.1",
          "texto": "Porém, no sétimo Á., Joiada se esforçou e tomou"
        },
        {
          "referencia": "2 Crônicas 24.5",
          "texto": "a Casa do vosso Deus, de A, em A,; e vós,"
        },
        {
          "referencia": "2 Crônicas 24.5",
          "texto": "Casa do vosso Deus, de A. em A.; e, vós, apressai"
        },
        {
          "referencia": "2 Crônicas 24.23",
          "texto": "E sucedeu, no decurso de um A., que o exército da"
        },
        {
          "referencia": "2 Crônicas 27.5",
          "texto": "os filhos de Amom, naquele A., lhe deram cem"
        },
        {
          "referencia": "2 Crônicas 27.5",
          "texto": "os filhos de Amom também no segundo e no terceiro"
        },
        {
          "referencia": "2 Crônicas 29.3",
          "texto": "Ele, no A. primeiro do seu reinado, no mês primeiro,"
        },
        {
          "referencia": "2 Crônicas 34.3",
          "texto": "Porque, no oitavo À. do seu reinado, sendo ainda"
        },
        {
          "referencia": "2 Crônicas 34.3",
          "texto": "Davi, seu pai; e, no duodécimo Á., começou a"
        },
        {
          "referencia": "2 Crônicas 34.8",
          "texto": "E, no À. décimo oitavo do seu reinado, havendo já"
        },
        {
          "referencia": "2 Crônicas 35.19",
          "texto": "No À. décimo oitavo do reinado de Josias, se"
        },
        {
          "referencia": "2 Crônicas 36.10",
          "texto": "E, no decurso de um A., o rei Nabucodonosor man-"
        },
        {
          "referencia": "2 Crônicas 36.22",
          "texto": "Porém, no primeiro Á. de Ciro, rei da Pérsia (para"
        },
        {
          "referencia": "Esdras 1.1",
          "texto": "No primeiro Á. de Ciro, rei da Pérsia (para que se"
        },
        {
          "referencia": "Esdras 3.8",
          "texto": "E, no segundo A. da sua vinda à Casa de Deus, em"
        },
        {
          "referencia": "Esdras 4.24",
          "texto": "em Jerusalém, e cessou até ao Á, segundo do reinado"
        },
        {
          "referencia": "Esdras 5.13",
          "texto": "Porém, no primeiro À, de Ciro, rei de Babilônia, o"
        },
        {
          "referencia": "Esdras 6.3",
          "texto": "No Á. primeiro do rei Ciro, o rei Ciro deu esta"
        },
        {
          "referencia": "Esdras 6.15",
          "texto": "de Adar, que era o sexto À. do reinado do rei Dario."
        },
        {
          "referencia": "Esdras 7.7",
          "texto": "porteiros, e dos netineus, no A. sétimo do rei Arta-"
        },
        {
          "referencia": "Esdras 7.8",
          "texto": "veio ele a Jerusalém; e era o sétimo À, desse rei;"
        },
        {
          "referencia": "Neemias 1.1",
          "texto": "sucedeu no mês de quisleu, no A. vigésimo, estando"
        },
        {
          "referencia": "Neemias 2.1",
          "texto": "pois, no mês de nisá, no A. vigésimo do rei"
        },
        {
          "referencia": "Neemias 5.14",
          "texto": "na terra de Judá, desde o À. vinte até ao A."
        },
        {
          "referencia": "Neemias 5.14",
          "texto": "desde o À. vinte até ao À. trinta e dois do rei"
        },
        {
          "referencia": "Neemias 10.31",
          "texto": "e livre deixaríamos o À. sétimo e toda e"
        },
        {
          "referencia": "Neemias 10.32",
          "texto": "preceitos, impondo-nos cada A. a terça parte de um"
        },
        {
          "referencia": "e 10.34",
          "texto": "pais, a tempos determinados, de A, em A., para se"
        },
        {
          "referencia": "e 10.34",
          "texto": "tempos determinados, de A, em A., para se queimar"
        },
        {
          "referencia": "e 10.35",
          "texto": "de todas as árvores, de Á. em A., à Casa do Senhor;"
        },
        {
          "referencia": "e 13.6",
          "texto": "eu em Jerusalém, porque, no À. trinta e dois de"
        },
        {
          "referencia": "Ester 1.3",
          "texto": "no terceiro À, de seu reinado, fez um convite a"
        },
        {
          "referencia": "Ester 2.16",
          "texto": "que é o mês de tebete, no sétimo Á. do seu reinado."
        },
        {
          "referencia": "Ester 3.7",
          "texto": "(que é o mês de nisã), no A. duodécimo do rei"
        },
        {
          "referencia": "Isaías 6.1",
          "texto": "No A. em que morreu o rei Uzias, eu vi ao Senhor"
        },
        {
          "referencia": "Isaías 14.28",
          "texto": "No A. em que morreu o rei Acaz, houve este peso."
        },
        {
          "referencia": "Isaías 20.1",
          "texto": "No À. em que veio Tartã a Asdode, enviando-o Sargão,"
        },
        {
          "referencia": "Isaías 21.16",
          "texto": "o Senhor: Dentro de um Á., tal como os anos de"
        },
        {
          "referencia": "Isaías 29.1",
          "texto": "o seu arraial! Acrescentai A, a Á., e sucedam-se"
        },
        {
          "referencia": "Isaías 29.1",
          "texto": "arraial! Acrescentai A. a A., e sucedam-se as festas."
        },
        {
          "referencia": "Isaías 32.10",
          "texto": "Porque daqui a um Á. e dias vireis a ser turbadas, ó"
        },
        {
          "referencia": "Isaías 34.8",
          "texto": "dia da vingança do Senhor, A. de retribuições, pela"
        },
        {
          "referencia": "Isaías 36.1",
          "texto": "E aconteceu, no A. décimo quarto do rei Ezequias,"
        },
        {
          "referencia": "Isaías 61.2",
          "texto": "a apregoar o À, aceitável do Senhor e o dia da"
        },
        {
          "referencia": "Isaías 63.4",
          "texto": "estava no meu coração, e o À, dos meus redimidos é"
        },
        {
          "referencia": "Ir 1.2",
          "texto": "rei de Judá, no décimo terceiro A. do seu reinado."
        },
        {
          "referencia": "Ir 1.3",
          "texto": "rei de Judá, até ao fim do À. undécimo de"
        },
        {
          "referencia": "Ir 11.23",
          "texto": "sobre os homens de Anatote, no À. da sua visitação."
        },
        {
          "referencia": "hr 17.8",
          "texto": "a sua folha fica verde; e, no A. de sequidão, não"
        },
        {
          "referencia": "Ir 23.12",
          "texto": "trarei sobre eles mal, o Á. mesmo da sua"
        },
        {
          "referencia": "Ir 25.1",
          "texto": "de todo o povo de Judá, no À. quarto de Jeoaguim,"
        },
        {
          "referencia": "Ir 25.1",
          "texto": "rei de Judá (que é o primeiro A. de Nabucodonosor,"
        },
        {
          "referencia": "Ir 25.3",
          "texto": "Desde o Á. treze de Josias, filho de Amom, rei de"
        },
        {
          "referencia": "Ir 25.3",
          "texto": "de Judá, até este dia (que é o À. vinte e três),"
        },
        {
          "referencia": "Ir 28.1",
          "texto": "E sucedeu no mesmo A., no princípio do reinado de"
        },
        {
          "referencia": "Ir 28.1",
          "texto": "de Zedequias, rei de Judá, no À. quarto, no mês"
        },
        {
          "referencia": "Ir 28.16",
          "texto": "sobre a face da terra; este Á., morrerás, porque"
        },
        {
          "referencia": "Ir 28.17",
          "texto": "Hananias, o profeta, no mesmo AÁ., no sétimo mês."
        },
        {
          "referencia": "Ir 32.1",
          "texto": "da parte do Senhor, no À. décimo de Zedequias,"
        },
        {
          "referencia": "Ir 32.1",
          "texto": "rei de Judá; este A. foi o A. décimo oitavo de Nabuco-"
        },
        {
          "referencia": "Ir 36.1",
          "texto": "Sucedeu, pois, no À. quarto de Jeoaquim, filho de"
        },
        {
          "referencia": "Ir 36.9",
          "texto": "E aconteceu, no À, quinto de Jeoaquim, filho de"
        },
        {
          "referencia": "Ir 39.1",
          "texto": "No À. nono de Zedequias, rei de Judá, no mês décimo,"
        },
        {
          "referencia": "fr 39.2",
          "texto": "No À, undécimo de Zedequias, no quarto mês, aos nove"
        },
        {
          "referencia": "Ir 45.1",
          "texto": "livro, da boca de Jeremias, no Á. quarto de"
        },
        {
          "referencia": "Ir 46.2",
          "texto": "rei da Babilônia, no 4. quarto de"
        },
        {
          "referencia": "Ir 51.46",
          "texto": "na terra; porque virá, num Á., um rumor, e"
        },
        {
          "referencia": "Ir 51.46",
          "texto": "A., um rumor e depois, noutro Å., outro rumor; e"
        },
        {
          "referencia": "Ir 51.59",
          "texto": "rei de Judá, à Babilônia, no A. quarto do seu"
        },
        {
          "referencia": "Jeremias 52.4",
          "texto": "E aconteceu, no Å. nono do seu reinado, no mês"
        },
        {
          "referencia": "Jeremias 52.5",
          "texto": "cercada a cidade, até ao Á, undécimo do rei Zedequias."
        },
        {
          "referencia": "Jeremias 52.12",
          "texto": "mês (este era o décimo nono A. do rei"
        },
        {
          "referencia": "Jeremias 52.28",
          "texto": "levou cativo no sétimo Á.: três mil e vinte e"
        },
        {
          "referencia": "Jeremias 52.29",
          "texto": "No À. décimo oitavo de Nabucodonosor, ele levou"
        },
        {
          "referencia": "Jeremias 52.30",
          "texto": "No Á. vigésimo terceiro de Nabucodonosor,"
        },
        {
          "referencia": "Jeremias 52.31",
          "texto": "Sucedeu, pois, no À. trigésimo sétimo do cativeiro"
        },
        {
          "referencia": "Jeremias 52.31",
          "texto": "rei da Babilônia, no À. primeiro do"
        },
        {
          "referencia": "Ezequiel 1.1",
          "texto": "E aconteceu, no trigésimo AÁ., no quarto mês, no dia"
        },
        {
          "referencia": "Ezequiel 1.2",
          "texto": "dia do mês (no quinto À, do cativeiro do rei Joaquim),"
        },
        {
          "referencia": "Ezequiel 4.6",
          "texto": "de Judá quarenta dias; um dia te dei para cada A.."
        },
        {
          "referencia": "Ezequiel 8.1",
          "texto": "Sucedeu, pois, no sexto Á., no mês sexto, no quinto"
        },
        {
          "referencia": "Ezequiel 20.1",
          "texto": "E aconteceu, no sétimo Á., no mês quinto, aos dez do"
        },
        {
          "referencia": "Ezequiel 24.1",
          "texto": "palavra do Senhor, no nono Á., no décimo mês, aos"
        },
        {
          "referencia": "Ezequiel 26.1",
          "texto": "É sucedeu, no undécimo A., ao primeiro do mês, que"
        },
        {
          "referencia": "Ezequiel 29.1",
          "texto": "No décimo Á., no décimo mês, no dia doze do mês,"
        },
        {
          "referencia": "Ezequiel 29.17",
          "texto": "E sucedeu que, no Á. vinte e sete, no mês primeiro,"
        },
        {
          "referencia": "Ezequiel 30.20",
          "texto": "E sucedeu que, no À, undécimo, no mês primeiro, aos"
        },
        {
          "referencia": "Ezequiel 31.1",
          "texto": "E sucedeu, no Á. undécimo, no terceiro mês, ao"
        },
        {
          "referencia": "Ezequiel 32.1",
          "texto": "E sucedeu que, no Á. duodécimo, no mês duodécimo,"
        },
        {
          "referencia": "Ezequiel 32.17",
          "texto": "E sucedeu que, no Á. duodécimo, aos quinze do mês,"
        },
        {
          "referencia": "Ezequiel 33.21",
          "texto": "E sucedeu que, no À. duodécimo, no décimo mês, aos"
        },
        {
          "referencia": "Ezequiel 40.1",
          "texto": "No À. vigésimo quinto do nosso cativeiro, no"
        },
        {
          "referencia": "Ezequiel 40.1",
          "texto": "cativeiro, no princípio do À,, no décimo dia do"
        },
        {
          "referencia": "Ezequiel 46.13",
          "texto": "um cordeiro de um Á., sem mancha, em"
        },
        {
          "referencia": "Ezequiel 46.17",
          "texto": "servos, será deste até ao A. da liberdade; então,"
        },
        {
          "referencia": "Daniel 1.1",
          "texto": "No 4. terceiro do reinado de Jeoagquim, rei de Judá,"
        },
        {
          "referencia": "Daniel 1.21",
          "texto": "E Daniel esteve até ao primeiro À. do rei Ciro."
        },
        {
          "referencia": "Daniel 2.1",
          "texto": "E no segundo Á. do reinado de Nabucodonosor, teve"
        },
        {
          "referencia": "Daniel 7.1",
          "texto": "No primeiro À. de Belsazar, rei de Babilônia, teve"
        },
        {
          "referencia": "Daniel 8.1",
          "texto": "No À, terceiro do reinado do rei Belsazar,"
        },
        {
          "referencia": "Daniel 9.1",
          "texto": "No À. primeiro de Dario, filho de Assuero, da nação"
        },
        {
          "referencia": "Daniel 9.2",
          "texto": "no À, primeiro do seu reinado, eu, Daniel, entendi"
        },
        {
          "referencia": "Daniel 10.1",
          "texto": "No À. terceiro de Ciro, rei da Pérsia, foi revelada"
        },
        {
          "referencia": "Daniel 11.1",
          "texto": "Eu, pois, no primeiro Á., de Dario, medo, levantei-me"
        },
        {
          "referencia": "Mg 6.6",
          "texto": "perante ele com holocaustos, com bezerros de um A.?"
        },
        {
          "referencia": "Ageu 1.1",
          "texto": "No À. segundo do rei Dario, no sexto mês, no"
        },
        {
          "referencia": "Ageu 1.15",
          "texto": "quarto dia do sexto mês, no segundo Á. do rei Dario."
        },
        {
          "referencia": "Ageu 2.10",
          "texto": "dia do mês nono, no segundo À, de Dario, veio a"
        },
        {
          "referencia": "Zacarias 1.1",
          "texto": "No oitavo mês do segundo A. de Dario, veio a palavra"
        },
        {
          "referencia": "Zacarias 1.7",
          "texto": "o mês de sebate), no segundo A. de Dario, veio a"
        },
        {
          "referencia": "Ze 7.1",
          "texto": "Aconteceu, pois, no A. quarto do rei Dario, que a"
        },
        {
          "referencia": "Zacarias 14.16",
          "texto": "Jerusalém subirão de À. em À, para adorarem o"
        },
        {
          "referencia": "Zacarias 14.16",
          "texto": "subirão de A, em Á. para adorarem o Rei, o"
        },
        {
          "referencia": "Lucas 3.1",
          "texto": "E, no À. quinze do império de Tibério César, sendo"
        },
        {
          "referencia": "Lucas 419",
          "texto": "os oprimidos, a anunciar o À. aceitável do Senhor."
        },
        {
          "referencia": "Lucas 13.8",
          "texto": "Senhor, deixa-a este A., até que eu a"
        },
        {
          "referencia": "Jó 11.49",
          "texto": "era sumo sacerdote naquele A., lhes disse: Vós"
        },
        {
          "referencia": "Jó 11.51",
          "texto": "o sumo sacerdote naquele A., profetizou que"
        },
        {
          "referencia": "Jó 18.13",
          "texto": "sogro de Caifás, que era o sumo sacerdote daquele A.."
        },
        {
          "referencia": "Atos 11.26",
          "texto": "E sucedeu que todo um A. se reuniram naquela igreja"
        },
        {
          "referencia": "Atos 18.11",
          "texto": "E ficou ali um A. e seis meses, ensinando entre eles"
        },
        {
          "referencia": "2 Coríntios 8.10",
          "texto": "convém a vós, que desde o À. passado começastes;"
        },
        {
          "referencia": "2 Coríntios 9.2",
          "texto": "a Acaia está pronta desde o 4. passado, e o vosso"
        },
        {
          "referencia": "Hebreus 9.25",
          "texto": "como o sumo sacerdote cada Á. entra no Santuário"
        },
        {
          "referencia": "Hebreus 10.1",
          "texto": "se oferecem cada A., pode aperfeiçoar"
        },
        {
          "referencia": "Hebreus 10.3",
          "texto": "sacrifícios, porém, cada Á., se faz comemoração"
        },
        {
          "referencia": "Tiago 413",
          "texto": "tal cidade, e lá passaremos um Á., e contrataremos,"
        },
        {
          "referencia": "Apocalipse 9.15",
          "texto": "para a hora, e dia, e mês, e A., a fim de matarem a"
        }
      ]
    }
  ]
}