{
  "a": [
    {
      "palavra": "anos",
      "veja tambem": [
        "ano"
      ],
      "ocorrencias": 503,
      "fonte": "Strong's H8141 (שָׁנָה/shanah)",
      "concordancias": [
        {
          "referencia": "Gênesis 1.14",
          "texto": "sinais e para tempos determinados e para dias e A.."
        },
        {
          "referencia": "Gênesis 5.3",
          "texto": "Adão viveu cento e trinta Á., e gerou um filho à"
        },
        {
          "referencia": "Gênesis 5.4",
          "texto": "que gerou a Sete, oitocentos A., e gerou filhos e filhas."
        },
        {
          "referencia": "Gênesis 5.5",
          "texto": "dias que Adão viveu novecentos e trinta A.; e morreu."
        },
        {
          "referencia": "Gênesis 5.6",
          "texto": "E viveu Sete cento e cinco A. e gerou a Enos."
        },
        {
          "referencia": "Gênesis 5.7",
          "texto": "a Enos, oitocentos e sete A. e gerou filhos e filhas."
        },
        {
          "referencia": "Gênesis 5.8",
          "texto": "todos os dias de Sete novecentos e doze A.; e morreu."
        },
        {
          "referencia": "Gênesis 5.9",
          "texto": "E viveu Enos noventa A.; e gerou a Cainã."
        },
        {
          "referencia": "Gênesis 5.10",
          "texto": "a Cainã, oitocentos e quinze A. e gerou filhos e filhas."
        },
        {
          "referencia": "Gênesis 5.11",
          "texto": "os dias de Enos novecentos e cinco A.; e morreu."
        },
        {
          "referencia": "Gênesis 5.12",
          "texto": "E viveu Cainã setenta A. e gerou a Maalalel."
        },
        {
          "referencia": "Gênesis 5.13",
          "texto": "oitocentos e quarenta À. e gerou filhos e filhas."
        },
        {
          "referencia": "Gênesis 5.14",
          "texto": "todos os dias de Cainã novecentos e dez A.; e morreu."
        },
        {
          "referencia": "Gênesis 5.15",
          "texto": "viveu Maalalel sessenta e cinco À, e gerou a Jarede."
        },
        {
          "referencia": "Gênesis 5.16",
          "texto": "Jarede, oitocentos e trinta A. e gerou filhos e filhas."
        },
        {
          "referencia": "Gênesis 5.17",
          "texto": "Maalalel oitocentos e noventa e cinco A,; e morreu."
        },
        {
          "referencia": "Gênesis 5.18",
          "texto": "Jarede cento e sessenta e dois A. e gerou a pa"
        },
        {
          "referencia": "Gênesis 5.19",
          "texto": "gerou a Enoque, oitocentos A. e gerou filhos e filhas"
        },
        {
          "referencia": "Gênesis 5.20",
          "texto": "de Jarede novecentos e sessenta e dois Á; e morreu."
        },
        {
          "referencia": "Ea 5.21",
          "texto": "viveu Enoque sessenta e cinco A. e gerou a Metusa-"
        },
        {
          "referencia": "Gênesis 5.22",
          "texto": "gerou a Metusalém, trezentos A. e gerou filhos e filhas."
        },
        {
          "referencia": "Gênesis 5.23",
          "texto": "os dias de Enoque trezentos e sessenta e cinco Å.."
        },
        {
          "referencia": "Gênesis 5.25",
          "texto": "cento e oitenta e sete A. e gerou a Lameque."
        },
        {
          "referencia": "Gênesis 5.26",
          "texto": "setecentos e oitenta e dois A. e gerou filhos e filhas."
        },
        {
          "referencia": "Gênesis 5.27",
          "texto": "Metusalém novecentos e sessenta e nove À.; e mor-"
        },
        {
          "referencia": "Gênesis 5.28",
          "texto": "Lameque cento e oitenta e dois A. e gerou um filho."
        },
        {
          "referencia": "Gênesis 5.30",
          "texto": "quinhentos e noventa e cinco À. e gerou filhos e filhas."
        },
        {
          "referencia": "Gênesis 5.31",
          "texto": "de Lameque setecentos e setenta e sete A.; e morreu."
        },
        {
          "referencia": "Gênesis 5.32",
          "texto": "Noé da idade de quinhentos À. e gerou Noé a Sem,"
        },
        {
          "referencia": "Gênesis 6.3",
          "texto": "é carne; porém os seus dias serão cento e vinte A.."
        },
        {
          "referencia": "Gênesis 7.6",
          "texto": "Noé da idade de seiscentos Á., quando o dilúvio das"
        },
        {
          "referencia": "Gênesis 9.28",
          "texto": "Noé, depois do dilúvio, trezentos e cinquenta A.."
        },
        {
          "referencia": "Gênesis 9.29",
          "texto": "os dias de Noé novecentos e cinquenta A., e morreu."
        },
        {
          "referencia": "Gênesis 11.10",
          "texto": "Sem era da idade de cem A. e gerou a Arfaxade,"
        },
        {
          "referencia": "Gênesis 11.10",
          "texto": "Á. e gerou a Arfaxade, dois A. depois do dilúvio."
        },
        {
          "referencia": "cn 11.11",
          "texto": "gerou a Arfaxade, quinhentos A.; e gerou filhos e"
        },
        {
          "referencia": "Gênesis 11.12",
          "texto": "E viveu Arfaxade trinta e cinco À. e gerou a Salá."
        },
        {
          "referencia": "Gênesis 11.13",
          "texto": "a Salá, quatrocentos e três Ae gerou filhos e filhas."
        },
        {
          "referencia": "Gênesis 11.14",
          "texto": "E viveu Salá trinta À. e gerou a Eber."
        },
        {
          "referencia": "Gênesis 11.15",
          "texto": "a Éber, quatrocentos e três A.; e gerou filhos e filhas."
        },
        {
          "referencia": "Gênesis 11.16",
          "texto": "E viveu Eber trinta e quatro À. e gerou a Pelegue."
        },
        {
          "referencia": "Gênesis 11.17",
          "texto": "quatrocentos e trinta 4.; e gerou filhos e filhas."
        },
        {
          "referencia": "Gênesis 11.18",
          "texto": "E viveu Pelegue trinta À. e gerou a Reú."
        },
        {
          "referencia": "T 11.19",
          "texto": "gerou a Reú, duzentos e nove A.; e gerou filhos e"
        },
        {
          "referencia": "Gênesis 11.20",
          "texto": "E viveu Reú trinta e dois A. e gerou a Serugue."
        },
        {
          "referencia": "Gênesis 11.21",
          "texto": "a Serugue, duzentos e sete Ae gerou filhos e filhas."
        },
        {
          "referencia": "Gênesis 11.22",
          "texto": "E viveu Serugue trinta 4. e gerou a Naor."
        },
        {
          "referencia": "Ta 11.23",
          "texto": "que gerou a Naor, duzentos A.; e gerou filhos e fi-"
        },
        {
          "referencia": "Gênesis 11.24",
          "texto": "E viveu Naor vinte e nove À. e gerou a Tera."
        },
        {
          "referencia": "Gênesis 11.25",
          "texto": "a Tera, cento e dezenove A.; e gerou filhos e filhas."
        },
        {
          "referencia": "Gênesis 11.26",
          "texto": "E viveu Tera setenta A, e gerou a Abrão, a Naor e a"
        },
        {
          "referencia": "Gênesis 11.32",
          "texto": "de Tera duzentos e cinco A.; e morreu Tera em"
        },
        {
          "referencia": "Gênesis 12.4",
          "texto": "da idade de setenta e cinco Á., quando saiu de Harã."
        },
        {
          "referencia": "Gênesis 144",
          "texto": "Doze À. haviam servido a Quedorlaomer, mas, ao"
        },
        {
          "referencia": "Gênesis 15.9",
          "texto": "Toma-me uma bezerra de três Á., e uma cabra de três"
        },
        {
          "referencia": "Gênesis 159",
          "texto": "A., e um carneiro de três A., e uma rola, e um"
        },
        {
          "referencia": "Gênesis 15.13",
          "texto": "é sua; e servi-los-á e afligi-la-ão quatrocentos Á.."
        },
        {
          "referencia": "Gênesis 16.3",
          "texto": "a Abrão, seu marido, ao fim de dez. 4. que Abrão"
        },
        {
          "referencia": "Gênesis 16.16",
          "texto": "da idade de oitenta e seis A., quando Agar deu"
        },
        {
          "referencia": "Gênesis 17.1",
          "texto": "da idade de noventa e nove A., apareceu o Senhor"
        },
        {
          "referencia": "Gênesis 17.17",
          "texto": "seu coração: A um homem de cem 4. há de nascer"
        },
        {
          "referencia": "Gênesis 17.17",
          "texto": "um filho? E conceberá Sara na idade de noventa A.?"
        },
        {
          "referencia": "Gênesis 17.24",
          "texto": "da idade de noventa e nove A., quando lhe foi"
        },
        {
          "referencia": "Gênesis 17.25",
          "texto": "filho, era da idade de treze Á., quando lhe foi"
        },
        {
          "referencia": "Gênesis 21.5",
          "texto": "era Abraão da idade de cem A., quando lhe nasceu"
        },
        {
          "referencia": "Gênesis 23.1",
          "texto": "Sara cento e vinte e sete À.; estes foram os A."
        },
        {
          "referencia": "Gênesis 23.1",
          "texto": "vinte e sete A.; estes foram os A. da vida de Sara."
        },
        {
          "referencia": "Gênesis 25.7",
          "texto": "Estes, pois, são os dias dos A. da vida de Abraão,"
        },
        {
          "referencia": "Gênesis 25.7",
          "texto": "vida de Abraão, que viveu cento e setenta e cinco A.."
        },
        {
          "referencia": "Gênesis 25.17",
          "texto": "E estes são os À, da vida de Ismael, que viveu"
        },
        {
          "referencia": "Gênesis 25.17",
          "texto": "viveu cento e trinta e sete A,; cele expirou, e"
        },
        {
          "referencia": "Gênesis 25.20",
          "texto": "da idade de quarenta A., quando tomou a"
        },
        {
          "referencia": "Gênesis 25.26",
          "texto": "E era Isaque da idade de sessenta À. quando os gerou."
        },
        {
          "referencia": "Gênesis 26.34",
          "texto": "Esaú da idade de quarenta Æ., tomou por mulher a"
        },
        {
          "referencia": "Gênesis 29.18",
          "texto": "a Raquel e disse: Sete À. te servirei por"
        },
        {
          "referencia": "Gênesis 29.20",
          "texto": "Assim, serviu Jacó sete A. por Raquel; e foram aos"
        },
        {
          "referencia": "Gênesis 29.27",
          "texto": "serviço que ainda outros sete À, servires comigo."
        },
        {
          "referencia": "Gênesis 29.30",
          "texto": "do que a Leia; e serviu com ele ainda outros sete A.."
        },
        {
          "referencia": "Gênesis 31.38",
          "texto": "Estes vinte Á. eu estive contigo, as tuas ovelhas e"
        },
        {
          "referencia": "Gênesis 31.41",
          "texto": "Tenho estado agora vinte A. na tua casa; catorze te"
        },
        {
          "referencia": "Gênesis 31.41",
          "texto": "por tuas duas filhas e seis A. por teu rebanho; mas"
        },
        {
          "referencia": "Gênesis 35.28",
          "texto": "É foram os dias de Isaque cento e oitenta A.."
        },
        {
          "referencia": "Gênesis 37.2",
          "texto": "Sendo José de dezessete Á., apascentava as"
        },
        {
          "referencia": "Gênesis 41.1",
          "texto": "que, ao fim de dois Á. inteiros, Faraó"
        },
        {
          "referencia": "Gênesis 41.26",
          "texto": "vacas formosas são sete A.; as sete espigas"
        },
        {
          "referencia": "Gênesis 41.26",
          "texto": "espigas formosas também são sete A.; o sonho é"
        },
        {
          "referencia": "Gênesis 41.27",
          "texto": "depois delas, são sete Á., como as sete"
        },
        {
          "referencia": "Gênesis 41.27",
          "texto": "e queimadas do vento oriental; serão sete À. de fome."
        },
        {
          "referencia": "Gênesis 41.29",
          "texto": "E eis que vêm sete A., e haverá grande fartura em"
        },
        {
          "referencia": "Gênesis 41.30",
          "texto": "deles, levantar-se-ão sete A. de fome, e toda"
        },
        {
          "referencia": "Gênesis 41.34",
          "texto": "parte da terra do Egito nos sete Á. de fartura."
        },
        {
          "referencia": "Gênesis 41.35",
          "texto": "toda a comida destes bons Á., que vêm, e amontoem"
        },
        {
          "referencia": "Gênesis 41.36",
          "texto": "da terra, para os sete À, de fome que haverá"
        },
        {
          "referencia": "Gênesis 41.46",
          "texto": "era da idade de trinta À, quando esteve diante"
        },
        {
          "referencia": "Gênesis 41.47",
          "texto": "a terra produziu nos sete À. de fartura a mãos-cheias."
        },
        {
          "referencia": "Gênesis 41.48",
          "texto": "todo o mantimento dos sete À. que houve na terra do"
        },
        {
          "referencia": "Gênesis 41.53",
          "texto": "Então, acabaram-se os sete A. de fartura que havia"
        },
        {
          "referencia": "Gênesis 41.54",
          "texto": "e começaram a vir os sete A. de fome, como José"
        },
        {
          "referencia": "Gênesis 45.6",
          "texto": "Porque já houve dois A. de fome no meio da terra, e"
        },
        {
          "referencia": "Gênesis 45.6",
          "texto": "terra, e ainda restam cinco À, em que não haverá"
        },
        {
          "referencia": "Gênesis 45.11",
          "texto": "porque ainda haverá cinco À. de fome, para que"
        },
        {
          "referencia": "Gênesis 47.8",
          "texto": "disse a Jacó: Quantos são os dias dos À. de tua vida?"
        },
        {
          "referencia": "Gênesis 47.9",
          "texto": "disse a Faraó: Os dias dos À. das minhas"
        },
        {
          "referencia": "Gênesis 47.9",
          "texto": "e maus foram os dias dos Á, da minha vida e não"
        },
        {
          "referencia": "Gênesis 47.9",
          "texto": "e não chegaram aos dias dos À. da vida de meus"
        },
        {
          "referencia": "Gênesis 47.28",
          "texto": "terra do Egito dezessete A.; de sorte que os dias"
        },
        {
          "referencia": "Gênesis 47.28",
          "texto": "À. da sua vida, foram cento e quarenta e sete Á.."
        },
        {
          "referencia": "Gênesis 50.22",
          "texto": "ele e a casa de seu pai; e viveu José cento e dez A.."
        },
        {
          "referencia": "Gênesis 50.26",
          "texto": "da idade de cento e dez A.; e o embalsamaram e o"
        },
        {
          "referencia": "Êxodo 6.16",
          "texto": "Gérson, e Coate, e Merari; e os À. da vida de Levi"
        },
        {
          "referencia": "Êxodo 6.16",
          "texto": "A. da vida de Levi foram cento e trinta e sete A.."
        },
        {
          "referencia": "Êxodo 6.18",
          "texto": "e Isar, e Hebrom, e Uziel; e os 4. da vida de Coate"
        },
        {
          "referencia": "Êxodo 6.18",
          "texto": "A. da vida de Coate foram cento e trinta e três A.."
        },
        {
          "referencia": "Êxodo 6.20",
          "texto": "a Arão e a Moisés; e os À, da vida de Anrão"
        },
        {
          "referencia": "Êxodo 6.20",
          "texto": "A. da vida de Anrão foram cento e trinta e sete A.."
        },
        {
          "referencia": "Êxodo 7.7",
          "texto": "era da idade de oitenta A., e Arão, da idade de"
        },
        {
          "referencia": "Êxodo 7.7",
          "texto": "da idade de oitenta e três A., quando falaram a Faraó."
        },
        {
          "referencia": "Êxodo 12.40",
          "texto": "habitaram no Egito foi de quatrocentos e trinta A.."
        },
        {
          "referencia": "Êxodo 12.41",
          "texto": "os quatrocentos e trinta A., naquele mesmo dia,"
        },
        {
          "referencia": "Êxodo 16.35",
          "texto": "de Israel maná quarenta Á., até que entraram em"
        },
        {
          "referencia": "Êxodo 21.2",
          "texto": "um servo hebreu, seis Á. servirá; mas, ao"
        },
        {
          "referencia": "Êxodo 23.10",
          "texto": "Também seis A. semearás tua terra e recolherás os"
        },
        {
          "referencia": "Êxodo 30.14",
          "texto": "no arrolamento, de vinte A. para cima, dará a"
        },
        {
          "referencia": "Êxodo 38.26",
          "texto": "arrolados, da idade de vinte A, e acima, que"
        },
        {
          "referencia": "Levítico 19.23",
          "texto": "o seu fruto; três À, vos será"
        },
        {
          "referencia": "Levítico 25.3",
          "texto": "Seis A. semearás a tua terra, e seis A. podarás a"
        },
        {
          "referencia": "Levítico 25.3",
          "texto": "a tua terra, e seis À, podarás a tua vinha,"
        },
        {
          "referencia": "Levítico 25.8",
          "texto": "contarás sete semanas de A., sete vezes sete"
        },
        {
          "referencia": "Levítico 25.8",
          "texto": "os dias das sete semanas de Á. te serão quarenta e"
        },
        {
          "referencia": "Levítico 25.8",
          "texto": "das sete semanas de À. te serão quarenta e nove A.."
        },
        {
          "referencia": "Levítico 25.15",
          "texto": "Conforme o número dos A. desde o jubileu, compra-"
        },
        {
          "referencia": "Levítico 25.15",
          "texto": "e, conforme o número dos Á. das novidades, ele"
        },
        {
          "referencia": "Levítico 25.16",
          "texto": "Conforme a multidão dos A., aumentarás o seu pre-"
        },
        {
          "referencia": "Levítico 25.16",
          "texto": "e, conforme a diminuição dos A., abaixarás o seu"
        },
        {
          "referencia": "Levítico 25.21",
          "texto": "vós no sexto ano, para que dê fruto por três Á.."
        },
        {
          "referencia": "Levítico 25.27",
          "texto": "então, contará os À. desde a sua venda, e o que"
        },
        {
          "referencia": "Levítico 25.50",
          "texto": "será conforme o número dos Á., conforme os dias"
        },
        {
          "referencia": "Levítico 25.51",
          "texto": "Se ainda muitos A. faltarem, proporcionalmente a"
        },
        {
          "referencia": "Levítico 25.52",
          "texto": "E, se ainda restarem poucos À. até ao Ano do"
        },
        {
          "referencia": "Levítico 25.52",
          "texto": "com ele; segundo os seus A., restituirá o seu resgate."
        },
        {
          "referencia": "Levítico 27.3",
          "texto": "varão, da idade de vinte A. até à idade de"
        },
        {
          "referencia": "Levítico 27.5",
          "texto": "E, se for de cinco À. até vinte, a tua avaliação"
        },
        {
          "referencia": "Levítico 27.6",
          "texto": "se for de um mês até cinco A., a tua avaliação dum"
        },
        {
          "referencia": "Levítico 27.7",
          "texto": "E, se for de sessenta Á. e acima, do varão a tua"
        },
        {
          "referencia": "Levítico 27.18",
          "texto": "o dinheiro conforme os À. restantes até ao"
        },
        {
          "referencia": "m 1.3",
          "texto": "da idade de vinte A. para cima, todos os que saem à"
        },
        {
          "referencia": "Números 1.18",
          "texto": "número dos nomes dos de vinte A. para cima, cabeça"
        },
        {
          "referencia": "Números 1.20",
          "texto": "por cabeça, todo varão de vinte A, para cima,"
        },
        {
          "referencia": "Números 1.22",
          "texto": "por cabeça, todo varão de vinte Á. para cima,"
        },
        {
          "referencia": "Números 1.24",
          "texto": "número dos nomes dos de vinte Á. para cima, todos"
        },
        {
          "referencia": "Números 1.26",
          "texto": "número dos nomes dos de vinte A. para cima, todos"
        },
        {
          "referencia": "Números 1.28",
          "texto": "número dos nomes dos de vinte A. para cima, todos"
        },
        {
          "referencia": "Números 1.30",
          "texto": "número dos nomes dos de vinte Á, para cima, todos"
        },
        {
          "referencia": "Números 1.32",
          "texto": "número dos nomes dos de vinte A. para cima, todos"
        },
        {
          "referencia": "Números 1.34",
          "texto": "número dos nomes dos de vinte À. para cima, todos"
        },
        {
          "referencia": "Números 1.36",
          "texto": "número dos nomes dos de vinte A. para cima, todos"
        },
        {
          "referencia": "Números 1.38",
          "texto": "número dos nomes dos de vinte A. para cima, todos"
        },
        {
          "referencia": "Números 1.40",
          "texto": "número dos nomes dos de vinte A. para cima, todos"
        },
        {
          "referencia": "Números 1.42",
          "texto": "número dos nomes dos de vinte A. para cima, todos"
        },
        {
          "referencia": "Números 1.45",
          "texto": "casa de seus pais, de vinte Á. para cima, todos os"
        },
        {
          "referencia": "Números 4.3",
          "texto": "da idade de trinta A. para cima até aos cinquenta"
        },
        {
          "referencia": "Números 43",
          "texto": "cima até aos cinquenta A. será todo aquele que"
        },
        {
          "referencia": "m 4.23",
          "texto": "da idade de trinta A. para cima, até aos cinquenta,"
        },
        {
          "referencia": "m 4.30",
          "texto": "da idade de trinta A. para cima, até aos cinquenta,"
        },
        {
          "referencia": "m 4.35",
          "texto": "da idade de trinta 4. para cima, até aos cinquenta,"
        },
        {
          "referencia": "m 4.39",
          "texto": "da idade de trinta 4. para cima, até aos cinquenta,"
        },
        {
          "referencia": "m 4.43",
          "texto": "da idade de trinta A. para cima, até aos cinquenta,"
        },
        {
          "referencia": "m 4.47",
          "texto": "da idade de trinta Á. para cima, até aos cinquenta,"
        },
        {
          "referencia": "Números 8.24",
          "texto": "Da idade de vinte e cinco Å. para cima entrarão,"
        },
        {
          "referencia": "Números 8.25",
          "texto": "desde a idade de cinquenta A., sairão da milícia"
        },
        {
          "referencia": "aa 13.22",
          "texto": "(Hebrom foi edificada sete A. antes de Zoã, no Egi-"
        },
        {
          "referencia": "Números 14.29",
          "texto": "toda a vossa conta, de vinte A. para cima, os que"
        },
        {
          "referencia": "Números 14.33",
          "texto": "neste deserto quarenta Á, e levarão sobre si as"
        },
        {
          "referencia": "Números 26.2",
          "texto": "Israel, da idade de vinte À, para cima, segundo"
        },
        {
          "referencia": "m 26.4",
          "texto": "o povo da idade de vinte Á. para cima, como o"
        },
        {
          "referencia": "m 32.11",
          "texto": "subiram do Egito, de vinte A. para cima, não"
        },
        {
          "referencia": "m 33.39",
          "texto": "de cento e vinte três A., quando morreu no"
        },
        {
          "referencia": "Deuteronômio 2.7",
          "texto": "grande deserto; estes quarenta 4. o Senhor, teu"
        },
        {
          "referencia": "Deuteronômio 2.14",
          "texto": "Zerede, foram trinta e oito A., até que toda"
        },
        {
          "referencia": "Deuteronômio 8.2",
          "texto": "no deserto estes quarenta Á., para te humilhar,"
        },
        {
          "referencia": "Deuteronômio 8.4",
          "texto": "sobre ti, nem se inchou o teu pé nestes quarenta A.."
        },
        {
          "referencia": "Deuteronômio 14.28",
          "texto": "Ao fim de três Á., tirarás todos os dízimos da tua"
        },
        {
          "referencia": "Deuteronômio 15.1",
          "texto": "Ao fim dos sete A., farás remissão."
        },
        {
          "referencia": "Deuteronômio 15.12",
          "texto": "se vender a ti, seis À, te servirá, mas, no"
        },
        {
          "referencia": "Deuteronômio 15.18",
          "texto": "forro de ti; pois seis A. te serviu por"
        },
        {
          "referencia": "Deuteronômio 29.5",
          "texto": "E diarena A; vos fiz andar pelo deserto; não se"
        },
        {
          "referencia": "Deuteronômio 31.2",
          "texto": "Da idade de cento e vinte A. sou eu hoje; já não"
        },
        {
          "referencia": "Deuteronômio 31.10",
          "texto": "dizendo: Ao fim de cada sete A., no tempo"
        },
        {
          "referencia": "Deuteronômio 32.7",
          "texto": "antiguidade, atenta para os A. de muitas gerações;"
        },
        {
          "referencia": "Deuteronômio 34.7",
          "texto": "da idade de cento e vinte Á. quando morreu; os"
        },
        {
          "referencia": "Josué 5.6",
          "texto": "Porque quarenta Á. andaram os filhos de Israel pelo"
        },
        {
          "referencia": "Josué 14.7",
          "texto": "Da idade de quarenta A. era eu, quando Moisés,"
        },
        {
          "referencia": "Josué 14.10",
          "texto": "como disse; quarenta e cinco À. há agora, desde"
        },
        {
          "referencia": "Josué 14.10",
          "texto": "eis que já hoje sou da idade de oitenta e cinco A.."
        },
        {
          "referencia": "Josué 24.29",
          "texto": "do Senhor, faleceu, sendo da idade de cento e dez A.."
        },
        {
          "referencia": "Juízes 2.8",
          "texto": "de Num, servo do Senhor, da idade de cento e dez A.."
        },
        {
          "referencia": "Juízes 3.8",
          "texto": "de Israel serviram a Cusã-Risataim durante oito A.."
        },
        {
          "referencia": "Juízes 3.11",
          "texto": "aterra sossegou quarenta Á.; e Otniel, filho de"
        },
        {
          "referencia": "Juízes 3.14",
          "texto": "serviram a Eglom, rei dos moabitas, dezoito A.,"
        },
        {
          "referencia": "Juízes 3.30",
          "texto": "da mão de Israel; e a terra sossegou oitenta Á.."
        },
        {
          "referencia": "Juízes 4.3",
          "texto": "carros de ferro e por vinte A. oprimia os filhos"
        },
        {
          "referencia": "Juízes 5.32",
          "texto": "E sossegou a terra quarenta A.."
        },
        {
          "referencia": "Juízes 6.1",
          "texto": "eo Senhor os deu na mão dos midianitas por sete A.."
        },
        {
          "referencia": "Juízes 6.25",
          "texto": "a saber, o segundo boi de sete A., e derriba o"
        },
        {
          "referencia": "Juízes 8.28",
          "texto": "e sossegou a terra quarenta Á. nos dias de Gideão."
        },
        {
          "referencia": "Juízes 9.22",
          "texto": "pois, Abimeleque dominado três 4. sobre Israel,"
        },
        {
          "referencia": "Juízes 10.2",
          "texto": "a Israel vinte e três A.; e morreu e foi"
        },
        {
          "referencia": "Juízes 10.3",
          "texto": "Jair, gileadita, e julgou a Israel vinte e dois Á.."
        },
        {
          "referencia": "Juízes 10.8",
          "texto": "aos filhos de Israel; dezoito A. oprimiram todos os"
        },
        {
          "referencia": "Juízes 11.26",
          "texto": "Israel habitou trezentos A. em Hesbom e nas suas"
        },
        {
          "referencia": "Juízes 12.7",
          "texto": "Jefté julgou a Israel seis A.; ejefté,o"
        },
        {
          "referencia": "Juízes 12.9",
          "texto": "de fora para seus filhos; e julgou a Israel sete A.."
        },
        {
          "referencia": "Juízes 12.11",
          "texto": "Israel Elom, o zebulonita; e julgou a Israel dez A.."
        },
        {
          "referencia": "Juízes 12.14",
          "texto": "sobre setenta jumentos; e julgou a Israel oito A.."
        },
        {
          "referencia": "Juízes 13.1",
          "texto": "os entregou na mão dos filisteus por quarenta A.."
        },
        {
          "referencia": "Juízes 15.20",
          "texto": "E julgou a Israel, nos dias dos filisteus, vinte A.."
        },
        {
          "referencia": "Juízes 16.31",
          "texto": "de Manoá, seu pai; e julgou ele a Israel vinte Á.."
        },
        {
          "referencia": "Rute 1.4",
          "texto": "e o nome da outra, Rute; e ficaram ali quase dez A.."
        },
        {
          "referencia": "1 Samuel 4.15",
          "texto": "da idade de noventa e oito A.; e estavam os seus"
        },
        {
          "referencia": "1 Samuel 4.18",
          "texto": "e pesado; e tinha ele julgado a Israel quarenta A.."
        },
        {
          "referencia": "iSm 7.2",
          "texto": "que chegaram até vinte A.; e lamentava toda"
        },
        {
          "referencia": "iSm 29.3",
          "texto": "esteve comigo há alguns dias ou A.? E coisa"
        },
        {
          "referencia": "2 Samuel 2.10",
          "texto": "Da idade de quarenta A, era Isbosete, filho de"
        },
        {
          "referencia": "2 Samuel 2.10",
          "texto": "sobre Israel, e reinou dois Á,; mas os da casa de"
        },
        {
          "referencia": "2 Samuel 2.11",
          "texto": "Hebrom, sobre a casa de Judá, sete À, e seis meses."
        },
        {
          "referencia": "2 Samuel 4.4",
          "texto": "os pés. Era da idade de cinco A. quando as novas de"
        },
        {
          "referencia": "2 Samuel 5.4",
          "texto": "Da idade de trinta A. era Davi quando começou a"
        },
        {
          "referencia": "2 Samuel 5.4",
          "texto": "era Davi quando começou a reinar; quarenta Á, rei-"
        },
        {
          "referencia": "2 Samuel 5.5",
          "texto": "reinou trinta e três Á, sobre todo o Israel"
        },
        {
          "referencia": "2 Samuel 13.23",
          "texto": "que, passados dois A. inteiros, Absalão"
        },
        {
          "referencia": "2 Samuel 13.38",
          "texto": "Ábsalão fugiu e foi para Gesur; esteve ali três Á.."
        },
        {
          "referencia": "2 Samuel 14.28",
          "texto": "Assim, ficou Absalão dois Á. inteiros em Jerusalém"
        },
        {
          "referencia": "2 Samuel 15.7",
          "texto": "pois, ao cabo de quarenta A., que Absalão disse"
        },
        {
          "referencia": "2 Samuel 19.32",
          "texto": "velho, da idade de oitenta A.; e ele tinha"
        },
        {
          "referencia": "2 Samuel 19.34",
          "texto": "Quantos serão os dias dos À. da minha vida, para"
        },
        {
          "referencia": "2 Samuel 19.35",
          "texto": "Da idade de oitenta A. sou eu hoje; poderia eu"
        },
        {
          "referencia": "2 Samuel 21.1",
          "texto": "de Davi, uma fome de três AÁ., de ano em ano; e"
        },
        {
          "referencia": "2 Samuel 24.13",
          "texto": "e disse-lhe: Queres que sete À. de fome te venham"
        },
        {
          "referencia": "1 Reis 2.11",
          "texto": "sobre Israel quarenta Á.: sete À. reinou em"
        },
        {
          "referencia": "1 Reis 2.11",
          "texto": "em Hebrom e em Jerusalém reinou trinta e três Á.."
        },
        {
          "referencia": "iRs 2.39",
          "texto": "porém, que, ao cabo de três A., dois servos de"
        },
        {
          "referencia": "1 Reis 6.38",
          "texto": "com tudo o que lhe convinha; e a edificou em sete AÅ.."
        },
        {
          "referencia": "1 Reis 7.1",
          "texto": "edificou Salomão em treze Á. e acabou toda a sua casa."
        },
        {
          "referencia": "1 Reis 9.10",
          "texto": "E sucedeu, ao fim de vinte A., que Salomão"
        },
        {
          "referencia": "1 Reis 10.22",
          "texto": "de Hirão; uma vez em três Á., voltavam as naus"
        },
        {
          "referencia": "1 Reis 11.42",
          "texto": "em Jerusalém sobre todo o Israel foram quarenta A.."
        },
        {
          "referencia": "1 Reis 14.20",
          "texto": "reinou vinte e dois Á., e dormiu com seus"
        },
        {
          "referencia": "1 Reis 14.21",
          "texto": "em Judá; de quarenta e um À, de idade era"
        },
        {
          "referencia": "1 Reis 14.21",
          "texto": "começou a reinar e dezessete Á, reinou em"
        },
        {
          "referencia": "1 Reis 15.2",
          "texto": "E três Á, reinou em Jerusalém; e era o nome de sua"
        },
        {
          "referencia": "1 Reis 15.10",
          "texto": "e quarenta e um Á, reinou em Jerusalém; e era o"
        },
        {
          "referencia": "1 Reis 15.25",
          "texto": "de Asa, rei de Judá; e reinou sobre Israel dois A.."
        },
        {
          "referencia": "IRs 15.33",
          "texto": "todo o Israel em Tirza, e reinou vinte e quatro A.."
        },
        {
          "referencia": "1 Reis 16.8",
          "texto": "a reinar em Tirza sobre Israel; e reinou dois A.."
        },
        {
          "referencia": "1 Reis 16.23",
          "texto": "sobre Israel e reinou doze A.; e em Tirza reinou"
        },
        {
          "referencia": "IRs 16.23",
          "texto": "Israel e reinou doze À.; e em Tirza reinou seis Á.."
        },
        {
          "referencia": "IRs 16.29",
          "texto": "de Onri, sobre Israel em Samaria, vinte e dois Å.."
        },
        {
          "referencia": "1 Reis 17.1",
          "texto": "cuja face estou, que nestes Á. nem orvalho"
        },
        {
          "referencia": "IRs 22.1",
          "texto": "E estiveram quietos três A., não havendo guerra"
        },
        {
          "referencia": "1 Reis 22.42",
          "texto": "da idade de trinta e cinco 4. quando começou a"
        },
        {
          "referencia": "1 Reis 22.42",
          "texto": "a reinar; e vinte e cinco À. reinou em Jerusalém;"
        },
        {
          "referencia": "1 Reis 22.52",
          "texto": "Josafá, rei de Judá; e reinou dois A. sobre Israel."
        },
        {
          "referencia": "2 Reis 3.1",
          "texto": "oitavo ano de Josafá, rei de Judá; e reinou doze A.."
        },
        {
          "referencia": "2 Reis 8.1",
          "texto": "a fome, a qual também virá à terra por sete Á.."
        },
        {
          "referencia": "2 Reis 8.2",
          "texto": "família e peregrinou na terra dos filisteus sete A.."
        },
        {
          "referencia": "2 Reis 8.3",
          "texto": "que, ao cabo dos sete A., a mulher voltou da"
        },
        {
          "referencia": "2 Reis 8.17",
          "texto": "da idade de trinta e dois A. quando começou a"
        },
        {
          "referencia": "2 Reis 8.17",
          "texto": "começou a reinar e oito Á. reinou em Jerusalém."
        },
        {
          "referencia": "2 Reis 8.26",
          "texto": "Acazias de vinte e dois À. de idade quando"
        },
        {
          "referencia": "2 Reis 10.36",
          "texto": "reinou sobre Israel em Samaria foram vinte e oito"
        },
        {
          "referencia": "2 Reis 11.3",
          "texto": "na Casa do Senhor seis A.; e Atalia reinava"
        },
        {
          "referencia": "2 Reis 11.21",
          "texto": "Era Joás da idade de sete Á. quando o fizeram rei."
        },
        {
          "referencia": "2 Reis 12.1",
          "texto": "a reinar Joás e quarenta Á. reinou em Jerusalém;"
        },
        {
          "referencia": "2 Reis 13.1",
          "texto": "Jeú, sobre Israel, em Samaria, e reinou dezessete A.."
        },
        {
          "referencia": "2 Reis 13.10",
          "texto": "sobre Israel, em Samaria, e reinou dezesseis A.."
        },
        {
          "referencia": "2 Reis 14.2",
          "texto": "Tinha vinte e cinco À. quando começou a reinar e"
        },
        {
          "referencia": "2 Reis 14.2",
          "texto": "a reinar e vinte e nove A reinou em Jerusalém."
        },
        {
          "referencia": "2 Reis 14.17",
          "texto": "de Jeoás, filho de Jeoacaz, rei de Israel, quinze A.."
        },
        {
          "referencia": "2 Reis 14.21",
          "texto": "que já era de dezesseis Á., eo fizeram rei em"
        },
        {
          "referencia": "2 Reis 14.23",
          "texto": "de Jeoás, rei de Israel, e reinou quarenta cum A.."
        },
        {
          "referencia": "2 Reis 15.2",
          "texto": "Tinha dezesseis A. quando começou a reinar e"
        },
        {
          "referencia": "2 Reis 15.2",
          "texto": "reinar e cinquenta e dois À. reinou em Jerusalém;"
        },
        {
          "referencia": "2 Reis 15.17",
          "texto": "a reinar sobre Israel e reinou dez A. em Samaria."
        },
        {
          "referencia": "2 Reis 15.23",
          "texto": "Menaém, e reinou sobre Israel, em Samaria, dois A.."
        },
        {
          "referencia": "2 Reis 15.27",
          "texto": "e reinou sobre Israel, em Samaria, vinte A.."
        },
        {
          "referencia": "2 Reis 15.33",
          "texto": "Tinha vinte e cinco Á. de idade quando começou a"
        },
        {
          "referencia": "2 Reis 15.33",
          "texto": "reinar e reinou dezesseis A. em Jerusalém; e era o"
        },
        {
          "referencia": "2 Reis 16.2",
          "texto": "Tinha Acaz vinte À. de idade quando começou a"
        },
        {
          "referencia": "2 Reis 16.2",
          "texto": "reinar, e reinou dezesseis A. em Jerusalém, e não"
        },
        {
          "referencia": "2 Reis 17.1",
          "texto": "de Elá, e reinou sobre Israel, em Samaria, nove Å.."
        },
        {
          "referencia": "2 Reis 17.5",
          "texto": "toda a terra, e veio até Samaria, e a cercou três A.."
        },
        {
          "referencia": "2 Reis 18.2",
          "texto": "Tinha vinte e cinco A. de idade quando começou a"
        },
        {
          "referencia": "2 Reis 18.2",
          "texto": "a reinar e vinte e nove Á. reinou em Jerusalém;"
        },
        {
          "referencia": "2 Reis 18.10",
          "texto": "E a tomaram ao fim de três A.; sim, no ano sexto de"
        },
        {
          "referencia": "2 Reis 20.6",
          "texto": "aos teus dias quinze A. e das mãos do rei da"
        },
        {
          "referencia": "2 Reis 21.1",
          "texto": "Tinha Manassés doze A. de idade quando começou a"
        },
        {
          "referencia": "2 Reis 21.1",
          "texto": "reinar e cinquenta e cinco À, reinou em Jerusalém;"
        },
        {
          "referencia": "2 Reis 21.19",
          "texto": "Tinha Amom vinte e dois 4. de idade quando co-"
        },
        {
          "referencia": "2 Reis 21.19",
          "texto": "começou a reinar e dois Á. reinou em Jerusalém;"
        },
        {
          "referencia": "2 Reis 22.1",
          "texto": "Tinha Josias oito A. de idade quando começou a"
        },
        {
          "referencia": "2 Reis 22.1",
          "texto": "e reinou trinta e um Á. em Jerusalém; e era o"
        },
        {
          "referencia": "2 Reis 23.31",
          "texto": "Tinha Joacaz vinte e três À. de idade quando"
        },
        {
          "referencia": "2 Reis 23.36",
          "texto": "Jeoaquim vinte e cinco A. de idade quando"
        },
        {
          "referencia": "2 Reis 23.36",
          "texto": "a reinar e reinou onze A. em Jerusalém; e era o"
        },
        {
          "referencia": "2 Reis 24.1",
          "texto": "ele, e Jeoaquim ficou três A. seu servo;"
        },
        {
          "referencia": "2 Reis 24.8",
          "texto": "Tinha Joaquim dezoito À, de idade quando começou a"
        },
        {
          "referencia": "2 Reis 24.18",
          "texto": "Tinha Zedequias vinte e um Á. de idade quando"
        },
        {
          "referencia": "2 Reis 24.18",
          "texto": "a reinar e reinou onze Á, em Jerusalém; e era o"
        },
        {
          "referencia": "1 Crônicas 2.21",
          "texto": "e, sendo ele de sessenta A., a tomou; e ela"
        },
        {
          "referencia": "1 Crônicas 3.4",
          "texto": "porque ali reinou sete A. e seis meses; e"
        },
        {
          "referencia": "1 Crônicas 34",
          "texto": "e seis meses; e trinta e três A. reinou em Jerusalém."
        },
        {
          "referencia": "1 Crônicas 21.12",
          "texto": "ou três À. de fome, ou que três meses te consumas"
        },
        {
          "referencia": "1 Crônicas 23.3",
          "texto": "os levitas de trinta Á. para cima; e foi o"
        },
        {
          "referencia": "1 Crônicas 23.24",
          "texto": "da Casa do Senhor, da idade de vinte A. para cima."
        },
        {
          "referencia": "1 Crônicas 23.27",
          "texto": "os filhos de Levi da idade de vinte À, para cima."
        },
        {
          "referencia": "1 Crônicas 27.23",
          "texto": "Davi o número dos de vinte Á. para baixo,"
        },
        {
          "referencia": "1 Crônicas 29.27",
          "texto": "sobre Israel quarenta Á.: em Hebrom reinou"
        },
        {
          "referencia": "1 Crônicas 29.27",
          "texto": "A.: em Hebrom reinou sete A. e em Jerusalém"
        },
        {
          "referencia": "2 Crônicas 8.1",
          "texto": "E sucedeu, ao cabo de vinte Á., nos quais Salomão"
        },
        {
          "referencia": "2 Crônicas 9.21",
          "texto": "de Társis, uma vez em três Å. e traziam ouro,"
        },
        {
          "referencia": "a 9.30",
          "texto": "Salomão em Jerusalém quarenta A. sobre todo o Is-"
        },
        {
          "referencia": "2 Crônicas 11.17",
          "texto": "filho de Salomão, por três A., porque três A."
        },
        {
          "referencia": "2 Crônicas 11.17",
          "texto": "por três Á., porque três A. andaram no"
        },
        {
          "referencia": "2 Crônicas 12.13",
          "texto": "era da idade de quarenta e um Å. quando começou a"
        },
        {
          "referencia": "2 Crônicas 12.13",
          "texto": "começou a reinar; e dezessete À, reinou em"
        },
        {
          "referencia": "2 Crônicas 13.2",
          "texto": "Três A. reinou em Jerusalém; e era o nome de sua"
        },
        {
          "referencia": "2 Crônicas 14.1",
          "texto": "lugar; nos seus dias, esteve a terra em paz dez Å.."
        },
        {
          "referencia": "2 Crônicas 14.6",
          "texto": "guerra contra ele naqueles A., porquanto o Senhor"
        },
        {
          "referencia": "2 Crônicas 18.2",
          "texto": "E, ao cabo de alguns Á., foi ter com Acabe, a"
        },
        {
          "referencia": "2 Crônicas 20.31",
          "texto": "da idade de trinta e cinco Á. quando começou a"
        },
        {
          "referencia": "2 Crônicas 20.31",
          "texto": "a reinar e vinte e cinco Å. reinou em Jerusalém;"
        },
        {
          "referencia": "2 Crônicas 21.5",
          "texto": "Da idade de trinta e dois 4. era Jeorão quando"
        },
        {
          "referencia": "2 Crônicas 21.5",
          "texto": "começou a reinar e reinou oito A. em Jerusalém."
        },
        {
          "referencia": "2 Crônicas 21.19",
          "texto": "e chegado o fim de dois A., saíram-lhe as"
        },
        {
          "referencia": "2 Crônicas 21.20",
          "texto": "da idade de trinta e dois A. quando começou a"
        },
        {
          "referencia": "2 Crônicas 21.20",
          "texto": "e reinou em Jerusalém oito A., e foi-se sem deixar"
        },
        {
          "referencia": "2 Crônicas 22.2",
          "texto": "idade de quarenta e dois A. quando começou a"
        },
        {
          "referencia": "2 Crônicas 24.1",
          "texto": "Tinha Joás sete Á. de idade quando começou a reinar"
        },
        {
          "referencia": "2 Crônicas 24.1",
          "texto": "a reinar e quarenta Á. reinou em Jerusalém;"
        },
        {
          "referencia": "2 Crônicas 24.15",
          "texto": "era da idade de cento e trinta A. quando morreu."
        },
        {
          "referencia": "2 Crônicas 25.1",
          "texto": "da idade de vinte e cinco A. quando começou a"
        },
        {
          "referencia": "2 Crônicas 25.1",
          "texto": "e reinou vinte e nove A. em Jerusalém; e era o"
        },
        {
          "referencia": "2 Crônicas 25.5",
          "texto": "e os numerou de vinte Á. e daí para cima e"
        },
        {
          "referencia": "2 Crônicas 25.25",
          "texto": "de Joás, filho de Jeoacaz, rei de Israel, quinze A.."
        },
        {
          "referencia": "2 Crônicas 26.1",
          "texto": "era da idade de dezesseis Á., e o fez rei em"
        },
        {
          "referencia": "2 Crônicas 26.3",
          "texto": "da idade de dezesseis A. quando começou a"
        },
        {
          "referencia": "2 Crônicas 26.3",
          "texto": "reinar e cinquenta e cinco À. reinou em Jerusalém;"
        },
        {
          "referencia": "2 Crônicas 27.1",
          "texto": "Tinha Jotão vinte e cinco À. de idade quando"
        },
        {
          "referencia": "2 Crônicas 27.1",
          "texto": "a reinar e dezesseis À. reinou em Jerusalém;"
        },
        {
          "referencia": "2 Crônicas 27.8",
          "texto": "Tinha vinte e cinco A. de idade quando começou a"
        },
        {
          "referencia": "2 Crônicas 27.8",
          "texto": "começou a reinar e dezesseis Á. reinou em Jerusalém."
        },
        {
          "referencia": "2 Crônicas 28.1",
          "texto": "Tinha Acaz vinte A. de idade quando começou a"
        },
        {
          "referencia": "2 Crônicas 28.1",
          "texto": "a reinar e dezesseis Á. reinou em Jerusalém;"
        },
        {
          "referencia": "2 Crônicas 29.1",
          "texto": "Ezequias vinte e cinco Á. de idade quando"
        },
        {
          "referencia": "2 Crônicas 29.1",
          "texto": "e reinou vinte e nove Á. em Jerusalém; e era o"
        },
        {
          "referencia": "2 Crônicas 31.16",
          "texto": "varões, da idade de três A. e daí para cima, a"
        },
        {
          "referencia": "2 Crônicas 31.17",
          "texto": "oslevitas, da idade de vinte A. e daí para cima,"
        },
        {
          "referencia": "2 Crônicas 33.1",
          "texto": "Tinha Manassés doze A. de idade quando começou a"
        },
        {
          "referencia": "2 Crônicas 33.1",
          "texto": "a reinar e cinquenta e cinco À. reinou em Jerusalém."
        },
        {
          "referencia": "2 Crônicas 33.21",
          "texto": "da idade de vinte e dois A. quando começou a"
        },
        {
          "referencia": "2 Crônicas 33.21",
          "texto": "começou a reinar e dois À. reinou em Jerusalém."
        },
        {
          "referencia": "2 Crônicas 34.1",
          "texto": "Tinha Josias oito A. quando começou a reinar e"
        },
        {
          "referencia": "2 Crônicas 34.1",
          "texto": "a reinar e trinta e um Á. reinou em Jerusalém."
        },
        {
          "referencia": "2 Crônicas 36.2",
          "texto": "da idade de vinte e três A. quando começou a"
        },
        {
          "referencia": "2 Crônicas 36.5",
          "texto": "Jeoaquim de vinte e cinco À. de idade quando"
        },
        {
          "referencia": "2 Crônicas 36.5",
          "texto": "começou a reinar e onze À. reinou em Jerusalém;"
        },
        {
          "referencia": "2 Crônicas 36.9",
          "texto": "Joaquim da idade de oito A. quando começou a"
        },
        {
          "referencia": "2 Crônicas 36.11",
          "texto": "da idade de vinte e cinco 4. quando começou a"
        },
        {
          "referencia": "2 Crônicas 36.11",
          "texto": "começou a reinar e onze Á. reinou em Jerusalém."
        },
        {
          "referencia": "2 Crônicas 36.21",
          "texto": "repousou, até que os setenta A. se cumpriram."
        },
        {
          "referencia": "Esdras 3.8",
          "texto": "levitas da idade de vinte Á. e daí para"
        },
        {
          "referencia": "Esdras 5.11",
          "texto": "que foi edificada muitos Á. antes; porque um"
        },
        {
          "referencia": "Neemias 5.14",
          "texto": "dois do rei Artaxerxes, doze Á., nem eu nem meus"
        },
        {
          "referencia": "Neemias 9.21",
          "texto": "os sustentaste quarenta A, no deserto; falta"
        },
        {
          "referencia": "Neemias 9.30",
          "texto": "sobre eles por muitos A. e protestaste contra"
        },
        {
          "referencia": "Ester 9.21",
          "texto": "do mês de adar e o dia quinze do mesmo, todos os A.,"
        },
        {
          "referencia": "Ester 9.27",
          "texto": "deles e segundo o seu tempo determinado, todos os A.;"
        },
        {
          "referencia": "Jó 10.5",
          "texto": "do homem? Ou são os teus Á. como os Á. de um ho-"
        },
        {
          "referencia": "ló 15.20",
          "texto": "mesmo, no curto número de À. que se reservam para"
        },
        {
          "referencia": "Jó 16.22",
          "texto": "Porque, decorridos poucos Á., eu seguirei o caminho"
        },
        {
          "referencia": "Jó 32.7",
          "texto": "os dias, e a multidão dos Á. ensine a sabedoria."
        },
        {
          "referencia": "Jó 36.11",
          "texto": "acabarão seus dias em bem e os seus A., em delícias."
        },
        {
          "referencia": "Jó 36.26",
          "texto": "e o número dos seus Á. não se pode calcular."
        },
        {
          "referencia": "Jó 42.16",
          "texto": "viveu Jó cento e quarenta Á.; eviua seus"
        },
        {
          "referencia": "S131.10",
          "texto": "de tristeza, e os meus Á., de suspiros; a"
        },
        {
          "referencia": "S177.5",
          "texto": "os dias da antiguidade, os À. dos tempos passados."
        },
        {
          "referencia": "S177.10",
          "texto": "minha; e logo me lembrei dos A. da destra do Altís-"
        },
        {
          "referencia": "S190.10",
          "texto": "da nossa vida é de setenta Å., e se alguns, pela"
        },
        {
          "referencia": "S190.10",
          "texto": "robustez, chegam a oitenta Á., o melhor deles é"
        },
        {
          "referencia": "S190.15",
          "texto": "em que nos afligiste, e pelos A. em que vimos o mal."
        },
        {
          "referencia": "S195.10",
          "texto": "Quarenta Á. estive desgostado com esta geração e"
        },
        {
          "referencia": "SI 102.27",
          "texto": "Mas tu és o mesmo, e os teus A. nunca terão fim."
        },
        {
          "referencia": "Provérbios 3.2",
          "texto": "os teus dias e te acrescentarão Á. de vida e paz."
        },
        {
          "referencia": "Provérbios 4.10",
          "texto": "minhas palavras, e se te multiplicarão os À. de vida."
        },
        {
          "referencia": "Provérbios 5.9",
          "texto": "dês a outros a tua honra, nem os teus Å. a cruéis."
        },
        {
          "referencia": "Provérbios 9.11",
          "texto": "multiplicam os teus dias, e A. de vida se te acrescen-"
        },
        {
          "referencia": "Eclesiastes 6.3",
          "texto": "cem filhos e viver muitos A., e os dias dos seus"
        },
        {
          "referencia": "Eclesiastes 6.6",
          "texto": "que vivesse duas vezes mil A., mas não gozasse o"
        },
        {
          "referencia": "Eclesiastes 11.8",
          "texto": "se o homem viver muitos A. e em todos eles se"
        },
        {
          "referencia": "Isaías 7.8",
          "texto": "e, dentro de sessenta e cinco A., Efraim será"
        },
        {
          "referencia": "Isaías 15.5",
          "texto": "Zoar, como a novilha de três Á., porque vão"
        },
        {
          "referencia": "Isaías 16.14",
          "texto": "dizendo: Dentro em três A., tais quais os"
        },
        {
          "referencia": "Isaías 16.14",
          "texto": "em três Á., tais quais os À. de assalariados,"
        },
        {
          "referencia": "Isaías 20.3",
          "texto": "meu servo Isaías andou três A. nu e descalço, por"
        },
        {
          "referencia": "Isaías 21.16",
          "texto": "de um ano, tal como os A. de assalariados,"
        },
        {
          "referencia": "Isaías 23.15",
          "texto": "em esquecimento por setenta A., conforme os dias"
        },
        {
          "referencia": "Isaías 23.15",
          "texto": "um rei; mas, no fim de setenta A., Tiro será como"
        },
        {
          "referencia": "Isaías 23.17",
          "texto": "será no fim de setenta Á. que o Senhor visitará"
        },
        {
          "referencia": "Isaías 38.5",
          "texto": "eis que acrescentarei aos teus dias quinze Á.."
        },
        {
          "referencia": "Isaías 38.10",
          "texto": "da sepultura; já estou privado do resto de meus A.."
        },
        {
          "referencia": "Isaías 38.15",
          "texto": "mansamente por todos os meus Á., por causa da"
        },
        {
          "referencia": "Isaías 65.20",
          "texto": "o jovem morrerá de cem A., mas o pecador de"
        },
        {
          "referencia": "Isaías 65.20",
          "texto": "cem A., mas o pecador de cem À. será amaldiçoado."
        },
        {
          "referencia": "Jeremias 25.11",
          "texto": "estas nações servirão ao rei da Babilônia setenta A.."
        },
        {
          "referencia": "Jeremias 25.12",
          "texto": "se cumprirem os setenta A., visitarei o rei"
        },
        {
          "referencia": "Jeremias 28.3",
          "texto": "Depois de passados dois A. completos, eu tornarei a"
        },
        {
          "referencia": "Jeremias 28.11",
          "texto": "depois de passados dois 4. completos, de"
        },
        {
          "referencia": "Jeremias 29.10",
          "texto": "que, passados setenta À, na Babilônia, vos"
        },
        {
          "referencia": "Jeremias 34.14",
          "texto": "Ao fim de sete À. libertareis cada um a seu irmão"
        },
        {
          "referencia": "Jeremias 34.14",
          "texto": "houver servido a ti seis 4.; e despedi-lo-ás"
        },
        {
          "referencia": "Jeremias 48.34",
          "texto": "voz, como de bezerra de três A.; porque até as"
        },
        {
          "referencia": "Jeremias 52.1",
          "texto": "da idade de vinte e um A. quando começou a"
        },
        {
          "referencia": "Jeremias 52.1",
          "texto": "a reinar e reinou onze A. em Jerusalém; e o"
        },
        {
          "referencia": "Ezequiel 4.5",
          "texto": "eu te tenho fixado os À. da sua maldade,"
        },
        {
          "referencia": "Ezequiel 22.4",
          "texto": "e vieste ao fim dos teus Á.; por isso, eu te"
        },
        {
          "referencia": "Ezequiel 29.11",
          "texto": "passará por ela, nem será habitada quarenta AÁ.."
        },
        {
          "referencia": "Ezequiel 29.12",
          "texto": "em assolação por quarenta À.; e espalharei os"
        },
        {
          "referencia": "Ezequiel 29.13",
          "texto": "Jeová: Ao cabo de quarenta A., ajuntarei os"
        },
        {
          "referencia": "Ezequiel 38.8",
          "texto": "serás visitado; no fim dos Á., virás à terra que"
        },
        {
          "referencia": "Ezequiel 38.17",
          "texto": "dias, profetizaram largos Á., que te traria"
        },
        {
          "referencia": "Ezequiel 39.9",
          "texto": "as lanças; e farão fogo com tudo isso por sete A.."
        },
        {
          "referencia": "Ezequiel 40.1",
          "texto": "no décimo dia do mês, catorze A. depois que a"
        },
        {
          "referencia": "Daniel 1.5",
          "texto": "fossem criados por três A., para que no fim"
        },
        {
          "referencia": "Daniel 5.31",
          "texto": "medo, ocupou o reino, na idade e sessenta e dois A.."
        },
        {
          "referencia": "Daniel 9.2",
          "texto": "pelos livros que o número de Á., de que falou o"
        },
        {
          "referencia": "Daniel 9.2",
          "texto": "acabar as assolações de Jerusalém, era de setenta A.."
        },
        {
          "referencia": "Daniel 11.6",
          "texto": "Mas, ao cabo de A., eles se aliarão; e a filha do"
        },
        {
          "referencia": "Daniel 11.8",
          "texto": "para o Egito; e, por alguns A., ele persistirá"
        },
        {
          "referencia": "Daniel 11.13",
          "texto": "ao cabo de tempos, isto é, de A., virá à pressa"
        },
        {
          "referencia": "Joel 2.2",
          "texto": "nem depois dele haverá pelos À, adiante, de"
        },
        {
          "referencia": "Amós 1.1",
          "texto": "filho de Joás, rei de Israel, dois A. antes do terremoto."
        },
        {
          "referencia": "Amós 2.10",
          "texto": "terra do Egito e quarenta A. vos guiei no deserto,"
        },
        {
          "referencia": "Amós 5.25",
          "texto": "no deserto por quarenta A., ó casa de Israel?"
        },
        {
          "referencia": "Habacuque 3.2",
          "texto": "Senhor, a tua obra no meio dos Á., no meio dos"
        },
        {
          "referencia": "Habacuque 3.2",
          "texto": "no meio dos A., no meio dos À. a notifica; na"
        },
        {
          "referencia": "Zacarias 1.12",
          "texto": "contra as quais estiveste irado estes setenta A,?"
        },
        {
          "referencia": "Zacarias 7.3",
          "texto": "mês, separando-me, como o tenho feito por tantos A.?"
        },
        {
          "referencia": "Zacarias 7.5",
          "texto": "mês, durante estes setenta Á., jejuastes vós"
        },
        {
          "referencia": "MI 3.4",
          "texto": "como nos dias antigos e como nos primeiros A.."
        },
        {
          "referencia": "Mateus 2.16",
          "texto": "os seus contornos, de dois Á. para baixo,"
        },
        {
          "referencia": "Mateus 9.20",
          "texto": "mulher que havia já doze À. padecia de um fluxo"
        },
        {
          "referencia": "Marcos 5.25",
          "texto": "mulher, que havia doze A. tinha um fluxo de sangue,"
        },
        {
          "referencia": "Marcos 5.42",
          "texto": "andava, pois já tinha doze A.; e assombraram-se"
        },
        {
          "referencia": "Lucas 2.36",
          "texto": "tinha vivido com o marido sete A., desde a sua vir-"
        },
        {
          "referencia": "Lucas 2.37",
          "texto": "de quase oitenta e quatro Á., e não se afastava"
        },
        {
          "referencia": "Lucas 2.41",
          "texto": "Ora, todos os Á., iam seus pais a Jerusalém, à"
        },
        {
          "referencia": "Lucas 2.42",
          "texto": "E, tendo ele já doze A., subiram a Jerusalém,"
        },
        {
          "referencia": "Lucas 3.23",
          "texto": "a ser de quase trinta Á., sendo (como se"
        },
        {
          "referencia": "Lucas 4.25",
          "texto": "o céu se cerrou por três 4. e seis meses, de"
        },
        {
          "referencia": "Lucas 8.42",
          "texto": "filha única, quase de doze A., que estava à morte."
        },
        {
          "referencia": "Lucas 843",
          "texto": "fluxo de sangue, havia doze Å., e gastara com os"
        },
        {
          "referencia": "Lucas 12.19",
          "texto": "muitos bens, para muitos A.; descansa, come,"
        },
        {
          "referencia": "Lucas 13.7",
          "texto": "vinhateiro: Eis que há três A. venho procurar fruto"
        },
        {
          "referencia": "Lucas 13.11",
          "texto": "havia já dezoito A.; e andava curvada e"
        },
        {
          "referencia": "Lucas 13.16",
          "texto": "de Abraão, a qual há dezoito A. Satanás mantinha"
        },
        {
          "referencia": "c 15.29",
          "texto": "Eis que te sirvo há tantos A., sem nunca"
        },
        {
          "referencia": "Jó 2.20",
          "texto": "os judeus: Em quarenta e seis A., foi edificado"
        },
        {
          "referencia": "Jó 5.5",
          "texto": "homem que, havia trinta e oito Á., se achava enfermo."
        },
        {
          "referencia": "Jó 8.57",
          "texto": "judeus: Ainda não tens cinquenta Á., e viste Abraão?"
        },
        {
          "referencia": "Atos 7.6",
          "texto": "à escravidão e a maltratariam por quatrocentos A.."
        },
        {
          "referencia": "Atos 7.23",
          "texto": "a idade de quarenta Á., veio-lhe ao coração"
        },
        {
          "referencia": "Atos 7.30",
          "texto": "E, completados quarenta Á., apareceu-lhe o anjo do"
        },
        {
          "referencia": "Atos 7.36",
          "texto": "Egito, no mar Vermelho e no deserto, por quarenta A."
        },
        {
          "referencia": "Atos 9.33",
          "texto": "numa cama havia oito Á., o qual era paralítico."
        },
        {
          "referencia": "Atos 13.18",
          "texto": "costumes no deserto por espaço de quase quarenta"
        },
        {
          "referencia": "Atos 13.20",
          "texto": "quatrocentos e cinquenta Á., lhes deu juízes,"
        },
        {
          "referencia": "Atos 13.21",
          "texto": "e Deus lhes deu, por quarenta Á., a Saul, filho de"
        },
        {
          "referencia": "Atos 19.10",
          "texto": "isto por espaço de dois A., de tal maneira que"
        },
        {
          "referencia": "Atos 20.31",
          "texto": "de que, durante três A., não cessei, noite"
        },
        {
          "referencia": "Atos 24.10",
          "texto": "sei que já vai para muitos A. que desta nação"
        },
        {
          "referencia": "Atos 24.17",
          "texto": "Ora, muitos À. depois, vim trazer à minha nação"
        },
        {
          "referencia": "Atos 24.27",
          "texto": "Mas, passados dois Á., Félix teve por sucessor a"
        },
        {
          "referencia": "Atos 28.30",
          "texto": "E Paulo ficou dois A. inteiros na sua própria"
        },
        {
          "referencia": "Romanos 4.19",
          "texto": "(pois era já de quase cem A.) , nem tampouco para"
        },
        {
          "referencia": "Romanos 15.23",
          "texto": "sítios, e tendo já há muitos Á. grande desejo de"
        },
        {
          "referencia": "2 Coríntios 12.2",
          "texto": "em Cristo que, há catorze Á. (se no corpo, não"
        },
        {
          "referencia": "Gálatas 1.18",
          "texto": "Depois, passados três Á., fui a Jerusalém para ver"
        },
        {
          "referencia": "Gálatas 2.1",
          "texto": "Depois, passados catorze Á., subi outra vez a"
        },
        {
          "referencia": "Gálatas 3.17",
          "texto": "veio quatrocentos e trinta Å. depois, não o"
        },
        {
          "referencia": "Gálatas 4.10",
          "texto": "Guardais dias, e meses, e tempos, e A.."
        },
        {
          "referencia": "1 Timóteo 5.9",
          "texto": "com menos de sessenta Á., e só a que tenha"
        },
        {
          "referencia": "Hebreus 1.12",
          "texto": "mas tu és o mesmo, e os teus À. não acabarão."
        },
        {
          "referencia": "Hebreus 3.9",
          "texto": "provaram e viram, por quarenta A., as minhas obras."
        },
        {
          "referencia": "Hebreus 3.17",
          "texto": "se indignou por quarenta A.? Não foi, porventura,"
        },
        {
          "referencia": "Tiago 5.17",
          "texto": "que não chovesse, e, por três A. e seis meses, não"
        },
        {
          "referencia": "2 Pedro 3.8",
          "texto": "aia para o Senhor é como mil Á., e mil AÁ., como"
        },
        {
          "referencia": "2 Pedro 3.8",
          "texto": "para o Senhor é como mil A., e mil A., como um dia."
        },
        {
          "referencia": "Apocalipse 20.2",
          "texto": "que é o diabo e Satanás, e amarrou-o por mil Á.."
        },
        {
          "referencia": "Apocalipse 20.3",
          "texto": "as nações, até que os mil A. se acabem. E"
        },
        {
          "referencia": "Apocalipse 20.4",
          "texto": "mão; e viveram e reinaram com Cristo durante mil A.."
        },
        {
          "referencia": "Apocalipse 20.5",
          "texto": "reviveram, até que os mil Á. se acabaram. Esta é"
        },
        {
          "referencia": "Apocalipse 206",
          "texto": "de Deus e de Cristo e reinarão com ele mil A.."
        },
        {
          "referencia": "Apocalipse 20.7",
          "texto": "E, acabando-se os mil Á., Satanás será solto da sua"
        }
      ]
    }
  ]
}