{
  "a": [
    {
      "palavra": "anrafel",
      "veja tambem": [
        "nome",
        "rei",
        "sinar"
      ],
      "ocorrencias": 2,
      "fonte": "Strong's H606 (אַרְיֹךְ/Aryok)",
      "concordancias": [
        {
          "referencia": "Gênesis 14.1",
          "texto": "E aconteceu, nos dias de A., rei de Sinar,"
        },
        {
          "referencia": "Gênesis 14.9",
          "texto": "Elão, e Tidal, rei de Goim, e Å., rei de Sinar,"
        }
      ]
    },
    {
      "palavra": "anramitas",
      "veja tambem": [
        "nome",
        "família"
      ],
      "ocorrencias": 2,
      "fonte": "Strong's H6049 (עַנְרָם/Anram)",
      "concordancias": [
        {
          "referencia": "Números 3.27",
          "texto": "E de Coate é a geração dos Á., e a geração dos"
        },
        {
          "referencia": "1 Crônicas 26.23",
          "texto": "dos Á., dos izaritas, dos hebronitas, dos ozielitas,"
        }
      ]
    },
    {
      "palavra": "anseia",
      "veja tambem": [
        "ansiar"
      ],
      "ocorrencias": 1,
      "fonte": "Strong's H6960 (קָוָה/qavah)",
      "concordancias": [
        {
          "referencia": "SI 130.6",
          "texto": "A minha alma Å. pelo Senhor mais do que os"
        }
      ]
    },
    {
      "palavra": "ansia",
      "veja tambem": [
        "angústia",
        "ansiedade"
      ],
      "ocorrencias": 5,
      "fonte": "Strong's H926 (בְּהִילָה/behilah)",
      "concordancias": [
        {
          "referencia": "Êxodo 6.9",
          "texto": "a Moisés, por causa da À. do espíritoe da ,"
        },
        {
          "referencia": "Jó 7.13",
          "texto": "a minha cama, meu leito aliviará a minha Á.!"
        },
        {
          "referencia": "Isaías 5.30",
          "texto": "terra, eis que só verá trevas e Á., ea luz se"
        },
        {
          "referencia": "Lamentações 3.65",
          "texto": "Tu lhes darás Á. de coração, maldição tua sobre eles."
        },
        {
          "referencia": "Sofonias 1.15",
          "texto": "dia de angústia e de Á., dia de alvoroço e"
        }
      ]
    },
    {
      "palavra": "ansiedade",
      "veja tambem": [
        "ansia"
      ],
      "ocorrencias": 1,
      "fonte": "Strong's G3308 (μέριμνα/merimna)",
      "concordancias": [
        {
          "referencia": "1 Pedro 5.7",
          "texto": "sobre ele toda a vossa A., porque ele tem"
        }
      ]
    },
    {
      "palavra": "ansiosa",
      "veja tambem": [
        "ansiosa"
      ],
      "ocorrencias": 1,
      "fonte": "Strong's G3309 (μεριμνάω/merimnao)",
      "concordancias": [
        {
          "referencia": "Lucas 10.41",
          "texto": "disse-lhe: Marta, Marta, estás Á. e afadigada"
        }
      ]
    },
    {
      "palavra": "ansiosos",
      "veja tambem": [
        "ansioso"
      ],
      "ocorrencias": 2,
      "fonte": "Strong's G3309 (μεριμνάω/merimnao)",
      "concordancias": [
        {
          "referencia": "Lucas 248",
          "texto": "conosco? Eis que teu pai e eu, A., te procurávamos."
        },
        {
          "referencia": "Lucas 12.26",
          "texto": "coisas mínimas, por que estais À. pelas outras?"
        }
      ]
    },
    {
      "palavra": "aborrecedores",
      "veja tambem": [
        "aborrecer"
      ],
      "ocorrencias": 9,
      "fonte": "Strong's H8130 (שָׂנֵא/sane)",
      "concordancias": [
        {
          "referencia": "Gênesis 24.60",
          "texto": "que a tua semente possua a porta de seus À.!"
        },
        {
          "referencia": "Números 10.35",
          "texto": "teus inimigos, e fujam diante de ti os A.."
        },
        {
          "referencia": "Deuteronômio 30.7",
          "texto": "inimigos e sobre os teus Á., que te perseguiram."
        },
        {
          "referencia": "Deuteronômio 32.41",
          "texto": "meus adversários e recompensarei os meus Á.."
        },
        {
          "referencia": "Ester 9.1",
          "texto": "foram os que se assenhorearam dos seus A.."
        },
        {
          "referencia": "Ester 9.5",
          "texto": "destruição; e fizeram dos seus Á, o que quiseram."
        },
        {
          "referencia": "Ester 9.16",
          "texto": "e mataram dos seus A. setenta e"
        },
        {
          "referencia": "Jó 8.22",
          "texto": "Teus A. se vestirão de confusão, e a tenda"
        },
        {
          "referencia": "Romanos 1.30",
          "texto": "murmuradores, detratores, À. de Deus,"
        }
      ]
    },
    {
      "palavra": "aborrecei",
      "veja tambem": [
        "aborrecer"
      ],
      "ocorrencias": 2,
      "fonte": "Strong's H8130 (שָׂנֵא/sane)",
      "concordancias": [
        {
          "referencia": "Amós 5.15",
          "texto": "A. o mal, e amai o bem, e estabelecei o juízo"
        },
        {
          "referencia": "Romanos 12.9",
          "texto": "O amor seja não fingido. A. o mal e apegai-vos"
        }
      ]
    },
    {
      "palavra": "aborreceis",
      "veja tambem": [
        "aborrecer"
      ],
      "ocorrencias": 2,
      "fonte": "Strong's H8130 (שָׂנֵא/sane)",
      "concordancias": [
        {
          "referencia": "Gênesis 26.27",
          "texto": "a mim, pois que vós me Á. e me"
        },
        {
          "referencia": "Miquéias 3.2",
          "texto": "A vós que Á. o bem e amais o mal, que"
        }
      ]
    },
    {
      "palavra": "aborrecem",
      "veja tambem": [
        "aborrecer"
      ],
      "ocorrencias": 31,
      "fonte": "Strong's H8130 (שָׂנֵא/sane)",
      "concordancias": [
        {
          "referencia": "Êxodo 20.5",
          "texto": "à terceira e quarta geração daqueles que me 4."
        },
        {
          "referencia": "Deuteronômio 5.9",
          "texto": "à terceira e quarta geração daqueles que me A.,"
        },
        {
          "referencia": "Deuteronômio 7.10",
          "texto": "face a qualquer dos que o Á., fazendo-o"
        },
        {
          "referencia": "Deuteronômio 7.15",
          "texto": "sabes; antes, as porá sobre todos os que te A.."
        },
        {
          "referencia": "Deuteronômio 33.11",
          "texto": "se levantam contra eleeo A., para que"
        },
        {
          "referencia": "2 Samuel 19.6",
          "texto": "amando tu aos que te Á, e aborrecendo aos que"
        },
        {
          "referencia": "2 Crônicas 1.11",
          "texto": "honra, nem a morte dos que te A., nem"
        },
        {
          "referencia": "2 Crônicas 19.2",
          "texto": "e amar aqueles que ao Senhor A.? Por isso,"
        },
        {
          "referencia": "S19.13",
          "texto": "fazem sofrer aqueles que me A., tu que me"
        },
        {
          "referencia": "S118.40",
          "texto": "para que eu pudesse destruir os que me 4.."
        },
        {
          "referencia": "S121.8",
          "texto": "a tua mão direita alcançará aqueles que te Á.."
        },
        {
          "referencia": "Salmos 25.19",
          "texto": "se vão multiplicando e me À. com ódio cruel."
        },
        {
          "referencia": "S134.21",
          "texto": "matará o ímpio, e os que Å, o justo serão punidos."
        },
        {
          "referencia": "S135.19",
          "texto": "pisquem os olhos aqueles que me A, sem causa."
        },
        {
          "referencia": "S141.7",
          "texto": "Todos os que me A. murmuram à uma contra mim;"
        },
        {
          "referencia": "S155.3",
          "texto": "lançam sobre mim iniquidade e com furor me A.."
        },
        {
          "referencia": "Salmos 68.1",
          "texto": "inimigos; fugirão de diante dele os que o A.."
        },
        {
          "referencia": "S169.14",
          "texto": "seja eu livre dos que me 4. e das"
        },
        {
          "referencia": "S181.15",
          "texto": "Os que À, ao Senhor ter-se-lhe-iam sujeitado,"
        },
        {
          "referencia": "SI 83.2",
          "texto": "se alvoroçam, e os que te Á. levantaram a cabeça."
        },
        {
          "referencia": "S186.17",
          "texto": "que o vejam aqueles que me Á. e se confundam,"
        },
        {
          "referencia": "S189.23",
          "texto": "perante a sua fice e ferirei os que o Á.."
        },
        {
          "referencia": "S1139.21",
          "texto": "eu, ó Senhor, aqueles que te A., e não me"
        },
        {
          "referencia": "Provérbios 8.36",
          "texto": "própria alma; todos os que me Á. amam a morte."
        },
        {
          "referencia": "Provérbios 19.7",
          "texto": "Todos os irmãos do pobre o À.; quanto mais se"
        },
        {
          "referencia": "Provérbios 29.10",
          "texto": "Os homens sanguinários A. aquele que é"
        },
        {
          "referencia": "Isaías 66.5",
          "texto": "Vossos irmãos, que vos Á. e que para"
        },
        {
          "referencia": "Ezequiel 16.27",
          "texto": "à vontade dos que te A., as filhas dos"
        },
        {
          "referencia": "Amós 5.10",
          "texto": "A. na porta ao que os repreende e abominam o"
        },
        {
          "referencia": "Lucas 1.71",
          "texto": "inimigos e das mãos de todos os que nos À."
        },
        {
          "referencia": "Lucas 6.27",
          "texto": "a vossos inimigos, fazei bem aos que vos A.,"
        }
      ]
    },
    {
      "palavra": "aborrecendo",
      "veja tambem": [
        "aborrecer"
      ],
      "ocorrencias": 2,
      "fonte": "Strong's H8130 (שָׂנֵא/sane)",
      "concordancias": [
        {
          "referencia": "2 Samuel 19.6",
          "texto": "tu aos que te aborrecem e 4. aos que te"
        },
        {
          "referencia": "Judas 1.23",
          "texto": "deles misericórdia com temor, À. até a roupa"
        }
      ]
    },
    {
      "palavra": "ante",
      "veja tambem": [],
      "ocorrencias": 26,
      "fonte": "",
      "concordancias": [
        {
          "referencia": "Gênesis 42.6",
          "texto": "de José vieram e inclinaram-se A. ele com a face na"
        },
        {
          "referencia": "Jó 23.4",
          "texto": "Com boa ordem exporia Á. ele a minha causa e a"
        },
        {
          "referencia": "S142.2",
          "texto": "quando entrarei e me apresentarei Á, a face de Deus?"
        },
        {
          "referencia": "S172.9",
          "texto": "no deserto se inclinarão A. ele, e os seus"
        },
        {
          "referencia": "S181.9",
          "texto": "deus alheio, nem te prostrarás A. um deus estranho."
        },
        {
          "referencia": "S195.2",
          "texto": "Apresentemo-nos Á. a sua face com louvores e"
        },
        {
          "referencia": "S196.6",
          "texto": "Glória e majestade estão Á, a sua face; força e"
        },
        {
          "referencia": "S196.13",
          "texto": "Á. a face do Senhor, porque vem, porque vem a"
        },
        {
          "referencia": "Isaías 2.20",
          "texto": "de ouro, que fizeram para 4. eles se prostrarem."
        },
        {
          "referencia": "Isaías 5.26",
          "texto": "ele arvorará o estandarte Á. as nações de longe e"
        },
        {
          "referencia": "Isaías 17.9",
          "texto": "os quais foram abandonados A. os filhos de"
        },
        {
          "referencia": "Isaías 49.22",
          "texto": "a mão para as nações e, 4. os povos, arvorarei"
        },
        {
          "referencia": "Ezequiel 20.41",
          "texto": "e serei santificado em vós 4. os olhos das nações."
        },
        {
          "referencia": "Ezequiel 32.10",
          "texto": "eu brandir a minha espada 4. o seu rosto; e"
        },
        {
          "referencia": "Mg 6.6",
          "texto": "ao Senhor e me inclinarei A. o Deus Altíssimo?"
        },
        {
          "referencia": "Marcos 1.2",
          "texto": "Eis que eu envio o meu anjo À. a tua face, o qual"
        },
        {
          "referencia": "Marcos 13.9",
          "texto": "e sereis apresentados À, governadores e"
        },
        {
          "referencia": "Lucas 1.76",
          "texto": "Altíssimo, porque hás de ir A. a face do Senhor,"
        },
        {
          "referencia": "Lucas 8.47",
          "texto": "tremendo e, prostrando-se À. ele, declarou-lhe"
        },
        {
          "referencia": "Atos 6.6",
          "texto": "e os apresentaram Á. os apóstolos, e estes, orando,"
        },
        {
          "referencia": "Atos 7.10",
          "texto": "lhe deu graça e sabedoria A. Faraó, rei do Egito,"
        },
        {
          "referencia": "Atos 16.29",
          "texto": "dentro e, todo trêmulo, se prostrou Á. Paulo e Silas."
        },
        {
          "referencia": "Romanos 14.10",
          "texto": "todos havemos de comparecer À. o tribunal de Cris-"
        },
        {
          "referencia": "1 Coríntios 15.52",
          "texto": "num abrir e fechar de olhos, A. a última trombeta;"
        },
        {
          "referencia": "2 Coríntios 5.10",
          "texto": "todos devemos comparecer À. o tribunal de Cristo,"
        },
        {
          "referencia": "2 Tessalonicenses 1.9",
          "texto": "padecerão eterna perdição, A. a face do Senhor e"
        }
      ]
    },
    {
      "palavra": "antecedente",
      "veja tambem": [],
      "ocorrencias": 2,
      "fonte": "",
      "concordancias": [
        {
          "referencia": "Josué 5.11",
          "texto": "do trigo da terra, do ano A., ao outro dia"
        },
        {
          "referencia": "Josué 5.12",
          "texto": "do trigo da terra, do ano A., e os filhos"
        }
      ]
    },
    {
      "palavra": "antecedentes",
      "veja tambem": [],
      "ocorrencias": 1,
      "fonte": "",
      "concordancias": [
        {
          "referencia": "Números 6.12",
          "texto": "cordeiro de um ano; e os dias Á. serão"
        }
      ]
    },
    {
      "palavra": "antecipadamente",
      "veja tambem": [],
      "ocorrencias": 1,
      "fonte": "",
      "concordancias": [
        {
          "referencia": "1 Coríntios 11.21",
          "texto": "comendo, cada um toma A. a sua"
        }
      ]
    },
    {
      "palavra": "anteciparam-me",
      "veja tambem": [
        "antecipar"
      ],
      "ocorrencias": 1,
      "fonte": "",
      "concordancias": [
        {
          "referencia": "Salmos 119.148",
          "texto": "Os meus olhos A. às vigílias da noite,"
        }
      ]
    },
    {
      "palavra": "antecipei-me",
      "veja tambem": [
        "antecipar"
      ],
      "ocorrencias": 1,
      "fonte": "",
      "concordancias": [
        {
          "referencia": "S1119.147",
          "texto": "À, à alva da manhã e clamei; esperei na tua palavra."
        }
      ]
    },
    {
      "palavra": "antecipem-se-nos",
      "veja tambem": [
        "antecipar"
      ],
      "ocorrencias": 1,
      "fonte": "",
      "concordancias": [
        {
          "referencia": "SI79.8",
          "texto": "passadas; apressa-te e Á. as tuas"
        }
      ]
    },
    {
      "palavra": "antecipou",
      "veja tambem": [
        "an-"
      ],
      "ocorrencias": 1,
      "fonte": "",
      "concordancias": [
        {
          "referencia": "Mateus 17.25",
          "texto": "entrando em casa, Jesus se lhe Á., dizendo:"
        }
      ]
    },
    {
      "palavra": "antecipou-se",
      "veja tambem": [
        "an-"
      ],
      "ocorrencias": 1,
      "fonte": "",
      "concordancias": [
        {
          "referencia": "Marcos 14.8",
          "texto": "Esta fez o que podia; À. a ungir o meu"
        }
      ]
    },
    {
      "palavra": "antemuro",
      "veja tambem": [],
      "ocorrencias": 3,
      "fonte": "",
      "concordancias": [
        {
          "referencia": "2 Samuel 20.15",
          "texto": "que já estava em frente do A.; e todo o povo"
        },
        {
          "referencia": "1 Reis 21.23",
          "texto": "Os cães comerão Jezabel junto ao Á. de Jezreel."
        },
        {
          "referencia": "Lamentações 2.8",
          "texto": "mão destruidora; fez gemer o À. e o muro; eles"
        }
      ]
    },
    {
      "palavra": "antemuros",
      "veja tambem": [
        "antemuro"
      ],
      "ocorrencias": 2,
      "fonte": "",
      "concordancias": [
        {
          "referencia": "S148.13",
          "texto": "notai bem os seus Á.; observai os seus"
        },
        {
          "referencia": "Isaías 26.1",
          "texto": "a quem Deus pôs a salvação por muros e A.."
        }
      ]
    }
  ]
}