{
  "a": [
    {
      "palavra": "antes",
      "veja tambem": [
        "anterior",
        "primeiro"
      ],
      "ocorrencias": 434,
      "fonte": "Strong's H6440 (פָּנִים/paniym)",
      "concordancias": [
        {
          "referencia": "Gênesis 13.10",
          "texto": "que era toda bem regada, A. de o Senhor ter"
        },
        {
          "referencia": "Gênesis 19.2",
          "texto": "vosso caminho. E eles disseram: Não! A., na rua"
        },
        {
          "referencia": "Gênesis 19.4",
          "texto": "E, A. que se deitassem, cercaram a casa os varões"
        },
        {
          "referencia": "Gênesis 24.15",
          "texto": "E sucedeu que, À. que ele acabasse de falar, eis"
        },
        {
          "referencia": "Gênesis 24.45",
          "texto": "E, À. que eu acabasse de falar no meu coração, eis"
        },
        {
          "referencia": "Gênesis 27.4",
          "texto": "e para que minha alma te abençoe, A. que morra."
        },
        {
          "referencia": "Gênesis 27.7",
          "texto": "abençoe diante da face do Senhor, A. da minha morte."
        },
        {
          "referencia": "Gênesis 27.10",
          "texto": "que o coma e para que te abençoe A. da sua morte."
        },
        {
          "referencia": "Gênesis 27.33",
          "texto": "e ma trouxe? Eu comi de tudo, À. que tu"
        },
        {
          "referencia": "Gênesis 29.26",
          "texto": "no nosso lugar, que a menor se dê À. da primogênita."
        },
        {
          "referencia": "Gênesis 30.30",
          "texto": "Porque o pouco que tinhas A. de mim é aumentado"
        },
        {
          "referencia": "Gênesis 36.31",
          "texto": "reinaram na terra de Edom, Á. que reinasse rei"
        },
        {
          "referencia": "Gênesis 37.18",
          "texto": "E viram-no de longe e, À. que chegasse a eles,"
        },
        {
          "referencia": "Gênesis 40.23",
          "texto": "porém, não se lembrou de José; A., se esqueceu dele."
        },
        {
          "referencia": "Gênesis 41.50",
          "texto": "a José dois filhos (antes que viesse o ano de"
        },
        {
          "referencia": "Gênesis 42.12",
          "texto": "E ele lhes disse: Não; A., viestes para ver a"
        },
        {
          "referencia": "Gênesis 45.28",
          "texto": "meu filho José; eu irei e o verei À, que eu morra."
        },
        {
          "referencia": "Gênesis 48.5",
          "texto": "te nasceram na terra do Egito, À. que eu viesse a"
        },
        {
          "referencia": "Gênesis 50.16",
          "texto": "José, dizendo: Teu pai mandou, À. da sua morte, di-"
        },
        {
          "referencia": "Êxodo 1.17",
          "texto": "o rei do Egito lhes dissera; A., conservavam os"
        },
        {
          "referencia": "Êxodo 1.19",
          "texto": "já têm dado à luz os filhos A. que a parteira"
        },
        {
          "referencia": "Êxodo 5.14",
          "texto": "vossa tarefa ontem e hoje, fazendo tijolos como A.?"
        },
        {
          "referencia": "Êxodo 10.14",
          "texto": "Egito; mui gravosos foram; À. destes nunca houve"
        },
        {
          "referencia": "Êxodo 12.34",
          "texto": "E o povo tomou a sua massa, A., que levedasse, e as"
        },
        {
          "referencia": "Êxodo 16.20",
          "texto": "não deram ouvidos a Moisés; Á., alguns deles"
        },
        {
          "referencia": "Êxodo 22.26",
          "texto": "do teu próximo, lho restituirás A, do pôr do sol,"
        },
        {
          "referencia": "Êxodo 23.24",
          "texto": "farás conforme as suas obras; Á., os destruirás"
        },
        {
          "referencia": "Levítico 14.36",
          "texto": "que despejem a casa, Á. que venha o"
        },
        {
          "referencia": "Levítico 18.27",
          "texto": "terra, que nela estavam Á, de vós; e a terra"
        },
        {
          "referencia": "Levítico 18.28",
          "texto": "como vomitou a gente que nela estava A. de vós."
        },
        {
          "referencia": "Levítico 18.30",
          "texto": "abomináveis que se fizeram A. de vós, e não vos"
        },
        {
          "referencia": "Levítico 26.45",
          "texto": "A., por amor deles, me lembrarei do concerto com"
        },
        {
          "referencia": "Números 10.30",
          "texto": "ele lhe disse: Não irei; A., irei à minha"
        },
        {
          "referencia": "Números 11.33",
          "texto": "entre os seus dentes, Á. que fosse"
        },
        {
          "referencia": "no 13.22",
          "texto": "(Hebrom foi edificada sete anos À. de Zoã, no Egi-"
        },
        {
          "referencia": "Números 20.3",
          "texto": "Moisés, e falaram, dizendo: A. tivéssemos"
        },
        {
          "referencia": "Números 21.23",
          "texto": "a Israel pelos seus termos; Á., Seom congregou"
        },
        {
          "referencia": "Números 35.31",
          "texto": "que Culpado está de morte; Á., certamente mor-"
        },
        {
          "referencia": "Deuteronômio 1.43",
          "texto": "falando-vos eu, não ouvistes; Á., fostes rebeldes"
        },
        {
          "referencia": "Deuteronômio 3.26",
          "texto": "causa de vós, e não me ouviu; Á., o Senhor me"
        },
        {
          "referencia": "Deuteronômio 4.26",
          "texto": "prolongareis os vossos dias nela; A., sereis de"
        },
        {
          "referencia": "Deuteronômio 7.15",
          "texto": "dos egípcios, que bem sabes; A., as porá sobre"
        },
        {
          "referencia": "Deuteronômio 8.18",
          "texto": "A., te lembrarás do Senhor, teu Deus, que ele é o"
        },
        {
          "referencia": "Deuteronômio 15.8",
          "texto": "A., lhe abrirás de todo a tua mão e livremente lhe"
        },
        {
          "referencia": "Deuteronômio 19.13",
          "texto": "O teu olho o não poupará; Á,, tirarás o sangue"
        },
        {
          "referencia": "Deuteronômio 20.12",
          "texto": "não fizer paz contigo, mas, Á., te fizer guerra,"
        },
        {
          "referencia": "Deuteronômio 20.17",
          "texto": "A., destruí-las-ás totalmente: aos heteus, e aos"
        },
        {
          "referencia": "Deuteronômio 23.5",
          "texto": "Deus, não quis ouvir Balaão; A., o Senhor, teu"
        },
        {
          "referencia": "Deuteronômio 31.21",
          "texto": "o que eles fazem hoje, A. que os meta"
        },
        {
          "referencia": "Deuteronômio 32.47",
          "texto": "esta palavra não vos é vã; Á., é a vossa vida; e"
        },
        {
          "referencia": "Deuteronômio 33.1",
          "texto": "Deus, abençoou os filhos de Israel A. da sua morte."
        },
        {
          "referencia": "Josué 1.8",
          "texto": "tua boca o livro desta Lei; A., medita nele dia e"
        },
        {
          "referencia": "Josué 2.8",
          "texto": "E, 4. que eles dormissem, ela subiu a eles sobre o telhado"
        },
        {
          "referencia": "Josué 3.1",
          "texto": "filhos de Israel, e pousaram ali A, que passassem."
        },
        {
          "referencia": "Josué 3.4",
          "texto": "ir; porquanto por este caminho nunca passastes Á.."
        },
        {
          "referencia": "Josué 4.18",
          "texto": "ao seu lugar e corriam, como A., sobre todas as"
        },
        {
          "referencia": "Josué 10.14",
          "texto": "dia semelhante a este, nem A. nem depois dele,"
        },
        {
          "referencia": "Josué 13.13",
          "texto": "gesureus, nem os maacateus; Á., Gesur e Maacate"
        },
        {
          "referencia": "Josué 22.3",
          "texto": "de hoje não desamparastes; Á., tivestes cuidado"
        },
        {
          "referencia": "Josué 22.24",
          "texto": "E, se, Á., o fizemos, foi em receio disto: amanhã"
        },
        {
          "referencia": "Josué 24.21",
          "texto": "disse o povo a Josué: Não; A., ao Senhor serviremos."
        },
        {
          "referencia": "Juízes 1.21",
          "texto": "que habitavam em Jerusalém; A., os jebuseus"
        },
        {
          "referencia": "Juízes 1.29",
          "texto": "que habitavam em Gezer; Á., os cananeus"
        },
        {
          "referencia": "Juízes 2.2",
          "texto": "com os moradores desta terra; Á., derrubareis os"
        },
        {
          "referencia": "Juízes 2.3",
          "texto": "expelitei de diante de vós; Á., estarão às vossas"
        },
        {
          "referencia": "Juízes 2.17",
          "texto": "ouviram aos juízes; Å., se prostituíram"
        },
        {
          "referencia": "Juízes 8.13",
          "texto": "filho de Joás, da peleja, A. do nascer do sol,"
        },
        {
          "referencia": "Juízes 9.28",
          "texto": "E não é Zebul o seu mordomo? servi, À., aos"
        },
        {
          "referencia": "Juízes 11.20",
          "texto": "passar nos seus limites; Á., Seom ajuntou todo"
        },
        {
          "referencia": "Juízes 14.18",
          "texto": "daquela cidade, ao sétimo dia, A. de se pôr o sol:"
        },
        {
          "referencia": "Juízes 20.14",
          "texto": "A., os filhos de Benjamim se ajuntaram das cidades"
        },
        {
          "referencia": "Rute 3.14",
          "texto": "até pela manhã e levantou-se A. que pudesse um"
        },
        {
          "referencia": "1 Samuel 2.5",
          "texto": "Os que À. eram fartos se alugaram por pão, mas"
        },
        {
          "referencia": "E 2.15",
          "texto": "Também, Á. de queimarem a gordura, vinha o moço"
        },
        {
          "referencia": "1 Samuel 3.3",
          "texto": "também Samuel já deitado, Á. que a lâmpada de"
        },
        {
          "referencia": "1 Samuel 4.7",
          "texto": "E diziam mais: Ai de nós! Que tal nunca sucedeu A.."
        },
        {
          "referencia": "1 Samuel 8.3",
          "texto": "pelos caminhos dele; Á., se inclinaram à"
        },
        {
          "referencia": "1 Samuel 8.7",
          "texto": "não te tem rejeitado a ti; Á., a mim me tem"
        },
        {
          "referencia": "1 Samuel 9.13",
          "texto": "na cidade, logo o achareis, A. que suba ao alto"
        },
        {
          "referencia": "1 Samuel 9.15",
          "texto": "ouvidos de Samuel, um dia A. que Saul viesse, di-"
        },
        {
          "referencia": "1 Samuel 12.15",
          "texto": "ouvidos à voz do Senhor, mas, A., fordes rebeldes"
        },
        {
          "referencia": "1 Samuel 12.23",
          "texto": "deixando de orar por vós; Á., vos ensinarei o"
        },
        {
          "referencia": "1 Samuel 15.19",
          "texto": "ouvidos à voz do Senhor? A., voaste ao"
        },
        {
          "referencia": "1 Samuel 15.20",
          "texto": "Então, disse Saul a Samuel: Á., dei ouvidos à voz"
        },
        {
          "referencia": "2 Samuel 3.35",
          "texto": "Deus me faça e outro tanto, se, Á, que o sol se"
        },
        {
          "referencia": "2 Samuel 6.21",
          "texto": "Senhor que me escolheu a mim A. do que a teu pai"
        },
        {
          "referencia": "2 Samuel 13.14",
          "texto": "quis dar ouvidos à sua voz; Æ., sendo mais forte"
        },
        {
          "referencia": "1 Reis 3.12",
          "texto": "tão sábio e entendido, que A. de ti teu igual"
        },
        {
          "referencia": "1 Reis 3.26",
          "texto": "a outra dizia: Nem teu nem meu seja; dividi-o A.."
        },
        {
          "referencia": "1 Reis 13.22",
          "texto": "A., voltaste, e comeste pão, e bebeste água no"
        },
        {
          "referencia": "1 Reis 13.33",
          "texto": "deixou o seu mau caminho; A., dos mais baixos"
        },
        {
          "referencia": "IRs 149",
          "texto": "A., tu fizeste o mal, pior do que todos os que"
        },
        {
          "referencia": "1 Reis 14.9",
          "texto": "do que todos os que foram A. de ti, e foste, e"
        },
        {
          "referencia": "1 Reis 15.3",
          "texto": "que seu pai tinha cometido À, dele; e seu coração"
        },
        {
          "referencia": "1 Reis 16.25",
          "texto": "e fez pior do que todos quantos foram A. dele,"
        },
        {
          "referencia": "1 Reis 16.30",
          "texto": "do Senhor, mais do que todos os que foram A. dele."
        },
        {
          "referencia": "1 Reis 16.33",
          "texto": "do que todos os reis de Israel ale bran A dele."
        },
        {
          "referencia": "2 Reis 2.9",
          "texto": "o que queres que te faça, À. que seja"
        },
        {
          "referencia": "2 Reis 6.32",
          "texto": "um homem de diante de si; mas, 4. que o"
        },
        {
          "referencia": "2 Reis 16.11",
          "texto": "assim o fez o sacerdote Urias, A. que o rei Acaz"
        },
        {
          "referencia": "2 Reis 17.2",
          "texto": "não como os reis de Israel que foram A. dele."
        },
        {
          "referencia": "2 Reis 17.14",
          "texto": "Porém não deram ouvidos; A., endureceram a sua"
        },
        {
          "referencia": "2 Reis 17.19",
          "texto": "do Senhor seu Deus; A., andaram nos"
        },
        {
          "referencia": "2 Reis 17.40",
          "texto": "Porém eles não ouviram; Á., fizeram segundo o seu"
        },
        {
          "referencia": "2 Reis 18.5",
          "texto": "os reis de Judá, nem entre os que foram À. dele."
        },
        {
          "referencia": "2 Reis 18.12",
          "texto": "à voz do Senhor, seu Deus; A., traspassaram o"
        },
        {
          "referencia": "2 Reis 18.27",
          "texto": "falar estas palavras? E não, A., aos homens que"
        },
        {
          "referencia": "2 Reis 19.26",
          "texto": "dos telhados, e o trigo queimado, Á, que se levante."
        },
        {
          "referencia": "2 Reis 21.11",
          "texto": "fizeram os amorreus que À, dele foram e até"
        },
        {
          "referencia": "2 Reis 23.25",
          "texto": "E À, dele não houve rei semelhante, que se"
        },
        {
          "referencia": "1 Crônicas 1.43",
          "texto": "reinaram na terra de Edom, À, que reinasse rei"
        },
        {
          "referencia": "1 Crônicas 17.13",
          "texto": "dele, como a tirei daquele que foi A. de ti."
        },
        {
          "referencia": "1 Crônicas 21.24",
          "texto": "o rei Davi a Ornã: Não! A., pelo seu valor a"
        },
        {
          "referencia": "1 Crônicas 22.5",
          "texto": "preparou Davi materiais em abundância, Á. da sua"
        },
        {
          "referencia": "1 Crônicas 24.2",
          "texto": "E morreram Nadabe e Abiú À. de seu pai e não"
        },
        {
          "referencia": "1 Crônicas 29.25",
          "texto": "deu-lhe majestade real, qual A. dele não teve"
        },
        {
          "referencia": "2 Crônicas 1.12",
          "texto": "e honra, qual nenhum rei À, de ti teve, e"
        },
        {
          "referencia": "2 Crônicas 12.7",
          "texto": "Humilharam-se, não os destruirei; Á., em breve,"
        },
        {
          "referencia": "2 Crônicas 16.12",
          "texto": "não buscou ao Senhor, mas, A., aos médicos."
        },
        {
          "referencia": "2 Crônicas 17.4",
          "texto": "A., buscou ao Deus de seu pai e andou nos seus"
        },
        {
          "referencia": "2 Crônicas 28.2",
          "texto": "A., andou nos caminhos dos reis de Israel e,"
        },
        {
          "referencia": "2 Crônicas 33.19",
          "texto": "bosques e imagens de escultura, A. que se"
        },
        {
          "referencia": "2 Crônicas 33.23",
          "texto": "seu pai, se humilhara; A., multiplicou"
        },
        {
          "referencia": "2 Crônicas 35.22",
          "texto": "não virou dele o rosto; A., se disfarçou, para"
        },
        {
          "referencia": "2 Crônicas 35.22",
          "texto": "que saíram da boca de Deus; A., veio pelejar"
        },
        {
          "referencia": "Esdras 5.11",
          "texto": "foi edificada muitos anos Á.; porque um grande"
        },
        {
          "referencia": "Esdras 9.9",
          "texto": "nos desamparou o nosso Deus; A., estendeu sobre"
        },
        {
          "referencia": "Neemias 2.1",
          "texto": "eo dei ao rei; porém nunca, A., estivera"
        },
        {
          "referencia": "Neemias 5.15",
          "texto": "governadores, que foram A. de mim, oprimiram o"
        },
        {
          "referencia": "Neemias 5.16",
          "texto": "A., também na obra deste muro fiz reparação, e"
        },
        {
          "referencia": "Neemias 13.2",
          "texto": "de Israel com pão e água; Á., assalariaram"
        },
        {
          "referencia": "Neemias 13.4",
          "texto": "Ora, À. disso, Eliasibe, sacerdote, que presidia"
        },
        {
          "referencia": "Neemias 13.19",
          "texto": "portas de Jerusalém já sombra A. do sábado,"
        },
        {
          "referencia": "Ester 6.13",
          "texto": "judeus, não prevalecerás contra ele; Á.,"
        },
        {
          "referencia": "Jó 3.24",
          "texto": "Porque A. do meu pão vem o meu suspiro; e os meus"
        },
        {
          "referencia": "Jó 6.27",
          "texto": "Mas, Á., lançais sortes sobre o órfão e especulais"
        },
        {
          "referencia": "Jó 7.15",
          "texto": "a minha alma escolheria, A., a estrangulação;"
        },
        {
          "referencia": "Jó 7.15",
          "texto": "Á., a estrangulação; e, Á., a morte do que"
        },
        {
          "referencia": "Jó 8.12",
          "texto": "e ainda não cortada, todavia, A. de qualquer outra"
        },
        {
          "referencia": "Jó 8.16",
          "texto": "está sumarento Á. que venha o sol, e os seus"
        },
        {
          "referencia": "Jó 9.15",
          "texto": "justo, lhe não responderia; A., ao meu juiz"
        },
        {
          "referencia": "Jó 9.18",
          "texto": "Nem me permite respirar; Á., me farta de amarguras."
        },
        {
          "referencia": "Jó 10.21",
          "texto": "Á. que me vá, para nunca mais voltar, à terra da"
        },
        {
          "referencia": "Jó 15.7",
          "texto": "que foi nascido? Ou foste gerado A. dos outeiros?"
        },
        {
          "referencia": "Jó 15.32",
          "texto": "A. do seu dia ela se consumará; e o seu ramo não re-"
        },
        {
          "referencia": "Jó 16.5",
          "texto": "Á., vos fortaleceria com a minha boca, e a"
        },
        {
          "referencia": "Jó 20.13",
          "texto": "e o guarde, e o não deixe, Á., o retenha no seu paladar,"
        },
        {
          "referencia": "Jó 21.33",
          "texto": "após si a todos os homens; e A. dele havia inumeráveis."
        },
        {
          "referencia": "Jó 22.2",
          "texto": "de algum proveito a Deus? A., a si mesmo o"
        },
        {
          "referencia": "Jó 22.16",
          "texto": "Eles foram arrebatados A. do seu tempo; sobre o"
        },
        {
          "referencia": "Jó 23.6",
          "texto": "poder contenderia comigo? Não; Á., cuidaria de mim."
        },
        {
          "referencia": "Jó 23.17",
          "texto": "não fui desarraigado A. das trevas, nem"
        },
        {
          "referencia": "Jó 33.14",
          "texto": "A., Deus fala uma e duas vezes; porém ninguém"
        },
        {
          "referencia": "Jó 36.7",
          "texto": "não tira os seus olhos; A., com os reis no"
        },
        {
          "referencia": "Jó 36.21",
          "texto": "porquanto isto escolheste Á. que a tua miséria."
        },
        {
          "referencia": "S17.4",
          "texto": "que tinha paz comigo ( Á., livrei ao que me"
        },
        {
          "referencia": "S122.24",
          "texto": "escondeu dele o seu rosto; A., quando ele"
        },
        {
          "referencia": "S139.13",
          "texto": "até que tome alento, A. que me vá e não"
        },
        {
          "referencia": "S149.12",
          "texto": "está em honra não permanece; A., é como os"
        },
        {
          "referencia": "S152.7",
          "texto": "a Deus por sua fortaleza; A., confiou na"
        },
        {
          "referencia": "S158.2",
          "texto": "Á., no coração forjais iniquidades; sobre a terra"
        },
        {
          "referencia": "S158.9",
          "texto": "A. que os espinhos cheguem a aquecer as vossas"
        },
        {
          "referencia": "S178.38",
          "texto": "iniquidade e não os destruiu; Á., muitas vezes"
        },
        {
          "referencia": "S178.68",
          "texto": "A., elegeu a tribo de Judá, o monte Sião, que ele ama-"
        },
        {
          "referencia": "S188.5",
          "texto": "quais te não lembras mais; A., os exclui a tua mão."
        },
        {
          "referencia": "S190.2",
          "texto": "À, que os montes nascessem, ou que tu formasses a"
        },
        {
          "referencia": "S1106.35",
          "texto": "A., se misturaram com as nações e aprenderam as"
        },
        {
          "referencia": "S1109.15",
          "texto": "A., estejam sempre perante o Senhor, para que faça"
        },
        {
          "referencia": "S1119.67",
          "texto": "A. de ser afligido, andava errado; mas agora"
        },
        {
          "referencia": "Provérbios 1.25",
          "texto": "A., rejeitastes todo o meu conselho e não"
        },
        {
          "referencia": "Provérbios 8.22",
          "texto": "de seus caminhos e 4. de suas obras mais antigas."
        },
        {
          "referencia": "Provérbios 8.23",
          "texto": "ungida; desde o princípio, À. do começo da terra."
        },
        {
          "referencia": "Provérbios 8.24",
          "texto": "A. de haver abismos, fui gerada; e A. ainda de"
        },
        {
          "referencia": "Provérbios 8.24",
          "texto": "haver abismos, fui gerada; e A. ainda de haver"
        },
        {
          "referencia": "Provérbios 8.25",
          "texto": "Á. que os montes fossem firmados, À, dos"
        },
        {
          "referencia": "Provérbios 8.25",
          "texto": "os montes fossem firmados, Á. dos outeiros, eu"
        },
        {
          "referencia": "Provérbios 17.14",
          "texto": "deixa por isso a porfia, Å. que sejas envolvido."
        },
        {
          "referencia": "Provérbios 18.12",
          "texto": "A. de ser quebrantado, eleva-se o coração do"
        },
        {
          "referencia": "Provérbios 18.13",
          "texto": "Responder 4. de ouvir é estultícia e vergonha."
        },
        {
          "referencia": "Provérbios 23.17",
          "texto": "inveja dos pecadores; A., sê no temor do"
        },
        {
          "referencia": "Eclesiastes 1.10",
          "texto": "Já foi nos séculos passados, que foram Á. de nós."
        },
        {
          "referencia": "Eclesiastes 1.16",
          "texto": "a todos os que houve À, de mim, em"
        },
        {
          "referencia": "Eclesiastes 2.7",
          "texto": "do que todos os que houve 4. de mim, em Jerusalém."
        },
        {
          "referencia": "Eclesiastes 2.9",
          "texto": "do que todos os que houve A, de mim, em"
        },
        {
          "referencia": "Eclesiastes 6.2",
          "texto": "lhe dá poder para daí comer; Á., o estranho lho"
        },
        {
          "referencia": "Eclesiastes 10.11",
          "texto": "Se a cobra morder À. de estar encantada, então,"
        },
        {
          "referencia": "Eclesiastes 12.1",
          "texto": "nos dias da tua mocidade, Á. que venham os maus"
        },
        {
          "referencia": "Eclesiastes 12.2",
          "texto": "À. que se escureçam o sol, e a luz, e a lua, e as"
        },
        {
          "referencia": "Eclesiastes 12.6",
          "texto": "À. que se quebre a cadeia de prata, e se despedace"
        },
        {
          "referencia": "Cânticos 2.17",
          "texto": "A. que refresque o dia e caiam as sombras, volta,"
        },
        {
          "referencia": "Cânticos 6.12",
          "texto": "A. de eu o sentir, me pôs a minha alma nos carros"
        },
        {
          "referencia": "Isaías 7.16",
          "texto": "Na verdade, A. que este menino saiba rejeitar o"
        },
        {
          "referencia": "Isaías 8.4",
          "texto": "Porque, A. que o menino saiba dizer meu pai ou"
        },
        {
          "referencia": "Isaías 10.7",
          "texto": "seu coração assim o imagine; A., no seu coração,"
        },
        {
          "referencia": "Isaías 10.20",
          "texto": "sobre o que os feriu; A., se estribarão"
        },
        {
          "referencia": "Isaías 11.14",
          "texto": "Á., voarão sobre os ombros dos filisteus ao"
        },
        {
          "referencia": "Isaías 17.14",
          "texto": "eis que há pavor; e, À. que amanheça,"
        },
        {
          "referencia": "Isaías 18.5",
          "texto": "Porque Á. da sega, dando já o renovo está"
        },
        {
          "referencia": "Isaías 28.4",
          "texto": "vale será como o figo À, do verão, que,"
        },
        {
          "referencia": "Isaías 28.25",
          "texto": "Não é, A., assim: quando já tem gradado a sua"
        },
        {
          "referencia": "Isaías 30.5",
          "texto": "de ajuda, nem de proveito; A., de vergonha e de opré"
        },
        {
          "referencia": "Isaías 30.16",
          "texto": "Mas dizeis: Não; A., sobre cavalos fugiremos;"
        },
        {
          "referencia": "Isaías 30.20",
          "texto": "de ti, como voando com asas; Á., os teus olhos"
        },
        {
          "referencia": "Isaías 36.12",
          "texto": "dizer estas palavras? E não, A., aos homens que"
        },
        {
          "referencia": "Isaías 37.26",
          "texto": "não ouviste que já muito Á. eu fiz isso e que"
        },
        {
          "referencia": "Isaías 37.27",
          "texto": "dos telhados, e o trigo queimado Á. do crescimento."
        },
        {
          "referencia": "Isaías 42.9",
          "texto": "coisas eu vos anuncio, e, 4. que venham à luz,"
        },
        {
          "referencia": "Isaías 43.10",
          "texto": "que eu sou o mesmo, e que À, de mim deus"
        },
        {
          "referencia": "Isaías 43.13",
          "texto": "Ainda A. que houvesse dia, eu sou; e ninguém há"
        },
        {
          "referencia": "Isaías 48.5",
          "texto": "desde então e to fiz ouvir Á. que acontecesse,"
        },
        {
          "referencia": "Isaías 48.7",
          "texto": "criadas e não desde então, e Á. deste dia não as"
        },
        {
          "referencia": "Isaías 54.4",
          "texto": "porque não serás confundida; A., te esquecerás"
        },
        {
          "referencia": "Isaías 55.11",
          "texto": "não voltará para mim vazia; A., fará o que me"
        },
        {
          "referencia": "Isaías 57.1",
          "texto": "que alguém considere que o justo é levado A. do mal."
        },
        {
          "referencia": "Isaías 61.4",
          "texto": "e restaurarão os de À. destruídos, e"
        },
        {
          "referencia": "Isaías 65.24",
          "texto": "E será que, A. que clamem, eu responderei; estando"
        },
        {
          "referencia": "Isaías 66.7",
          "texto": "À, que estivesse de parto, ela deu à luz; A."
        },
        {
          "referencia": "Isaías 66.7",
          "texto": "de parto, ela deu à luz; Á. que lhe viessem as"
        },
        {
          "referencia": "Jeremias 1.5",
          "texto": "A. que eu te formasse no ventre, eu te conheci; e,"
        },
        {
          "referencia": "Jeremias 1.5",
          "texto": "no ventre, eu te conheci; e, 4. que saísses da"
        },
        {
          "referencia": "Jeremias 7.19",
          "texto": "à ira, diz o Senhor, e não Á. a si mesmos, para"
        },
        {
          "referencia": "Jeremias 8.3",
          "texto": "E escolher-se-á Á. a morte do que a vida de todo o"
        },
        {
          "referencia": "Jeremias 9.14",
          "texto": "AÁ., andaram após o propósito do seu coração e após"
        },
        {
          "referencia": "Jeremias 11.8",
          "texto": "nem inclinaram os ouvidos; Á., andaram cada um"
        },
        {
          "referencia": "Jeremias 13.16",
          "texto": "ao Senhor, vosso Deus, À. que venha a"
        },
        {
          "referencia": "Jeremias 13.16",
          "texto": "pés nos montes tenebrosos; Á. que, esperando"
        },
        {
          "referencia": "Jeremias 14.12",
          "texto": "não me agradarei deles; Á., eu os consumirei"
        },
        {
          "referencia": "Jeremias 14.13",
          "texto": "vereis espada e não tereis fome; A., vos darei paz"
        },
        {
          "referencia": "Jeremias 17.6",
          "texto": "sentirá quando vem o bem; A., morará nos lugares"
        },
        {
          "referencia": "Jeremias 17.22",
          "texto": "nem façais obra alguma; A., santificai o dia"
        },
        {
          "referencia": "Jeremias 17.23",
          "texto": "nem inclinaram as orelhas; A., endureceram a sua"
        },
        {
          "referencia": "Jeremias 26.19",
          "texto": "rei de Judá, e todo o Judá? A., não temeu este"
        },
        {
          "referencia": "Jeremias 28.8",
          "texto": "Os profetas que houve A. de mim e À, de ti,"
        },
        {
          "referencia": "Jeremias 28.8",
          "texto": "que houve A. de mim e 4. de ti, desde a"
        },
        {
          "referencia": "Jeremias 32.34",
          "texto": "A., puseram as suas abominações na casa que se"
        },
        {
          "referencia": "Jeremias 34.3",
          "texto": "escaparás das suas mãos; Á., decerto, serás"
        },
        {
          "referencia": "Jeremias 34.5",
          "texto": "os reis precedentes, que foram A. de ti, assim te"
        },
        {
          "referencia": "Jeremias 35.14",
          "texto": "pois não beberam até este dia; A., ouviram o"
        },
        {
          "referencia": "Jeremias 36.26",
          "texto": "A., deu ordem o rei a Jerameel, filho de"
        },
        {
          "referencia": "Jeremias 38.10",
          "texto": "Jeremias, o profeta, do calabouço, A. que morra."
        },
        {
          "referencia": "Jeremias 38.23",
          "texto": "não escaparás das suas mãos; Å., pela mão do rei"
        },
        {
          "referencia": "Jeremias 39.12",
          "texto": "e não lhe faças nenhum mal; Á., como ele te"
        },
        {
          "referencia": "Jeremias 42.14",
          "texto": "dizendo: Não; Á., iremos à terra do Egito, onde"
        },
        {
          "referencia": "Jeremias 43.5",
          "texto": "A., tomou Joanã, filho de Careá, e todos os"
        },
        {
          "referencia": "Jeremias 44.17",
          "texto": "A., certamente, cumpriremos toda a palavra que"
        },
        {
          "referencia": "Jeremias 47.1",
          "texto": "profeta, contra os filisteus, A. que Faraó ferisse"
        },
        {
          "referencia": "Jeremias 50.13",
          "texto": "Senhor, não será habitada; 4., se tornará em"
        },
        {
          "referencia": "Ezequiel 11.12",
          "texto": "executastes os meus juízos; Á., fizestes"
        },
        {
          "referencia": "Ezequiel 16.5",
          "texto": "coisas, compadecido de ti; A., foste lançada em"
        },
        {
          "referencia": "Ezequiel 16.29",
          "texto": "A., multiplicaste as tuas prostituições na terra"
        },
        {
          "referencia": "Ezequiel 16.57",
          "texto": "A. que se descobrisse a tua maldade? Agora, te"
        },
        {
          "referencia": "Ezequiel 18.11",
          "texto": "todos aqueles deveres, mas, Á., comer sobre os"
        },
        {
          "referencia": "Ezequiel 18.23",
          "texto": "Diz o Senhor Jeová; não desejo, A., que se"
        },
        {
          "referencia": "Ezequiel 2047",
          "texto": "se apagará a chama flamejante; A., com ela se"
        },
        {
          "referencia": "Ezequiel 29.16",
          "texto": "olharem para trás deles; Á., saberão que eu"
        },
        {
          "referencia": "Ezequiel 33.22",
          "texto": "sobre mim pela tarde, Å. que viesse o que"
        },
        {
          "referencia": "Ezequiel 44.8",
          "texto": "das minhas coisas sagradas; Á., vos constituístes"
        },
        {
          "referencia": "Ezequiel 44.20",
          "texto": "deixarão crescer o cabelo; Á., como convém,"
        },
        {
          "referencia": "Ezequiel 45.8",
          "texto": "mais oprimirão o meu povo; Å., deixarão a terra"
        },
        {
          "referencia": "Daniel 6.10",
          "texto": "diante do seu Deus, como também A. costumava fa-"
        },
        {
          "referencia": "Daniel 6.13",
          "texto": "rei, nem do edito que assinaste; A., três vezes"
        },
        {
          "referencia": "Daniel 7.7",
          "texto": "de todos os animais que apareceram A. dele e tinha"
        },
        {
          "referencia": "J12.31",
          "texto": "trevas, e a lua, em sangue, À. que venha o"
        },
        {
          "referencia": "Amós 1.1",
          "texto": "de Joás, rei de Israel, dois anos À. do terremoto."
        },
        {
          "referencia": "Amós 2.4",
          "texto": "guardaram os seus estatutos; Á., se deixaram"
        },
        {
          "referencia": "Amós 5.26",
          "texto": "A., levastes a tenda de vosso Moloque, e o altar"
        },
        {
          "referencia": "Mg 3.4",
          "texto": "ao Senhor, mas não os ouvirá, Á. esconderá deles a"
        },
        {
          "referencia": "Sofonias 2.2",
          "texto": "A. que saia o decreto, e o dia passe como a palha;"
        },
        {
          "referencia": "Sofonias 2.2",
          "texto": "vós a ira do Senhor; sim, À. que venha sobre"
        },
        {
          "referencia": "Ageu 2.15",
          "texto": "desde este dia em diante, Á, de pordes pedra"
        },
        {
          "referencia": "Zacarias 8.10",
          "texto": "Porque A. destes dias não houve aluguel de homens,"
        },
        {
          "referencia": "MI 4.5",
          "texto": "vos envio o profeta Elias, A. que venha o dia"
        },
        {
          "referencia": "Mateus 1.18",
          "texto": "sua mãe, desposada com José, À, de se"
        },
        {
          "referencia": "Mateus 5.12",
          "texto": "assim perseguiram os profetas que foram A. de vós."
        },
        {
          "referencia": "Mateus 6.8",
          "texto": "sabe o que vos é necessário A. de vós lho pedirdes."
        },
        {
          "referencia": "Mateus 8.29",
          "texto": "de Deus? Vieste aqui atormentar-nos Á. do tempo?"
        },
        {
          "referencia": "Mateus 10.6",
          "texto": "mas ide, A., às ovelhas perdidas da casa de Israel;"
        },
        {
          "referencia": "Mateus 10.28",
          "texto": "podem matar a alma; temei, A., aquele que pode"
        },
        {
          "referencia": "Mateus 13.21",
          "texto": "não tem raiz em si mesmo; Á., é de pouca"
        },
        {
          "referencia": "Mateus 18.30",
          "texto": "Ele, porém, não quis; Á., foi encerrá-lo na"
        },
        {
          "referencia": "Mateus 25.9",
          "texto": "nos falte a nós e a vós; ide, Á., aos que o"
        },
        {
          "referencia": "Mateus 26.34",
          "texto": "digo que, nesta mesma noite, À. que o galo cante,"
        },
        {
          "referencia": "Mateus 26.75",
          "texto": "de Jesus, que lhe dissera: A. que o galo cante,"
        },
        {
          "referencia": "Mateus 27.24",
          "texto": "vendo que nada aproveitava, A. o tumulto"
        },
        {
          "referencia": "Mec 3.26",
          "texto": "e for dividido, não pode subsistir; A., tem fim."
        },
        {
          "referencia": "Marcos 4.17",
          "texto": "não têm raiz em si mesmos; Á., são temporãos;"
        },
        {
          "referencia": "Marcos 4.21",
          "texto": "ou debaixo da cama? Não vem, A., para se"
        },
        {
          "referencia": "Marcos 5.26",
          "texto": "tinha, nada lhe aproveitando isso, À. indo a pior,"
        },
        {
          "referencia": "Marcos 10.43",
          "texto": "entre vós não será assim; Á., qualquer que,"
        },
        {
          "referencia": "Marcos 12.14",
          "texto": "olhas a aparência dos homens, AÁ., com verdade,"
        },
        {
          "referencia": "Marcos 14.30",
          "texto": "digo que hoje, nesta noite, A. que o galo cante"
        },
        {
          "referencia": "Marcos 14.72",
          "texto": "que Jesus lhe tinha dito: 4. que o galo cante"
        },
        {
          "referencia": "Marcos 15.11",
          "texto": "a multidão para que fosse solto A. Barrabás."
        },
        {
          "referencia": "Lucas 2.21",
          "texto": "que pelo anjo lhe fora posto A. de ser concebido."
        },
        {
          "referencia": "Lucas 2.26",
          "texto": "Santo que ele não morreria 4. de ter visto o"
        },
        {
          "referencia": "Lucas 10.20",
          "texto": "os espíritos; alegrai-vos, Á., por estar o vosso"
        },
        {
          "referencia": "Lucas 11.28",
          "texto": "Mas ele disse: A., bem-aventurados os que ouvem a"
        },
        {
          "referencia": "Lucas 11.38",
          "texto": "admirou-se, vendo que se não lavara A. do jantar."
        },
        {
          "referencia": "Lucas 11.41",
          "texto": "Dai, Á., esmola do que tiverdes, e eis que tudo"
        },
        {
          "referencia": "Lucas 12.31",
          "texto": "Buscai, A., o Reino de Deus, e todas essas coisas"
        },
        {
          "referencia": "Lucas 12.51",
          "texto": "paz à terra? Não, vos digo, mas, Á., dissensão."
        },
        {
          "referencia": "Lucas 13.3",
          "texto": "Não, vos digo; Á., se vos não arrependerdes, todos"
        },
        {
          "referencia": "Lucas 13.5",
          "texto": "Não, vos digo; A., se vos não arrependerdes, todos"
        },
        {
          "referencia": "Lucas 17.8",
          "texto": "E não lhe diga A.: Prepara-me a ceia, e cinge-te,"
        },
        {
          "referencia": "Lucas 21.12",
          "texto": "Mas, Á. de todas essas coisas, lançarão mão de vós"
        },
        {
          "referencia": "Lucas 22.15",
          "texto": "muito comer convosco esta Páscoa, À. que padeça,"
        },
        {
          "referencia": "Lucas 22.26",
          "texto": "Mas não sereis vós assim; A., o maior entre vós"
        },
        {
          "referencia": "Lucas 22.34",
          "texto": "que não cantará hoje o galo À. que três vezes"
        },
        {
          "referencia": "Lucas 22.61",
          "texto": "do Senhor, como lhe tinha dito: A. que o galo"
        },
        {
          "referencia": "Lucas 23.28",
          "texto": "não choreis por mim; chorai, A., por vós"
        },
        {
          "referencia": "Jó 1.15",
          "texto": "o que vem depois de mim é À, de mim, porque"
        },
        {
          "referencia": "Jó 1.27",
          "texto": "que vem após mim, que foi A. de mim, do qual eu"
        },
        {
          "referencia": "Jó 1.30",
          "texto": "mim vem um homem que foi A. de mim, porque já"
        },
        {
          "referencia": "Jó 1.48",
          "texto": "Jesus respondeu e disse-lhe: A. que Filipe te"
        },
        {
          "referencia": "Jó 4.49",
          "texto": "o oficial: Senhor, desce, A. que meu filho morra."
        },
        {
          "referencia": "Jó 5.7",
          "texto": "tanque; mas, enquanto eu vou, desce outro À. de mim."
        },
        {
          "referencia": "Jó 7.12",
          "texto": "Ele é bom. E outros diziam: Não; A., engana o povo."
        },
        {
          "referencia": "Jó 8.49",
          "texto": "Eu não tenho demônio; A., honro a meu Pai,"
        },
        {
          "referencia": "Jó 8.58",
          "texto": "em verdade vos digo que, À. que Abraão"
        },
        {
          "referencia": "Jó 10.5",
          "texto": "nenhum, seguirão o estranho; A., fugirão dele,"
        },
        {
          "referencia": "Jó 10.8",
          "texto": "Todos quantos vieram Á. de mim sãoladrões e"
        },
        {
          "referencia": "Jó 11.55",
          "texto": "região subiram a Jerusalém Á. da Páscoa, para se pu-"
        },
        {
          "referencia": "Jó 12.1",
          "texto": "Foi, pois, Jesus seis dias A, da Páscoa a Betânia,"
        },
        {
          "referencia": "Jó 13.1",
          "texto": "Ora, A. da festa da Páscoa, sabendo Jesus que já"
        },
        {
          "referencia": "Jó 13.19",
          "texto": "Desde agora, vo-lo digo, À. que aconteça, para"
        },
        {
          "referencia": "Jó 14.29",
          "texto": "Eu vo-lo disse, agora, A. que aconteça, para que,"
        },
        {
          "referencia": "Jó 15.19",
          "texto": "mas, porque não sois do mundo, À. eu vos escolhi"
        },
        {
          "referencia": "Jó 16.6",
          "texto": "A., porque isso vos tenho dito, o vosso coração se"
        },
        {
          "referencia": "Jó 17.5",
          "texto": "aquela glória que tinha contigo Á. que o mundo exis-"
        },
        {
          "referencia": "lo 17.24",
          "texto": "deste; porque tu me hás amado À. da criação do mun-"
        },
        {
          "referencia": "Atos 2.20",
          "texto": "trevas, e a lua, em sangue, A, de chegar o"
        },
        {
          "referencia": "Atos 4.19",
          "texto": "justo, diante de Deus, ouvir-vos Á, a vós do que a Deus;"
        },
        {
          "referencia": "Atos 5.36",
          "texto": "Porque, A. destes dias, levantou-se Teudas,"
        },
        {
          "referencia": "Atos 7.39",
          "texto": "pais não quiseram obedecer, À. o rejeitaram e, em"
        },
        {
          "referencia": "Atos 743",
          "texto": "A., tomastes o tabernáculo de Moloque e a estrela"
        },
        {
          "referencia": "Atos 10.41",
          "texto": "mas às testemunhas que Deus A. ordenara; a nós que"
        },
        {
          "referencia": "Atos 13.24",
          "texto": "tendo primeiramente João, A. da vinda dele,"
        },
        {
          "referencia": "Atos 18.21",
          "texto": "A., se despediu deles, dizendo: Querendo Deus,"
        },
        {
          "referencia": "Atos 21.38",
          "texto": "aquele egípcio que À. destes dias fez"
        },
        {
          "referencia": "Atos 23.15",
          "texto": "alguma coisa de seus negócios, e, À. que chegue,"
        },
        {
          "referencia": "Atos 26.20",
          "texto": "Á., anunciei primeiramente aos que estão em"
        },
        {
          "referencia": "Atos 26.25",
          "texto": "deliro, ó potentíssimo Festo! A., digo palavras de"
        },
        {
          "referencia": "Romanos 1.20",
          "texto": "qual À. havia prometido pelos seus profetas nas"
        },
        {
          "referencia": "Romanos 1.21",
          "texto": "Deus, nem lhe deram graças; Á., em seus"
        },
        {
          "referencia": "pn 3.31",
          "texto": "pela fé? De maneira nenhuma! A., estabelecemos"
        },
        {
          "referencia": "Romanos 8.32",
          "texto": "a seu próprio Filho poupou, A., o entregou por"
        },
        {
          "referencia": "Romanos 8.34",
          "texto": "é Cristo quem morreu ou, A., quem ressuscitou"
        },
        {
          "referencia": "Romanos 9.29",
          "texto": "E como À. disse Isaías: Se o Senhor dos Exércitos"
        },
        {
          "referencia": "Romanos 11.2",
          "texto": "rejeitou o seu povo, que 4. conheceu. Ou não"
        },
        {
          "referencia": "Romanos 14.13",
          "texto": "mais uns aos outros; A., seja o vosso"
        },
        {
          "referencia": "Romanos 15.21",
          "texto": "Á., como está escrito: Aqueles a quem não foi"
        },
        {
          "referencia": "Romanos 16.7",
          "texto": "entre os apóstolos e que foram 4. de mim em Cristo."
        },
        {
          "referencia": "1 Coríntios 1.10",
          "texto": "não haja entre vós dissensões; Á., sejais unidos,"
        },
        {
          "referencia": "1 Coríntios 2.7",
          "texto": "a qual Deus ordenou A. dos séculos para"
        },
        {
          "referencia": "1 Coríntios 4.5",
          "texto": "Portanto, nada julgueis Á. de tempo, até que o"
        },
        {
          "referencia": "1 Coríntios 6.7",
          "texto": "outros. Por que não sofreis, A., a injustiça? Por"
        },
        {
          "referencia": "1 Coríntios 6.7",
          "texto": "Á., a injustiça? Por que não sofreis, Á., o dano?"
        },
        {
          "referencia": "1 Coríntios 9.12",
          "texto": "nós não usamos deste direito; A., suportamos"
        },
        {
          "referencia": "1C09.27",
          "texto": "A., subjugo o meu corpo e o reduzo à servidão,"
        },
        {
          "referencia": "1 Coríntios 10.13",
          "texto": "tentar acima do que podeis; Á., com a tentação"
        },
        {
          "referencia": "1 Coríntios 10.20",
          "texto": "Á., digo que as coisas que os gentios sacrificam,"
        },
        {
          "referencia": "1 Coríntios 10.24",
          "texto": "busque o proveito próprio; A., cada um, o que é"
        },
        {
          "referencia": "1 Coríntios 11.18",
          "texto": "Porque, A, de tudo, ouço que, quando vos ajuntais"
        },
        {
          "referencia": "1 Coríntios 12.22",
          "texto": "A., os membros do corpo que parecem ser os mais"
        },
        {
          "referencia": "1o 12.25",
          "texto": "haja divisão no corpo, mas, Á., tenham os mem-"
        },
        {
          "referencia": "1 Coríntios 14.19",
          "texto": "Todavia eu À, quero falar na igreja cinco palavras"
        },
        {
          "referencia": "1 Coríntios 15.10",
          "texto": "graça para comigo não foi vã; A., trabalhei muito"
        },
        {
          "referencia": "2 Coríntios 1.18",
          "texto": "È como Deus é fiel, a nossa palavra para"
        },
        {
          "referencia": "2 Coríntios 2.7",
          "texto": "que, pelo contrário, deveis, Á., perdoar-lhe e"
        },
        {
          "referencia": "2 Coríntios 2.17",
          "texto": "da palavra de Deus; Á., falamos de"
        },
        {
          "referencia": "2 Coríntios 4.2",
          "texto": "Å., rejeitamos as coisas que, por vergonha, se"
        },
        {
          "referencia": "2 Coríntios 5.8",
          "texto": "confiança e desejamos, A., dekar este corpo,"
        },
        {
          "referencia": "2 Coríntios 6.4",
          "texto": "A., como ministros de Deus, tornando-nos"
        },
        {
          "referencia": "2 Coríntios 7.3",
          "texto": "vossa condenação; pois já, Á., tinha dito que"
        },
        {
          "referencia": "2 Coríntios 7.5",
          "texto": "carne não teve repouso algum; A., em tudo fomos"
        },
        {
          "referencia": "2 Coríntios 8.6",
          "texto": "a Tito que, assim como À, tinha começado,"
        },
        {
          "referencia": "2 Coríntios 9.5",
          "texto": "de antemão a vossa bênção já A. anunciada, para"
        },
        {
          "referencia": "2 Coríntios 10.15",
          "texto": "nos trabalhos alheios; A., tendo esperança de"
        },
        {
          "referencia": "2 Coríntios 13.2",
          "texto": "ausente, o digo aos que A. pecaram e a"
        },
        {
          "referencia": "2 Coríntios 13.3",
          "texto": "não é fraco para convosco; A, é poderoso entre vós."
        },
        {
          "referencia": "Gálatas 1.17",
          "texto": "ater com os que já A. de mim eram"
        },
        {
          "referencia": "Gálatas 1.23",
          "texto": "perseguiu anuncia, agora, a fé que, A., destruía."
        },
        {
          "referencia": "G12.7",
          "texto": "A., pelo contrário, quando viram que o evangelho"
        },
        {
          "referencia": "Gálatas 2.12",
          "texto": "Porque, A. que alguns tivessem chegado da parte de"
        },
        {
          "referencia": "Gálatas 3.23",
          "texto": "Mas, A. que a fé viesse, estávamos guardados"
        },
        {
          "referencia": "Gálatas 4.9",
          "texto": "agora, conhecendo a Deus ou, Á., sendo conhecidos"
        },
        {
          "referencia": "Gálatas 4.14",
          "texto": "uma tentação na minha carne; Á., me recebestes"
        },
        {
          "referencia": "Gálatas 5.21",
          "texto": "das quais vos declaro, como já À, vos disse, que"
        },
        {
          "referencia": "Efésios 1.4",
          "texto": "também nos elegeu nele A. da fundação do"
        },
        {
          "referencia": "Efésios 2.3",
          "texto": "os quais todos nós também, A., andávamos nos"
        },
        {
          "referencia": "Efésios 2.13",
          "texto": "em Cristo Jesus, vós, que Á. estáveis longe,"
        },
        {
          "referencia": "Efésios 4.15",
          "texto": "A., seguindo a verdade em amor, cresçamos em tudo"
        },
        {
          "referencia": "Efésios 4.28",
          "texto": "que furtava não furte mais; A., trabalhe, fazendo"
        },
        {
          "referencia": "Efésios 4.32",
          "texto": "A., sede uns para com os outros benignos,"
        },
        {
          "referencia": "Efésios 5.4",
          "texto": "que não convêm; mas, Á., ações de graças."
        },
        {
          "referencia": "Efésios 5.11",
          "texto": "obras infrutuosas das trevas, mas, 4., condenai-as."
        },
        {
          "referencia": "Efésios 5.29",
          "texto": "a sua própria carne; Á., a alimenta e"
        },
        {
          "referencia": "Filipenses 1.20",
          "texto": "em nada serei confundido; A., com toda a"
        },
        {
          "referencia": "Pp 4.6",
          "texto": "inquietos por coisa alguma; Á., as vossas petições"
        },
        {
          "referencia": "Colossenses 1.5",
          "texto": "nos céus, da qual já, A., ouvistes pela"
        },
        {
          "referencia": "Colossenses 1.17",
          "texto": "E ele é À. de todas as coisas, e todas as coisas"
        },
        {
          "referencia": "1 Tessalonicenses 2.7",
          "texto": "Á., fomos brandos entre vós, como a ama que cria"
        },
        {
          "referencia": "1 Tessalonicenses 46",
          "texto": "estas coisas, como também, Á., vo-lo dissemos e tes-"
        },
        {
          "referencia": "2 Tessalonicenses 2.3",
          "texto": "porque não será assim sem que A. venha a apostasia"
        },
        {
          "referencia": "2 Tessalonicenses 2.12",
          "texto": "que não creram a verdade; Á., tiveram prazer na"
        },
        {
          "referencia": "2 Tessalonicenses 3.11",
          "texto": "não trabalhando, Á., fazendo coisas vàs."
        },
        {
          "referencia": "1 Timóteo 2.1",
          "texto": "Admoesto-te, pois, A. de tudo, que se façam"
        },
        {
          "referencia": "2 Timóteo 1.8",
          "texto": "mim, que sou prisioneiro seu; Á., participa das"
        },
        {
          "referencia": "E 1.9",
          "texto": "nos foi dada em Cristo Jesus, A. dos tempos dos sé-"
        },
        {
          "referencia": "2 Timóteo 1.17",
          "texto": "A., vindo ele a Roma, com muito cuidado me"
        },
        {
          "referencia": "2 Timóteo 4.16",
          "texto": "na minha primeira defesa; A., todos me"
        },
        {
          "referencia": "2 Timóteo 4.21",
          "texto": "Procura vir À. do inverno. Êubulo, e Pudente, e"
        },
        {
          "referencia": "Tito 1.15",
          "texto": "os contaminados e infiéis; Á., o seu"
        },
        {
          "referencia": "Tito 2.10",
          "texto": "não defraudando; A., mostrando toda a boa"
        },
        {
          "referencia": "Em 1.9",
          "texto": "todavia, peço-te, Å., por amor, sendo eu tal como"
        },
        {
          "referencia": "Filemom 1.16",
          "texto": "não já como servo; Å., mais do que servo, como"
        },
        {
          "referencia": "Hebreus 3.13",
          "texto": "A., exortai-vos uns aos outros todos os dias,"
        },
        {
          "referencia": "Hebreus 4.13",
          "texto": "encoberta diante dele; A., todas as coisas"
        },
        {
          "referencia": "Hebreus 10.25",
          "texto": "como é costume de alguns; Á., admoestando-nos"
        },
        {
          "referencia": "Hebreus 11.5",
          "texto": "Deus o trasladara, visto como, A. da sua"
        },
        {
          "referencia": "Hebreus 11.25",
          "texto": "escolhendo, A., ser maltratado com o povo de Deus"
        },
        {
          "referencia": "Hebreus 12.13",
          "texto": "se não desvie inteiramente; A., seja sarado."
        },
        {
          "referencia": "Tiago 1.26",
          "texto": "e não refreia a sua língua, A., engana o seu"
        },
        {
          "referencia": "Tiago 4.6",
          "texto": "Á., dá maior graça. Portanto, diz: Deus resiste"
        },
        {
          "referencia": "1 Pedro 1.14",
          "texto": "com as concupiscências que A. havia em vossa ig-"
        },
        {
          "referencia": "1 Pedro 1.20",
          "texto": "tempo, foi conhecido, ainda Á. da fundação do"
        },
        {
          "referencia": "1 Pedro 3.9",
          "texto": "mal ou injúria por injúria; A, pelo contrário,"
        },
        {
          "referencia": "1 Pedro 3.15",
          "texto": "A,, santificai a Cristo, como Senhor, em vosso"
        },
        {
          "referencia": "1 Pedro 4.16",
          "texto": "cristão, não se envergonhe; A., glorifique a"
        },
        {
          "referencia": "2 Pedro 3.18",
          "texto": "A., crescei na graça e conhecimento de nosso"
        },
        {
          "referencia": "1 João 4.18",
          "texto": "No amor, não há temor; Á., o perfeito amor lança"
        },
        {
          "referencia": "2 João 1.8",
          "texto": "o que temos ganhado; Á., recebamos o"
        },
        {
          "referencia": "Judas 1.4",
          "texto": "introduziram alguns, que já 4. estavam escritos"
        },
        {
          "referencia": "Judas 1.25",
          "texto": "e majestade, domínio e poder, 4. de todos os"
        }
      ]
    }
  ]
}