{
  "a": [
    {
      "palavra": "anticristo",
      "veja tambem": [
        "cristo",
        "falso"
      ],
      "ocorrencias": 4,
      "fonte": "Strong's G500 (ἀντίχριστος/antichristos)",
      "concordancias": [
        {
          "referencia": "1 João 2.18",
          "texto": "e, como ouvistes que yem o A., também"
        },
        {
          "referencia": "1 João 2.22",
          "texto": "que Jesus é o Cristo? É o A. esse mesmo"
        },
        {
          "referencia": "1 João 4.3",
          "texto": "mas este é o espírito do A., do qual já"
        },
        {
          "referencia": "2 João 1.7",
          "texto": "veio em carne. Este tal é o enganador eo Á.."
        }
      ]
    },
    {
      "palavra": "anticristos",
      "veja tambem": [
        "anticristo"
      ],
      "ocorrencias": 1,
      "fonte": "Strong's G500 (ἀντίχριστος/antichristos)",
      "concordancias": [
        {
          "referencia": "1 João 2.18",
          "texto": "agora muitos se têm feito 4.; por onde"
        }
      ]
    },
    {
      "palavra": "antiga",
      "veja tambem": [
        "antigo"
      ],
      "ocorrencias": 2,
      "fonte": "Strong's H4480 (מִן/min)",
      "concordancias": [
        {
          "referencia": "Apocalipse 12.9",
          "texto": "o grande dragão, a À. serpente, chamada"
        },
        {
          "referencia": "Apocalipse 20.2",
          "texto": "Ele prendeu o dragão, a À. serpente, que é o"
        }
      ]
    },
    {
      "palavra": "antigamente",
      "veja tambem": [
        "antigo"
      ],
      "ocorrencias": 12,
      "fonte": "Strong's H4480 (מִן/min)",
      "concordancias": [
        {
          "referencia": "Josué 24.2",
          "texto": "Deus de Israel: Dalém do rio, Å.,"
        },
        {
          "referencia": "1 Samuel 9.9",
          "texto": "(Antigamente em Israel, indo qualquer consultar a"
        },
        {
          "referencia": "1 Samuel 9.9",
          "texto": "porque ao profeta de hoje À, se"
        },
        {
          "referencia": "1 Samuel 27.8",
          "texto": "e os amalequitas; porque A. eram estes"
        },
        {
          "referencia": "2 Samuel 20.18",
          "texto": "Então, falou ela, dizendo; Å., costumava-se"
        },
        {
          "referencia": "Isaías 1.26",
          "texto": "e os teus conselheiros, como A.; e, então,"
        },
        {
          "referencia": "Isaías 58.12",
          "texto": "edificarão os lugares A. assolados; e"
        },
        {
          "referencia": "Isaías 61.4",
          "texto": "E edificarão os lugares À, assolados, e"
        },
        {
          "referencia": "Romanos 11.30",
          "texto": "assim como vós também, Á., fostes"
        },
        {
          "referencia": "Gálatas 1.13",
          "texto": "já ouvistes qual foi A, a minha"
        },
        {
          "referencia": "Hebreus 1.1",
          "texto": "Havendo Deus, A., falado, muitas vezes e de"
        },
        {
          "referencia": "1 Pedro 3.5",
          "texto": "assim se adornavam também A, as santas"
        }
      ]
    },
    {
      "palavra": "antigas",
      "veja tambem": [
        "antigo"
      ],
      "ocorrencias": 9,
      "fonte": "Strong's H4480 (מִן/min)",
      "concordancias": [
        {
          "referencia": "1 Crônicas 4.22",
          "texto": "e de Jasubi-Leém; porém estas coisas já são Á.."
        },
        {
          "referencia": "Si 89.49",
          "texto": "Senhor, onde estão as tuas À, benignidades, que"
        },
        {
          "referencia": "Py 8.22",
          "texto": "de seus caminhos e antes de suas obras mais A.."
        },
        {
          "referencia": "Isaías 43.9",
          "texto": "e fazer-nos ouvir as coisas À.? Apresentem as"
        },
        {
          "referencia": "Isaías 43.18",
          "texto": "das coisas passadas, nem considereis as A.."
        },
        {
          "referencia": "Isaías 51.9",
          "texto": "passados, como nas gerações À.; não és tu"
        },
        {
          "referencia": "Isaías 65.7",
          "texto": "tornarei a medir as suas obras Á. no seu seio."
        },
        {
          "referencia": "Jeremias 6.16",
          "texto": "e perguntai pelas veredas A., qual é o bom"
        },
        {
          "referencia": "Jeremias 18.15",
          "texto": "seus caminhos e nas veredas A., para que"
        }
      ]
    },
    {
      "palavra": "antigo",
      "veja tambem": [
        "velho",
        "passado"
      ],
      "ocorrencias": 9,
      "fonte": "Strong's H4480 (מִן/min)",
      "concordancias": [
        {
          "referencia": "Gênesis 40.13",
          "texto": "sua mão, conforme o costume A., quando eras seu"
        },
        {
          "referencia": "Juízes 5.21",
          "texto": "Quisom os arrastou, aquele 4. ribeiro, o ribeiro"
        },
        {
          "referencia": "Esdras 7.24",
          "texto": "possa impor nem direito, nem Á. tributo, nem renda."
        },
        {
          "referencia": "Ezequiel 26.20",
          "texto": "que descem à cova, ao povo AÁ., ete deitarei"
        },
        {
          "referencia": "J12.2",
          "texto": "e poderoso, qual desde o tempo A. nunca houve,"
        },
        {
          "referencia": "Atos 21.16",
          "texto": "natural de Chipre, discípulo A., com quem"
        },
        {
          "referencia": "2 Pedro 2.5",
          "texto": "e não perdoou ao mundo Á., mas guardou a Noé,"
        },
        {
          "referencia": "1 João 2.7",
          "texto": "novo, mas o mandamento A., que desde o"
        },
        {
          "referencia": "1 João 2.7",
          "texto": "tivestes. Este mandamento À. é a palavra que"
        }
      ]
    },
    {
      "palavra": "antigos",
      "veja tambem": [
        "antigo"
      ],
      "ocorrencias": 30,
      "fonte": "Strong's H4480 (מִן/min)",
      "concordancias": [
        {
          "referencia": "Deuteronômio 19.14",
          "texto": "próximo, que colocaram os A, na tua herança,"
        },
        {
          "referencia": "Deuteronômio 33.15",
          "texto": "mais excelente dos montes Á., e com o mais"
        },
        {
          "referencia": "1 Samuel 24.13",
          "texto": "Como diz o provérbio dos A.: Dos ímpios procede"
        },
        {
          "referencia": "2 Reis 19.25",
          "texto": "fiz isso e já desde os dias À. o formei? Agora,"
        },
        {
          "referencia": "Esdras 4.15",
          "texto": "nela houve rebelião em tempos A.; pelo que foi"
        },
        {
          "referencia": "Esdras 4.19",
          "texto": "e acharam que, de tempos Á., a duel cidade"
        },
        {
          "referencia": "Jó 18.20",
          "texto": "os vindouros, e os À. serão"
        },
        {
          "referencia": "SI 143.5",
          "texto": "Lembro-me dos dias A.; considero todos os teus"
        },
        {
          "referencia": "Provérbios 22.28",
          "texto": "Não removas os limites A. que fizeram teus pais."
        },
        {
          "referencia": "Provérbios 23.10",
          "texto": "Não removas os limites Å., nem entres nas"
        },
        {
          "referencia": "Isaías 19.11",
          "texto": "direis: Sou filho de sábios, filho de 4. reis?"
        },
        {
          "referencia": "Isaías 25.1",
          "texto": "maravilhas; os teus conselhos À. são verdade e firmeza."
        },
        {
          "referencia": "Isaías 37.26",
          "texto": "isso e que já desde os dias À. o tinha pensado?"
        },
        {
          "referencia": "Jeremias 46.26",
          "texto": "será habitada como nos dias A., diz o Senhor."
        },
        {
          "referencia": "Lamentações 1.7",
          "texto": "coisas, que tivera dos tempos A.; quando caía o"
        },
        {
          "referencia": "Ezequiel 26.20",
          "texto": "da terra, em lugares desertos A., com os que"
        },
        {
          "referencia": "Ezequiel 38.17",
          "texto": "de quem eu disse nos dias Á., pelo ministério"
        },
        {
          "referencia": "Mg 5.2",
          "texto": "origens são desde os tempos A., desde os dias"
        },
        {
          "referencia": "Mg 7.20",
          "texto": "que juraste a nossos pais, desde os dias A.."
        },
        {
          "referencia": "MI 3.4",
          "texto": "ao Senhor, como nos dias Á, e como nos"
        },
        {
          "referencia": "Mateus 5.21",
          "texto": "Ouvistes que foi dito aos Á.: Não matarás; mas"
        },
        {
          "referencia": "Mateus 5.27",
          "texto": "Ouvistes que foi dito aos A.: Não cometerás adultério."
        },
        {
          "referencia": "Mateus 5.33",
          "texto": "ouvistes que foi dito aos A.: Não perjurarás,"
        },
        {
          "referencia": "Marcos 7.3",
          "texto": "conservando a tradição dos Á., não comem sem"
        },
        {
          "referencia": "Marcos 7.5",
          "texto": "conforme a tradição dos A., mas comem com"
        },
        {
          "referencia": "Lucas 9.8",
          "texto": "e outros, que um profeta dos A. havia ressuscitado."
        },
        {
          "referencia": "Lucas 9.19",
          "texto": "Elias, e outros, que um dos À. profetas ressuscitou."
        },
        {
          "referencia": "Atos 15.21",
          "texto": "Moisés, desde os tempos A., tem em cada"
        },
        {
          "referencia": "Hebreus 11.2",
          "texto": "Porque, por ela, os A. alcançaram testemunho."
        },
        {
          "referencia": "2 Pedro 1.9",
          "texto": "esquecido da purificação dos seus À. pecados."
        }
      ]
    },
    {
      "palavra": "antiguidade",
      "veja tambem": [],
      "ocorrencias": 29,
      "fonte": "",
      "concordancias": [
        {
          "referencia": "Gênesis 6.4",
          "texto": "eram os valentes que houve na Á., os"
        },
        {
          "referencia": "Deuteronômio 32.7",
          "texto": "Lembra-te dos dias da A., atenta para os"
        },
        {
          "referencia": "Neemias 12.46",
          "texto": "de Davi e de Asafe, desde a A., havia"
        },
        {
          "referencia": "Jó 20.4",
          "texto": "não sabes tu que desde a A., desde que o"
        },
        {
          "referencia": "S144.1",
          "texto": "que realizaste em seus dias, nos tempos da A.."
        },
        {
          "referencia": "S155.19",
          "texto": "aquele que preside desde a A. (Selá),"
        },
        {
          "referencia": "Salmos 68.33",
          "texto": "os céus dos céus, desde a À.; eis que"
        },
        {
          "referencia": "SI74.2",
          "texto": "que compraste desde a A.; da tua"
        },
        {
          "referencia": "S174.12",
          "texto": "Deus é o meu Rei desde a A., operando a"
        },
        {
          "referencia": "S177.5",
          "texto": "Considerava os dias da Á., os anos dos"
        },
        {
          "referencia": "S177.11",
          "texto": "que me lembrarei das tuas maravilhas da A.."
        },
        {
          "referencia": "S178.2",
          "texto": "a boci numa parábola; proporei enigmas da Á.,"
        },
        {
          "referencia": "SI 102.25",
          "texto": "Desde a À, fundaste a terra; e os céus são"
        },
        {
          "referencia": "Isaías 22.11",
          "texto": "nem considerastes o que o formou desde a A.."
        },
        {
          "referencia": "Isaías 23.7",
          "texto": "pulando de alegria? Cuja 4. vem de dias"
        },
        {
          "referencia": "Isaías 45.21",
          "texto": "quem fez ouvir isso desde a A.? Quem,"
        },
        {
          "referencia": "Isaías 46.9",
          "texto": "coisas passadas desde a Á.: que eu sou"
        },
        {
          "referencia": "Isaías 46.10",
          "texto": "o princípio e, desde a Á., as coisas"
        },
        {
          "referencia": "Isaías 48.3",
          "texto": "primeiras coisas, desde a Á., as anunciei;"
        },
        {
          "referencia": "Isaías 63.9",
          "texto": "e os tomou, e os conduziu todos os dias da A.."
        },
        {
          "referencia": "Isaías 63.11",
          "texto": "se lembrou dos dias da 4., de Moisés e"
        },
        {
          "referencia": "Isaías 63.16",
          "texto": "Pai; nosso Redentor desde a Á. é o teu nome."
        },
        {
          "referencia": "Isaías 64.4",
          "texto": "Porque desde a À. não se ouviu, nem com"
        },
        {
          "referencia": "Jeremias 28.8",
          "texto": "mim e antes de ti, desde a Á., profetizaram"
        },
        {
          "referencia": "Jeremias 30.20",
          "texto": "seus filhos serão como na Á., casua"
        },
        {
          "referencia": "Lamentações 2.17",
          "texto": "que ordenou desde os dias da A.: derribou e"
        },
        {
          "referencia": "Amós 9.11",
          "texto": "ruínas, e a edificarei como nos dias da A.;"
        },
        {
          "referencia": "Mg 7.14",
          "texto": "em Basã e Gileade, como nos dias da A."
        },
        {
          "referencia": "2 Pedro 3.5",
          "texto": "palavra de Deus já desde a À. existiram os"
        }
      ]
    },
    {
      "palavra": "antílope",
      "veja tambem": [],
      "ocorrencias": 1,
      "fonte": "",
      "concordancias": [
        {
          "referencia": "Isaías 51.20",
          "texto": "de todos os caminhos, como o À. na rede; cheios"
        }
      ]
    }
  ]
}